journey_name,version_language,sent,unique_opens,unique_open_rate,unique_clicks,cto,ctr,lob,ticket_driving,week
PDM Promo Gaming Offer Dartmouth,SCENE,13198,5485,0.4155932717078345,299,0.0545123062898815,0.022654947719351417,,,2022-12-30
PDM Promo Gaming Offer Brampton,SCENE,12645,5245,0.4147884539343614,196,0.03736892278360343,0.015500197706603401,,,2022-12-30
PDM Promo Gaming Offer Whitby,SCENE,11705,4726,0.40375907731738575,265,0.05607278882776132,0.022639897479709525,,,2022-12-30
Tuesday Deals FR,SCENE,22244,7887,0.3545675238266499,378,0.04792696842906048,0.01699334652041,,,2022-12-30
Tuesday Deals EN,SCENE,194636,69766,0.35844345342074435,1647,0.02360748788808302,0.008461949485192874,,,2022-12-30
Tuesday Deals FR,CONNECT,17887,6856,0.3832951305417342,224,0.03267211201866978,0.012523061441270196,,,2022-12-30
Tuesday Deals EN,CONNECT,354949,141863,0.399671502103119,2270,0.016001353418438915,0.0063952849564303605,,,2022-12-30
Cast Pass,,321,108,0.3364485981308411,4,0.037037037037037035,0.012461059190031152,,,2022-12-30
Film Anticipation FR,SCENE,9491,2942,0.3099778737751554,391,0.13290278721957852,0.041196923401116844,,,2022-12-30
Film Anticipation EN,SCENE,85400,30869,0.36146370023419205,3607,0.11684861835498396,0.042236533957845435,,,2022-12-30
Employee Pincode,,1678,591,0.35220500595947557,23,0.038917089678511,0.013706793802145411,,,2022-12-30
Friday What's On FR,SCENE,95994,30775,0.32059295372627455,946,0.03073923639317628,0.009854782590578579,,,2023-01-06
Friday What's On EN,SCENE,1750473,625509,0.3573371311639768,12915,0.0206471849325909,0.00737800583042412,,,2023-01-06
Friday What's On FR,CONNECT,223652,78135,0.34935971956432316,3430,0.04389838100723108,0.015336326078014058,,,2023-01-06
Friday What's On EN,CONNECT,2511131,923449,0.3677422643422426,23859,0.025836835602182688,0.00950129642778493,,,2023-01-06
Edmonton Closure EN,SCENE,4172,1614,0.3868648130393097,24,0.01486988847583643,0.005752636625119847,,,2023-01-06
Edmonton Closure EN,CONNECT,2196,865,0.3938979963570127,15,0.017341040462427744,0.006830601092896175,,,2023-01-06
Movie Guide EN 24MT,CONNECT,229503,105460,0.4595146904397764,2616,0.024805613502749856,0.011398543809884839,,,2023-01-06
Movie Guide EN,CONNECT,327320,123722,0.3779848466332641,3484,0.02815990688802315,0.010644018086276427,,,2023-01-06
Movie Guide FR,CONNECT,13458,4436,0.32961807103581514,200,0.04508566275924256,0.01486104919007282,,,2023-01-06
Arts & Culture Newsletter FR,SCENE,1320,655,0.4962121212121212,100,0.15267175572519084,0.07575757575757576,,,2023-01-06
Arts & Culture Newsletter EN,SCENE,10010,4668,0.46633366633366635,555,0.11889460154241645,0.05544455544455545,,,2023-01-06
Arts & Culture Newsletter FR,CONNECT,571,268,0.46935201401050786,18,0.06716417910447761,0.03152364273204904,,,2023-01-06
Arts & Culture Newsletter EN,CONNECT,7319,3426,0.4680967345265747,303,0.08844133099824869,0.041399098237464134,,,2023-01-06
Adv Tickets Plane FR,SCENE,103766,36997,0.35654260547770944,611,0.01651485255561262,0.005888248559258331,,,2023-01-06
Adv Tickets Plane FR,CONNECT,82482,30721,0.37245702092577776,805,0.026203574102405522,0.00975970514778982,,,2023-01-06
Adv Tickets Plane EN,SCENE,1576166,611099,0.38771233486828166,7493,0.012261515728220795,0.004753940892012643,,,2023-01-06
Adv Tickets Plane EN,CONNECT,1067678,417805,0.39132116611937307,6897,0.016507700960974616,0.006459812789998483,,,2023-01-06
Tuesday Deals FR,CONNECT,18438,7217,0.391419893697798,237,0.03283912983234031,0.01285388870810283,,,2023-01-06
Tuesday Deals FR,SCENE,22406,8105,0.3617334642506472,343,0.042319555829734734,0.015308399535838615,,,2023-01-06
Tuesday Deals EN,SCENE,196490,71868,0.3657590717084839,1795,0.024976345522346524,0.009135324952923813,,,2023-01-06
Tuesday Deals EN,CONNECT,358419,141898,0.3958997709384826,2425,0.017089740517836755,0.006765824356409677,,,2023-01-06
Puss In Boots FR,CONNECT,8498,3081,0.36255589550482464,77,0.024991885751379422,0.009060955518945634,,,2023-01-06
Puss In Boots FR,SCENE,8577,2955,0.34452605806225955,68,0.023011844331641287,0.007928180016322724,,,2023-01-06
Puss In Boots EN,CONNECT,153349,73892,0.48185511480348747,1128,0.015265522654685216,0.007355770171308584,,,2023-01-06
Puss In Boots EN,SCENE,169230,74958,0.44293564970749866,970,0.012940580058165906,0.005731844235655616,,,2023-01-06
Employee Pincode,,1672,601,0.35944976076555024,18,0.029950083194675542,0.01076555023923445,,,2023-01-06
BTS Yet To Come FR,CONNECT,33268,10310,0.30990741854033904,198,0.019204655674102813,0.005951665263917278,,,2023-01-06
BTS Yet To Come FR,SCENE,57823,15025,0.2598446984763848,136,0.009051580698835274,0.0023520052574235164,,,2023-01-06
BTS Yet To Come EN,CONNECT,503909,185312,0.36774893879648907,2675,0.014435114833362114,0.005308498161374375,,,2023-01-06
BTS Yet To Come EN,SCENE,933758,328255,0.35154183417973395,3131,0.009538316248038872,0.003353117188821943,,,2023-01-06
Friday What's On FR,SCENE,96595,31810,0.3293131114446918,847,0.02662684690348947,0.008768569801749573,,,2023-01-13
Friday What's On FR,CONNECT,226314,81138,0.3585195789920199,2838,0.034977445833025214,0.012540099154272382,,,2023-01-13
Friday What's On EN,SCENE,1768850,643388,0.36373236848800067,11627,0.018071521383675168,0.0065731972750657204,,,2023-01-13
Friday What's On EN,CONNECT,2523494,918692,0.36405555154876534,20283,0.02207812846960679,0.008037665237167197,,,2023-01-13
Movie Guide EN 24MT,CONNECT,252620,95330,0.37736521257224287,2226,0.023350466799538446,0.008811653867468926,,,2023-01-13
Movie Guide EN,CONNECT,334315,101194,0.3026905762529351,2570,0.02539676265391229,0.007687360722671731,,,2023-01-13
Adv Tickets Ant Man Quantumania FR,SCENE,117955,42090,0.35683099487092534,693,0.01646471846044191,0.005875121868509177,,,2023-01-13
Adv Tickets Ant Man Quantumania FR,CONNECT,227708,86575,0.3802018374409331,2769,0.03198382904995668,0.012160310573190227,,,2023-01-13
Adv Tickets Ant Man Quantumania EN,SCENE,2047772,1001982,0.48930349667834117,22127,0.022083231036086476,0.01080540216391278,,,2023-01-13
Adv Tickets Ant Man Quantumania EN,CONNECT,2413301,1113405,0.46136184421255366,29958,0.026906651218559285,0.012413702227778467,,,2023-01-13
Tuesday Deals FR,SCENE,22648,8068,0.35623454609678556,265,0.03284581060981656,0.011700812433768986,,,2023-01-13
Tuesday Deals FR,CONNECT,25216,9722,0.3855488578680203,289,0.02972639374614277,0.011460977157360407,,,2023-01-13
Tuesday Deals EN,SCENE,207913,77636,0.37340618431747896,1924,0.02478231748158071,0.009253870609341408,,,2023-01-13
Tuesday Deals EN,CONNECT,418744,168010,0.4012236593240739,3250,0.019344086661508244,0.007761305236612346,,,2023-01-13
Pathaan Challenger EN,SCENE,8805,4066,0.4617830777967064,52,0.01278898180029513,0.005905735377626349,,,2023-01-13
Pathaan Challenger EN,CONNECT,3805,1624,0.42680683311432327,35,0.021551724137931036,0.009198423127463863,,,2023-01-13
Pathaan Primary Audience EN,CONNECT,183395,81537,0.44459772621936255,2387,0.02927505304340361,0.013015622018048475,,,2023-01-13
Pathaan Primary Audience EN,SCENE,288246,170575,0.5917688363411808,4871,0.028556353510186136,0.016898760086870242,,,2023-01-13
Cast Pass,,315,82,0.26031746031746034,7,0.08536585365853659,0.022222222222222223,,,2023-01-13
National Popcorn Day FR,SCENE,111097,39756,0.35784944687975373,1074,0.027014790220344097,0.009667227737922716,,,2023-01-13
National Popcorn Day EN,SCENE,1896017,860136,0.4536541602738794,19533,0.02270919947543179,0.010302122818519032,,,2023-01-13
National Popcorn Day FR,SCENE,13312,4857,0.36485877403846156,100,0.020588840848260244,0.007512019230769231,,,2023-01-13
National Popcorn Day FR,Connect,12562,4407,0.35081993313166693,124,0.02813705468572725,0.009871039643368891,,,2023-01-13
National Popcorn Day EN,SCENE,267738,128054,0.4782810060581613,2534,0.019788526715291986,0.009464476465798654,,,2023-01-13
National Popcorn Day EN,Connect,216958,109518,0.5047889453258234,2556,0.023338629266421957,0.011781082052747537,,,2023-01-13
Employee Pincode,,1675,575,0.34328358208955223,20,0.034782608695652174,0.011940298507462687,,,2023-01-13
Scene Redemption Offer FR,SCENE,58305,20830,0.35725924020238403,405,0.01944311089774364,0.006946231026498585,,,2023-01-13
Scene Redemption Offer EN,SCENE,1048165,420124,0.4008185734116289,5939,0.014136302615418305,0.005666092647627043,,,2023-01-13
Friday What's On FR,CONNECT,198628,68163,0.343169140302475,2069,0.03035371095755762,0.010416456894294863,,,2023-01-20
Friday What's On FR,SCENE,96804,31041,0.32065823726292303,747,0.024064946361264133,0.007716623280029751,,,2023-01-20
Friday What's On EN,SCENE,1657825,754373,0.455037775398489,13840,0.018346361813055344,0.008348287666068493,,,2023-01-20
Friday What's On EN,CONNECT,2181188,789271,0.36185372375054325,15872,0.020109696162661495,0.007276768439951072,,,2023-01-20
Movie Guide EN 24MT,CONNECT,251190,116570,0.4640710219355866,2464,0.021137513940121814,0.009809307695370039,,,2023-01-20
Movie Guide EN,CONNECT,334231,127214,0.3806169984232462,3076,0.024179728646218184,0.009203215740012148,,,2023-01-20
Movie Guide FR,CONNECT,15444,5022,0.32517482517482516,173,0.0344484269215452,0.011201761201761203,,,2023-01-20
Family Newsletter FR,SCENE,28459,8736,0.30696791876032187,256,0.029304029304029304,0.008995396886749359,,,2023-01-20
Family Newsletter EN,SCENE,394270,139694,0.35431049788216196,3402,0.02435322920096783,0.008628604763233317,,,2023-01-20
Pathaan2 Email EN,CONNECT,35988,29052,0.8072690896965655,625,0.02151314883656891,0.017366900077803712,,,2023-01-20
Pathaan2 Email EN,SCENE,76737,61198,0.7975031601443893,1318,0.021536651524559625,0.01717554764976478,,,2023-01-20
Pathaan2 Web EN,CONNECT,1563,756,0.4836852207293666,112,0.14814814814814814,0.07165706973768395,,,2023-01-20
Pathaan2 Web EN,SCENE,2161,1375,0.6362795002313744,209,0.152,0.0967144840351689,,,2023-01-20
Tuesday Deals FR,SCENE,22739,8196,0.36043801398478387,352,0.042947779404587605,0.015480012313646159,,,2023-01-20
Tuesday Deals FR,CONNECT,25135,9658,0.38424507658643325,331,0.03427210602609236,0.01316888800477422,,,2023-01-20
Tuesday Deals EN,SCENE,209346,96776,0.462277760262914,3125,0.03229106390014053,0.014927440696263602,,,2023-01-20
Tuesday Deals EN,CONNECT,419454,210787,0.5025270947469807,5194,0.02464098829624218,0.012382764260204933,,,2023-01-20
Junxion Launch,,100,29,0.29,2,0.06896551724137931,0.02,,,2023-01-20
The Wandering Earth II Challenger EN,CONNECT,22295,12223,0.5482395155864543,232,0.018980610324797514,0.010405920610002242,,,2023-01-20
The Wandering Earth II Challenger EN,SCENE,44707,22793,0.5098306752857494,285,0.012503838897907252,0.006374840628984276,,,2023-01-20
The Wandering Earth II Primary EN,CONNECT,27803,16120,0.5797935474589073,701,0.043486352357320096,0.025213106499298636,,,2023-01-20
The Wandering Earth II Primary EN,SCENE,17557,8887,0.506179871276414,312,0.03510746033532126,0.017770689753374723,,,2023-01-20
Plane FR,CONNECT,30260,12987,0.4291804362194316,254,0.019558019558019557,0.00839391936549901,,,2023-01-20
Plane FR,SCENE,39440,14623,0.3707657200811359,190,0.012993229843397387,0.004817444219066937,,,2023-01-20
Plane EN,CONNECT,363896,168347,0.4626239365093323,2721,0.016163044188491626,0.0074774111284542834,,,2023-01-20
Plane EN,SCENE,484846,223677,0.46133617684790634,2356,0.01053304541816995,0.004859274903783882,,,2023-01-20
D&T CineClub Acq #1 EN,SCENE,90560,35653,0.3936947879858657,589,0.016520348918744567,0.006503975265017668,,,2023-01-20
Employee Pincode,,1672,585,0.3498803827751196,20,0.03418803418803419,0.011961722488038277,,,2023-01-20
XL Coca Cola Collectors EN,CONNECT,15373,6352,0.41319195992974694,162,0.025503778337531487,0.010537956156898459,,,2023-01-20
XL Coca Cola Collectors EN,SCENE,57135,21142,0.37003587993349085,427,0.020196764733705422,0.007473527610046381,,,2023-01-20
XL Coca Cola Collectors FR,CONNECT,953,389,0.40818467995802726,11,0.028277634961439587,0.011542497376705142,,,2023-01-20
XL Coca Cola Collectors FR,SCENE,3483,1244,0.35716336491530287,51,0.0409967845659164,0.014642549526270457,,,2023-01-20
XL Coca Cola EN,CONNECT,2517285,965859,0.3836907620710408,17823,0.018453004009902067,0.007080247171059296,,,2023-01-20
XL Coca Cola EN,SCENE,2119055,828565,0.39100684031325283,13761,0.016608232305250645,0.006493932436864545,,,2023-01-20
XL Coca Cola FR,CONNECT,237916,85937,0.36120731686813834,2037,0.02370341063802553,0.00856184535718489,,,2023-01-20
XL Coca Cola FR,SCENE,121175,41912,0.34587992572725396,594,0.014172552013743081,0.0049020012378791005,,,2023-01-20
Superbowl Party,SCENE,242854,91924,0.378515486671004,0,0.0,0.0,,,2023-01-20
Friday What's On FR,CONNECT,198423,67539,0.34037888752815953,2066,0.030589733339255836,0.010412099403798955,,,2023-01-27
Friday What's On FR,SCENE,97005,31269,0.3223442090613886,689,0.02203460296139947,0.007102726663574042,,,2023-01-27
Friday What's On EN,CONNECT,2178172,782787,0.3593779554598994,15959,0.020387410623835093,0.007326785947115288,,,2023-01-27
Friday What's On EN,SCENE,1671088,595762,0.3565114464348975,8334,0.01398880761109302,0.004987170035330276,,,2023-01-27
Movie Guide EN,CONNECT,334048,122888,0.367875275409522,3571,0.02905898053512141,0.010690080467477728,,,2023-01-27
Movie Guide EN 24MT,CONNECT,250619,114442,0.456637365882076,3246,0.028363712622988063,0.012951931018797458,,,2023-01-27
Tuesday Deals FR,CONNECT,25183,9403,0.37338680856133105,221,0.023503137296607465,0.008775761426359052,,,2023-01-27
Tuesday Deals FR,SCENE,22796,8007,0.35124583260221093,248,0.030972898713625577,0.010879101596771364,,,2023-01-27
Tuesday Deals EN,CONNECT,421318,163380,0.38778309970141317,2326,0.014236748684049455,0.005520770534370713,,,2023-01-27
Tuesday Deals EN,SCENE,210778,80412,0.38150091565533406,1824,0.022683181614684376,0.008653654555978328,,,2023-01-27
80 For Brady Contest EN,CONNECT,110822,56329,0.5082835538070059,847,0.015036659624704858,0.007642886791431304,,,2023-01-27
80 For Brady Contest EN,SCENE,328837,150121,0.4565210119299227,2210,0.014721458023860752,0.006720654914136791,,,2023-01-27
Half Off Gameplay Dartmouth,SCENE,12388,5083,0.41031643525992895,242,0.04760967932323431,0.019535033903777848,,,2023-01-27
Half Off Gameplay Brampton EN,SCENE,11340,4543,0.4006172839506173,127,0.027955095751705922,0.011199294532627866,,,2023-01-27
Half Off Gameplay Whitby EN,SCENE,10568,4086,0.3866389099167297,217,0.053108174253548704,0.0205336866010598,,,2023-01-27
Half Off Gameplay TRR,SCENE,270045,89399,0.3310522320354015,2571,0.02875871094754975,0.00952063544964728,,,2023-01-27
1M Points Contest FR,SCENE,118612,41444,0.3494081543182815,3187,0.0768989479779944,0.026869119482008565,,,2023-01-27
1M Points Contest FR,CONNECT,225370,78840,0.34982473266184494,2842,0.03604769152714358,0.012610374051559658,,,2023-01-27
1M Points Contest EN,SCENE,2084287,801636,0.38460922128286557,47678,0.05947587184208294,0.02287496875430303,,,2023-01-27
1M Points Contest EN,CONNECT,2403003,889875,0.37031788974046226,21323,0.02396179238657115,0.008873480390994101,,,2023-01-27
Cast Pass,,314,85,0.27070063694267515,7,0.08235294117647059,0.022292993630573247,,,2023-01-27
Film Anticipation FR,SCENE,9437,2962,0.3138709335593939,321,0.10837272113436867,0.03401504715481615,,,2023-01-27
Film Anticipation EN,SCENE,85387,32168,0.3767318210031972,3462,0.10762248196965929,0.0405448136133135,,,2023-01-27
Scene Acquisition Offer FR,CONNECT,5558,1870,0.3364519611370997,48,0.025668449197860963,0.008636200071968334,,,2023-01-27
Scene Acquisition Offer EN,CONNECT,49754,17854,0.3588455199581943,414,0.023188081102274,0.008320939019978293,,,2023-01-27
Scene Acquisition No Offer FR,CONNECT,5547,1904,0.34324860284838654,45,0.023634453781512604,0.008112493239588967,,,2023-01-27
Scene Acquisition No Offer EN,CONNECT,49774,17936,0.3603487764696428,350,0.019513826940231935,0.007031783662152931,,,2023-01-27
D&T CineClub Acq #2 EN,SCENE,81038,32466,0.40062686640835166,479,0.01475389638390932,0.005910807275599101,,,2023-01-27
Employee Pincode,,1670,584,0.34970059880239523,18,0.030821917808219176,0.010778443113772455,,,2023-01-27
Babylon FR,SCENE,7688,2600,0.3381893860561915,36,0.013846153846153847,0.004682622268470343,,,2023-01-27
Babylon FR,CONNECT,10194,3402,0.3337257210123602,54,0.015873015873015872,0.00529723366686286,,,2023-01-27
Babylon EN,SCENE,156474,66727,0.42644145353221624,687,0.010295682407421283,0.004390505770926799,,,2023-01-27
Babylon EN,CONNECT,170431,80800,0.47409215459628823,1027,0.01271039603960396,0.0060258990441879705,,,2023-01-27
Friday What's On FR,SCENE,97142,31023,0.3193572296226143,648,0.020887728459530026,0.0066706470939449465,,,2023-02-03
Friday What's On FR,CONNECT,196771,66486,0.33788515584105383,1573,0.02365911620491532,0.007994064165959415,,,2023-02-03
Friday What's On EN,SCENE,1689355,600658,0.35555463475705223,8152,0.013571782944703974,0.0048255103279062125,,,2023-02-03
Friday What's On EN,CONNECT,2178700,762166,0.34982604305319687,11968,0.015702615965550813,0.005493184008812595,,,2023-02-03
Movie Guide EN 24MT,CONNECT,249719,113555,0.45473111777638064,1651,0.01453921007441328,0.006611431248723565,,,2023-02-03
Movie Guide EN,CONNECT,333398,124313,0.37286666386720974,2170,0.01745593783433752,0.006508737304962837,,,2023-02-03
Movie Guide FR,CONNECT,15415,5477,0.3553032760298411,195,0.03560343253605989,0.01265001621796951,,,2023-02-03
Arts & Culture Newsletter FR,SCENE,1466,740,0.504774897680764,62,0.08378378378378379,0.04229195088676671,,,2023-02-03
Arts & Culture Newsletter FR,CONNECT,1398,636,0.45493562231759654,54,0.08490566037735849,0.03862660944206009,,,2023-02-03
Arts & Culture Newsletter EN,SCENE,12127,5622,0.463593634039746,480,0.08537886872998933,0.039581100024738185,,,2023-02-03
Arts & Culture Newsletter EN,CONNECT,16629,7117,0.42798725118768416,440,0.061823802163833076,0.026459799146070117,,,2023-02-03
Anticipated Behaviour FR,SCENE,15076,5056,0.33536747147784557,763,0.15090981012658228,0.050610241443353673,,,2023-02-03
Anticipated Behaviour EN,SCENE,45726,17175,0.3756068757380921,2116,0.12320232896652111,0.04627564186677164,,,2023-02-03
Superbowl Party Reminder EN,SCENE,241865,96768,0.40009095983296467,2277,0.023530505952380952,0.009414342711843384,,,2023-02-03
I WannaDance With Somebody EN,CONNECT,352852,175969,0.49870483942276084,2407,0.013678545652927504,0.006821556913380114,,,2023-02-03
I WannaDance With Somebody EN,SCENE,278630,133398,0.4787639521946668,2024,0.015172641268984542,0.007264113699170943,,,2023-02-03
I WannaDance With Somebody FR,CONNECT,19548,7601,0.3888377327603847,147,0.019339560584133667,0.007519950890116636,,,2023-02-03
I WannaDance With Somebody FR,SCENE,21578,8888,0.41190101028825654,140,0.01575157515751575,0.006488089721012142,,,2023-02-03
Tuesday Deals EN,CONNECT,423191,165354,0.3907313718864532,2220,0.01342574113719656,0.005245858253129202,,,2023-02-03
Tuesday Deals EN,SCENE,211898,77828,0.36728992250988685,1608,0.020660944647170686,0.0075885567584403815,,,2023-02-03
Tuesday Deals FR,CONNECT,25117,9540,0.3798224310228132,213,0.02232704402515723,0.008480312139188597,,,2023-02-03
Tuesday Deals FR,SCENE,22832,8237,0.3607655921513665,235,0.028529804540488042,0.010292571829011913,,,2023-02-03
Hot & Spicy Shake It EN,CONNECT,2520980,928809,0.3684317209973899,13439,0.01446906737553146,0.005330863394394244,,,2023-02-03
Hot & Spicy Shake It EN,SCENE,2200578,1001588,0.45514769301519875,11450,0.011431846228189635,0.005203178437665014,,,2023-02-03
Hot & Spicy Shake It FR,CONNECT,235847,82451,0.3495952884709155,1789,0.021697735624795333,0.007585426144915984,,,2023-02-03
Hot & Spicy Shake It FR,SCENE,124377,41618,0.3346117047364062,618,0.014849344033831514,0.004968764321377747,,,2023-02-03
Superbowl Party Final Reminder,SCENE,212563,79584,0.3744019420124857,2121,0.02665108564535585,0.009978218222362311,,,2023-02-03
Employee Pincode,,1671,666,0.3985637342908438,21,0.03153153153153153,0.012567324955116697,,,2023-02-03
D&T CineClub Acq #3 EN,SCENE,145794,58340,0.40015364143929105,783,0.013421323277339733,0.005370591382361414,,,2023-02-03
Pathaan VIP Experience EN,CONNECT,17001,6851,0.4029762955120287,106,0.015472193840315283,0.006234927357214282,,,2023-02-03
Pathaan VIP Experience EN,SCENE,42932,17067,0.3975356377527252,169,0.009902150348626003,0.003936457653964409,,,2023-02-03
Movie Guide EN,CONNECT,333199,123850,0.37169979501739203,2709,0.021873233750504643,0.008130276501430077,,,2023-02-10
Movie Guide EN 24MT,CONNECT,248900,111507,0.4479991964644435,1758,0.01576582636067691,0.007063077541181197,,,2023-02-10
Adv Tickets Fast X EN,CONNECT,2397128,865159,0.36091481139096454,12529,0.01448173110376243,0.005226671249929082,,,2023-02-10
Adv Tickets Fast X EN,SCENE,2101851,772971,0.367757276800306,8957,0.011587756849868883,0.004261481903331873,,,2023-02-10
Adv Tickets Fast X FR,CONNECT,223458,76431,0.3420374298525897,1622,0.021221755570383746,0.007258634732253936,,,2023-02-10
Adv Tickets Fast X FR,SCENE,118347,39219,0.33138989581484957,536,0.013666845151584691,0.004529054390901332,,,2023-02-10
Points Offer Avatar Way Of The Water Control EN,SCENE,16629,6314,0.3796981177461062,52,0.008235666772252138,0.0031270671718082866,,,2023-02-10
Points Offer Avatar Way Of The Water Offer EN,SCENE,315541,123936,0.3927730469257561,903,0.007286018590240124,0.0028617517216463152,,,2023-02-10
Points Offer Avatar Way Of The Water Control FR,SCENE,1362,483,0.35462555066079293,5,0.010351966873706004,0.003671071953010279,,,2023-02-10
Points Offer Avatar Way Of The Water Offer FR,SCENE,25465,8914,0.35004908698213233,71,0.007964998878169172,0.002788140585116827,,,2023-02-10
Friday What's On EN,CONNECT,2176409,784867,0.3606247722739614,14505,0.01848083815474469,0.0066646480509867405,,,2023-02-10
Friday What's On EN,SCENE,1701825,626473,0.36811834354296125,9672,0.01543881380362761,0.0056833105636596,,,2023-02-10
Friday What's On FR,CONNECT,195605,64938,0.33198537869686356,1695,0.02610182019772706,0.008665422663019862,,,2023-02-10
Friday What's On FR,SCENE,96749,30226,0.31241666580533134,602,0.019916628068550254,0.006222286535261346,,,2023-02-10
Half Off Gameplay Reminder Brampton PDM,SCENE,11368,4345,0.38221323011963404,89,0.02048331415420023,0.00782899366643209,,,2023-02-10
Half Off Gameplay Reminder Whitby PDM,SCENE,10547,3769,0.3573528017445719,120,0.03183868400106129,0.011377642931639328,,,2023-02-10
Half Off Gameplay Reminder Dartmouth PDM,SCENE,12368,4590,0.3711190168175938,144,0.03137254901960784,0.01164294954721863,,,2023-02-10
Half Off Gameplay Reminder TRR,SCENE,268700,94164,0.3504428730926684,2598,0.027590161845291193,0.009668775586155564,,,2023-02-10
Game Tag Offer Whitby ,SCENE,10533,3766,0.3575429602202601,74,0.01964949548592671,0.0070255387828728755,,,2023-02-10
Game Tag Offer Brampton ,SCENE,26598,9640,0.36243326565907213,179,0.018568464730290456,0.006729829310474472,,,2023-02-10
Game Tag Offer Dartmouth ,SCENE,12340,4585,0.37155591572123176,89,0.01941112322791712,0.007212317666126418,,,2023-02-10
Game Tag Offer TRR,SCENE,268120,114038,0.42532448157541397,2921,0.025614268927901227,0.010894375652692825,,,2023-02-10
Tuesday Deals FR,SCENE,22832,7975,0.34929046951646814,188,0.023573667711598745,0.008234057463209531,,,2023-02-10
Tuesday Deals FR,CONNECT,25101,9207,0.3667981355324489,143,0.015531660692951015,0.005696984183897056,,,2023-02-10
Tuesday Deals EN,SCENE,213217,76129,0.3570493909960275,1420,0.018652550276504355,0.006659881716748664,,,2023-02-10
Tuesday Deals EN,CONNECT,425181,163002,0.38337084676878785,2075,0.012729905154537981,0.004880274518381584,,,2023-02-10
Spice It Up Valentines Day FR,SCENE,7979,2511,0.3147010903622008,35,0.013938669852648347,0.004386514600827171,,,2023-02-10
Spice It Up Valentines Day FR,CONNECT,10759,3667,0.3408309322427735,58,0.015816743932369783,0.005390835579514825,,,2023-02-10
Spice It Up Valentines Day EN,SCENE,163172,70410,0.431507856740127,805,0.011433035080244283,0.004933444463510897,,,2023-02-10
Spice It Up Valentines Day EN,CONNECT,180341,86070,0.47726251933836455,1020,0.011850819100731963,0.0056559517802385485,,,2023-02-10
Employee Appreciation Day EN FR,,7312,3893,0.5324124726477024,324,0.08322630362188543,0.04431072210065645,,,2023-02-10
Employee Appreciation Day FR EN,,740,416,0.5621621621621622,26,0.0625,0.03513513513513514,,,2023-02-10
Cast Pass,,310,97,0.31290322580645163,4,0.041237113402061855,0.012903225806451613,,,2023-02-10
XL Coca Cola FR,SCENE,115350,39186,0.3397139141742523,454,0.011585770428214157,0.003935847420892934,,,2023-02-10
XL Coca Cola FR,CONNECT,221388,76453,0.34533488716642274,1287,0.01683387179051182,0.0058133232153504254,,,2023-02-10
XL Coca Cola EN,SCENE,2064942,795479,0.3852306747598722,11353,0.014271904098034015,0.005497975245793828,,,2023-02-10
XL Coca Cola EN,CONNECT,2379214,863626,0.3629879447582269,12200,0.014126485307297371,0.005127743868353162,,,2023-02-10
XL Coca Cola Collectors FR,SCENE,3308,1141,0.34492140266021765,22,0.019281332164767746,0.006650544135429262,,,2023-02-10
XL Coca Cola Collectors FR,CONNECT,900,331,0.36777777777777776,6,0.01812688821752266,0.006666666666666667,,,2023-02-10
XL Coca Cola Collectors EN,SCENE,54190,19623,0.3621147813249677,322,0.016409315599041942,0.0059420557298394535,,,2023-02-10
XL Coca Cola Collectors EN,CONNECT,14582,5869,0.40248251268687424,111,0.018912932356449138,0.007612124537100535,,,2023-02-10
Employee Pincode,,1648,591,0.3586165048543689,17,0.028764805414551606,0.010315533980582525,,,2023-02-10
D&T CineClub Acq #4 EN,SCENE,74717,29930,0.40057818167217635,478,0.015970598062145003,0.006397473131951229,,,2023-02-10
Friday What's On FR,SCENE,96885,31156,0.32157712752232026,542,0.017396328155090512,0.005594261237549672,,,2023-02-17
Friday What's On FR,CONNECT,194509,65351,0.3359793120112694,1438,0.02200425395173754,0.007392974104026034,,,2023-02-17
Friday What's On EN,SCENE,1717383,616790,0.35914528093034576,10525,0.017064154736620242,0.006128510646722368,,,2023-02-17
Friday What's On EN,CONNECT,2174207,758355,0.34879613578651897,13911,0.01834365171984097,0.0063981948360942635,,,2023-02-17
Movie Guide EN 24MT,CONNECT,246868,118975,0.48193771570231864,3351,0.02816558100441269,0.01357405577069527,,,2023-02-17
Movie Guide EN,CONNECT,332952,129902,0.39015233427040535,3972,0.030576896429616172,0.011929647516759172,,,2023-02-17
Movie Guide FR,CONNECT,15271,5708,0.37378036801781156,289,0.05063069376313945,0.01892475934778338,,,2023-02-17
Family Newsletter FR,SCENE,28513,8882,0.311507031880195,304,0.03422652555730691,0.010661803387928314,,,2023-02-17
Family Newsletter EN,SCENE,403392,142404,0.35301642075202283,3336,0.023426308249768265,0.008269871489766777,,,2023-02-17
1M Point Contest Reminder FR,SCENE,118209,41308,0.3494488575319984,2918,0.07064006972015106,0.024685091659687502,,,2023-02-17
1M Point Contest Reminder FR,CONNECT,221667,76660,0.34583406641493775,2848,0.037151056613618574,0.012848100980299277,,,2023-02-17
1M Point Contest Reminder EN,CONNECT,2387062,900603,0.37728513126177704,22785,0.025299715857042448,0.009545206618009922,,,2023-02-17
1M Point Contest Reminder EN,SCENE,2106290,819402,0.3890262024697454,49486,0.060392823058767246,0.023494390610979493,,,2023-02-17
Half Off Game Play Reminder Brampton,SCENE,26550,9726,0.3663276836158192,270,0.027760641579272053,0.010169491525423728,,,2023-02-17
Half Off Game Play Reminder Whitby,SCENE,10513,3843,0.36554741748311614,107,0.027842831121519647,0.01017787501189004,,,2023-02-17
Half Off Game Play Reminder Dartmouth,SCENE,12322,4549,0.3691770816425905,115,0.02528028138052319,0.00933290050316507,,,2023-02-17
Half Off Game Play Reminder TRR,SCENE,267384,91201,0.34108622804655475,2145,0.023519478953081655,0.008022170361726954,,,2023-02-17
Adv Ticket Jesus Revolution EN,SCENE,43458,17501,0.40271066316903675,466,0.026627049882863837,0.010722996916563119,,,2023-02-17
Adv Ticket Jesus Revolution EN,CONNECT,4705,2375,0.5047821466524973,118,0.04968421052631579,0.02507970244420829,,,2023-02-17
Tuesday Deals FR,SCENE,22921,7754,0.33829239561973734,186,0.02398761929326799,0.00811482919593386,,,2023-02-17
Tuesday Deals FR,CONNECT,25120,8974,0.3572452229299363,176,0.01961221305995097,0.0070063694267515925,,,2023-02-17
Tuesday Deals EN,SCENE,214637,91847,0.42791783336517003,1644,0.017899332585713197,0.0076594436187609775,,,2023-02-17
Tuesday Deals EN,CONNECT,427916,163443,0.3819511305957244,1907,0.011667676192923526,0.004456482113311958,,,2023-02-17
2x Scene Points Offer FR,SCENE,118499,39042,0.32947113477750867,671,0.017186619537933507,0.005662495042152255,,,2023-02-17
2x Scene Points Offer EN,SCENE,2133818,990779,0.4643221680574445,15658,0.015803726158911322,0.0073380203934918535,,,2023-02-17
Luther EN,SCENE,44952,20528,0.45666488699056773,248,0.012081060015588464,0.005516995906744973,,,2023-02-17
Luther EN,CONNECT,35724,13580,0.38013660284402645,126,0.009278350515463918,0.003527040644944575,,,2023-02-17
Scene Acquisition Offer Reminder No Offer FR,CONNECT,5267,1700,0.32276438200113916,47,0.027647058823529413,0.008923485855325613,,,2023-02-17
Scene Acquisition Offer Reminder No Offer EN,CONNECT,47914,16925,0.35323704971407105,229,0.013530280649926145,0.004779396418583295,,,2023-02-17
Scene Acquisition Offer Reminder Offer FR,CONNECT,5284,1635,0.3094246782740348,32,0.019571865443425075,0.006056018168054504,,,2023-02-17
Scene Acquisition Offer Reminder Offer EN,CONNECT,47880,17071,0.3565371762740184,320,0.018745240466287855,0.006683375104427736,,,2023-02-17
Employee Pincode,,1642,624,0.3800243605359318,16,0.02564102564102564,0.0097442143727162,,,2023-02-17
Coco Ferme FR,CONNECT,6241,2024,0.3243070020829995,45,0.022233201581027668,0.007210382951450088,,,2023-02-24
Coco Ferme FR,SCENE,18918,5883,0.3109736758642563,96,0.01631820499745028,0.00507453219156359,,,2023-02-24
Movie Guide EN 24MT,CONNECT,246917,92327,0.3739191712194786,2269,0.024575692917564743,0.00918932272788022,,,2023-02-24
Movie Guide EN,CONNECT,333167,100082,0.3003958975528789,2565,0.025628984232929,0.007698841722019288,,,2023-02-24
Friday What's On FR,SCENE,96887,29052,0.29985446963988976,532,0.018311992289687457,0.0054909327360739835,,,2023-02-24
Friday What's On FR,CONNECT,193445,59766,0.30895603401483623,1321,0.022102867851286685,0.00682881439168756,,,2023-02-24
Friday What's On EN,SCENE,1736522,613549,0.353320602906269,9784,0.015946566614891394,0.005634250530658408,,,2023-02-24
Friday What's On EN,CONNECT,2176097,768818,0.3533013464013782,13398,0.01742675119469107,0.006156894660486183,,,2023-02-24
Adv Tickets Shazam FR,SCENE,118601,36639,0.30892656891594505,358,0.009771009034089359,0.0030185242957479277,,,2023-02-24
Adv Tickets Shazam FR,CONNECT,220894,68826,0.3115793095330792,911,0.013236276988347426,0.004124150044817877,,,2023-02-24
Adv Tickets Shazam EN,SCENE,2139489,928128,0.4338082598227895,7644,0.008235932974762102,0.003572815751798677,,,2023-02-24
Adv Tickets Shazam EN,CONNECT,2394533,866571,0.36189561805997245,9483,0.010943131030232953,0.003960271167697417,,,2023-02-24
CineClub Qualitative Research EN,SCENE,7896,3940,0.4989868287740628,634,0.16091370558375634,0.08029381965552178,,,2023-02-24
Hybrid Meetings FR EN,,517,114,0.2205029013539652,6,0.05263157894736842,0.01160541586073501,,,2023-02-24
Hybrid Meetings EN FR,,3920,1360,0.3469387755102041,112,0.08235294117647059,0.02857142857142857,,,2023-02-24
Tuesday Deals FR,SCENE,22912,8082,0.3527409217877095,227,0.028087107151695125,0.009907472067039106,,,2023-02-24
Tuesday Deals FR,CONNECT,25210,9508,0.3771519238397461,227,0.023874631888935634,0.009004363347877827,,,2023-02-24
Tuesday Deals EN,SCENE,215653,79666,0.36941753650540454,2298,0.028845429668867523,0.010656007567712946,,,2023-02-24
Tuesday Deals EN,CONNECT,429428,172694,0.40214890505509654,2929,0.01696063557506341,0.006820701025550267,,,2023-02-24
M&M Minis FR,CONNECT,71370,22108,0.3097660081266639,486,0.021982992581870815,0.006809583858764187,,,2023-02-24
M&M Minis FR,SCENE,63946,20799,0.32525881212272856,341,0.01639501899129766,0.005332624401839052,,,2023-02-24
M&M Minis EN,CONNECT,769671,303299,0.3940631776434347,4714,0.015542418537482814,0.0061246948371447025,,,2023-02-24
M&M Minis EN,SCENE,1202155,490884,0.40833669535126504,4992,0.010169408658664777,0.004152542725355715,,,2023-02-24
Cast Pass,,309,99,0.32038834951456313,6,0.06060606060606061,0.019417475728155338,,,2023-02-24
Film Anticipation FR,SCENE,9414,3118,0.33120883790099853,369,0.11834509300833868,0.03919694072657744,,,2023-02-24
Film Anticipation EN,SCENE,85274,35103,0.41164950629734737,3536,0.10073213115688118,0.04146633205900978,,,2023-02-24
Adv Ticket John Wick Chpt 4 FR,SCENE,118523,37715,0.31820828024940306,472,0.012514914490255866,0.003982349417412654,,,2023-02-24
Adv Ticket John Wick Chpt 4 FR,CONNECT,219962,70731,0.32156008765150346,1262,0.01784224738799112,0.005737354633982233,,,2023-02-24
Adv Ticket John Wick Chpt 4 EN,SCENE,2144865,809456,0.37739251654533035,10070,0.01244045383566247,0.004694934180006667,,,2023-02-24
Adv Ticket John Wick Chpt 4 EN,CONNECT,2390275,889572,0.3721630356339752,13094,0.014719438111811074,0.005478030770518037,,,2023-02-24
Spring Break Offer Whitby EN,SCENE,12408,4543,0.36613475177304966,73,0.01606867708562624,0.005883301096067053,,,2023-02-24
Spring Break Offer Brampton EN,SCENE,28574,10446,0.3655770980611745,224,0.02144361478077733,0.007839294463498285,,,2023-02-24
Spring Break Offer Dartmouth EN,SCENE,15109,5773,0.3820901449467205,127,0.021998960679023037,0.008405586074525118,,,2023-02-24
Spring Break Offer EN,SCENE,245222,91365,0.37258076355302544,1611,0.01763257264816943,0.006569557380659158,,,2023-02-24
Employee Pincode,,1642,598,0.364190012180268,19,0.03177257525083612,0.011571254567600487,,,2023-02-24
Theres Always Hope EN,CONNECT,16617,8812,0.5303002948787386,146,0.016568315932818885,0.008786182824817957,,,2023-03-03
Theres Always Hope EN,SCENE,61596,30352,0.4927592700824729,669,0.022041381128096994,0.010861094876290668,,,2023-03-03
Friday What's On FR,SCENE,96915,31082,0.3207140277562813,582,0.01872466379254874,0.006005262343290512,,,2023-03-03
Friday What's On FR,CONNECT,191523,62297,0.32527163839330003,1288,0.020675152896608182,0.006725040856711727,,,2023-03-03
Friday What's On EN,SCENE,1744898,704864,0.40395713674954065,9825,0.013938859127434512,0.005630701622673646,,,2023-03-03
Friday What's On EN,CONNECT,2168282,784145,0.3616434578159114,11899,0.015174489412034763,0.005487754821559188,,,2023-03-03
St. Patricks Day Party Invite,SCENE,211897,86124,0.406442752846902,1614,0.018740420788630346,0.007616908214840229,,,2023-03-03
Movie Guide EN 24MT,CONNECT,245320,109864,0.44783955649763574,2151,0.01957875191145416,0.00876813957280287,,,2023-03-03
Movie Guide EN,CONNECT,333132,122788,0.36858662632229866,2826,0.0230152783659641,0.008483123806779295,,,2023-03-03
Movie Guide FR,CONNECT,15041,4998,0.3322917359218137,279,0.05582232893157263,0.018549298583870753,,,2023-03-03
Cine Club Members,SCENE,5810,3537,0.6087779690189329,1356,0.3833757421543681,0.2333907056798623,,,2023-03-03
Arts & Culture Newsletter FR,SCENE,1530,757,0.4947712418300654,96,0.12681638044914134,0.06274509803921569,,,2023-03-03
Arts & Culture Newsletter FR,CONNECT,1633,696,0.4262094304960196,54,0.07758620689655173,0.03306797305572566,,,2023-03-03
Arts & Culture Newsletter EN,SCENE,14781,6425,0.43467965631554023,651,0.10132295719844359,0.044043028211893646,,,2023-03-03
Arts & Culture Newsletter EN,CONNECT,20871,8718,0.4177087825212017,601,0.0689378297774719,0.02879593694600163,,,2023-03-03
Empire Scene Plus Offer MBSKBC EN,SCENE,422841,166865,0.3946282408754118,674,0.004039193359901717,0.0015939797701736587,,,2023-03-03
Empire Scene Plus Offer AB EN,SCENE,266495,109716,0.4117000318955327,476,0.004338473878012322,0.001786149833955609,,,2023-03-03
Empire Scene Plus Offer ATLON EN,SCENE,1177401,433183,0.36791458475065,4484,0.01035128340678189,0.0038083881362424524,,,2023-03-03
Tuesday Deals FR,SCENE,23018,7984,0.3468589799287514,203,0.025425851703406815,0.008819184985663394,,,2023-03-03
Tuesday Deals FR,CONNECT,25390,9551,0.3761717211500591,201,0.021044916762642654,0.007916502560063017,,,2023-03-03
Tuesday Deals EN,SCENE,216829,96632,0.4456599440111793,2035,0.02105927643016806,0.009385275954784646,,,2023-03-03
Tuesday Deals EN,CONNECT,430300,199499,0.4636277016035324,3207,0.01607526854771202,0.007452939809435278,,,2023-03-03
Multi Title Holi Challenger EN,SCENE,17532,6130,0.34964636093999546,34,0.005546492659053833,0.0019393109742185718,,,2023-03-03
Multi Title Holi Challenger EN,CONNECT,7484,2856,0.38161411010155,25,0.008753501400560224,0.0033404596472474614,,,2023-03-03
Multi Title Holi Primary EN,SCENE,258592,102677,0.39706178072020787,900,0.008765351539293123,0.0034803860908303426,,,2023-03-03
Multi Title Holi Primary EN,CONNECT,130521,50143,0.3841757265114426,553,0.011028458608380034,0.004236866098175773,,,2023-03-03
Jesus Revolution 2 EN,CONNECT,6591,3132,0.4751934456076468,78,0.02490421455938697,0.011834319526627219,,,2023-03-03
Jesus Revolution 2 EN,SCENE,42354,16283,0.384450110969448,226,0.013879506233495056,0.005335977711668319,,,2023-03-03
Employee Pincode,,1643,592,0.3603164942178941,13,0.02195945945945946,0.007912355447352405,,,2023-03-03
Adv Ticket Super Mario FR,SCENE,118687,37901,0.31933573179876484,736,0.019419012690958023,0.006201184628476581,,,2023-03-10
Adv Ticket Super Mario FR,CONNECT,217537,69389,0.31897562253777517,1453,0.020939918430875212,0.006679323517378653,,,2023-03-10
Adv Ticket Super Mario EN,CONNECT,2386367,831794,0.34856080393334304,12874,0.015477389834502293,0.00539481144350387,,,2023-03-10
Adv Ticket Super Mario EN,SCENE,2155184,774585,0.3594055078359899,11683,0.015082915367583933,0.005420882857333759,,,2023-03-10
Friday What's On FR,SCENE,96975,29387,0.3030368651714359,606,0.02062136318780413,0.006249033255993813,,,2023-03-10
Friday What's On FR,CONNECT,190580,58766,0.3083534473711827,1312,0.022325834666303643,0.006884248084793787,,,2023-03-10
Friday What's On EN,SCENE,1752004,707834,0.4040139177764434,12905,0.018231675788391064,0.0073658507628978015,,,2023-03-10
Friday What's On EN,CONNECT,2170502,776199,0.35761266287706717,14645,0.018867584214872734,0.006747287033137956,,,2023-03-10
Movie Guide EN 24MT,CONNECT,244272,113808,0.46590685792886616,2357,0.020710319133980037,0.009649079714416716,,,2023-03-10
Movie Guide EN,CONNECT,332944,125388,0.3766038733240425,2893,0.023072383322167992,0.008689148925945505,,,2023-03-10
Event Cinema Research FR,SCENE,160,63,0.39375,16,0.25396825396825395,0.1,,,2023-03-10
Event Cinema Research EN,SCENE,4319,1969,0.4558925677240102,538,0.2732351447435246,0.12456587172956703,,,2023-03-10
Mummies FR,CONNECT,20898,6421,0.3072542827064791,150,0.02336084722005918,0.00717772035601493,,,2023-03-10
Mummies FR,SCENE,18529,5547,0.2993685573965136,105,0.018929150892374257,0.0056667925953910086,,,2023-03-10
Mummies EN,CONNECT,262519,92932,0.35400104373397734,1582,0.017023199758963544,0.006026230482365086,,,2023-03-10
Mummies EN,SCENE,302304,104138,0.3444810521858791,1558,0.014960917244425666,0.0051537525140256165,,,2023-03-10
St Patrick's Day Party Reminder,SCENE,213053,67256,0.31567731972795504,1470,0.021856786011656953,0.006899691626027327,,,2023-03-10
Adv Ticket D&D FR,SCENE,118797,41802,0.3518775726659764,583,0.013946701114779197,0.004907531334966371,,,2023-03-10
Adv Ticket D&D FR,CONNECT,217318,75110,0.3456225439218104,1311,0.0174544002130209,0.006032634204253674,,,2023-03-10
Adv Ticket D&D EN,SCENE,2158197,810696,0.375635773750033,8049,0.009928505876432103,0.0037295019870753226,,,2023-03-10
Adv Ticket D&D EN,CONNECT,2384217,891208,0.37379483495000665,10705,0.012011786249674599,0.004489943658651876,,,2023-03-10
The Last Of Us FR,SCENE,118798,33631,0.28309399148133807,764,0.02271713597573667,0.006431084698395596,,,2023-03-10
The Last Of Us FR,CONNECT,217280,67707,0.31161174521354934,1712,0.02528542100521364,0.007879234167893961,,,2023-03-10
The Last Of Us EN,SCENE,2161357,1020528,0.4721700302171275,14172,0.01388692911904426,0.006556991741762236,,,2023-03-10
The Last Of Us EN,CONNECT,2385796,1196883,0.5016703020710908,19035,0.01590381014685646,0.007978469240454759,,,2023-03-10
Spring Bowling League,SCENE,26398,7109,0.26930070459883326,168,0.02363201575467717,0.00636411849382529,,,2023-03-10
Tuesday Deals FR,SCENE,23049,7939,0.34444010586142565,199,0.02506612923542008,0.008633780207384268,,,2023-03-10
Tuesday Deals FR,CONNECT,25583,9323,0.3644216862760427,214,0.02295398476885123,0.008364929836219365,,,2023-03-10
Tuesday Deals EN,SCENE,217659,79540,0.3654340045667765,1752,0.022026653256223282,0.008049288106625502,,,2023-03-10
Tuesday Deals EN,CONNECT,431945,175694,0.4067508594844251,2966,0.016881623732170704,0.006866614962553103,,,2023-03-10
Andre Rieu In Dublin FR,CONNECT,5597,2498,0.4463105234947293,74,0.029623698959167333,0.013221368590316241,,,2023-03-10
Andre Rieu In Dublin FR,SCENE,17719,7462,0.42112986060161406,251,0.033637094612704366,0.014165584965291494,,,2023-03-10
Andre Rieu In Dublin EN,CONNECT,46285,21254,0.4591984444204386,505,0.023760233367836642,0.010910662201577185,,,2023-03-10
Andre Rieu In Dublin EN,SCENE,184356,79307,0.43018399184187117,1504,0.018964278058683344,0.008158128837683612,,,2023-03-10
Spring Break Offer Reminder 1 Dartmouth EN,SCENE,15938,5734,0.3597691052829715,185,0.032263690268573425,0.011607478981051574,,,2023-03-10
Spring Break Offer Reminder 1 Whitby EN,SCENE,12600,4692,0.37238095238095237,145,0.030903665814151746,0.011507936507936509,,,2023-03-10
Spring Break Offer Reminder 1 Brampton EN,SCENE,28932,10301,0.35604175307617864,291,0.02824968449665081,0.0100580671920365,,,2023-03-10
Spring Break Offer Reminder 1 EN,SCENE,247371,74846,0.3025657817609987,1609,0.02149747481495337,0.006504400273273747,,,2023-03-10
Cast Pass,,295,114,0.3864406779661017,6,0.05263157894736842,0.020338983050847456,,,2023-03-10
Employee Pincode,,1641,587,0.35770871419865935,21,0.03577512776831346,0.012797074954296161,,,2023-03-10
Points Offer Crepuscle Offer Email,SCENE,50647,16653,0.3288052599364227,222,0.013330931363718249,0.004383280352241989,,,2023-03-10
Points Offer Crepuscle Control Email,SCENE,2682,860,0.32065622669649513,8,0.009302325581395349,0.002982848620432513,,,2023-03-10
Friday What's On FR,SCENE,96989,29477,0.3039210632133541,582,0.01974420734810191,0.006000680489540051,,,2023-03-17
Friday What's On FR,CONNECT,188901,57746,0.305694517233895,1075,0.018616008035188585,0.005690811589139285,,,2023-03-17
Friday What's On EN,SCENE,1764156,719220,0.40768503465679906,9914,0.01378437752009121,0.005619684427000787,,,2023-03-17
Friday What's On EN,CONNECT,2165495,747271,0.3450809168342573,9829,0.013153193419790142,0.0045389160445995025,,,2023-03-17
Movie Guide EN 24MT,CONNECT,242816,108423,0.44652329335793356,2193,0.02022633574057165,0.009031530047443332,,,2023-03-17
Movie Guide EN,CONNECT,332925,121920,0.3662086055417887,2847,0.023351377952755905,0.008551475557558008,,,2023-03-17
Movie Guide FR,CONNECT,14849,4800,0.32325409118459153,229,0.04770833333333333,0.015421913933598222,,,2023-03-17
Tagline FR,SCENE,18266,6480,0.3547574729004708,1113,0.17175925925925925,0.06093288076207161,,,2023-03-17
Family Newsletter FR,SCENE,27585,7974,0.28907014681892335,250,0.031351893654376725,0.00906289650172195,,,2023-03-17
Family Newsletter EN,SCENE,391572,133428,0.3407495939444087,3208,0.024042929520040772,0.00819261847118793,,,2023-03-17
Easter Egg Brunch EN,SCENE,237149,103978,0.4384500883410851,4066,0.039104425936255745,0.017145339006278754,,,2023-03-17
Tuesday Deals FR,SCENE,23188,7985,0.3443591512851475,245,0.030682529743268627,0.01056580990167328,,,2023-03-17
Tuesday Deals FR,CONNECT,25573,9149,0.3577601376451726,197,0.021532407913433162,0.007703437218941853,,,2023-03-17
Tuesday Deals EN,SCENE,219716,87660,0.3989695789109578,1774,0.020237280401551448,0.00807405924010996,,,2023-03-17
Tuesday Deals EN,CONNECT,434922,186460,0.42872055219096755,2533,0.01358468304193929,0.0058240328150794855,,,2023-03-17
CineClub Acq 100 No Offer EN,SCENE,26113,11634,0.4455252173247042,338,0.029052776345195118,0.01294374449507908,,,2023-03-17
CineClub Acq 75 No Offer EN,SCENE,26544,11592,0.43670886075949367,310,0.026742581090407176,0.011678722121760096,,,2023-03-17
CineClub Acq 50 No Offer EN,SCENE,50753,21904,0.4315803991882253,456,0.020818115412710007,0.008984690560163931,,,2023-03-17
Employee Pincode,,1640,585,0.3567073170731707,13,0.022222222222222223,0.007926829268292683,,,2023-03-17
Bowling Leauge Reminder,SCENE,26683,9041,0.3388299666454297,144,0.015927441654684217,0.00539669452460368,,,2023-03-24
CineClub Early Access Air EN,SCENE,33786,18749,0.5549339963298408,1036,0.0552562803349512,0.03066358846859646,,,2023-03-24
CineClub Early Access Air EN,CONNECT,7716,3986,0.5165889061689994,244,0.061214249874560964,0.03162260238465526,,,2023-03-24
Movie Guide EN 24MT,CONNECT,242534,109145,0.45001937872628167,1804,0.016528471299647258,0.007438132385562436,,,2023-03-24
Movie Guide EN,CONNECT,332843,121892,0.3662147018263866,2295,0.018828142946214682,0.006895142754992594,,,2023-03-24
Friday What's On FR,SCENE,106493,32923,0.3091564703783347,888,0.026972025635573917,0.008338576244447992,,,2023-03-24
Friday What's On FR,CONNECT,203693,61715,0.3029804657008341,1427,0.02312241756461152,0.007005640841855145,,,2023-03-24
Friday What's On EN,SCENE,1666806,607779,0.3646369163537928,10543,0.01734676584745442,0.006325271207327067,,,2023-03-24
Friday What's On EN,CONNECT,2221901,761823,0.3428699118457573,12121,0.01591051989766652,0.005455238554733087,,,2023-03-24
Early Access Air2 EN,SCENE,20759,11538,0.5558071198034588,392,0.03397469232102617,0.018883375885158246,,,2023-03-24
Early Access Air2 EN,CONNECT,4891,2550,0.5213657738703742,105,0.041176470588235294,0.021468002453485995,,,2023-03-24
Tuesday Deals RFM1 EN,SCENE,90553,32038,0.3538038496791934,517,0.016137087208939385,0.005709363577131625,,,2023-03-24
Tuesday Deals RFM2 EN,SCENE,90667,32002,0.35296193763993516,434,0.013561652396725205,0.004786747107547399,,,2023-03-24
Tuesday Deals FR,SCENE,25783,9075,0.3519761082884071,341,0.037575757575757575,0.013225768917503782,,,2023-03-24
Tuesday Deals FR,CONNECT,26525,9541,0.359698397737983,255,0.02672675820144639,0.009613572101790764,,,2023-03-24
Tuesday Deals EN,SCENE,225120,82855,0.3680481520966596,1732,0.020903988896264557,0.0076936744847192606,,,2023-03-24
Tuesday Deals EN,CONNECT,440828,165876,0.3762828132514269,2331,0.014052665846777111,0.005287776638507536,,,2023-03-24
Cast Pass,,287,95,0.3310104529616725,6,0.06315789473684211,0.020905923344947737,,,2023-03-24
Spring Break Offer Final Reminder 2 Whitby PDM,SCENE,12558,4008,0.31915910176779744,72,0.017964071856287425,0.005733397037744864,,,2023-03-24
Spring Break Offer Final Reminder 2 Dartmouth PDM,SCENE,15880,5263,0.3314231738035264,109,0.020710621318639558,0.006863979848866499,,,2023-03-24
Spring Break Offer Final Reminder 2 Brampton PDM,SCENE,28849,8828,0.3060071406287913,176,0.01993656547349343,0.006100731394502409,,,2023-03-24
Spring Break Offer Final Reminder 2 TRR EN,SCENE,246346,90136,0.36589187565456716,1605,0.01780642584538919,0.006515226551273412,,,2023-03-24
School Year End Celebration FR-EN,,3513,447,0.12724167378309137,107,0.23937360178970918,0.03045829775120979,,,2023-03-24
School Year End Celebration EN-FR,,14099,3304,0.2343428611958295,661,0.20006053268765134,0.04688275764238598,,,2023-03-24
Air Sneak Preview EN,SCENE,1023840,443119,0.4328010235974371,4865,0.010978992099187802,0.004751719018596656,,,2023-03-24
Employee Pincode,,1631,615,0.3770692826486818,23,0.03739837398373984,0.014101778050275904,,,2023-03-24
Friday What's On FR,SCENE,104288,32278,0.3095082847499233,708,0.021934444513290786,0.006788892298250997,,,2023-03-31
Friday What's On FR,CONNECT,203955,63325,0.3104851560393224,1172,0.01850769838136597,0.005746365619867128,,,2023-03-31
Friday What's On EN,SCENE,1832170,648690,0.35405557344569555,9783,0.015081163575822041,0.005339570018066009,,,2023-03-31
Friday What's On EN,CONNECT,2233662,765579,0.34274612721172676,11408,0.014901140182789758,0.005107308088690232,,,2023-03-31
Movie Guide EN 24MT,CONNECT,241444,108228,0.4482530110501814,1997,0.01845178696825221,0.00827106906777555,,,2023-03-31
Movie Guide EN,CONNECT,332771,120812,0.3630484627566705,2503,0.020718140582061385,0.007521689089493976,,,2023-03-31
Movie Guide FR,CONNECT,14810,5047,0.3407832545577313,211,0.04180701406776303,0.01424713031735314,,,2023-03-31
Easter Egg Brunch Reminder,SCENE,238250,91446,0.3838237145855194,3274,0.03580255013887978,0.01374186778593914,,,2023-03-31
Arts & Culture Newsletter FR,SCENE,1814,885,0.48787210584343993,122,0.13785310734463277,0.06725468577728776,,,2023-03-31
Arts & Culture Newsletter FR,CONNECT,1882,802,0.4261424017003188,68,0.08478802992518704,0.036131774707757705,,,2023-03-31
Arts & Culture Newsletter EN,SCENE,16166,7099,0.4391315105777558,748,0.10536695309198478,0.04626994927625881,,,2023-03-31
Arts & Culture Newsletter EN,CONNECT,22355,9186,0.4109147841646164,627,0.0682560418027433,0.0280474166853053,,,2023-03-31
Film Anticipation FR,SCENE,9433,3035,0.32174281776741226,465,0.15321252059308071,0.04929502809286547,,,2023-03-31
Film Anticipation EN,SCENE,85280,33611,0.394125234521576,3564,0.10603671417095593,0.04179174484052533,,,2023-03-31
Pre Paid Products FR,,26,8,0.3076923076923077,1,0.125,0.038461538461538464,,,2023-03-31
Pre Paid Products EN,,346,109,0.315028901734104,13,0.11926605504587157,0.03757225433526012,,,2023-03-31
Spring Gift Pack #1 FR,SCENE,128556,45200,0.3515977472852298,1555,0.03440265486725664,0.01209589595195868,,,2023-03-31
Spring Gift Pack #1 FR,CONNECT,216603,73144,0.3376869203104297,1750,0.023925407415509133,0.008079297147315596,,,2023-03-31
Spring Gift Pack #1 EN,SCENE,2253005,838316,0.37208794476709994,12156,0.014500498618659312,0.005395460729115115,,,2023-03-31
Spring Gift Pack #1 EN,CONNECT,2403673,863594,0.35928098372781986,10720,0.012413240481059388,0.004459841251285013,,,2023-03-31
Tuesday Deals FR,SCENE,25867,8935,0.3454208064329068,260,0.029099048684946838,0.010051416863184753,,,2023-03-31
Tuesday Deals FR,CONNECT,26633,9755,0.36627492208913753,202,0.02070732957457714,0.007584575526602335,,,2023-03-31
Tuesday Deals EN,SCENE,227842,81592,0.3581078115536205,1540,0.01887439945092656,0.006759069881760167,,,2023-03-31
Tuesday Deals EN,CONNECT,443643,171518,0.3866126592778428,2261,0.013182289905432666,0.005096440155710785,,,2023-03-31
Adv Ticket Guardians Of The Galaxy 3 FR,SCENE,128660,43859,0.3408907197264107,886,0.020201098976264847,0.0068863671692833825,,,2023-03-31
Adv Ticket Guardians Of The Galaxy 3 FR,CONNECT,216423,71195,0.3289622637150395,1475,0.020717747032797246,0.006815356962984525,,,2023-03-31
Adv Ticket Guardians Of The Galaxy 3 EN,SCENE,2259347,823705,0.3645765789849899,11702,0.014206542390783108,0.005179372624036945,,,2023-03-31
Adv Ticket Guardians Of The Galaxy 3 EN,CONNECT,2406202,855191,0.35541114170796967,12252,0.014326624110871138,0.0050918418320656375,,,2023-03-31
Super Mario Bros Concesions EN,CONNECT,5712,2824,0.4943977591036415,54,0.019121813031161474,0.009453781512605041,,,2023-03-31
Super Mario Bros Concesions EN,SCENE,13550,5986,0.44177121771217714,107,0.01787504176411627,0.007896678966789668,,,2023-03-31
Super Mario Bros Concesions D&T EN,SCENE,63802,23301,0.3652079872104323,267,0.011458735676580404,0.0041848217924203,,,2023-03-31
Employee Pincode,,1631,535,0.3280196198651134,12,0.022429906542056073,0.007357449417535254,,,2023-03-31
Super Mario Bros Scene Offer Control FR,SCENE,2098,642,0.3060057197330791,29,0.045171339563862926,0.013822688274547188,,,2023-03-31
Super Mario Bros Scene Offer Control EN,SCENE,28979,9600,0.33127437109631114,142,0.014791666666666667,0.004900100072466268,,,2023-03-31
Super Mario Bros Scene Offer FR,SCENE,39331,12040,0.30611985456764385,316,0.026245847176079733,0.008034374920546134,,,2023-03-31
Super Mario Bros Scene Offer EN,SCENE,549333,185013,0.3367957140750692,2826,0.01527460232524201,0.005144420597342596,,,2023-03-31
Super Mario Bros Concessions Reminder EN,CONNECT,7997,3568,0.44616731274227833,76,0.021300448430493273,0.009503563836438664,,,2023-04-07
Super Mario Bros Concessions Reminder EN,SCENE,18070,7554,0.4180409518539015,107,0.014164680963727826,0.005921416712783619,,,2023-04-07
John Wick 4 FR,CONNECT,7495,2358,0.31460973982655105,30,0.01272264631043257,0.004002668445630421,,,2023-04-07
John Wick 4 FR,SCENE,14161,4084,0.28839771202598685,42,0.01028403525954946,0.002965892239248641,,,2023-04-07
John Wick 4 EN,CONNECT,110189,40968,0.37179754784960384,548,0.013376293692638156,0.00497327319423899,,,2023-04-07
John Wick 4 EN,SCENE,210578,74769,0.35506558139976635,785,0.01049900359774773,0.0037278348165525363,,,2023-04-07
Friday What's On FR,SCENE,104313,32141,0.3081207519676359,781,0.024299181730499983,0.007487082146999895,,,2023-04-07
Friday What's On FR,CONNECT,203399,62426,0.3069139966273187,1360,0.021785794380546567,0.006686365223034528,,,2023-04-07
Friday What's On EN,SCENE,1847801,709708,0.38408248507279735,12062,0.016995722184334965,0.006527759212166245,,,2023-04-07
Friday What's On EN,CONNECT,2240811,769127,0.34323599803821025,12471,0.0162144873343414,0.005565395742880591,,,2023-04-07
Movie Guide EN 24MT,CONNECT,238042,105398,0.44277060350694414,3143,0.02982030019544963,0.013203552314297477,,,2023-04-07
Movie Guide EN,CONNECT,332850,119937,0.3603334835511492,3704,0.030882880178760515,0.011128135796905513,,,2023-04-07
Tuesday Deals FR,SCENE,25937,9232,0.3559393916027297,286,0.030979202772963604,0.011026718587346261,,,2023-04-07
Tuesday Deals FR,CONNECT,26722,10200,0.381707955991318,287,0.028137254901960784,0.010740214055834144,,,2023-04-07
Tuesday Deals EN,SCENE,229129,82143,0.3585011063636641,1645,0.020026052128604994,0.007179361844201301,,,2023-04-07
Tuesday Deals EN,CONNECT,445785,173279,0.3887053175858317,2565,0.014802717005522884,0.005753894814764965,,,2023-04-07
OptInSurvey,SCENE,73905,32069,0.43392192679791625,2423,0.07555583273566373,0.032785332521480276,,,2023-04-07
SceneOfferMafiaMamma,SCENE,249215,86040,0.3452440663683968,977,0.011355183635518363,0.003920309772686235,,,2023-04-07
Cast Pass,,283,84,0.2968197879858657,2,0.023809523809523808,0.007067137809187279,,,2023-04-07
Sneak Preview Are You There God EN,SCENE & CONNECT,31437,14920,0.4745999936380698,779,0.052211796246648796,0.024779718166491712,,,2023-04-07
Scene Offer D&D Control EN,SCENE,22178,7786,0.35106862656686805,53,0.006807089648086309,0.0023897556136712058,,,2023-04-07
Scene Offer D&D Control FR,SCENE,2294,676,0.2946817785527463,6,0.008875739644970414,0.0026155187445510027,,,2023-04-07
Scene Offer D&D EN,SCENE,418356,149159,0.3565360601975351,1081,0.007247299861221917,0.0025839237395902056,,,2023-04-07
Scene Offer D&D FR,SCENE,43324,13991,0.3229387868156218,154,0.011007075977414052,0.0035546117625334687,,,2023-04-07
Employee Pincode,,1639,559,0.3410616229408176,13,0.023255813953488372,0.007931665649786455,,,2023-04-07
Friday What's On FR,SCENE,105155,32793,0.3118539299129856,553,0.01686335498429543,0.005258903523370263,,,2023-04-14
Friday What's On FR,CONNECT,207014,63483,0.3066604191020897,1099,0.017311721248208182,0.005308819693354072,,,2023-04-14
Friday What's On EN,SCENE,1885869,642469,0.3406753067153657,7776,0.012103307708231837,0.004123298065772331,,,2023-04-14
Friday What's On EN,CONNECT,2273969,761356,0.33481371118075925,9006,0.011828894761451936,0.003960476154248365,,,2023-04-14
Movie Guide EN 24MT,CONNECT,238448,106462,0.44647889686640274,2225,0.020899475869324266,0.009331174931221901,,,2023-04-14
Movie Guide EN,CONNECT,332969,120031,0.36048701230444874,2852,0.023760528530129717,0.008565361940601077,,,2023-04-14
Movie Guide FR,CONNECT,14896,4369,0.2933002148227712,141,0.032272831311512935,0.0094656283566058,,,2023-04-14
Family Newsletter FR,SCENE,25186,7636,0.30318430874295244,186,0.02435830277632268,0.0073850551893909315,,,2023-04-14
Family Newsletter EN,SCENE,395764,134485,0.33981109954417277,2675,0.019890694129456817,0.006759078642827544,,,2023-04-14
Sneak Preview Are You There God EN,CONNECT,1081731,381238,0.35243327592534557,7312,0.019179620079845135,0.006759536335743359,,,2023-04-14
Sneak Preview Are You There God EN,SCENE,867344,328333,0.3785499179103101,7233,0.02202946398930354,0.008339251784758988,,,2023-04-14
Xscape Bonus Offer FR,SCENE,98596,33372,0.3384721489715607,298,0.008929641615725759,0.003022434987220577,,,2023-04-14
Xscape Bonus Offer FR,CONNECT,168703,55341,0.32803803133317133,679,0.012269384362407619,0.004024824691914192,,,2023-04-14
Xscape Bonus Offer EN,SCENE,1440021,594956,0.4131578636700437,4024,0.006763525369943324,0.0027944036927239255,,,2023-04-14
Xscape Bonus Offer EN,CONNECT,1679912,619606,0.3688324150312635,5407,0.008726513300387666,0.003218620975384425,,,2023-04-14
Early Screen Citadel EN,SCENE,17656,9469,0.5363049388309923,683,0.07213010877600591,0.03868373357498867,,,2023-04-14
Early Screen Citadel EN,CONNECT,4667,2719,0.5826012427683737,207,0.07613093048915043,0.04435397471609171,,,2023-04-14
Tuesday Deals FR,SCENE,26069,9248,0.354750853504162,233,0.025194636678200693,0.00893781886531896,,,2023-04-14
Tuesday Deals FR,CONNECT,26859,9867,0.36736289511895454,176,0.017837235228539576,0.006552738374474105,,,2023-04-14
Tuesday Deals EN,SCENE,230740,82884,0.3592094998699835,1364,0.0164567347135756,0.005911415445956488,,,2023-04-14
Tuesday Deals EN,CONNECT,448953,174098,0.38778669482106143,2058,0.011820928442601294,0.004583998770472633,,,2023-04-14
Farador FR,CONNECT,4792,1995,0.4163188647746244,43,0.02155388471177945,0.008973288814691152,,,2023-04-14
Farador FR,SCENE,37739,13962,0.3699621081639683,190,0.013608365563672826,0.005034579612602347,,,2023-04-14
Spring Gift Pack #2 FR,SCENE,129791,43752,0.33709579246634974,569,0.013005119765953557,0.004383971153623903,,,2023-04-14
Spring Gift Pack #2 FR,CONNECT,220238,72297,0.3282676014130168,981,0.013569027760487988,0.004454272196442031,,,2023-04-14
Spring Gift Pack #2 EN,SCENE,2319334,993500,0.42835572625589935,9306,0.009366884750880725,0.004012358720218822,,,2023-04-14
Spring Gift Pack #2 EN,CONNECT,2446269,920184,0.37615814123467206,9242,0.010043643445223998,0.0037779982495792573,,,2023-04-14
BeauIs Afraid EN,CONNECT,94696,38081,0.4021394779082538,537,0.01410152044326567,0.0056707780687674245,,,2023-04-14
BeauIs Afraid EN,SCENE,187009,70717,0.37814757578512265,829,0.01172278235784889,0.004432941730077162,,,2023-04-14
Employee Pincode,,1642,565,0.3440925700365408,19,0.033628318584070796,0.011571254567600487,,,2023-04-14
Eid Al Fitr EN,SCENE,42910,17265,0.4023537636914472,397,0.02299449753837243,0.009251922628757864,,,2023-04-21
Eid Al Fitr EN,CONNECT,13892,5459,0.39295997696515983,123,0.022531599193991572,0.008854016700259142,,,2023-04-21
Friday What's On FR,SCENE,105314,32307,0.30676833089617717,644,0.019933760485343732,0.0061150464325730675,,,2023-04-21
Friday What's On FR,CONNECT,206840,62825,0.303737188164765,1163,0.01851173895742141,0.0056227035389673176,,,2023-04-21
Friday What's On EN,SCENE,1903092,642254,0.3374792180304473,7210,0.011226088120899208,0.003788571440581958,,,2023-04-21
Friday What's On EN,CONNECT,2279587,757186,0.3321592902574019,8619,0.011382936293064055,0.003780948040149378,,,2023-04-21
Movie Guide EN,CONNECT,332852,123871,0.3721503851561655,2630,0.021231765304227785,0.007901409635513681,,,2023-04-21
Movie Guide EN 24MT,CONNECT,237372,109976,0.46330653994573917,2393,0.021759292936640723,0.010081222722140775,,,2023-04-21
Mothers Day Drag Brunch EN,SCENE,162082,66927,0.4129206204266976,1518,0.022681429019678158,0.009365629742969608,,,2023-04-21
Scene Acquisition No OFFER EN,CONNECT,23526,11998,0.5099889483975176,332,0.027671278546424403,0.014112046246705772,,,2023-04-21
Tuesday Deals FR,CONNECT,26947,9894,0.3671651760863918,179,0.018091772791590865,0.006642668942739452,,,2023-04-21
Tuesday Deals FR,SCENE,26154,9001,0.34415385791848285,223,0.02477502499722253,0.008526420432820984,,,2023-04-21
Tuesday Deals EN,SCENE,232199,82640,0.355901618870021,1568,0.01897386253630203,0.006752828392887136,,,2023-04-21
Tuesday Deals EN,CONNECT,450922,173036,0.3837382074948661,2250,0.01300307450472734,0.004989776502366263,,,2023-04-21
Cine Club Acquisition No Offer 100 EN,SCENE,16590,6846,0.41265822784810124,205,0.029944493134677185,0.01235684147076552,,,2023-04-21
Cine Club Acquisition No Offer 100 FR,SCENE,2390,1041,0.43556485355648533,50,0.04803073967339097,0.02092050209205021,,,2023-04-21
Cine Club Acquisition No Offer 75 EN,SCENE,17694,7266,0.41064767717870465,219,0.03014037985136251,0.012377076975245847,,,2023-04-21
Cine Club Acquisition No Offer 75 FR,SCENE,1978,762,0.3852376137512639,31,0.04068241469816273,0.015672396359959553,,,2023-04-21
Cine Club Acquisition No Offer 50 EN,SCENE,32027,12976,0.405158147812783,378,0.029130702836004933,0.011802541605520342,,,2023-04-21
Cine Club Acquisition No Offer 50 FR,SCENE,3489,1449,0.41530524505588995,67,0.04623878536922015,0.019203210088850675,,,2023-04-21
Cine Club Acquisition EN,SCENE,101678,41540,0.40854462125533547,1508,0.03630235917188252,0.014831133578551899,,,2023-04-21
Cine Club Acquisition FR,SCENE,6202,2674,0.43115124153498874,173,0.06469708302169035,0.027894227668494035,,,2023-04-21
Xscape Bonus Offer Reminder FR,CONNECT,168853,54051,0.32010683849265337,448,0.008288468298458864,0.0026531953829662487,,,2023-04-21
Xscape Bonus Offer Reminder FR,SCENE,98865,32708,0.33083497698882314,217,0.006634462516815458,0.002194912254083852,,,2023-04-21
Xscape Bonus Offer Reminder EN,CONNECT,1685835,588709,0.3492091456162673,4209,0.007149542473446134,0.002496685618699339,,,2023-04-21
Xscape Bonus Offer Reminder EN,SCENE,1453228,524882,0.361183516970496,2828,0.005387877656311323,0.0019460126009132773,,,2023-04-21
Cast Pass,,267,85,0.31835205992509363,3,0.03529411764705882,0.011235955056179775,,,2023-04-21
BOGO FreeAdmission FR,SCENE,137025,50585,0.3691662105455209,2943,0.05817930216467332,0.021477832512315272,,,2023-04-21
BOGO FreeAdmission FR,CONNECT,232449,80566,0.3465964577176069,4092,0.050790656108035646,0.017603861492198287,,,2023-04-21
BOGO FreeAdmission EN,SCENE,2463351,909114,0.3690558105604926,26045,0.02864877232118304,0.010572995890557213,,,2023-04-21
BOGO FreeAdmission EN,CONNECT,2581365,913513,0.35388757498455276,22378,0.024496640989236058,0.008669056874947944,,,2023-04-21
Fast X Offer Offer Alert EN,CONNECT,1074,596,0.5549348230912476,37,0.06208053691275168,0.03445065176908752,,,2023-04-21
Fast X Offer Offer Alert EN,SCENE,2062,1140,0.5528612997090203,50,0.043859649122807015,0.02424830261881668,,,2023-04-21
Fast X Offer Last Chance EN,CONNECT,678768,258730,0.38117589515121514,2941,0.01136706218838171,0.004332850104895929,,,2023-04-21
Fast X Offer Last Chance EN,SCENE,1710636,678239,0.39648353010225434,7716,0.011376520666018911,0.004510603073944428,,,2023-04-21
Employee Pincode,,1646,567,0.3444714459295261,16,0.02821869488536155,0.009720534629404616,,,2023-04-21
MET Refund EN,CONNECT,296,214,0.722972972972973,4,0.018691588785046728,0.013513513513513514,,,2023-04-21
MET Refund EN,SCENE,579,415,0.7167530224525043,11,0.02650602409638554,0.018998272884283247,,,2023-04-21
MET Refund FR,SCENE,200,130,0.65,3,0.023076923076923078,0.015,,,2023-04-21
MET Refund FR,CONNECT,93,61,0.6559139784946236,3,0.04918032786885246,0.03225806451612903,,,2023-04-21
Are You There God EN,CONNECT,36959,14761,0.3993885115939284,200,0.013549217532687487,0.005411401823642414,,,2023-04-28
Are You There God EN,SCENE,100800,36145,0.3585813492063492,406,0.011232535620417762,0.004027777777777778,,,2023-04-28
Are You There God FR,CONNECT,2801,977,0.3488039985719386,9,0.009211873080859774,0.0032131381649410924,,,2023-04-28
Are You There God FR,SCENE,9694,3036,0.31318341242005365,34,0.011198945981554678,0.003507324118011141,,,2023-04-28
Sisu EN,CONNECT,114888,40585,0.35325708516120047,607,0.01495626462978933,0.0052834064480189406,,,2023-04-28
Sisu EN,SCENE,199283,83997,0.42149606338724327,1082,0.01288141243139636,0.005429464630701064,,,2023-04-28
Friday What's On FR,SCENE,105579,32098,0.3040187916157569,796,0.024799052900492242,0.0075393780960228834,,,2023-04-28
Friday What's On FR,CONNECT,206556,62029,0.3003011289916536,1292,0.020828967096035725,0.006254962334669533,,,2023-04-28
Friday What's On EN,SCENE,1923125,637758,0.33162586935326616,8871,0.013909664794483174,0.004612804679883003,,,2023-04-28
Friday What's On EN,CONNECT,2276123,739935,0.3250856829793469,10283,0.01389716664301594,0.004517769909622635,,,2023-04-28
Movie Guide EN 24MT,CONNECT,235331,104943,0.4459378492421313,1611,0.015351190646350876,0.006845676940139633,,,2023-04-28
Movie Guide EN,CONNECT,332784,119981,0.36053716524832924,1983,0.016527616872671506,0.005958820135583441,,,2023-04-28
Movie Guide FR,CONNECT,14780,4768,0.3225981055480379,171,0.035864093959731544,0.011569688768606225,,,2023-04-28
Film Anticipation FR,SCENE,9461,3456,0.36528908149244266,567,0.1640625,0.05993023993235387,,,2023-04-28
Film Anticipation EN,SCENE,85261,37997,0.4456551060860182,4302,0.11321946469458115,0.05045683254946576,,,2023-04-28
Tuesday Deals FR,SCENE,26231,9283,0.3538942472646868,316,0.034040719594958524,0.012046814837406123,,,2023-04-28
Tuesday Deals FR,CONNECT,27102,10104,0.37281381447863626,271,0.026821060965954078,0.009999262047081396,,,2023-04-28
Tuesday Deals EN,SCENE,233675,82903,0.35477907349951854,2098,0.025306683714702724,0.008978281801647588,,,2023-04-28
Tuesday Deals EN,CONNECT,453737,173750,0.3829310812210598,2701,0.015545323741007195,0.005952787628075295,,,2023-04-28
Comm Insights Opt In 2,SCENE,60488,26778,0.44269937838910195,1613,0.060236014638882666,0.026666446237270203,,,2023-04-28
BeauIs Affraid FR,SCENE,12366,4740,0.38330907326540514,82,0.01729957805907173,0.006631085233705321,,,2023-04-28
BeauIs Affraid FR,CONNECT,3939,1614,0.4097486671744098,20,0.012391573729863693,0.005077430820005078,,,2023-04-28
VIP Book club Screening EN,SCENE,228233,100400,0.43990132890511013,2500,0.0249003984063745,0.01095371834923083,,,2023-04-28
VIP Book club Screening EN,CONNECT,293839,125796,0.42811199330245475,2451,0.019483926356958885,0.008341302550035904,,,2023-04-28
TRRFR Logo Creative Test,SCENE,32024,13089,0.4087247064701474,2663,0.20345328138131255,0.08315638271296527,,,2023-04-28
Adv Ticket Little Mermaid FR,SCENE,130464,43901,0.33649895756683834,640,0.014578255620600897,0.0049055678194751045,,,2023-04-28
Adv Ticket Little Mermaid FR,CONNECT,221169,71390,0.3227848387432235,1107,0.015506373441658495,0.005005222250857941,,,2023-04-28
Adv Ticket Little Mermaid EN,SCENE,2357839,823345,0.349194749938397,9861,0.011976753365842994,0.004182219396659399,,,2023-04-28
Adv Ticket Little Mermaid EN,CONNECT,2456614,858291,0.3493796746253176,11555,0.01346279991285007,0.004703628653097312,,,2023-04-28
Employee Pincode,,1644,579,0.3521897810218978,18,0.031088082901554404,0.010948905109489052,,,2023-04-28
Super Mario Bros 500 EN,SCENE,39627,14780,0.37297802003684355,103,0.006968876860622463,0.0025992378933555405,,,2023-04-28
Super Mario Bros 1000 EN,SCENE,388622,136973,0.3524581727231088,1340,0.009782949924437663,0.0034480806542089744,,,2023-04-28
Fast X Pincodes FR,CONNECT,220,96,0.43636363636363634,7,0.07291666666666667,0.031818181818181815,,,2023-05-05
Fast X Pincodes FR,SCENE,188,79,0.42021276595744683,5,0.06329113924050633,0.026595744680851064,,,2023-05-05
Fast X Pincodes EN,SCENE,5270,3116,0.5912713472485769,304,0.0975609756097561,0.057685009487666035,,,2023-05-05
Fast X Pincodes EN,CONNECT,2868,1708,0.595536959553696,168,0.09836065573770492,0.058577405857740586,,,2023-05-05
Friday What's On FR Noblock,CONNECT,208040,61907,0.29757258219573157,1132,0.018285492755261926,0.0054412612959046334,,,2023-05-05
Friday What's On FR ,SCENE,105718,31664,0.29951380086645607,620,0.019580596260737746,0.005864658809285079,,,2023-05-05
Friday What's On EN,SCENE,1937286,660433,0.340906298811843,10979,0.016623942171272485,0.005667206597270615,,,2023-05-05
Friday What's On EN Noblock,CONNECT,2294957,756783,0.32975911966978033,11975,0.01582355840445676,0.005217962689497015,,,2023-05-05
Movie Guide EN 24MT,CONNECT,234667,103613,0.4415320432783476,2426,0.023414050360476002,0.0103380534970831,,,2023-05-05
Movie Guide EN,CONNECT,332694,118691,0.3567572604254961,2503,0.021088372328146195,0.007523429938622278,,,2023-05-05
Arts & Culture Newsletter FR,SCENE,1921,896,0.4664237376366476,62,0.06919642857142858,0.032274856845393024,,,2023-05-05
Arts & Culture Newsletter FR,CONNECT,1919,780,0.4064616988014591,43,0.05512820512820513,0.022407503908285567,,,2023-05-05
Arts & Culture Newsletter EN,SCENE,19221,7921,0.41210134748452215,441,0.05567478853680091,0.022943655376931483,,,2023-05-05
Arts & Culture Newsletter EN,CONNECT,20062,7657,0.38166683281826336,265,0.0346088546428105,0.013209051938989134,,,2023-05-05
Mothers Day Drag Brunch Reminder,SCENE,161590,57413,0.35530045176062874,1096,0.01908975319178583,0.006782597933040411,,,2023-05-05
Pre Opening Junxion Erin Mills,SCENE,7040,3298,0.46846590909090907,821,0.24893875075803518,0.11661931818181819,,,2023-05-05
Tuesday Deals FR,CONNECT,27234,9741,0.35767790262172283,164,0.016836053793245046,0.006021884409194389,,,2023-05-05
Tuesday Deals FR,SCENE,26291,8968,0.34110532121258225,227,0.02531222123104371,0.008634133353619108,,,2023-05-05
Tuesday Deals EN,CONNECT,456838,170245,0.37265945477390233,1981,0.011636171400041117,0.004336329289594999,,,2023-05-05
Tuesday Deals EN,SCENE,234727,80262,0.3419376552335266,1635,0.020370785676908126,0.006965538689626673,,,2023-05-05
Adv Tickets Transformers FR,SCENE,130588,42121,0.32254877936717,426,0.010113719997151065,0.003262168039942414,,,2023-05-05
Adv Tickets Transformers FR,CONNECT,221157,68677,0.31053504976102947,771,0.011226465920177061,0.003486211153162685,,,2023-05-05
Adv Tickets Transformers EN,SCENE,2369822,839360,0.35418693893465414,8081,0.009627573389248951,0.0034099607481068196,,,2023-05-05
Adv Tickets Transformers EN,CONNECT,2460240,834397,0.33915268429096346,8376,0.010038387002829588,0.0034045458979611743,,,2023-05-05
Cast Pass,,257,96,0.3735408560311284,4,0.041666666666666664,0.01556420233463035,,,2023-05-05
Adv Ticket Spider Man FR,SCENE,130580,41081,0.31460407413080105,377,0.009176991796694336,0.0028871190075049776,,,2023-05-05
Adv Ticket Spider Man FR,CONNECT,220984,66437,0.3006416754154147,765,0.011514668031368063,0.003461789088802809,,,2023-05-05
Adv Ticket Spider Man EN,SCENE,2373312,908815,0.38293111061672463,9785,0.0107667677140012,0.004122930318474773,,,2023-05-05
Adv Ticket Spider Man EN,CONNECT,2461320,826621,0.3358445874571368,9128,0.011042545495456805,0.0037085791363983553,,,2023-05-05
Mothers Day Gifting EN,CONNECT,15504,7033,0.453624871001032,114,0.01620929901891085,0.007352941176470588,,,2023-05-05
Mothers Day Gifting EN,SCENE,79468,31746,0.3994815523229476,456,0.014364014364014363,0.005738158755725575,,,2023-05-05
Mothers Day Gifting FR,CONNECT,1985,716,0.36070528967254406,18,0.025139664804469275,0.00906801007556675,,,2023-05-05
Mothers Day Gifting FR,SCENE,2815,1106,0.39289520426287744,24,0.0216998191681736,0.00852575488454707,,,2023-05-05
Employee Pincode,,1647,571,0.3466909532483303,15,0.02626970227670753,0.009107468123861567,,,2023-05-05
Blackberry FR,CONNECT,6075,2373,0.3906172839506173,30,0.012642225031605562,0.0049382716049382715,,,2023-05-12
Blackberry FR,SCENE,20181,7234,0.3584559734403647,76,0.010505944152612662,0.0037659184381348795,,,2023-05-12
Blackberry EN,CONNECT,106309,50001,0.4703364719826167,684,0.01367972640547189,0.006434074255237092,,,2023-05-12
Blackberry EN,SCENE,225593,92249,0.40891782989720427,927,0.010048889418855489,0.004109170054035364,,,2023-05-12
Friday What's On FR,CONNECT,207586,61169,0.2946682338886052,953,0.015579787147084308,0.004590868362991724,,,2023-05-12
Friday What's On FR,SCENE,105535,31712,0.3004879897664282,462,0.0145686175580222,0.004377694603685981,,,2023-05-12
Friday What's On EN,CONNECT,2297937,760330,0.3308750413958259,9322,0.012260465850354452,0.004056682145768139,,,2023-05-12
Friday What's On EN,SCENE,1931207,658589,0.3410245509673484,8211,0.012467563229874778,0.00425174515212507,,,2023-05-12
Movie Guide EN 24MT,CONNECT,234031,104160,0.445069242963539,1430,0.013728878648233488,0.006110301626707573,,,2023-05-12
Movie Guide EN,CONNECT,332479,119256,0.3586873155898568,1813,0.015202589387536056,0.005452975977430154,,,2023-05-12
Movie Guide FR,CONNECT,14811,3710,0.25048950104651946,105,0.02830188679245283,0.007089325501316589,,,2023-05-12
LBE Concept Test,SCENE,26950,12181,0.4519851576994434,1462,0.12002298661850423,0.05424860853432282,,,2023-05-12
Charlottetown Reopen EN,SCENE,21300,10352,0.4860093896713615,593,0.057283616692426584,0.02784037558685446,,,2023-05-12
Charlottetown Reopen EN,CONNECT,14376,5935,0.41284084585420144,314,0.05290648694187026,0.021841958820255983,,,2023-05-12
Apology FR,SCENE,2430,1480,0.6090534979423868,14,0.00945945945945946,0.005761316872427984,,,2023-05-12
Apology EN,SCENE,73338,44742,0.6100793585862718,243,0.005431138527557999,0.003313425509285773,,,2023-05-12
Tuesday Deals FR,CONNECT,27366,9978,0.3646130234597676,292,0.029264381639607137,0.010670174669297669,,,2023-05-12
Tuesday Deals FR,SCENE,26370,9486,0.3597269624573379,361,0.038056082648113006,0.013689799014031096,,,2023-05-12
Tuesday Deals EN,CONNECT,461672,175151,0.37938406487722887,2805,0.0160147529845676,0.00607574208528999,,,2023-05-12
Tuesday Deals EN,SCENE,237056,84680,0.3572151727861771,2295,0.027102031176192726,0.009681256749460044,,,2023-05-12
Super Mario Bros FR,SCENE,46794,15307,0.3271145873402573,389,0.025413209642647153,0.008313031585245972,,,2023-05-12
Super Mario Bros FR,CONNECT,64902,19668,0.3030415087362485,536,0.02725238966849705,0.008258605281809498,,,2023-05-12
Super Mario Bros EN,SCENE,757753,342575,0.45209322826831433,5908,0.017245858571115814,0.007796735875674527,,,2023-05-12
Super Mario Bros EN,CONNECT,666595,315111,0.4727173171115895,5650,0.017930189679192413,0.008475911160449748,,,2023-05-12
Junxion Opening EN,CONNECT,35967,14234,0.39575166124503014,336,0.02360545173528172,0.00934189673867712,,,2023-05-12
Junxion Opening EN,SCENE,118710,46689,0.3933030073287844,923,0.019769110497119234,0.007775250610732036,,,2023-05-12
Scene Offer Fast X Control FR,SCENE,717,246,0.34309623430962344,4,0.016260162601626018,0.005578800557880056,,,2023-05-12
Scene Offer Fast X FR,SCENE,13286,4642,0.3493903356917056,116,0.024989228780697974,0.008730995032364896,,,2023-05-12
Scene Offer Fast X Control EN,SCENE,13364,4940,0.36964980544747084,79,0.015991902834008098,0.00591140377132595,,,2023-05-12
Scene Offer Fast X EN,SCENE,253984,94016,0.37016504976691444,1518,0.016146187882913547,0.005976754441224644,,,2023-05-12
Employee Pincode,,1648,542,0.3288834951456311,20,0.03690036900369004,0.012135922330097087,,,2023-05-12
Flash Contest EN,CONNECT,6050,3398,0.5616528925619835,575,0.16921718658034138,0.09504132231404959,,,2023-05-12
Flash Contest EN,SCENE,24753,11565,0.4672160950187856,1862,0.1610030263726762,0.07522320526804832,,,2023-05-12
Dark Nature EN,CONNECT,23087,9486,0.4108805821457963,86,0.009065991988193127,0.0037250400658379174,,,2023-05-19
Dark Nature EN,SCENE,56205,20987,0.3734009429766035,202,0.009625005956068041,0.003593986300151232,,,2023-05-19
Dark Nature FR,CONNECT,574,204,0.3554006968641115,4,0.0196078431372549,0.006968641114982578,,,2023-05-19
Dark Nature FR,SCENE,1935,658,0.3400516795865633,7,0.010638297872340425,0.0036175710594315244,,,2023-05-19
Friday What's On FR,CONNECT,207227,58476,0.28218330622940063,1096,0.018742732061016485,0.00528888610074942,,,2023-05-19
Friday What's On FR Link,SCENE,105851,31394,0.2965867115095748,679,0.02162833662483277,0.006414677234981247,,,2023-05-19
Friday What's On EN,CONNECT,2307120,731790,0.31718766254031,10032,0.013708850899848317,0.004348278373036513,,,2023-05-19
Friday What's On EN,SCENE,1973420,658700,0.3337860161546959,10141,0.015395475937452559,0.005138794579967772,,,2023-05-19
Movie Guide EN 24MT,CONNECT,233791,102602,0.43886206055836197,2824,0.027523829944835383,0.012079164724048403,,,2023-05-19
Movie Guide EN,CONNECT,332248,117822,0.35462064481953237,2942,0.024969869803602045,0.008854831330813127,,,2023-05-19
Alcohol Offering Awareness EN,SCENE,19839,8789,0.44301628106255353,1247,0.141881897826829,0.06285599072533898,,,2023-05-19
Alcohol Offering Awareness FR,SCENE,6687,2412,0.360699865410498,502,0.20812603648424544,0.07507103334828773,,,2023-05-19
Family Newsletter FR,SCENE,28779,8554,0.29723061954897667,273,0.031914893617021274,0.009486083602626915,,,2023-05-19
Family Newsletter EN,SCENE,449224,156660,0.3487347069613378,4322,0.02758840801736244,0.009621035385464712,,,2023-05-19
John Wick 4 EN,CONNECT,502625,259787,0.516860482467048,4026,0.015497311258838973,0.008009947774185526,,,2023-05-19
John Wick 4 EN,SCENE,732891,364040,0.4967177929596625,5131,0.014094604988462807,0.007001041082507494,,,2023-05-19
Tuesday Deals EN,CONNECT,464080,174393,0.37578219272539215,2518,0.014438652927583102,0.005425788657128081,,,2023-05-19
Tuesday Deals EN,SCENE,238668,83877,0.3514379807934034,1825,0.02175805047867711,0.007646605326227227,,,2023-05-19
Tuesday Deals FR,CONNECT,27442,9456,0.34458129873915894,169,0.017872250423011844,0.006158443262152904,,,2023-05-19
Tuesday Deals FR,SCENE,26439,8868,0.33541359355497563,237,0.02672530446549391,0.008964030409622148,,,2023-05-19
Cast Pass,,261,78,0.2988505747126437,6,0.07692307692307693,0.022988505747126436,,,2023-05-19
Employee Pincode,,1647,580,0.3521554341226472,18,0.03103448275862069,0.01092896174863388,,,2023-05-19
Adv Tickets The Flash EN,CONNECT,2481476,815710,0.32871968135093793,8133,0.009970455186279438,0.003277484851757583,,,2023-05-19
Adv Tickets The Flash EN,SCENE,2419383,849741,0.35122219177368774,8029,0.009448761446134763,0.003318614704658171,,,2023-05-19
Adv Tickets The Flash FR,CONNECT,221290,64694,0.29234940575715124,746,0.01153120845828052,0.0033711419404401466,,,2023-05-19
Adv Tickets The Flash FR,SCENE,130988,41583,0.31745656090634256,413,0.0099319433422312,0.0031529605765413626,,,2023-05-19
True Romance EN,CONNECT,329288,118987,0.36134629868079005,1173,0.009858219805524973,0.003562231238308107,,,2023-05-19
True Romance EN,SCENE,438841,156849,0.3574164674677161,1225,0.007810059356451109,0.0027914438258959395,,,2023-05-19
Friday What's On EN,CONNECT,2318694,753668,0.32503987158288244,9182,0.012183083267433406,0.003959987820730118,,,2023-05-26
Friday What's On EN,SCENE,1967463,670046,0.3405634565935929,7770,0.011596218767069724,0.003949248346728757,,,2023-05-26
Friday What's On FR,CONNECT,207896,62785,0.3020019625197214,1151,0.018332404236680738,0.005536422057182438,,,2023-05-26
Friday What's On FR,SCENE,105649,33115,0.3134435725846908,601,0.018148875132115355,0.00568864825980369,,,2023-05-26
Movie Guide EN 24MT,CONNECT,234084,104116,0.44478050614309395,1860,0.017864689384916824,0.007945865586712461,,,2023-05-26
Movie Guide EN,CONNECT,332318,119992,0.36107583699950047,2391,0.019926328421894794,0.007194915713262598,,,2023-05-26
Movie Guide FR,CONNECT,14918,4659,0.3123072797962193,206,0.04421549688774415,0.013808821557849578,,,2023-05-26
Succession EN,CONNECT,2481752,1153095,0.4646294230849819,11575,0.010038201535866516,0.004664043788420439,,,2023-05-26
Succession EN,SCENE,2425899,1122112,0.4625551187415469,9114,0.008122183881822849,0.0037569577298972464,,,2023-05-26
Empire Scene Members Day ATL ON EN,SCENE,1310769,456523,0.3482863876091058,5249,0.011497777768042354,0.004004519484363759,,,2023-05-26
Empire Scene Members Day AB EN,SCENE,287647,100465,0.34926489760018353,424,0.004220375255063953,0.00147402893129426,,,2023-05-26
Empire Scene Members Day MB SK BC EN,SCENE,450862,156226,0.34650513904476316,569,0.0036421594356893217,0.0012620269616867245,,,2023-05-26
Tuesday Deals EN,CONNECT,466072,179341,0.38479247841535213,2007,0.011190971389698953,0.004306201616917558,,,2023-05-26
Tuesday Deals EN,SCENE,240159,83019,0.34568348469139193,1214,0.014623158554065936,0.005054984406164249,,,2023-05-26
Tuesday Deals FR,CONNECT,27485,9660,0.3514644351464435,131,0.013561076604554866,0.004766236128797526,,,2023-05-26
Tuesday Deals FR,SCENE,26485,8841,0.33381159146686806,187,0.02115145345549146,0.00706060033981499,,,2023-05-26
Prem Ex Drive Offer 300 List 1 EN,SCENE,258019,100166,0.3882117208422636,1345,0.01342771000139768,0.005212794406613467,,,2023-05-26
Prem Ex Drive Offer 300 List 1 FR,SCENE,8297,3122,0.3762805833433771,56,0.017937219730941704,0.006749427503917079,,,2023-05-26
Prem Ex Drive Offer 300 List 2 EN,SCENE,257961,97125,0.3765104027352972,1066,0.010975546975546976,0.004132407612003365,,,2023-05-26
Prem Ex Drive Offer 300 List 2 FR,SCENE,8311,3266,0.3929731680904825,45,0.013778322106552358,0.00541451088918301,,,2023-05-26
Prem Ex Drive Offer 500 List 1 EN,SCENE,195664,86760,0.44341319813557933,1136,0.013093591516828032,0.005805871289557609,,,2023-05-26
Prem Ex Drive Offer 500 List 1 FR,SCENE,8820,2854,0.3235827664399093,48,0.016818500350385426,0.005442176870748299,,,2023-05-26
Prem Ex Drive Offer 500 List 2 EN,SCENE,195645,72047,0.36825372485880037,642,0.008910849861895708,0.003281453653300621,,,2023-05-26
Prem Ex Drive Offer 500 List 2 FR,SCENE,8822,2924,0.3314441169802766,40,0.013679890560875513,0.004534119247336205,,,2023-05-26
Employee Pincode,,1642,592,0.36053593179049936,16,0.02702702702702703,0.0097442143727162,,,2023-05-26
Film Anticipation EN,SCENE,85165,36569,0.4293900076322433,3507,0.09590089966911865,0.04117888804086186,,,2023-05-26
Film Anticipation FR,SCENE,9428,3260,0.3457785320322444,431,0.1322085889570552,0.04571489181162495,,,2023-05-26
AVX SpiderMan EN,CONNECT,777819,278042,0.357463625856401,3021,0.010865264959970077,0.0038839370084814075,,,2023-05-26
AVX SpiderMan EN,SCENE,952046,390491,0.41015980320278644,3987,0.010210222514731453,0.004187822857298912,,,2023-05-26
AVX SpiderMan FR,CONNECT,56372,15882,0.28173561342510467,179,0.011270620828611006,0.003175335272830483,,,2023-05-26
AVX SpiderMan FR,SCENE,49791,15141,0.30409110080134966,115,0.007595271118156,0.0023096543552047558,,,2023-05-26
IMAX Oppenheimer EN,CONNECT,270741,105814,0.39083108949143275,2135,0.0201769142079498,0.007885765362468189,,,2023-05-26
IMAX Oppenheimer EN,SCENE,340747,130245,0.382233739401961,2677,0.020553572114092672,0.007856268727237511,,,2023-05-26
IMAX Oppenheimer FR,CONNECT,15144,4968,0.32805071315372425,105,0.021135265700483092,0.006933438985736925,,,2023-05-26
IMAX Oppenheimer FR,SCENE,9957,3378,0.33925881289545046,58,0.017169923031379514,0.005825047705132068,,,2023-05-26
Movie Guide EN 24MT,CONNECT,233832,111353,0.47620941530671596,1661,0.014916526721327669,0.007103390468370454,,,2023-06-02
Movie Guide EN,CONNECT,332161,127397,0.38353990986298814,2215,0.01738659466078479,0.006668452949021709,,,2023-06-02
Friday What's On EN,CONNECT,2320888,797702,0.34370551271754607,9359,0.011732451466838493,0.00403250824684345,,,2023-06-02
Friday What's On EN,SCENE,2004464,697790,0.34811800062261034,7713,0.011053468808667364,0.0038479114616176693,,,2023-06-02
Friday What's On FR,CONNECT,207349,61389,0.296066052886679,887,0.014448842626529183,0.004277811805217291,,,2023-06-02
Friday What's On FR,SCENE,106058,31956,0.30130683211073184,427,0.013362122919013644,0.004026098927002206,,,2023-06-02
Arts & Culture Newsletter EN,CONNECT,21555,8360,0.387845047552772,475,0.056818181818181816,0.02203665042913477,,,2023-06-02
Arts & Culture Newsletter EN,SCENE,19657,8518,0.4333316375845755,756,0.08875322845738436,0.038459581828356314,,,2023-06-02
Arts & Culture Newsletter FR,CONNECT,2019,838,0.4150569588905399,56,0.06682577565632458,0.02773650321941555,,,2023-06-02
Arts & Culture Newsletter FR,SCENE,1906,958,0.5026232948583421,102,0.10647181628392484,0.053515215110178385,,,2023-06-02
Tuesday Deals FR,CONNECT,27567,9529,0.3456669205934632,190,0.01993913317242103,0.006892298763013748,,,2023-06-02
Tuesday Deals FR,SCENE,26511,8974,0.3385009995850779,231,0.02574102964118565,0.008713364263890461,,,2023-06-02
Tuesday Deals EN,SCENE,241761,84542,0.3496924648723326,1607,0.019008303565091908,0.006647060526718536,,,2023-06-02
Tuesday Deals EN,CONNECT,469199,176408,0.3759769308971247,2434,0.013797560201351413,0.005187564338372417,,,2023-06-02
Are You There God FR,SCENE,19952,7063,0.35399959903769046,80,0.01132663174288546,0.00400962309542903,,,2023-06-02
Are You There God FR,CONNECT,19377,6271,0.3236311090468081,74,0.011800350821240632,0.003818960623419518,,,2023-06-02
Are You There God EN,SCENE,328632,142276,0.4329341025828282,1477,0.010381230847085945,0.0044943888604883275,,,2023-06-02
Are You There God EN,CONNECT,230568,87841,0.3809765448804691,989,0.011258979292130098,0.004289407029596475,,,2023-06-02
Fast X Pincode Feedback,SCENE,5243,3042,0.580202174327675,732,0.2406311637080868,0.13961472439443068,,,2023-06-02
Cast Pass,,259,94,0.36293436293436293,6,0.06382978723404255,0.023166023166023165,,,2023-06-02
Employee Pincode,,1642,560,0.341047503045067,20,0.03571428571428571,0.012180267965895249,,,2023-06-02
International Cinema June EN,CONNECT,199685,71319,0.3571575230988807,767,0.010754497399010082,0.0038410496532037958,,,2023-06-09
International Cinema June EN,SCENE,344891,129030,0.37411819966308196,1359,0.010532434317600557,0.003940375364970382,,,2023-06-09
Adv Tickets Oppenheimer FR,SCENE,90282,26772,0.29653751578387716,410,0.015314507694606305,0.004541326067211626,,,2023-06-09
Adv Tickets Oppenheimer FR,CONNECT,185304,53144,0.28679359323058323,712,0.013397561342766822,0.0038423347580192548,,,2023-06-09
Adv Tickets Oppenheimer EN,SCENE,1519807,534128,0.351444624218733,6437,0.01205141838660396,0.004235406206182759,,,2023-06-09
Adv Tickets Oppenheimer EN,CONNECT,2000203,657234,0.3285836487596509,7867,0.011969861571373362,0.003933100790269787,,,2023-06-09
Friday What's On FR,SCENE,106034,31170,0.2939623139747628,509,0.016329804299005456,0.004800347058490673,,,2023-06-09
Friday What's On FR,CONNECT,207094,59750,0.2885163259196307,965,0.016150627615062762,0.004659719740794035,,,2023-06-09
Friday What's On EN,SCENE,2145816,746541,0.3479054122068248,10386,0.013912162895272999,0.004840116766768446,,,2023-06-09
Friday What's On EN,CONNECT,2339774,729358,0.31172155943266316,8938,0.012254612960987609,0.003820027062442783,,,2023-06-09
Movie Guide EN 24MT,CONNECT,233139,101650,0.4360059878441616,2115,0.020806689621249385,0.009071841262079704,,,2023-06-09
Movie Guide EN,CONNECT,332040,117637,0.35428562823756177,2574,0.021880870814454636,0.00775207806288399,,,2023-06-09
Movie Guide FR,CONNECT,14891,4585,0.3079041031495534,194,0.04231188658669575,0.013028003492042172,,,2023-06-09
CDM Mall,SCENE,64687,31224,0.48269358603738,4097,0.13121316935690494,0.0633357552522145,,,2023-06-09
Tuesday Deals FR,SCENE,26538,9069,0.3417363780239656,200,0.022053148086889404,0.0075363629512397315,,,2023-06-09
Tuesday Deals FR,CONNECT,27681,9708,0.3507098731982226,154,0.015863205603625877,0.0055633828257649655,,,2023-06-09
Tuesday Deals EN,SCENE,243577,86167,0.35375671758827804,1483,0.017210765142107766,0.006088423783854798,,,2023-06-09
Tuesday Deals EN,CONNECT,473963,180894,0.38166270362876425,2183,0.012067840834964122,0.004605844760034011,,,2023-06-09
Fast X FR,CONNECT,51342,16467,0.32073156480074794,209,0.012692050768203072,0.004070741303416306,,,2023-06-09
Fast X FR,SCENE,46205,15250,0.3300508602965047,175,0.011475409836065573,0.003787468888648415,,,2023-06-09
Fast X EN,SCENE,791462,365535,0.461847820868216,3029,0.00828648419439999,0.0038270946678425496,,,2023-06-09
Fast X EN,CONNECT,575537,259170,0.45030988450785964,2376,0.009167727746266929,0.0041283184226209605,,,2023-06-09
Prem Ex Drive Offer Reminder 500 List 2 FR,SCENE,8778,2802,0.3192071086807929,37,0.013204853675945753,0.004215083162451583,,,2023-06-09
Prem Ex Drive Offer Reminder 500 List 1 FR,SCENE,8784,2864,0.32604735883424407,57,0.019902234636871508,0.006489071038251366,,,2023-06-09
Prem Ex Drive Offer Reminder 300 List 2 FR,SCENE,8285,3208,0.3872057936028968,46,0.014339152119700748,0.005552202776101388,,,2023-06-09
Prem Ex Drive Offer Reminder 300 List 1 FR,SCENE,8267,3188,0.3856296117092053,48,0.015056461731493099,0.005806217491230193,,,2023-06-09
Prem Ex Drive Offer Reminder 500 List 2 EN,SCENE,194624,71968,0.3697796777375863,577,0.008017452200978213,0.002964690891154226,,,2023-06-09
Prem Ex Drive Offer Reminder 500 List 1 EN,SCENE,194610,84181,0.4325625610194748,915,0.01086943609603117,0.004701711114536766,,,2023-06-09
Prem Ex Drive Offer Reminder 300 List 2 EN,SCENE,256121,96521,0.37685703241827107,857,0.008878896820381057,0.0033460747068768276,,,2023-06-09
Prem Ex Drive Offer Reminder 300 List 1 EN,SCENE,256196,98914,0.3860872144764165,1005,0.010160341306589563,0.003922777873190838,,,2023-06-09
Adv Ticket Mission Impossible 7 FR,SCENE,130942,40065,0.3059751645766828,621,0.015499812804193186,0.004742557773670786,,,2023-06-09
Adv Ticket Mission Impossible 7 FR,CONNECT,220276,64731,0.29386315349833847,931,0.014382598754846982,0.00422651582560061,,,2023-06-09
Adv Ticket Mission Impossible 7 EN,CONNECT,2507932,838369,0.3342869742879791,9671,0.011535493320960103,0.0038561651591829445,,,2023-06-09
Adv Ticket Mission Impossible 7 EN,SCENE,2462411,924108,0.3752858478946041,10712,0.011591718716859933,0.004350207987212533,,,2023-06-09
Scene Offer Transformers FR,SCENE,21427,6281,0.2931348298875251,54,0.008597357108740647,0.002520184813552994,,,2023-06-09
Scene Offer Transformers EN,SCENE,370302,125205,0.3381159161981302,830,0.0066291282297032865,0.0022414137649810154,,,2023-06-09
Scene Offer Transformers Control FR,SCENE,1143,339,0.29658792650918636,4,0.011799410029498525,0.003499562554680665,,,2023-06-09
Scene Offer Transformers Control EN,SCENE,19550,6574,0.33626598465473145,37,0.0056282324307879526,0.0018925831202046036,,,2023-06-09
Fathers Day Gifting FR,CONNECT,2073,764,0.3685479980704293,12,0.015706806282722512,0.005788712011577424,,,2023-06-09
Fathers Day Gifting FR,SCENE,2899,1177,0.4060020696791997,29,0.02463891248937978,0.010003449465332874,,,2023-06-09
Fathers Day Gifting EN,CONNECT,16260,7339,0.4513530135301353,146,0.019893718490257527,0.008979089790897909,,,2023-06-09
Fathers Day Gifting EN,SCENE,84433,34218,0.4052680823848495,561,0.016394879887778362,0.006644321533049874,,,2023-06-09
Employee Pincode,,1641,580,0.3534430225472273,15,0.02586206896551724,0.009140767824497258,,,2023-06-09
Transformers Pincode FR,CONNECT,352,132,0.375,1,0.007575757575757576,0.002840909090909091,,,2023-06-16
Transformers Pincode FR,SCENE,282,127,0.450354609929078,6,0.047244094488188976,0.02127659574468085,,,2023-06-16
Transformers Pincode EN,CONNECT,5999,3120,0.520086681113519,57,0.01826923076923077,0.009501583597266211,,,2023-06-16
Transformers Pincode EN,SCENE,10322,5500,0.5328424723890719,118,0.021454545454545455,0.011431893043983725,,,2023-06-16
The Blackening EN,CONNECT,105614,35336,0.33457685534114795,282,0.007980529771338013,0.0026701005548506827,,,2023-06-16
The Blackening EN,SCENE,187116,72724,0.3886573034908827,553,0.007604092184148287,0.0029553859637871695,,,2023-06-16
Friday What's On FR,CONNECT,206333,59044,0.2861587821628145,1033,0.01749542713908272,0.005006470123538164,,,2023-06-16
Friday What's On FR,SCENE,105902,32236,0.3043946289966195,622,0.019295197915374117,0.005873354610866651,,,2023-06-16
Friday What's On EN,CONNECT,2346541,759705,0.32375526359863305,9756,0.012841826761703557,0.004157609008323315,,,2023-06-16
Friday What's On EN,SCENE,2037103,696383,0.3418496757405001,9043,0.012985670241806592,0.004439147161434645,,,2023-06-16
Movie Guide EN 24MT,CONNECT,232748,102640,0.44099197415230207,1887,0.0183846453624318,0.008107481052468765,,,2023-06-16
Movie Guide EN,CONNECT,331907,119489,0.3600074719725706,2322,0.019432751131903354,0.0069959356084686375,,,2023-06-16
Family Newsletter FR,SCENE,29593,8584,0.29006859730341633,261,0.030405405405405407,0.00881965329638766,,,2023-06-16
Family Newsletter EN,SCENE,476813,153105,0.3211007250221785,2584,0.016877306423696156,0.005419315329070307,,,2023-06-16
Spring Gift Pack 3 FR,SCENE,32908,10420,0.31664033061869457,162,0.015547024952015355,0.004922815120943236,,,2023-06-16
Spring Gift Pack 3 FR,CONNECT,72284,20984,0.2902993746887278,260,0.012390392680137247,0.003596923247191633,,,2023-06-16
Spring Gift Pack 3 EN,SCENE,533727,216067,0.40482681220923805,2517,0.011649164379567449,0.0047158940806816966,,,2023-06-16
Spring Gift Pack 3 EN,CONNECT,660849,234778,0.3552672395660733,2263,0.009638892911601598,0.0034243828771776913,,,2023-06-16
Tuesday Deals FR,SCENE,26581,8881,0.3341108310447312,191,0.021506587096047743,0.007185583687596403,,,2023-06-16
Tuesday Deals FR,CONNECT,27747,9448,0.3405052798500739,165,0.01746401354784081,0.005946588820413018,,,2023-06-16
Tuesday Deals EN,SCENE,245145,85179,0.3474637459462767,1355,0.01590767677479191,0.005527340961471782,,,2023-06-16
Tuesday Deals EN,CONNECT,477617,177179,0.37096460134375453,2060,0.011626660044361916,0.004313079308316078,,,2023-06-16
EXH Corporate Offer EN FR,,7347,2291,0.3118279569892473,185,0.08075076385857705,0.02518034571934123,,,2023-06-16
EXH Corporate Offer FR EN,,830,196,0.236144578313253,9,0.04591836734693878,0.010843373493975903,,,2023-06-16
Adv Tickets Barbie FR,SCENE,130899,40398,0.308619622762588,480,0.01188177632556067,0.0036669493273439827,,,2023-06-16
Adv Tickets Barbie FR,CONNECT,219906,63059,0.286754340490937,753,0.011941197925752073,0.003424190335870781,,,2023-06-16
Adv Tickets Barbie EN,SCENE,2476464,879794,0.3552621802699333,9961,0.011321968551729155,0.004022267232634918,,,2023-06-16
Adv Tickets Barbie EN,CONNECT,2511962,847258,0.3372893379756541,10431,0.01231148009225053,0.004152530969815626,,,2023-06-16
Cast Pass,,261,88,0.3371647509578544,4,0.045454545454545456,0.01532567049808429,,,2023-06-16
Anticipated Behaviour W11 EN,SCENE,22194,10093,0.45476254843651437,1326,0.13137818289903894,0.05974587726412544,,,2023-06-16
Anticipated Behaviour W11 FR,SCENE,6472,2389,0.3691285537700865,432,0.18082879866052742,0.06674907292954264,,,2023-06-16
Annual Membership Upgrade No Offer FR,SCENE,858,359,0.4184149184149184,34,0.0947075208913649,0.039627039627039624,,,2023-06-16
Annual Membership Upgrade No Offer EN,SCENE,23693,10787,0.4552821508462415,1034,0.09585612311115231,0.04364158190182754,,,2023-06-16
Annual Membership Upgrade 2000 Points EN,SCENE,23646,10977,0.46422227860949,1392,0.12681060399016125,0.058868307536158335,,,2023-06-16
Annual Membership Upgrade 2000 Points FR,SCENE,856,380,0.4439252336448598,47,0.12368421052631579,0.054906542056074766,,,2023-06-16
Employee Pincode,,1641,595,0.36258379037172456,22,0.03697478991596639,0.01340645947592931,,,2023-06-16
Friday What's On FR,SCENE,105766,30486,0.28824007715144756,562,0.018434691333726955,0.005313616852296579,,,2023-06-23
Friday What's On FR,CONNECT,205889,55466,0.2693975880207296,915,0.01649659250712148,0.004444142231979368,,,2023-06-23
Friday What's On EN,SCENE,2049144,693803,0.3385818663793272,8856,0.012764430248932333,0.004321804616952249,,,2023-06-23
Friday What's On EN,CONNECT,2348491,752290,0.32032909642830226,9193,0.01222002153424876,0.003914428456400301,,,2023-06-23
Movie Guide EN 24MT,CONNECT,232835,105363,0.4525221723538128,2008,0.019057923559503812,0.008624132969699572,,,2023-06-23
Movie Guide EN,CONNECT,331811,121188,0.3652320146107272,2461,0.020307291150939037,0.007416872858344057,,,2023-06-23
Movie Guide FR,CONNECT,14954,4698,0.3141634345325665,191,0.040655598126862494,0.0127725023405109,,,2023-06-23
Menu Boards EN,SCENE,20681,9552,0.4618732169624293,1704,0.17839195979899497,0.08239446835259417,,,2023-06-23
Arts & Culture Newsletter EN,Connect - English,18017,6261,0.34750513404007327,324,0.05174892189746047,0.017983016040406283,,,2023-06-30
Arts & Culture Newsletter EN,Scene - English,21376,8693,0.40667103293413176,891,0.10249626135971471,0.041682260479041916,,,2023-06-30
Arts & Culture Newsletter FR,Scene - French,2146,969,0.4515377446411929,110,0.11351909184726522,0.05125815470643057,,,2023-06-30
Arts & Culture Newsletter FR,Connect - French,1583,594,0.37523689197725835,32,0.05387205387205387,0.02021478205938092,,,2023-06-30
Film Anticipation FR,Scene- French,9376,2849,0.30386092150170646,397,0.13934713934713935,0.04234215017064846,,,2023-06-30
Film Anticipation EN,Scene - English,85055,31141,0.36612779965904413,2916,0.09363861147683118,0.03428369878314032,,,2023-06-30
Tuesday Deals FR,Scene - French,26740,9187,0.343567688855647,293,0.03189289213018395,0.010957367240089753,,,2023-06-30
Tuesday Deals FR,Connect - French,28063,9836,0.350497095820119,227,0.0230784871899146,0.008088942735986886,,,2023-06-30
Tuesday Deals EN,Scene - English,248593,104452,0.420172732136464,2595,0.02484394745911998,0.010438749280953204,,,2023-06-30
Tuesday Deals EN,Connect - English,483408,215639,0.44608074338860754,3550,0.016462699233441076,0.007343693112236455,,,2023-06-30
Met Opera Recovery FR,Connect - French,67,45,0.6716417910447762,6,0.13333333333333333,0.08955223880597014,,,2023-06-30
Met Opera Recovery FR,Scene - French,204,136,0.6666666666666666,13,0.09558823529411764,0.06372549019607843,,,2023-06-30
Met Opera Recovery EN,Connect - English,265,172,0.6490566037735849,44,0.2558139534883721,0.1660377358490566,,,2023-06-30
Met Opera Recovery EN,Scene - English,565,380,0.672566371681416,40,0.10526315789473684,0.07079646017699115,,,2023-06-30
Friday What's On FR,Scene - French,105474,31001,0.29392077668430133,116,0.0037418147801683817,0.001099797106395889,,,2023-07-07
Friday What's On FR,Connect - French,204294,57041,0.2792103537059336,20,0.0003506249890429691,9.78981272088265e-05,,,2023-07-07
Friday What's On EN,Scene - English,2081440,688775,0.3309127334921977,571,0.0008290080214874233,0.00027432931047736183,,,2023-07-07
Friday What's On EN,Connect - English,2354578,735419,0.31233579860170274,984,0.0013380127519142149,0.00041790928140838824,,,2023-07-07
Store Newsletter EN 24MT,Connect - English,232379,102431,0.4407928427267524,7976,0.07786705196668978,0.03432323919114894,,,2023-07-07
Store Newsletter EN,Connect - English,331375,118415,0.35734439834024895,8020,0.06772790609297809,0.024202187853640134,,,2023-07-07
Store Newsletter FR,Connect - French,15011,4732,0.31523549397108785,2159,0.4562552831783601,0.1438278595696489,,,2023-07-07
Tuesday Deals FR,Scene - French,26839,9058,0.3374939453779947,2381,0.2628615588430117,0.08871418458213794,,,2023-07-07
Tuesday Deals FR,Connect - French,28221,9648,0.34187307324332944,175,0.018138474295190714,0.006201055951241983,,,2023-07-07
Tuesday Deals EN,Scene - English,250770,85697,0.3417354547992184,327,0.0038157695135185594,0.0013039837301112574,,,2023-07-07
Tuesday Deals EN,Connect - English,487779,176248,0.3613275684275051,239,0.0013560437565248967,0.0004899759932264407,,,2023-07-07
Transformers FR,Scene - French,14514,4713,0.3247209590739975,1721,0.3651601952047528,0.11857516880253548,,,2023-07-07
Transformers FR,Connect - French,42466,13270,0.31248528234352185,2302,0.173474001507159,0.05420807234022512,,,2023-07-07
Transformers EN,Scene - English,229539,101767,0.44335385272219535,80,0.0007861094460876316,0.00034852465158426236,,,2023-07-07
Transformers EN,Connect - English,607480,267611,0.44052643708434847,236,0.0008818770528864658,0.0003884901560545203,,,2023-07-07
Family Newsletter FR,Scene - French,28110,7819,0.2781572394165777,1225,0.1566696508504924,0.043578797580932055,,,2023-07-14
Family Newsletter EN,Scene - English,448353,142911,0.3187466126021238,3099,0.02168482482104247,0.006911964456577741,,,2023-07-14
23_0001_MKTT_FridayWhatsOn_July14_FINAL,Email - English,3734197,1205307,0.3228,14022,0.0116,0.0037550241725329437,,,2023-07-14
23_0001_MKTT_FridayWhatsOn_July14_FINAL,Email - French,279840,72299,0.2584,1477,0.0204,0.005278016009148085,,,2023-07-14
[Production] 23_0002_MKTT_TuesDeals_July18_FINAL,Email - English & French,1103547,382638,0.3467,5288,0.0138,0.004791821281739699,,,2023-07-14
[Production] 23_0447_TalkToMe_CineclubDedicated_July19_FINAL,Email - English,41795,22514,0.5387,2231,0.0991,0.0534,,,2023-07-14
[Production] 23_0447_TalkToMe_CineclubDedicated_July19_FINAL,Email - French,1672,618,0.3696,44,0.0712,0.0263,,,2023-07-14
[Production] Mission Impossible - English,Email - English,691702,266816,0.3857,1786,0.0067,0.0026,,,2023-07-14
[Production] Mission Impossible - French,Email - French,462249,161718,0.3499,587,0.0036,0.0013,,,2023-07-14
[Production] 23_0001_MKTT_FridayWhatsOn_July21_FINAL,Email - English,3084828,1035854,0.33578987223923,19060,0.0184002764868408,0.00617862649068279,,,2023-07-21
[Production] 23_0001_MKTT_FridayWhatsOn_July21_FINAL,Email - French,215087,50982,0.237029667064955,1230,0.0241261621748853,0.00571861618786816,,,2023-07-21
[Production] 23_Cineplex_Store_Newsletter_072123,Email - English,325795,94513,0.290099602510781,1583,0.0167490186535186,0.0048588836538314,,,2023-07-21
[Production] 23_Cineplex_Store_Newsletter_072123,Email - French,17718,4272,0.241110734845919,143,0.0334737827715356,0.00807088836211762,,,2023-07-21
[Production] 23_0447_TalkToMe_Dedicated_July22_FINAL,Email - English,1248109,534359,0.428134882450171,14053,0.0262987991219386,0.0112594332706518,,,2023-07-21
[Production] 23_0447_TalkToMe_Dedicated_July22_FINAL,Email - French,100247,25851,0.257873053557712,350,0.0135391280801516,0.00349137630053767,,,2023-07-21
[Production] 23_0448_Gran Turismo_Advance Ticketing_July24Deploy,Email - English,821926,288848,0.3514282307653,2492,0.0086273749515316,0.00303190311536562,,,2023-07-21
[Production] 23_0448_Gran Turismo_Advance Ticketing_July24Deploy,Email - French,64066,15541,0.242577966472076,181,0.0116466121871179,0.00282521150063997,,,2023-07-21
[Production] 23_0002_MKTT_TuesDeals_SCENE_EN_July25_FINAL,Email - English,1042042,409006,0.392504332838792,11925,0.029156051500467,0.0114438765424042,,,2023-07-21
[Production] 23_0002_MKTT_TuesDeals_SCENE_FR_July25_FINAL,Email - French,77413,22666,0.292793200108509,950,0.0419129974411012,0.0122718406469198,,,2023-07-21
[Production] [Attendance] Mission Impossible - English,Email - English,611952,222196,0.3631,2084,0.0094,0.0034,,,2023-07-21
[Production] [Attendance] Mission Impossible - French,Email - French,47832,12083,0.2526,206,0.017,0.0043,,,2023-07-21
[Production] 23_0453_MKTT_TheBeanieBubble_Dedicated_July26_FINAL,Email - English,1393646,479461,0.344033563760094,4088,0.00852624092470503,0.00293331305080343,,,2023-07-21
[Production] Oppenheimer - English,Email - English,207373,73285,0.3534,1667,0.0227,0.008,,,2023-07-21
[Production] Oppenheimer - French,Email - French,14992,4312,0.2876,130,0.0301,0.0087,,,2023-07-21
[Production] Barbie - English,Email - English,341189,111971,0.3282,620,0.0055,0.0018,,,2023-07-21
[Production] Barbie - French,Email - French,13677,3436,0.2512,49,0.0143,0.0036,,,2023-07-21
[Production] 23_0001_MKTT_FridayWhatsOn_July28_FINAL,Email - English,3120223,1037619,0.332546423765224,17803,0.0171575501219619,0.00570568193363103,,,2023-07-28
[Production] 23_0001_MKTT_FridayWhatsOn_July28_FINAL,Email - French,215674,49080,0.227565677828575,1013,0.020639771801141,0.00469690366015375,,,2023-07-28
[Production] 23_Store_Newsletter_072823,Email - English,328397,103289,0.314524797729577,1955,0.0189274753361926,0.00595316035164755,,,2023-07-28
[Production] Survey - Mobile Pick-Up Awareness,Email - English,24167,11699,0.484089874622419,2494,0.213180613727669,0.103198576571358,,,2023-07-28
[Production] 23-0478-EVCN-Live Cricket Dedicated Email,Email - English,240489,123622,0.514044301402559,303,0.00245102004497581,0.00125993288674326,,,2023-07-28
[Production] 23_0002_MKTT_TuesDeals_Aug1_FINAL2,Email - English,1047738,361768,0.345284794481063,6372,0.0176134981535127,0.00608167309002823,,,2023-07-28
[Production] 23_0002_MKTT_TuesDeals_Aug1_FINAL2,Email - French,82557,22588,0.273604903278947,720,0.0318753320347087,0.00872124713834078,,,2023-07-28
[Production] Survey - Film Anticipation - Aug 1,Email - English,88327,33456,0.378774327215914,4241,0.126763510282162,0.0480147633226533,,,2023-07-28
[Production] Survey - Film Anticipation - Aug 1,Email - French,9853,2892,0.293514665584086,596,0.206085753803596,0.0604891911093068,,,2023-07-28
[Production] Mission Impossible - English,Email - English,598873,196813,0.3286,2086,0.0106,0.0035,,,2023-07-28
[Production] Mission Impossible - French,Email - French,48134,13010,0.2703,291,0.0224,0.006,,,2023-07-28
[Production] 23_0429_EVCN_AndreRieu_Dedicated_Email1_Aug2_FINAL,Email - English,151827,64949,0.42778293715874,1307,0.0201234815008699,0.0086084820223017,,,2023-07-28
[Production] 23_0429_EVCN_AndreRieu_Dedicated_Email1_Aug2_FINAL,Email - French,10538,4417,0.419149743784399,124,0.028073352954494,0.0117669386980452,,,2023-07-28
[Production] 23_0475_MKTT_Strays_AdvTix_Aug2_FINAL,Email - English,141345,46013,0.325536807103187,401,0.00871492838980288,0.00283702996214935,,,2023-07-28
[Production] 23_0475_MKTT_Strays_AdvTix_Aug2_FINAL,Email - French,3374,1070,0.317131001778305,8,0.00747663551401869,0.002371072910492,,,2023-07-28
[Production] Haunted Mansion - English,Email - English,243755,84201,0.3454,503,0.006,0.0021,,,2023-07-28
[Production] Haunted Mansion - French,Email - French,21837,6327,0.2897,110,0.0174,0.005,,,2023-07-28
[Production] Oppenheimer - English,Email - English,152940,54101,0.3537,877,0.0162,0.0057,,,2023-07-28
[Production] Oppenheimer - French,Email - French,13937,4192,0.3008,117,0.0279,0.0084,,,2023-07-28
[Production] Barbie - English,Email - English,341190,113880,0.3338,636,0.0056,0.0019,,,2023-07-28
[Production] Barbie - French,Email - French,13691,3520,0.2571,50,0.0142,0.0037,,,2023-07-28
[Production] 23_0001_MKTT_FridayWhatsOn_Aug4_FINAL,Email - English,3150759,1108258,0.351751667812979,15326,0.0138289098747765,0.00486434211248799,,,2023-08-04
[Production] 23_0001_MKTT_FridayWhatsOn_Aug4_FINAL,Email - French,216571,59761,0.275941838935037,1253,0.0209668512909757,0.0057856315019093,,,2023-08-04
[Production] 23_Store_Newsletter_080123,Email - English,331115,103584,0.31283957850738,1697,0.0163828390485017,0.00512520046268751,,,2023-08-04
[Production] 23_Store_Newsletter_080123,Email - French,18080,4921,0.272179203539823,199,0.0404389351757773,0.0110066371681416,,,2023-08-04
[Production] 23-0331-EVCN-August AC Newsletter,Email - English,42048,17259,0.410488762040671,1118,0.0647777970913726,0.0265905577357593,,,2023-08-04
[Production] 23-0331-EVCN-August AC Newsletter,Email - French,3855,1589,0.41219195849546,138,0.0868470736312146,0.0357976653696498,,,2023-08-04
[Production] 23_0002_MKTT_TuesDeals_Aug8_FINAL,Email - English,216703,80764,0.373199020377986,1735,0.0214823436184439,0.00801718959382653,,,2023-08-04
[Production] 23_0002_MKTT_TuesDeals_Aug8_FINAL,Email - French,16401,5101,0.311017620876776,197,0.0386198784552049,0.0120114627156881,,,2023-08-04
[Production] 23_0217_STOR_Spiderman_Aug8,English - No Offer,43629,17721,0.4062,300,0.0169,0.0069,,,2023-08-04
[Production] 23_0217_STOR_Spiderman_Aug8,English - RFM 500,14589,5071,0.3476,55,0.0108,0.0038,,,2023-08-04
[Production] 23_0217_STOR_Spiderman_Aug8,English - RFM 1000,14433,5280,0.3658,88,0.0167,0.0061,,,2023-08-04
[Production] 23_0217_STOR_Spiderman_Aug8,English - RFM 2000,14056,5078,0.3613,116,0.0228,0.0083,,,2023-08-04
[Production] 23_0217_STOR_Spiderman_Aug8,French - No Offer,1355,363,0.2679,10,0.0275,0.0074,,,2023-08-04
[Production] 23_0217_STOR_Spiderman_Aug8,French - RFM 500,507,140,0.2761,3,0.0214,0.0059,,,2023-08-04
[Production] 23_0217_STOR_Spiderman_Aug8,French - RFM 1000,460,116,0.2522,2,0.0172,0.0043,,,2023-08-04
[Production] 23_0217_STOR_Spiderman_Aug8,French - RFM 2000,466,133,0.2854,5,0.0376,0.0107,,,2023-08-04
[Production] Haunted Mansion - English,Email - English,207908,63149,0.3042,561,0.0089,0.0027,,,2023-08-04
[Production] Haunted Mansion - French,Email - French,19477,4396,0.2257,60,0.0136,0.0031,,,2023-08-04
[Production] Meg 2: The Trench - English,Email - English,317042,109187,0.3444,787,0.0072,0.0025,,,2023-08-04
[Production] Meg 2: The Trench - French,Email - French,18533,4705,0.2539,101,0.0215,0.0054,,,2023-08-04
[Production] Oppenheimer - English,Email - English,144600,45971,0.3185,853,0.0186,0.0059,,,2023-08-04
[Production] Oppenheimer - French,Email - French,11873,3469,0.2926,88,0.0254,0.0074,,,2023-08-04
[Production] Barbie - English,Email - English,277148,94344,0.3404,1383,0.0147,0.005,,,2023-08-04
[Production] Barbie - French,Email - French,11307,3204,0.2834,52,0.0162,0.0046,,,2023-08-04
[Production] TMNT: Mutant Mayhem - English,Email - English,733517,286269,0.3903,2439,0.0085,0.0033,,,2023-08-04
[Production] TMNT: Mutant Mayhem - French,Email - French,41942,13019,0.3104,212,0.0163,0.0051,,,2023-08-04
[Production] 23_0001_MKTT_FridayWhatsOn_Aug11_FINAL,Email - English,3521855,1262474,0.3585,20976,0.0166,0.006,,,2023-08-11
[Production] 23_0001_MKTT_FridayWhatsOn_Aug11_FINAL,Email - French,225883,63918,0.283,1669,0.0261,0.0074,,,2023-08-11
[Production] 23_0441_MKTI_Gadar2_Dedicated_Aug11_FINAL,Email - English,554881,238199,0.429279431085224,2271,0.00953404506316147,0.00409276944065484,,,2023-08-11
[Production] 23_Store_Newsletter_0811_23,Email - English,373490,127122,0.340362526439798,2210,0.0173848743726499,0.00591715976331361,,,2023-08-11
[Production] 23_0002_MKTT_TuesDeals_Aug15_FINAL,Email - English,1224207,422505,0.3458,8445,0.02,0.0069,,,2023-08-11
[Production] 23_0002_MKTT_TuesDeals_Aug15_FINAL,Email - French,89075,25353,0.2849,660,0.026,0.0074,,,2023-08-11
[Production] 23_0217_STOR_Spiderman_Aug16_No_Offer_v2,Email - English,1171587,497707,0.4265,5523,0.01109689033909509,0.004714118541772826,,,2023-08-11
[Production] 23_0217_STOR_Spiderman_Aug16_No_Offer_v2,Email - French,51287,15468,0.3015968958995457,206,0.013317817429531937,0.004016612396903698,,,2023-08-11
[Production] 23_0505_EVCN_MetOpera_Recovery_FollowUp_Aug16_FINAL,Email - English,897,466,0.5195094760312151,52,0.11158798283261803,0.057971014492753624,,,2023-08-11
[Production] 23_0505_EVCN_MetOpera_Recovery_FollowUp_Aug16_FINAL,Email - French,280,156,0.5571428571428572,27,0.17307692307692307,0.09642857142857143,,,2023-08-11
[Attendance] Haunted Mansion - English,Email - English,207066,77566,0.37459553958641206,795,0.01024933604929995,0.00383935556778998,,,2023-08-11
[Attendance] Haunted Mansion - French,Email - French,19415,6477,0.3336080350244656,111,0.01713756368689208,0.005717228946690703,,,2023-08-11
[Attendance] Meg 2: The Trench - English,Email - English,317334,112616,0.3548816073915811,804,0.007139305249698089,0.002533608122672011,,,2023-08-11
[Attendance] Meg 2: The Trench - French,Email - French,18573,4880,0.2627469983309105,103,0.02110655737704918,0.005545684595918807,,,2023-08-11
[Production] TMNT: Mutant Mayhem - English,Email - English,733906,273011,0.37199723125304873,2291,0.008391603268732761,0.003121653181742621,,,2023-08-11
[Production] TMNT: Mutant Mayhem - French,Email - French,41976,12400,0.2954068991804841,197,0.01588709677419355,0.004693157995044788,,,2023-08-11
[Production] 23_0001_MKTT_FridayWhatsOn_Aug18_FINAL,Email - English,3502257,1345536,0.3842,20007,0.0149,0.0057,,,2023-08-18
[Production] 23_0001_MKTT_FridayWhatsOn_Aug18_FINAL,Email - French,224864,59925,0.2665,1363,0.0227,0.0061,,,2023-08-18
[Production] 23_Store_Newsletter_081923,Email - English,360395,124468,0.3454,2921,0.0235,0.0081,,,2023-08-18
[Production] 23_Store_Newsletter_081923,Email - French,18280,4943,0.270404814004376,212,0.0428889338458426,0.0115973741794311,,,2023-08-18
[Production] 23_0347_EVCN_FamilyNewsletter_Aug19_FINAL,Email - English,564989,207350,0.367,3536,0.0171,0.0063,,,2023-08-18
[Production] 23_0347_EVCN_FamilyNewsletter_Aug19_FINAL,Email - French,38302,10381,0.271,361,0.0348,0.0094,,,2023-08-18
[Production] 23_0002_MKTT_TuesDeals_Aug22_FINAL,Email - English,1232022,427221,0.3468,5694,0.0133,0.0046,,,2023-08-18
[Production] 23_0002_MKTT_TuesDeals_Aug22_FINAL,Email - French,89342,27092,0.3032,663,0.0245,0.0074,,,2023-08-18
[Production] 23_0438_MKTL_NationalCinemaDay_Aug21,Email - English,4980561,1751259,0.3516,109525,0.0625,0.022,,,2023-08-18
[Production] 23_0438_MKTL_NationalCinemaDay_Aug21,Email - French,325472,96730,0.2972,10043,0.1038,0.0309,,,2023-08-18
[Production] 23_0429_EVCN_AndreRieu_Dedicated_Email2_Aug23_FINAL,Email - English,67865,27534,0.4057,719,0.0261,0.0106,,,2023-08-18
[Production] 23_0429_EVCN_AndreRieu_Dedicated_Email2_Aug23_FINAL,Email - French,4928,1898,0.385146103896104,48,0.0252897787144362,0.00974025974025974,,,2023-08-18
[Production] 23_0468_MKTT_GranTurismo_D-BOX_SceneOffer_Aug24_FINAL_V2,Email - Offer EN,269274,75658,0.2866,840,0.0117,0.0033,,,2023-08-18
[Production] 23_0468_MKTT_GranTurismo_D-BOX_SceneOffer_Aug24_FINAL_V2,Email - Offer FR,21756,4770,0.222,117,0.0227,0.005,,,2023-08-18
[Production] 23_0468_MKTT_GranTurismo_D-BOX_SceneOffer_Aug24_FINAL_V2,Email - No Offer EN,14119,3947,0.2855,45,0.0115,0.0033,,,2023-08-18
[Production] 23_0468_MKTT_GranTurismo_D-BOX_SceneOffer_Aug24_FINAL_V2,Email - No Offer FR,1190,214,0.1712,7,0.0302,0.0052,,,2023-08-18
[Production] Blue Beetle - English,Email - English,367334,115428,0.3142,790,0.0068,0.0022,,,2023-08-18
[Production] Blue Beetle - French,Email - French,25534,6454,0.2528,72,0.0112,0.0028,,,2023-08-18
[Production] Meg 2: The Trench - English,Email - English,267294,106780,0.3995,735,0.0069,0.0027,,,2023-08-18
[Production] Meg 2: The Trench - French,Email - French,16036,5365,0.3346,67,0.0125,0.0042,,,2023-08-18
[Production] Strays - English,Email - English,121163,40258,0.3323,336,0.0083,0.0028,,,2023-08-18
[Production] Strays - French,Email - French,7410,2074,0.2799,21,0.0101,0.0028,,,2023-08-18
[Production] TMNT: Mutant Mayhem - English,Email - English,722364,246406,0.3411,2724,0.0111,0.0038,,,2023-08-18
[Production] TMNT: Mutant Mayhem - French,Email - French,41547,9560,0.2301,137,0.0143,0.0033,,,2023-08-18
[Production] 23_0001_MKTT_FridayWhatsOn_Aug25_FINAL,Email - English,3088793,1030291,0.333557800733167,16270,0.0157916549790302,0.00526742970474227,,,2023-08-25
[Production] 23_0001_MKTT_FridayWhatsOn_Aug25_FINAL,Email - French,211432,51225,0.242276476597677,1277,0.024929233772572,0.00603976692269855,,,2023-08-25
[Production] 23_Store_Newsletter_082523,Email - English,319820,107509,0.336154712025514,1751,0.0162870085295185,0.00547495466199737,,,2023-08-25
[Production] 23-0510-STOR-Cineplex Store - Roku Retail Offer,Email - English,90670,35364,0.390029778316974,713,0.0201617464087773,0.00786368148229845,,,2023-08-25
[Production] 23_0495_MKTI_Jawan_Email1_Aug28_FINAL,Email - English,334712,146695,0.438272305743445,2981,0.020321074337912,0.00890616410526064,,,2023-08-25
[Production] 23_0002_MKTT_TuesDeals_Aug29_FINAL,Email - English,916412,329575,0.359636277132993,6718,0.0203838276568308,0.00733076389222315,,,2023-08-25
[Production] 23_0002_MKTT_TuesDeals_Aug29_FINAL,Email - French,71420,21999,0.308022962755531,644,0.0292740579117233,0.00901708204984598,,,2023-08-25
[Production] 23-0464-MKTT-Scene Member Pricing Promo,Email - English,2333516,748686,0.3208,20879,0.0279,0.0089,,,2023-08-25
[Production] 23-0464-MKTT-Scene Member Pricing Promo,Email - French,112034,29269,0.2613,1184,0.0405,0.0106,,,2023-08-25
[Production] Gran Turismo - English,Email - English,620716,180063,0.2901,1115,0.0062,0.0018,,,2023-08-25
[Production] Gran Turismo - French,Email - French,52074,10973,0.2107,123,0.0112,0.0024,,,2023-08-25
[Production] - 23-0539-EVCN-Confidential_Q4_Tentpole,Email - English,4432067,1770690,0.399517877324508,52016,0.0293761189140956,0.0117362846725918,,,2023-08-25
[Production] - 23-0539-EVCN-Confidential_Q4_Tentpole,Email - French,307558,75473,0.245394364640165,1718,0.0227631073363984,0.00558593826205139,,,2023-08-25
[Production] Blue Beetle - English,Email - English,334639,102960,0.3077,588,0.0057,0.0018,,,2023-08-25
[Production] Blue Beetle - French,Email - French,21663,4837,0.2233,46,0.0095,0.0021,,,2023-08-25
[Production] Strays - English,Email - English,90821,28889,0.3181,209,0.0072,0.0023,,,2023-08-25
[Production] Strays - French,Email - French,5872,1456,0.248,8,0.0055,0.0014,,,2023-08-25
[Production] 23_0001_MKTT_FridayWhatsOn_Sept1,Email - English,3092303,1031901,0.333699834718655,16183,0.0156827059960209,0.00523331639881344,,,2023-09-01
[Production] 23_0001_MKTT_FridayWhatsOn_Sept1,Email - French,211034,49765,0.235815081929926,979,0.0196724605646539,0.00463906289981709,,,2023-09-01
[Production] 23_0418_CPGC_LBE_E-GiftCardOffer_Email1_Sept1_Final,Email - English,32437,13324,0.410765483861023,315,0.0236415490843591,0.00971113234886087,,,2023-09-01
[Production] 23_Store_Newsletter_090123,Email - English,321326,120423,0.374768926261803,2001,0.0166164270944919,0.00622732054051026,,,2023-09-01
[Production] 23_Store_Newsletter_090123,Email - French,17377,5705,0.328307532945848,176,0.0308501314636284,0.0101283305518789,,,2023-09-01
[Production] 23-0464-MKTT-Scene Member Pricing Promo_Resend,Email - English,2333284,799297,0.342563099905541,22160,0.0277243627837963,0.00949734365812306,,,2023-09-01
[Production] 23-0464-MKTT-Scene Member Pricing Promo_Resend,Email - French,112024,31622,0.282278797400557,1262,0.0399089241667194,0.0112654431193316,,,2023-09-01
[Production] Survey - Film Anticipation - September 1,Email - English,88461,34721,0.392500650003957,3769,0.108551020995939,0.0426063462994992,,,2023-09-01
[Production] Survey - Film Anticipation - September 1,Email - French,9836,2569,0.261183407889386,426,0.165823277539899,0.0433102887352582,,,2023-09-01
[Production] 23-0430-EVCN-September Arts Culture Newsletter,Email - English,41800,15154,0.362535885167464,1294,0.0853899960406493,0.0309569377990431,,,2023-09-01
[Production] 23-0430-EVCN-September Arts Culture Newsletter,Email - French,3898,1357,0.348127244740893,122,0.0899042004421518,0.0312981015905593,,,2023-09-01
[Production] Survey - Store Changes - September 2,Email - English,29694,10555,0.3555,1945,0.1843,0.0655,,,2023-09-01
[Production] 23_0002_MKTT_TuesDeals_Sept5,Email - English,1113251,397519,0.357079400782034,7508,0.0188871475325708,0.00674421132341224,,,2023-09-01
[Production] 23_0002_MKTT_TuesDeals_Sept5,Email - French,84767,23001,0.271343801243408,608,0.0264336333202904,0.00717260254580202,,,2023-09-01
[Production] CineClub - Winback Journey - Sept 5 - v2 Version 1.0,Email - EN - About to Lose,2139,892,0.417,40,0.0448,0.0187,,,2023-09-01
[Production] CineClub - Winback Journey - Sept 5 - v2 Version 1.0,Email - EN - Saw Barbie or Oppenheimer,2478,1050,0.4237,30,0.0286,0.0121,,,2023-09-01
[Production] CineClub - Winback Journey - Sept 5 - v2 Version 1.0,Email - EN - Winback email,12698,4422,0.3482,93,0.021,0.0073,,,2023-09-01
[Production] 23-0442-MKTL-Online BOGO Offers_September,Email - English,4410546,1381078,0.313130845931547,30407,0.0220168592939718,0.00689415777547723,,,2023-09-01
[Production] 23-0442-MKTL-Online BOGO Offers_September,Email - French,305399,86830,0.284316582569033,3743,0.0431072210065645,0.0122560977606344,,,2023-09-01
[Production] 23_0495_MKTI_Jawan_Email2_Sept6_FINAL_v2,Email - English,140182,95196,0.6791,1455,0.0153,0.0104,,,2023-09-01
[Production] Blue Beetle - English,Email - English,330956,79440,0.24,527,0.0066,0.0016,,,2023-09-01
[Production] Blue Beetle - French,Email - French,21540,4062,0.1886,43,0.0106,0.002,,,2023-09-01
[Production] Equalizer 3 - English,Email - English,381400,95107,0.2494,878,0.0092,0.0023,,,2023-09-01
[Production] Equalizer 3 - French,Email - French,22814,4860,0.213,60,0.0123,0.0026,,,2023-09-01
[Production] Gran Turismo - English,Email - English,520337,115893,0.2227,676,0.0058,0.0013,,,2023-09-01
[Production] Gran Turismo - French,Email - French,46781,7536,0.1611,66,0.0088,0.0014,,,2023-09-01
[Production] Strays - English,Email - English,90626,21803,0.2406,155,0.0071,0.0017,,,2023-09-01
[Production] Strays - French,Email - French,5863,1149,0.196,13,0.0113,0.0022,,,2023-09-01
[Production] 23_0001_MKTT_FridayWhatsOn_Sept8_FINAL,Email - English,3079170,1001391,0.325214587047808,17341,0.0173169121751643,0.00563171244198924,,,2023-09-08
[Production] 23_0001_MKTT_FridayWhatsOn_Sept8_FINAL,Email - French,210022,53484,0.254659035720067,1171,0.0218943983247326,0.00557560636504747,,,2023-09-08
[Production] 23_Store_Newsletter_090823,Email - English,322050,118403,0.367654090979662,2261,0.0190957999375016,0.00702064896755162,,,2023-09-08
[Production] 23_0002_MKTT_TuesDeals_Sept12_FINAL,Email - English,1111916,372660,0.335151216458797,5503,0.0147668115708689,0.00494911486119455,,,2023-09-08
[Production] 23_0002_MKTT_TuesDeals_Sept12_FINAL,Email - French,84700,23522,0.277709563164109,451,0.0191735396649945,0.00532467532467532,,,2023-09-08
[Production] 23-0342-MKTT-Q3-Barbie-Store,Email - English,1117236,402737,0.360476210934843,6025,0.014960135274385,0.005392772878783,,,2023-09-08
[Production] 23-0342-MKTT-Q3-Barbie-Store,Email - French,62985,19990,0.317377153290466,511,0.0255627813906953,0.00811304278796539,,,2023-09-08
[Production] Advance Ticketing - The Exorcist: Believer,Email - English,86642,37567,0.433588790655802,1057,0.0281363963052679,0.0121996260474135,,,2023-09-08
[Production] Advance Ticketing - The Exorcist: Believer,Email - French,4016,1639,0.408117529880478,47,0.0286760219646126,0.011703187250996,,,2023-09-08
[Production] CineClub Continental Screening,Email - English,22798,10118,0.443810860601807,846,0.0836133623245701,0.0371085182910782,,,2023-09-08
[Production] 23_0444_MKTL_RegionalScenePointOffer_Sept14_FINAL,Email - English,6043,1575,0.260632136356114,24,0.0152380952380952,0.0039715373159027,,,2023-09-08
[Production] Equalizer 3 - English,Email - English,303166,100523,0.3316,737,0.0073,0.0024,,,2023-09-08
[Production] Equalizer 3 - French,Email - French,18845,5086,0.2699,56,0.011,0.003,,,2023-09-08
[Production] Gran Turismo - English,Email - English,518861,156321,0.3013,922,0.0059,0.0018,,,2023-09-08
[Production] Gran Turismo - French,Email - French,46720,10667,0.2283,112,0.0105,0.0024,,,2023-09-08
[Production] Jawan - English,Email - English,356292,140563,0.3945,2029,0.0144,0.0057,,,2023-09-08
[Production] My Big Fat Greek Wedding 3 - English,Email - English,254263,101624,0.3997,1555,0.0153,0.0061,,,2023-09-08
[Production] My Big Fat Greek Wedding 3 - French,Email - French,13833,4589,0.3317,48,0.0105,0.0035,,,2023-09-08
[Production] The Nun 2 - English,Email - English,155186,48939,0.3154,445,0.0091,0.0029,,,2023-09-08
[Production] The Nun 2 - French,Email - French,5654,1396,0.2469,28,0.0201,0.005,,,2023-09-08
[Production] 23_0001_MKTT_FridayWhatsOn_Sept15_FINAL,Email - English,3059377,978531,0.319846491622314,13117,0.013404787380267,0.00428747421452145,,,2023-09-15
[Production] 23_0001_MKTT_FridayWhatsOn_Sept15_FINAL,Email - French,208862,52680,0.252223956488016,1009,0.0191533788914199,0.00483094100410798,,,2023-09-15
[Production] 23_Store_Newsletter_091523,Email - English,322490,109142,0.33843530031939,2441,0.0223653588902531,0.00756922695277373,,,2023-09-15
[Production] 23_Store_Newsletter_091523,Email - French,17458,6330,0.362584488486654,261,0.0412322274881517,0.0149501661129568,,,2023-09-15
[Production] CineClub - Acquisition - 3 month offer,Email - 3 month Offer email,372083,142198,0.382167419634866,1637,0.0115121169074108,0.0043995560130401,,,2023-09-15
[Production] 23-0436-EVCN-September Family Newsletter_Sept16_FINAL,Email - English,564885,159667,0.282653991520398,4052,0.0253778175828443,0.00717314143586748,,,2023-09-15
[Production] 23-0436-EVCN-September Family Newsletter_Sept16_FINAL,Email - French,38146,8685,0.227677869239239,310,0.0356937248128958,0.00812667121061186,,,2023-09-15
[Production] 23_0002_MKTT_TuesDeals_Sept19_FINAL,Email - English,1112724,390014,0.350503808671333,8443,0.0216479408431492,0.0075876857154155,,,2023-09-15
[Production] 23_0002_MKTT_TuesDeals_Sept19_FINAL,Email - French,84761,24363,0.287431719776784,711,0.0291835980790543,0.00838829178513703,,,2023-09-15
[Production] CineClub GenV Screening,Email - English,67396,29844,0.442815597364829,2059,0.0689920922128401,0.0305507745266781,,,2023-09-15
[Production] Scene+ Continental Screening - John Wick purchasers,Email - English,178460,73266,0.410545780567074,5531,0.0754920426937461,0.0309929395943068,,,2023-09-15
[Production] Survey - Franco Program Feedback,Email - English,1015,380,0.374384236453202,63,0.165789473684211,0.0620689655172414,,,2023-09-15
[Production] Survey - Franco Program Feedback,Email - French,2686,1075,0.400223380491437,309,0.287441860465116,0.115040953090097,,,2023-09-15
[Production] 23-0546-MKTT-Critical Role – The Mighty Nein_FINAL,Email - English,111256,38862,0.349302509527576,1392,0.0358190520302609,0.012511684763069,,,2023-09-15
[Production] 23-0546-MKTT-Critical Role – The Mighty Nein_FINAL,Email - French,8658,2573,0.297181797181797,93,0.036144578313253,0.0107415107415107,,,2023-09-15
[Production] Equalizer 3 - English,Email - English,300363,101700,0.3386,811,0.008,0.0027,,,2023-09-15
[Production] Equalizer 3 - French,Email - French,18612,5273,0.2833,67,0.0127,0.0036,,,2023-09-15
[Production] Jawan - English,Email - English,331497,127729,0.3853,846,0.0066,0.0026,,,2023-09-15
[Production] My Big Fat Greek Wedding 3 - English,Email - English,220892,88766,0.4019,980,0.011,0.0044,,,2023-09-15
[Production] My Big Fat Greek Wedding 3 - French,Email - French,12271,4146,0.3379,45,0.0109,0.0037,,,2023-09-15
[Production] The Nun 2 - English,Email - English,129818,40830,0.3145,264,0.0065,0.002,,,2023-09-15
[Production] The Nun 2 - French,Email - French,4679,1128,0.2411,17,0.0151,0.0036,,,2023-09-15
[Production] 23_0001_MKTT_FridayWhatsOn_Sept22_FINAL,Email - English,3095143,972423,0.319495534922231,13154,0.0135270350454483,0.00432182729775728,,,2023-09-22
[Production] 23_0001_MKTT_FridayWhatsOn_Sept22_FINAL,Email - French,207845,52405,0.252135004450432,1016,0.019387463028337,0.00488825807693233,,,2023-09-22
[Production] 23_Store_Newsletter_092223,Email - English,323264,101049,0.312589709958424,1712,0.0169422755296935,0.0052959809938626,,,2023-09-22
[Production] 23-0373-RECR-LBE Halloween Events_TRR_Sept22Deploy,Email - English,174829,95517,0.546345285965143,1333,0.0139556309348074,0.00762459317390135,,,2023-09-22
[Production] 23-0515-RECR-LBE Scene Offers_TRR_Sept24Deploy,Email - English,168257,86765,0.51566948180462,1443,0.0166311300639659,0.00857616622191053,,,2023-09-22
[Production] 23-0588-MKTT-The Creator Scene Offer,Email - English,341958,128630,0.376157305867972,1923,0.0149498561766306,0.00562349762251505,,,2023-09-22
[Production] 23-0588-MKTT-The Creator Scene Offer ,Email - French,23169,7716,0.333031205490095,204,0.0264385692068429,0.00880486857438819,,,2023-09-22
[Production] 23_0002_MKTT_TuesDeals_Sept26_FINAL,Email - English,1115598,365270,0.327420809287933,5417,0.0148301256604703,0.00485569174559295,,,2023-09-22
[Production] 23_0002_MKTT_TuesDeals_Sept26_FINAL,Email - French,84818,23256,0.27418708293051,614,0.0264017887856897,0.00723902945129572,,,2023-09-22
[Production] 23-0515-RECR-LBE Scene Offers_PDM_Sept23Deploy,Email - English,33829,17247,0.509828845073753,225,0.0130457470864498,0.00665109817020899,,,2023-09-22
[Production] 23-0599-MKTT-On Fire Dedicated Email,Email - English,53893,19550,0.36275583099846,288,0.0147314578005115,0.0053439222162433,,,2023-09-22
[Production] 23_0497_MKTT_TheExorcistBeliever_AdvTix_Sept27_FINAL,Email - English,223346,70214,0.314373214653497,939,0.0133734013159769,0.00420423916255496,,,2023-09-22
[Production] 23_0497_MKTT_TheExorcistBeliever_AdvTix_Sept27_FINAL,Email - French,12594,3121,0.247816420517707,71,0.0227491188721564,0.0056376052088296,,,2023-09-22
[Production] 23-0560-MKTT-The Creator ScreenX Scene Offer,Email - English - Offer,21611,6705,0.310258664568969,72,0.010738255033557,0.00333163666651242,,,2023-09-22
[Production] 23-0560-MKTT-The Creator ScreenX Scene Offer,Email - English - No Offer,1145,317,0.276855895196507,5,0.0157728706624606,0.00436681222707424,,,2023-09-22
[Production] 23-0560-MKTT-The Creator ScreenX Scene Offer,Email - French - Offer,2848,788,0.276685393258427,11,0.0139593908629442,0.0038623595505618,,,2023-09-22
[Production] 23-0560-MKTT-The Creator ScreenX Scene Offer,Email - French - No Offer,142,45,0.3169,2,0.0444,0.0141,,,2023-09-22
[Production] Jawan - English,Email - English,329554,118242,0.3588,902,0.0076,0.0027,,,2023-09-22
[Production] My Big Fat Greek Wedding 3 - English,Email - English,219749,85148,0.3875,1038,0.0122,0.0047,,,2023-09-22
[Production] My Big Fat Greek Wedding 3 - French,Email - French,12241,3914,0.3197,49,0.0125,0.004,,,2023-09-22
[Production] The Nun 2 - English,Email - English,128946,37955,0.2943,278,0.0073,0.0022,,,2023-09-22
[Production] The Nun 2 - French,Email - French,4645,1028,0.2213,10,0.0097,0.0022,,,2023-09-22
[Production] Expend4bles - English,Email - English,238900,71345,0.2986,435,0.0061,0.0018,,,2023-09-22
[Production] Expend4bles - French,Email - French,18071,4072,0.2253,46,0.0113,0.0025,,,2023-09-22
[Production] 23-0560-MKTT-The Creator ScreenX Scene Offer - RESEND,Email - English - Offer,66969,20356,0.304,273,0.0134,0.0041,,,2023-09-22
[Production] 23-0560-MKTT-The Creator ScreenX Scene Offer - RESEND,Email - French - Offer,6828,1834,0.2686,56,0.0305,0.0082,,,2023-09-22
[Production] CineClub Loki Screening_Copy Version 1.0,Email - English,3741,1918,0.5127,194,0.1011,0.0519,,,2023-09-22
[Production] 23_0001_MKTT_FridayWhatsOn_Sept29_FINAL,Email - English,3032310,945956,0.311958869640637,12848,0.0135820270710266,0.00423703381250598,,,2023-09-29
[Production] 23_0001_MKTT_FridayWhatsOn_Sept29_FINAL,Email - French,207100,50082,0.241825205214872,922,0.0184098079150194,0.00445195557701593,,,2023-09-29
[Production] 23_Store_Newsletter_092923,Email - English,323327,101607,0.3142546091109,1598,0.0157272628854311,0.00494236485044552,,,2023-09-29
[Production] 23_Store_Newsletter_092923,Email - French,17492,5202,0.297393093985822,166,0.0319108035371011,0.00949005259547222,,,2023-09-29
[Production] 23-0589-MKTT-Dedicated Email - Flora and Son,Email - English,79102,34725,0.438990164597608,395,0.0113750899928006,0.00499355262825213,,,2023-09-29
[Production] -Renaissance - Beyonce film,Email - English & French,4045025,1160875,0.2877,12080,0.0104,0.003,,,2023-09-29
[Production] 23-0373-PDM-Halloween_Email1_Oct2_Final,Email - English,32528,17929,0.551186669945893,1823,0.101678844330414,0.0560440236104279,,,2023-09-29
[Production] Survey - Film Anticipation - October 2 - FINAL,Email - English,88456,30785,0.348026137288595,3209,0.104239077472795,0.0362779234873836,,,2023-09-29
[Production] 23_0002_MKTT_TuesDeals_Oct3_FINAL,Email - English,1101158,367672,0.333895771542322,7106,0.0193270088557192,0.00645320653348566,,,2023-09-29
[Production] 23_0002_MKTT_TuesDeals_Oct3_FINAL,Email - French,84096,23310,0.277183219178082,627,0.0268983268983269,0.00745576484018265,,,2023-09-29
[Production] 23_0427_EVCN_Met_2023/2024_Season_DeadManWalking_Oct4_FINAL,Email - English,204107,83204,0.407648929238096,1131,0.0135930964857459,0.00554121122744443,,,2023-09-29
[Production] 23_0427_EVCN_Met_2023/2024_Season_DeadManWalking_Oct4_FINAL,Email - French,12122,4694,0.387229830061046,92,0.0195994887089902,0.00758950668206567,,,2023-09-29
[Production] CineClub Lessons in Chemistry Screening,Email - Montreal - English,4843,1912,0.394796613669213,91,0.0475941422594142,0.0187900061945075,,,2023-09-29
[Production] CineClub Lessons in Chemistry Screening,Email - Montreal - French,1770,622,0.351412429378531,18,0.0289389067524116,0.0101694915254237,,,2023-09-29
[Production] CineClub Lessons in Chemistry Screening,Email - Toronto - English,20936,8372,0.399885364921666,379,0.0452699474438605,0.0181027894535728,,,2023-09-29
[Production] CineClub Lessons in Chemistry Screening,Email - Vancouver - English,12145,5061,0.41671469740634,202,0.0399130606599486,0.0166323589954714,,,2023-09-29
[Production] Expend4bles - English,Email - English,218332,63389,0.2903,377,0.0059,0.0017,,,2023-09-29
[Production] Expend4bles - French,Email - French,16986,3925,0.2311,38,0.0097,0.0022,,,2023-09-29
[Production] Paw Patrol - English,Email - English,236260,66690,0.2823,764,0.0115,0.0032,,,2023-09-29
[Production] Paw Patrol - French,Email - French,17982,3976,0.2211,80,0.0201,0.0044,,,2023-09-29
[Production] Saw X - English,Email - 300 Offer - English,182701,55773,0.3053,339,0.0061,0.0019,,,2023-09-29
[Production] Saw X - French,Email - 300 Offer - French,9254,2047,0.2212,30,0.0147,0.0032,,,2023-09-29
[Production] The Creator - English,Email - 800 ScreenX Offer - English,507833,176818,0.3482,1964,0.0111,0.0039,,,2023-09-29
[Production] The Creator - French,Email - 800 ScreenX Offer - French,33456,10042,0.3002,198,0.0197,0.0059,,,2023-09-29
[Production] 23_0001_MKTT_FridayWhatsOn_Oct6_FINAL_NoPersonalization,Email - English,2980755,933750,0.3132595600779,9315,0.00997590361445783,0.00312504717764459,,,2023-10-06
[Production] 23_0001_MKTT_FridayWhatsOn_Oct6_FINAL_NoPersonalization,Email - French,204735,51464,0.251368842650255,1081,0.0210049743510026,0.00527999609250983,,,2023-10-06
[Production] 23_Store_Newsletter_100623_NoPersonalization,Email - English,320980,99686,0.310567636612873,1212,0.0121581766747587,0.00377593619540158,,,2023-10-06
[Production] 23-0480-EVCN-October Arts Culture Newsletter No Personalization,Email - English,42686,17006,0.3984,1163,0.0684,0.0272,,,2023-10-06
[Production] 23-0480-EVCN-October Arts Culture Newsletter No Personalization,Email - French,3870,1510,0.3902,161,0.1066,0.0416,,,2023-10-06
[Production] 23_0002_MKTT_TuesDeals_Oct10_FINAL,Email - English,1085292,345054,0.31793655532336,4362,0.0126414995913683,0.0040191948342013,,,2023-10-06
[Production] 23_0002_MKTT_TuesDeals_Oct10_FINAL,Email - French,83175,22781,0.273892395551548,606,0.0266011149642246,0.0072858431018936,,,2023-10-06
[Production] 23-0342-MKTT-Q3-Store-Mission Impossible Dedicated,Email - English,747453,309240,0.413725010134416,2405,0.0077771310309145,0.00321759361458179,,,2023-10-06
[Production] 23-0342-MKTT-Q3-Store-Mission Impossible Dedicated,Email - French,53558,15243,0.284607341573621,252,0.0165321787049793,0.0047051794316442,,,2023-10-06
[Production] 23-0342-MKTT-Q3-Store-Mission Impossible Offer,Email - English,243300,125352,0.51521578298397,1296,0.0103388856978748,0.00532675709001233,,,2023-10-06
[Production] 23-0342-MKTT-Q3-Store-Mission Impossible Offer,Email - French,19869,7897,0.397453319241029,124,0.0157021653792579,0.00624087774925764,,,2023-10-06
[Production] 23_0079_FOOD_TraditionalAlcoholAwareness_FINAL,Email - English,118843,37084,0.3124,902,0.0076,0.0243,,,2023-10-06
[Production] 23-0616-MKTT-Re-Release of The Hunger Games - Dedicated Email,Email - English,98696,31862,0.322829699278593,254,0.00797187872701023,0.00257355921212612,,,2023-10-06
[Production] Expend4bles - English,Email - English,214130,65110,0.3041,437,0.0067,0.002,,,2023-10-06
[Production] Expend4bles - French,Email - French,16729,3959,0.2367,47,0.0119,0.0028,,,2023-10-06
[Production] Paw Patrol - English,Email - English,197148,57534,0.2918,474,0.0082,0.0024,,,2023-10-06
[Production] Paw Patrol - French,Email - French,15660,3410,0.2178,43,0.0126,0.0027,,,2023-10-06
[Production] Saw X - English,Email - English,148642,45454,0.3058,198,0.0044,0.0013,,,2023-10-06
[Production] Saw X - French,Email - French,7747,1692,0.2184,18,0.0106,0.0023,,,2023-10-06
[Production] The Creator - English,Email - English,425619,151329,0.3556,1169,0.0077,0.0027,,,2023-10-06
[Production] The Creator - French,Email - French,29237,9009,0.3081,124,0.0138,0.0042,,,2023-10-06
[Production] The Exorcist - English,Email - English,210867,66577,0.3157,394,0.0059,0.0019,,,2023-10-06
[Production] The Exorcist - French,Email - French,12087,2990,0.2474,42,0.014,0.0035,,,2023-10-06
[Production] - Taylor Swift - week 1 purchasers Message,Email - Standard French,1037,554,0.534233365477338,19,0.0342960288808664,0.0183220829315333,,,2023-10-13
[Production] - Taylor Swift - week 1 purchasers Message,Email - Standard English,28740,20650,0.718510786360473,443,0.021452784503632,0.0154140570633264,,,2023-10-13
[Production] - Taylor Swift - week 1 purchasers Message,Email - VIP English,3134,2137,0.681876196553925,45,0.0210575573233505,0.0143586470963625,,,2023-10-13
[Production] 23_0001_MKTT_FridayWhatsOn_Oct13,Email - English,2813462,955005,0.33944122934662,13593,0.0142334333328098,0.00483141410831211,,,2023-10-13
[Production] 23_0001_MKTT_FridayWhatsOn_Oct13,Email - French,186288,51399,0.275911491883535,933,0.0181521041265394,0.00500837413037877,,,2023-10-13
[Production] 23_Store_Newsletter_101323,Email - English,309073,115609,0.374050790589925,2030,0.0175591865685198,0.00656802761807081,,,2023-10-13
[Production] 23_Store_Newsletter_101323,Email - French,16950,5799,0.34212389380531,189,0.0325918261769271,0.0111504424778761,,,2023-10-13
[Production] 23-0373-RECR-LBE Halloween Events_TRR_FollowUp_Oct14,Email - English,160537,79246,0.493630751789307,1845,0.0232819322110895,0.0114926777004678,,,2023-10-13
[Production] 23_0493_EVCN_TorontoAfterDarkFilmFestival2023_Oct16,Email - English,134756,45482,0.3375,1147,0.0252,0.0085,,,2023-10-13
[Production] 23-0499-MKTT-The Marvels Advanced Ticketing_Oct17,Email - English,4216353,1391186,0.329950077709338,10846,0.00779622566644575,0.00257236526448331,,,2023-10-13
[Production] 23-0499-MKTT-The Marvels Advanced Ticketing_Oct17,Email - French,294807,79151,0.268484126903364,724,0.0091470733155614,0.00245584399284956,,,2023-10-13
[Production] 23-0556-P1AG-Xscape Fall 2023 Bonus Credit Promo_Oct16,Email - English,1895433,635348,0.33519939771018,3076,0.00484144122591084,0.00162284818297455,,,2023-10-13
[Production] 23-0556-P1AG-Xscape Fall 2023 Bonus Credit Promo_Oct16,Email - French,121703,28042,0.230413383400574,234,0.00834462591826546,0.00192271349103966,,,2023-10-13
[Production] 23_0002_MKTT_TuesDeals_EN_Oct17_FINAL,Email - English,1073993,356075,0.331543129238273,5248,0.0147384680193779,0.00488643780732277,,,2023-10-13
[Production] 23_0002_MKTT_TuesDeals_EN_Oct17_FINAL,Email - French,82539,24855,0.301130374731945,581,0.0233755783544558,0.00703909666945323,,,2023-10-13
[Production] 23-0500-MKTT-Trolls Band Together Advanced Ticketing,Email - English,4213521,1432833,0.340055976937103,13361,0.00932488294169662,0.00317098217856277,,,2023-10-13
[Production] 23-0500-MKTT-Trolls Band Together Advanced Ticketing,Email - French,294595,86679,0.294231062984776,1096,0.0126443544572503,0.00372036185271305,,,2023-10-13
[Production] 23-0515-RECR-LBE Scene Offers_PDM_Oct17Deploy,Email - English,31706,16492,0.520153914085662,176,0.010671840892554,0.00555099981076137,,,2023-10-13
[Production] 23-0515-RECR-LBE Scene Offers_TRR_Oct18Deploy,Email - English,160721,80972,0.503804729935727,1253,0.015474485007163,0.0077961187399282,,,2023-10-13
[Production] Taylor Swift - 2nd Week Reminder,Email - English,687268,292378,0.425420651041515,5507,0.0188352064792837,0.00801288580291822,,,2023-10-13
[Production] Taylor Swift - 2nd Week Reminder,Email - French,35036,12878,0.367564790501199,368,0.0285758658176736,0.0105034821326635,,,2023-10-13
[Production] 23-0463-MKTB-One Cineplex Community Day_CPX_Final,Email - English,1348317,508136,0.376866864394649,24412,0.0480422564037974,0.0181055345293429,,,2023-10-13
[Production] 23-0463-MKTB-One Cineplex Community Day_CPX_Final,Email - French,104937,33899,0.323041443913967,1703,0.0502374701318623,0.0162287848899816,,,2023-10-13
[Production] Paw Patrol - English,Email - English,196031,59759,0.3048,545,0.0091,0.0028,,,2023-10-13
[Production] Paw Patrol - French,Email - French,15565,3826,0.2458,37,0.0097,0.0024,,,2023-10-13
[Production] Saw X - English,Email - English,147780,47304,0.3201,234,0.0049,0.0016,,,2023-10-13
[Production] Saw X - French,Email - French,7662,1858,0.2425,27,0.0145,0.0035,,,2023-10-13
[Production] The Creator - English,Email - English,423722,153677,0.3627,1486,0.0097,0.0035,,,2023-10-13
[Production] The Creator - French,Email - French,29006,9436,0.3253,152,0.0161,0.0052,,,2023-10-13
[Production] The Exorcist - English,Email - English,174562,61121,0.3501,400,0.0065,0.0023,,,2023-10-13
[Production] The Exorcist - French,Email - French,10185,3080,0.3024,47,0.0153,0.0046,,,2023-10-13
[Production] 23_0001_MKTT_FridayWhatsOn_Oct20_FINAL,Email - English,2914297,1036778,0.3558,12468,0.012,0.0043,,,2023-10-20
[Production] 23_0001_MKTT_FridayWhatsOn_Oct20_FINAL,Email - French,200026,63824,0.3191,1356,0.0212,0.0068,,,2023-10-20
[Production] 23_0559_CPGC_BusinessMarketing_Holiday_Oct20_EN,Email - English,8373,2545,0.304,307,0.1206,0.0367,,,2023-10-20
[Production] 23_0559_CPGC_BusinessMarketing_Holiday_Oct20_FR,Email - French,849,223,0.2627,16,0.0717,0.0188,,,2023-10-20
[Production] 23_Store_Newsletter_102023,Email - English,308247,119171,0.3866,1612,0.0135,0.0052,,,2023-10-20
[Production] 23-0627-MKTT-Dicks The Musical - Dedicated Email_Oct20_FINAL,Email - English,58697,25534,0.435,372,0.0146,0.0063,,,2023-10-20
[Production] 23-0511-EVCN-October Family Newsletter_Oct21,Email - English,1039095,340517,0.3277,7758,0.0228,0.0075,,,2023-10-20
[Production] 23-0511-EVCN-October Family Newsletter_Oct21,Email - French,86959,25018,0.2877,711,0.0284,0.0082,,,2023-10-20
[Production] 23-0556-P1AG-Xscape Fall 2023 Bonus Credit Promo_Oct23,Email - English,1880936,689640,0.3666,3521,0.0051,0.0019,,,2023-10-20
[Production] 23-0556-P1AG-Xscape Fall 2023 Bonus Credit Promo_Oct23,Email - French,120840,38372,0.3175,438,0.0114,0.0036,,,2023-10-20
[Production] MKTT-Critical Role – The Mighty Nein_Oct23,Email - English,54533,18249,0.3346,171,0.0094,0.0031,,,2023-10-20
[Production] MKTT-Critical Role – The Mighty Nein_Oct23,Email - French,2688,823,0.3062,10,0.0122,0.0037,,,2023-10-20
[Production] 23_0002_MKTT_TuesDeals_EN_Oct24_FINAL,Email - English,1068510,399691,0.3741,7385,0.0185,0.0069,,,2023-10-20
[Production] 23_0002_MKTT_TuesDeals_EN_Oct24_FINAL,Email - French,82265,29366,0.357,879,0.0299,0.0107,,,2023-10-20
[Production] 23_0621_MKTT_Freelance_Oct25_FINAL,Email - English,318214,129574,0.4072,1357,0.0105,0.0043,,,2023-10-20
[Production] 23_0621_MKTT_Freelance_Oct25_FINAL,Email - French,23798,8324,0.3498,111,0.0133,0.0047,,,2023-10-20
[Production] 23-0463-MKTB-One Cineplex Community Day_PDM,Email - English,31609,15703,0.4968,450,0.0287,0.0142,,,2023-10-20
[Production] 23-0463-MKTB-One Cineplex Community Day_TRR,Email - English,159855,78112,0.4886,2189,0.028,0.0137,,,2023-10-20
[Production] 23-0629-MKTT-Killers of the Flower Moon Dedicated Email,Email - English,642723,258393,0.402,2681,0.0104,0.0042,,,2023-10-20
[Production] 23-0629-MKTT-Killers of the Flower Moon Dedicated Email,Email - French,40512,15707,0.3877,224,0.0143,0.0055,,,2023-10-20
[Production] Scene - Back to the Big Screen,Email - English,43229,16175,0.3742,301,0.0186,0.007,,,2023-10-20
[Production] Survey - Lumen Invitation - Montreal,Email - English,4953,2687,0.5425,363,0.1351,0.0733,,,2023-10-20
[Production] Survey - Lumen Invitation - Toronto,Email - English,4949,2950,0.5961,504,0.1708,0.1018,,,2023-10-20
[Production] The Exorcist - English,Email - English,172261,56697,0.3291,352,0.0062,0.002,,,2023-10-20
[Production] The Exorcist - French,Email - French,10024,3055,0.3048,47,0.0154,0.0047,,,2023-10-20
Production] 23_0001_MKTT_FridayWhatsOn_Oct27_FINAL,Email - English,2887274,1000062,0.346368927923017,12404,0.012403230999678,0.00429609382414,,,2023-10-27
Production] 23_0001_MKTT_FridayWhatsOn_Oct27_FINAL,Email - French,197143,61564,0.312280933129759,1017,0.0165193944513027,0.00515869191399137,,,2023-10-27
Production] 23_Store_Newsletter_102723,Email - English,307848,108356,0.351978898677269,1308,0.0120713204621802,0.00424885008185858,,,2023-10-27
Production] 23_Store_Newsletter_102723,Email - French,16947,5788,0.341535374992624,169,0.0291983413959917,0.00997226647784269,,,2023-10-27
Production] Survey - VIP Menu,Email - English - No VIP Transactions,9922,4236,0.426930054424511,658,0.15533522190746,0.0663172747429954,,,2023-10-27
Production] Survey - VIP Menu,Email - English - VIP Transactions,19888,8850,0.444991954947707,1518,0.171525423728814,0.0763274336283186,,,2023-10-27
Production] 23_0002_MKTT_TuesDeals_Oct31_FINAL,Email - English,1063278,351941,0.330996221119971,4188,0.0118997218283746,0.00393876295757083,,,2023-10-27
Production] 23_0002_MKTT_TuesDeals_Oct31_FINAL,Email - French,81582,24490,0.300188767130004,442,0.0180481829318089,0.0054178617832365,,,2023-10-27
Production] 23_0628_MKTT_TheMarvels_ScreenX_Offer_Oct31_FINAL,Email - English - No Offer,3617,1262,0.348907934752557,20,0.0158478605388273,0.00552944429084877,,,2023-10-27
Production] 23_0628_MKTT_TheMarvels_ScreenX_Offer_Oct31_FINAL,Email - English - Offer,67929,23983,0.353059812451236,384,0.0160113413668015,0.00565296118005565,,,2023-10-27
Production] 23_0628_MKTT_TheMarvels_ScreenX_Offer_Oct31_FINAL,Email - French - No Offer,404,108,0.267326732673267,8,0.0740740740740741,0.0198019801980198,,,2023-10-27
Production] 23_0628_MKTT_TheMarvels_ScreenX_Offer_Oct31_FINAL,Email - French - Offer,7694,2190,0.284637379776449,73,0.0333333333333333,0.00948791265921497,,,2023-10-27
Production] 23_0427_EVCN_Met_2023/2024_Season_MalcolmX_Nov1,Email - English,196670,81039,0.412055727869019,890,0.0109823665148879,0.00452534702801647,,,2023-10-27
[Production] 23_0427_EVCN_Met_2023/2024_Season_MalcolmX_Nov1,Email - French,11790,4439,0.376505513146735,65,0.0146429375985582,0.00551314673452078,,,2023-10-27
[Production] 23-0609-MKTT-The Hunger Games Advance Ticketing_Nov1,Email - English - 2_3,85225,24169,0.283590495746553,311,0.0128677231163888,0.00364916397770607,,,2023-10-27
[Production] 23-0609-MKTT-The Hunger Games Advance Ticketing_Nov1,Email - English - 3_4,93931,26570,0.28286721103789,559,0.0210387655250282,0.00595117692774483,,,2023-10-27
[Production] 23-0609-MKTT-The Hunger Games Advance Ticketing_Nov1,Email - English - Normal,4147623,1366158,0.329383360059485,14888,0.0108977146128047,0.00358952585613495,,,2023-10-27
[Production] 23-0609-MKTT-The Hunger Games Advance Ticketing_Nov1,Email - French - 2_3,13177,3066,0.232678151324277,51,0.0166340508806262,0.00387038020793807,,,2023-10-27
[Production] 23-0609-MKTT-The Hunger Games Advance Ticketing_Nov1,Email - French - 3_4,5596,1283,0.229270907791279,39,0.0303975058456742,0.00696926375982845,,,2023-10-27
[Production] 23-0609-MKTT-The Hunger Games Advance Ticketing_Nov1,Email - French - Normal,287800,76436,0.265587213342599,1218,0.0159348997854414,0.00423210562890896,,,2023-10-27
[Production] 23-0609-MKTT-The Hunger Games Advance Ticketing_Nov1_4_5_resend,Email - English - 4_5,94660,25465,0.269015423621382,591,0.0232083251521696,0.00624339742235369,,,2023-10-27
[Production] 23-0609-MKTT-The Hunger Games Advance Ticketing_Nov1_4_5_resend,Email - French - 4_5,4851,986,0.203257060399918,33,0.0334685598377282,0.00680272108843537,,,2023-10-27
[Production] Survey - Film Anticipation - November 1,Email - English,88794,33642,0.378876951145348,3701,0.110011295404554,0.0416807441944275,,,2023-10-27
[Production] Survey - Film Anticipation - November 1,Email - French,9883,3583,0.362541738338561,580,0.161875523304493,0.0586866336132753,,,2023-10-27
[Survey] Lumen Montreal French,Email - French,4971,2001,0.402534701267351,198,0.0989505247376312,0.03983101991551,,,2023-10-27
[Production] 23-0463-MKTB-One Cineplex Community Day_CPX_Nov2,Email - English - Normal,392526,117506,0.299358513830931,5541,0.0471550388916311,0.0141162623622384,,,2023-10-27
[Production] 23-0463-MKTB-One Cineplex Community Day_CPX_Nov2,Email - French - Normal,89956,22606,0.251300635866424,870,0.0384853578695921,0.00967139490417538,,,2023-10-27
[Production] Five Nights at Freddys - English,Email - English - 2nd week offer email,192466,62296,0.3237,289,0.0046,0.0015,,,2023-10-27
[Production] Five Nights at Freddys - French,Email - French - 2nd week offer email,12093,3405,0.2816,25,0.0073,0.0021,,,2023-10-27
[Production] 23_0001_MKTT_FridayWhatsOn_Nov3_FINAL,Email - French,182528,34346,0.188168390603086,369,0.0107436091539044,0.00202160764375877,,,2023-11-03
[Production] 23_0001_MKTT_FridayWhatsOn_Nov3_FINAL,Email - English,2773385,673268,0.242760381266936,7497,0.0111352388647611,0.00270319483230781,,,2023-11-03
[Production] 23_Store_Newsletter_1103_V2,Email - English,299800,73400,0.244829886591061,739,0.0100681198910082,0.00246497665110073,,,2023-11-03
[Production] 23-0556-P1AG-Xscape Fall 2023 Bonus Credit Promo_Nov3,Email - English,1860861,466008,0.250426012474871,2065,0.00443125439906611,0.00110970136941985,,,2023-11-03
[Production] 23-0556-P1AG-Xscape Fall 2023 Bonus Credit Promo_Nov3,Email - French,118815,21941,0.184665235870892,191,0.0087051638485028,0.00160754113537853,,,2023-11-03
[Production] DreamScenario_CineclubDedicated_Nov3_FINAL,Email - English,56843,20474,0.360185071160917,1082,0.0528475139200938,0.0190348855619865,,,2023-11-03
[Production] 23-0481-EVCN-November Arts Culture Newsletter_Nov4_FINAL,Email - English,41274,16694,0.4054,1600,0.0389,0.0958,,,2023-11-03
[Production] 23-0481-EVCN-November Arts Culture Newsletter_Nov4_FINAL,Email - French,3824,1377,0.3606,156,0.0408,0.1133,,,2023-11-03
[Production] 23-0417-CPGC-LBE Holiday Gift Bundle 2023_PDM,Email - English,31829,12212,0.383675264695718,243,0.0198984605306256,0.00763454711112507,,,2023-11-03
[Production] 23-0639-MKTT-The Hunger Games DBox Scene Offer_FINAL,Email - English - No Offer,7616,2642,0.346901260504202,19,0.00719152157456472,0.00249474789915966,,,2023-11-03
[Production] 23-0639-MKTT-The Hunger Games DBox Scene Offer_FINAL,Email - English - Offer,141443,49881,0.352657961157498,528,0.0105851927587659,0.00373295249676548,,,2023-11-03
[Production] 23-0639-MKTT-The Hunger Games DBox Scene Offer_FINAL,Email - French - No Offer,183,53,0.289617486338798,3,0.0566037735849057,0.0163934426229508,,,2023-11-03
[Production] 23-0639-MKTT-The Hunger Games DBox Scene Offer_FINAL,Email - French - Offer,3828,1175,0.306948798328109,21,0.0178723404255319,0.0054858934169279,,,2023-11-03
[Production] 23_0002_MKTT_TuesDeals_Nov7_FINAL,Email - English,1061091,343994,0.32418897153967,7715,0.0224277167625017,0.00727081843121843,,,2023-11-03
[Production] 23_0002_MKTT_TuesDeals_Nov7_FINAL,Email - French,81037,22542,0.278169231338771,565,0.0250643243722828,0.00697212384466355,,,2023-11-03
[Production] DreamScenario_CineclubDedicated_Nov7_Email2,Email - English,58255,23437,0.402317397648271,546,0.0232964969919358,0.00937258604411638,,,2023-11-03
[Production] 23-0417-CPGC-LBE Holiday Gift Bundle 2023_TRR_FINAL,Email - English,113489,37423,0.32975001982571,847,0.0226331400475643,0.00746327837940241,,,2023-11-03
[Production] Taylor Swift - Comeback Screenings,Email - English,142310,67958,0.477534958892558,3704,0.0545042526266223,0.0260276860375237,,,2023-11-03
[Production] Taylor Swift - Comeback Screenings,Email - French,5121,1780,0.347588361648116,167,0.0938202247191011,0.0326108181995704,,,2023-11-03
[Production] 23_0612_MKTT_TheHoldovers_Nov9_FINAL,Email - English,508522,190616,0.374843172960069,2562,0.0134406345742225,0.00503813011039837,,,2023-11-03
[Production] 23_0612_MKTT_TheHoldovers_Nov9_FINAL,Email - French,29826,9870,0.330919332126333,185,0.0187436676798379,0.00620264199020988,,,2023-11-03
[Production] Five Nights at Freddys - English,Email - English,154699,44038,0.2847,200,0.0045,0.0013,,,2023-11-03
[Production] Five Nights at Freddys - French,Email - French,11063,2367,0.214,16,0.0068,0.0014,,,2023-11-03
[Production] 23_0001_MKTT_FridayWhatsOn_Nov10_FINAL,Email - English,2854604,885175,0.31008679312437,12428,0.014040161549976,0.00435366866998014,,,2023-11-10
[Production] 23_0001_MKTT_FridayWhatsOn_Nov10_FINAL,Email - French,193008,46094,0.23881911630606,717,0.0155551698702651,0.00371487192240736,,,2023-11-10
[Production] 23_0416_MKTB_2023_EXH_HolidayGiftBundle_Intro_Nov10,Email - English,1375871,451457,0.328124511672969,5374,0.0119036807492186,0.00390588943294829,,,2023-11-10
[Production] 23_0416_MKTB_2023_EXH_HolidayGiftBundle_Intro_Nov10,Email - French,159385,43639,0.27379615396681,1022,0.0234194184101377,0.00641214668883521,,,2023-11-10
[Production] 23_Store_Newsletter_111023,Email - English,308606,94904,0.307524805091281,1351,0.0142354379162101,0.00437775027057154,,,2023-11-10
[Production] 23_Store_Newsletter_111023,Email - French,16982,5756,0.338947120480509,150,0.0260597637248089,0.00883288187492639,,,2023-11-10
[Production] 23-0659-MKTT-JOURNEY TO BETHLEHEM_Nov10_FINAL,Email - English,128261,42415,0.330692884041135,801,0.0188848284804904,0.00624507839483553,,,2023-11-10
[Production] 23-0013-MKTI-International Cinema 2023_Tiger 3_Email1_Nov11_FINAL,Email - English,391185,142487,0.364244539028848,1548,0.0108641490100851,0.00395720694811918,,,2023-11-10
[Production] 23-0575-RECR-LBE Holiday Bonus Credit Offer_TRR_Nov13Deploy,Email - English,160254,58241,0.363429305976762,819,0.0140622585463848,0.00511063686397843,,,2023-11-10
[Production] 23_0002_MKTT_TuesDeals_Nov14_FINAL,Email - English,1055431,338883,0.321084940654576,6052,0.0178586709867417,0.00573415031394757,,,2023-11-10
[Production] 23_0002_MKTT_TuesDeals_Nov14_FINAL,Email - French,80625,22287,0.276427906976744,491,0.0220307802754969,0.00608992248062016,,,2023-11-10
[Production] 23-0575-RECR-LBE Holiday Bonus Credit Offer_PDM_Nov14Deploy,Email - English,40341,12987,0.321930542128356,174,0.0133980133980134,0.00431322971666543,,,2023-11-10
[Production] 23_0649_MKTB_St.Vital_Recliner_Nov15_FINAL,Email - English,45758,15905,0.347589492547751,421,0.02646966362779,0.00920057694829319,,,2023-11-10
[Production] 23-0548-EVCN-Andre Rieu Winter 2023_Email1_Nov15,Email - English,108755,47964,0.441027998712703,1797,0.0374655991993995,0.0165233782354834,,,2023-11-10
[Production] 23-0548-EVCN-Andre Rieu Winter 2023_Email1_Nov15,Email - French,6251,2697,0.431450967845145,128,0.0474601408972933,0.0204767237242041,,,2023-11-10
[Production] 23_0517_CPGC_Prepaid_Holiday_Nov16_EN,Email - English,362,119,0.328729281767956,21,0.176470588235294,0.0580110497237569,,,2023-11-10
[Production] 23_0517_CPGC_Prepaid_Holiday_Nov16_FR,Email - French,30,9,0.3,4,0.444444444444444,0.133333333333333,,,2023-11-10
[Production] 23-0013-MKTI-International Cinema 2023_Tiger 3_Email2_Nov16_FINAL,Email - English,2195,989,0.450569476082005,38,0.038422649140546,0.0173120728929385,,,2023-11-10
[Production] CineClub Candy Cane Lane - Early Screening,Email - English,61193,26836,0.438546892618437,1819,0.0677820837680727,0.0297256222116909,,,2023-11-10
[Production] CineClub Candy Cane Lane - Early Screening,Email - French,2218,874,0.39404869251578,20,0.022883295194508,0.00901713255184851,,,2023-11-10
[Production] Five Nights at Freddys - English,Email - English,152150,47559,0.3126,205,0.0043,0.0013,,,2023-11-10
[Production] Five Nights at Freddys - French,Email - French,10903,3063,0.2809,38,0.0124,0.0035,,,2023-11-10
[Production] The Marvels - English,Email - English,1444711,477628,0.3306,2166,0.0045,0.0015,,,2023-11-10
[Production] The Marvels - French,Email - French,82456,23250,0.282,169,0.0073,0.002,,,2023-11-10
[Production] 23_0001_MKTT_FridayWhatsOn_Nov17_FINAL,Email - English,2863222,866905,0.302772540864802,10112,0.0116644845744343,0.00353168563247977,,,2023-11-17
[Production] 23_0001_MKTT_FridayWhatsOn_Nov17_FINAL,Email - French,192311,45331,0.235717145665095,784,0.0172950078312854,0.00407672988024606,,,2023-11-17
[Production] 23_0416_MKTB_2023_EXH_HolidayGiftBundle_Intro_Nov17,Email - English,1094920,361103,0.329798524093084,4876,0.0135030725305522,0.00445329339129799,,,2023-11-17
[Production] 23_0416_MKTB_2023_EXH_HolidayGiftBundle_Intro_Nov17,Email - French,1971,601,0.30492135971588,12,0.0199667221297837,0.0060882800608828,,,2023-11-17
[Production] 23_Store_Newsletter_1117,Email - English,312358,94896,0.303805249105193,1234,0.0130037093238914,0.00395059515043636,,,2023-11-17
[Production] 23-0455-RECR-LBE NYE Events_TRR_Nov17,Email - English,159005,60212,0.378679915725921,1544,0.0256427290241148,0.00971038646583441,,,2023-11-17
[Production] Thanksgiving Film Dedicated_Nov17,Email - English,313901,101478,0.323280269894011,675,0.00665168805061195,0.0021503595082526,,,2023-11-17
[Production] 23-0455-RECR-LBE NYE Events_PDM_Nov18,Email - English,40943,15872,0.387660894414186,488,0.0307459677419355,0.0119190093544684,,,2023-11-17
[Production] 23-0512-EVCN-November Family Newsletter_Nov18,Email - English,1042769,281508,0.269961995417969,8931,0.0317255637495204,0.00856469649558052,,,2023-11-17
[Production] 23-0512-EVCN-November Family Newsletter_Nov18,Email - French,86127,16610,0.192854737770966,557,0.0335340156532209,0.0064671937952094,,,2023-11-17
[Production] 23-0668-MKTT-Leave the world behind Dedicated Email,Email - English,59523,23508,0.394939771180888,293,0.0124638420963076,0.00492246694555046,,,2023-11-17
[Production] 23-0002_MKTT_TuesdayDeals_Nov21_FINAL,Email - English,1069940,336792,0.31477652952502,4152,0.0123280838024656,0.00388059143503374,,,2023-11-17
[Production] 23-0002_MKTT_TuesdayDeals_Nov21_FINAL,Email - French,81105,21249,0.261993711855003,462,0.0217421996329239,0.00569631958572221,,,2023-11-17
[Production] 23-0427-EVCN-Met-Forencia-Nov22,Email - English,198425,77572,0.390938641804208,892,0.0114989944825452,0.00449540128512032,,,2023-11-17
[Production] 23-0427-EVCN-Met-Forencia-Nov22,Email - French,11868,4334,0.365183687226154,102,0.023534840793724,0.00859453993933266,,,2023-11-17
[Production] 23-0683-MKTT-Napoleon ScreenX Scene+ Points Offer,Email - English - Control,5802,2177,0.375215442950707,44,0.0202112999540652,0.00758359186487418,,,2023-11-17
[Production] 23-0683-MKTT-Napoleon ScreenX Scene+ Points Offer,Email - English - Offer,109287,40332,0.369046638666996,952,0.0236040860854904,0.00871100862865666,,,2023-11-17
[Production] 23-0683-MKTT-Napoleon ScreenX Scene+ Points Offer,Email - French - Control,874,321,0.367276887871854,9,0.0280373831775701,0.0102974828375286,,,2023-11-17
[Production] 23-0683-MKTT-Napoleon ScreenX Scene+ Points Offer,Email - French - Offer,15846,5430,0.342673229837183,161,0.0296500920810313,0.0101602928183769,,,2023-11-17
[Production] 23-0684-MKTT-Dream Scenario,Email - English,204820,70861,0.345967190704033,832,0.0117412963407234,0.00406210331022361,,,2023-11-17
[Production] CineClub Napoleon_ScreenX Fan Event,Email - English,33828,14255,0.421396476291829,947,0.0664328305857594,0.0279945607189311,,,2023-11-17
[Production] 23-0681-MKTT-Leave the World Behind Scene+ Points Offer,Email - English - No Offer,2101,721,0.343169919086149,8,0.0110957004160888,0.00380771061399334,,,2023-11-17
[Production] 23-0681-MKTT-Leave the World Behind Scene+ Points Offer,Email - English - Offer,40852,15093,0.369455595809263,202,0.0133836878022925,0.00494467835112112,,,2023-11-17
[Production] Hunger Games: BOSS - English,Email - English,1826689,558571,0.3058,2859,0.0051,0.0016,,,2023-11-17
[Production] Hunger Games: BOSS - French,Email - French,130018,30436,0.2341,220,0.0072,0.0017,,,2023-11-17
[Production] The Marvels - English,Email - English,1313060,389257,0.2965,1577,0.0041,0.0012,,,2023-11-17
[Production] The Marvels - French,Email - French,76284,18104,0.2373,119,0.0066,0.0016,,,2023-11-17
[Production] Trolls Band Together - English,Email - English,448384,134867,0.3008,869,0.0064,0.0019,,,2023-11-17
[Production] Trolls Band Together - French,Email - French,31080,6917,0.2226,61,0.0088,0.002,,,2023-11-17
[Production] 23_0001_MKTT_FridayWhatsOn_Nov24_FINAL,Email - English,2834617,851146,0.300268431325996,9710,0.0114081485432581,0.00342550686741807,,,2023-11-24
[Production] 23_0001_MKTT_FridayWhatsOn_Nov24_FINAL,Email - French,189569,43821,0.231161213067537,771,0.0175943041007736,0.00406712067901397,,,2023-11-24
[Production] 23_Store_Newsletter_1124,Email - English,312591,94685,0.302903794415066,1845,0.0194856629878017,0.00590228125569834,,,2023-11-24
[Production] 23_Store_Newsletter_1124,Email - French,17169,5771,0.336129069835168,253,0.0438398891006758,0.0147358611450871,,,2023-11-24
[Production] CineClub_Black Friday_Nov24_2023,Email - Buy - English,4061244,1253939,0.308757365969639,17084,0.0136242672091705,0.00420659285676999,,,2023-11-24
[Production] CineClub_Black Friday_Nov24_2023,Email - Buy - French,279365,69886,0.250160184704598,1631,0.0233380076123973,0.00583824029495463,,,2023-11-24
[Production] CineClub_Black Friday_Nov24_2023,Email - Gifting - English,82554,32687,0.395946895365458,1606,0.0491326827179001,0.0194539331831286,,,2023-11-24
[Production] CineClub_Black Friday_Nov24_2023,Email - Gifting - French,3920,1453,0.370663265306122,89,0.0612525808671714,0.0227040816326531,,,2023-11-24
[Production] CineClub_Black Friday_Nov24_2023,Email - Reminder - Buy - English,4058357,1261509,0.310842294061365,17872,0.0141671601233126,0.00440375255306519,,,2023-11-24
[Production] CineClub_Black Friday_Nov24_2023,Email - Reminder - Buy - French,279161,69170,0.247778163855266,1462,0.0211363307792396,0.00523712123111753,,,2023-11-24
[Production] CineClub_Black Friday_Nov24_2023,Email - Reminder - Gifting - English,82379,32693,0.396860850459462,1288,0.0393968127733766,0.0156350526226344,,,2023-11-24
[Production] CineClub_Black Friday_Nov24_2023,Email - Reminder - Gifting - French,3909,1425,0.364543361473523,44,0.0308771929824561,0.0112560757226912,,,2023-11-24
[Production] 23_0002_MKTT_TuesDeals_Nov28_FINAL,Email - English,1066231,366110,0.343368369518425,7415,0.0202534757313376,0.00695440293895038,,,2023-11-24
[Production] 23_0002_MKTT_TuesDeals_Nov28_FINAL,Email - French,80882,24066,0.297544571103583,745,0.0309565361921383,0.00921094928414233,,,2023-11-24
[Production] CineClub_BenefitsChanging,Email - English,122998,72882,0.592546220263744,1286,0.0176449603468621,0.0104554545602368,,,2023-11-24
[Production] CineClub_BenefitsChanging,Email - French,5459,3535,0.647554497160652,58,0.0164073550212164,0.0106246565305001,,,2023-11-24
[Production] 23-0548-EVCN-Andre Rieu Winter 2023_Email2_Nov29_FINAL,Email - English,107920,46457,0.430476278724981,1467,0.0315775878769615,0.0135934025203855,,,2023-11-24
[Production] 23-0548-EVCN-Andre Rieu Winter 2023_Email2_Nov29_FINAL,Email - French,6165,2702,0.438280616382806,110,0.0407105847520355,0.0178426601784266,,,2023-11-24
[Production] 23-0686-MKTT-Silent Night - Dedicated Email,Email - English,390533,135241,0.346298520227484,1185,0.00876213574285904,0.00303431464178443,,,2023-11-24
[Production] 23-0686-MKTT-Silent Night - Dedicated Email,Email - French,23371,7106,0.304052030293954,111,0.0156206023079088,0.0047494758461341,,,2023-11-24
[Production] Survey - Digital Tickets,Email - English,493,190,0.385395537525355,47,0.247368421052632,0.0953346855983773,,,2023-11-24
[Production] Hunger Games: BOSS - English,Email - RFM - English,1667584,569496,0.3415,3762,0.0066,0.0023,,,2023-11-24
[Production] Hunger Games: BOSS - French,Email - RFM - French,122041,36158,0.2963,412,0.0114,0.0034,,,2023-11-24
[Production] Napoleon - English,Email - 2nd week offer email - English,832110,320826,0.3856,2879,0.009,0.0035,,,2023-11-24
[Production] Napoleon - French,Email - 2nd week offer email - French,64589,24250,0.3755,372,0.0153,0.0058,,,2023-11-24
[Production] StoreQC_BenefitsChanging,Email - English,20120,7293,0.362475149105368,182,0.0249554367201426,0.00904572564612326,,,2023-11-24
[Production] StoreQC_BenefitsChanging,Email - French,20962,8396,0.400534300162198,266,0.0316817532158171,0.0126896288522088,,,2023-11-24
[Production] The Marvels - English,Email - MDP - English,1308488,405873,0.3102,2110,0.0052,0.0016,,,2023-11-24
[Production] The Marvels - French,Email - MDP - French,75904,21124,0.2783,181,0.0086,0.0024,,,2023-11-24
[Production] Trolls Band Together - English,Email - RFM - English,392895,125767,0.3201,918,0.0073,0.0023,,,2023-11-24
[Production] Trolls Band Together - French,Email - RFM - French,28215,8156,0.2891,89,0.0109,0.0032,,,2023-11-24
[Production] Wish - English,Email - 2nd week offer email - English,1461419,514058,0.3518,3041,0.0059,0.0021,,,2023-11-24
[Production] Wish - French,Email - 2nd week offer email - French,110503,32738,0.2963,287,0.0088,0.0026,,,2023-11-24
[Production] 23_0001_MKTT_FridayWhatsOn_Dec1_FINAL v2,Email - English,3089169,1057384,0.3034,13320,0.0212,0.0062,,,2023-12-01
[Production] 23_0001_MKTT_FridayWhatsOn_Dec1_FINAL v2,Email - French,211523,63409,0.2609,1427,0.0387,0.0097,,,2023-12-01
[Production] 23_Store_Newsletter_120123 v2,Email - English,310998,118145,0.379889902828957,1811,0.0153286216090397,0.00582318857355996,,,2023-12-01
[Production] Survey - Film Anticipation - December 1 v2,Email - English,88806,36233,0.408001711596063,4160,0.114812463776116,0.0468436817332162,,,2023-12-01
[Production] Survey - Film Anticipation - December 1 v2,Email - French,9866,3710,0.376038921548753,653,0.176010781671159,0.0661869045205757,,,2023-12-01
[Production] 23-0513-EVCN-December Arts & Culture Newsletter,Email - English,41567,17675,0.425217119349484,1012,0.0572560113154173,0.0243462361969832,,,2023-12-01
[Production] 23-0513-EVCN-December Arts & Culture Newsletter,Email - French,3852,1650,0.428348909657321,112,0.0678787878787879,0.0290758047767394,,,2023-12-01
[Production] 23_0416_MKTB_2023_EXH_HolidayGiftBundle_Email2_FINAL,Email - English,2469394,937826,0.379779816424596,12153,0.0129586938301988,0.00492145036393544,,,2023-12-01
[Production] 23_0416_MKTB_2023_EXH_HolidayGiftBundle_Email2_FINAL,Email - French,160449,58222,0.362869198312236,1512,0.0259695647693312,0.0094235551483649,,,2023-12-01
[Production] 23-0575-RECR-LBE Holiday Bonus Credit Offer_TRR_Reminder1_Dec4,Email - English,176772,66639,0.37697712307379,856,0.0128453308122871,0.0048423958545471,,,2023-12-01
[Production] Survey - Digital Tickets V2,Email - English,493,223,0.452332657200811,1,0.00448430493273543,0.00202839756592292,,,2023-12-01
[Production] 23_0002_MKTT_TuesDeals_Dec5_FINAL,Email - English,1059963,396204,0.373790405891526,7080,0.0178695823363722,0.0066794784346246,,,2023-12-01
[Production] 23_0002_MKTT_TuesDeals_Dec5_FINAL,Email - French,80411,28402,0.3532103816642,776,0.0273220195760862,0.00965042096230615,,,2023-12-01
[Production] 23-0575-RECR-LBE Holiday Bonus Credit Offer_PDM_Reminder1_Dec5,Email - English,40933,15280,0.373292942124936,180,0.0117801047120419,0.00439742994649794,,,2023-12-01
[Production] Reacher Season 2 - Early Screening,Email - English,34450,18059,0.524208998548621,922,0.0510548756852539,0.0267634252539913,,,2023-12-01
[Production] 23_0654_MKTT_Coquitlam_Theatre_IMAX_Dec6,Email - English,308258,121631,0.394575323268171,1772,0.0145686543726517,0.00574843150867131,,,2023-12-01
[Production] 23-0550-MKTL-Scene 2X Weekend (Dec 8-10)_FINAL,Email - English,2113281,784369,0.371161714887892,9465,0.012067024576443,0.00447881753538692,,,2023-12-01
[Production] 23-0550-MKTL-Scene 2X Weekend (Dec 8-10)_FINAL,Email - French,122312,43569,0.356211982471058,860,0.0197388051137277,0.00703119890117078,,,2023-12-01
[Production] 23-0661-MKTT-Store - Trolls/Dreamworks Offer_Email1_FINAL_Resend,Email - English,30832,14150,0.458938764919564,291,0.020565371024735,0.00943824597820446,,,2023-12-01
[Production] 23-0661-MKTT-Store - Trolls/Dreamworks Offer_Email1_FINAL_Resend,Email - French,2817,1043,0.370252041178559,26,0.024928092042186,0.00922967696130635,,,2023-12-01
[Production] 23-0708-MKTT-The Boy and the Heron_FINAL,Email - English,123135,39737,0.322710845819629,1244,0.0313058358708508,0.0101027327729728,,,2023-12-01
[Production] 23-0708-MKTT-The Boy and the Heron_FINAL,Email - French,4819,1376,0.285536418344055,57,0.0414244186046512,0.0118281801203569,,,2023-12-01
[Production] 23_0517_CPGC_Prepaid_Holiday_Dec7_EN,Email - English,361,109,0.301939058171745,12,0.110091743119266,0.0332409972299169,,,2023-12-01
[Production] 23_0517_CPGC_Prepaid_Holiday_Dec7_FR,Email - French,30,12,0.4,2,0.166666666666667,0.0666666666666667,,,2023-12-01
[Production] 23-0726-EVCN-December IC Newsletter,Email - English,387946,139864,0.360524402880813,1745,0.012476405651204,0.00449804869749914,,,2023-12-01
[Production] Animal - English,Email - English,370738,135067,0.3643,1657,0.0123,0.0045,,,2023-12-01
[Production] Hunger Games: BOSS - English,Email - English,1654878,570819,0.3449,3749,0.0066,0.0023,,,2023-12-01
[Production] Hunger Games: BOSS - French,Email - French,121143,36961,0.3051,395,0.0107,0.0033,,,2023-12-01
[Production] Napoleon - English,Email - English,721524,260692,0.3613,2197,0.0084,0.003,,,2023-12-01
[Production] Napoleon - French,Email - French,58623,20814,0.355,302,0.0145,0.0052,,,2023-12-01
[Production] Trolls Band Together - English,Email - English,390673,126620,0.3241,946,0.0075,0.0024,,,2023-12-01
[Production] Trolls Band Together - French,Email - French,28036,8374,0.2987,114,0.0136,0.0041,,,2023-12-01
[Production] Wish - English,Email - English,1348651,465084,0.3449,2704,0.0058,0.002,,,2023-12-01
[Production] Wish - French,Email - French,104478,31098,0.2977,321,0.0103,0.0031,,,2023-12-01
[Production] 23_0001_MKTT_FridayWhatsOn_Dec8,Email - English - Limited Profile,475163,175667,0.369698398233869,8061,0.045887958466872,0.0169647047434249,,,2023-12-08
[Production] 23_0001_MKTT_FridayWhatsOn_Dec8,Email - English - Regular,2795953,969113,0.346612764949912,11508,0.0118747762128875,0.00411594901631036,,,2023-12-08
[Production] 23_0001_MKTT_FridayWhatsOn_Dec8,Email - French - Limited Profile,21927,6074,0.277010078898162,501,0.0824827132038196,0.0228485428923245,,,2023-12-08
[Production] 23_0001_MKTT_FridayWhatsOn_Dec8,Email - French - Regular,186362,54009,0.28980693489016,1117,0.0206817382288137,0.00599371116429315,,,2023-12-08
[Production] 23_Store_Newsletter_120823,Email - English,309649,117827,0.380517941281903,1867,0.0158452646676908,0.00602940749041657,,,2023-12-08
[Production] 23_Store_Newsletter_120823,Email - French,17054,5890,0.345373519408936,196,0.033276740237691,0.0114929048903483,,,2023-12-08
[Production] 23-0417-CPGC-LBE Holiday Gift Bundle 2023_TRR_Email2_Dec8,Email - English,176346,65684,0.372472298776269,1081,0.0164575847999513,0.00612999444274324,,,2023-12-08
[Production] 23-0705-MKTT-Migration Duck Week Dedicated Email,Email - English,762477,270016,0.354130026217184,1954,0.0072366082009955,0.00256270025194203,,,2023-12-08
[Production] 23-0705-MKTT-Migration Duck Week Dedicated Email,Email - French,59155,17868,0.302053926126278,182,0.0101858070293262,0.00307666300397261,,,2023-12-08
[Production] CineClub_Monthly December offer Dec 12-14 FINAL,Email - NonCC - English,559796,216172,0.386162101908552,2896,0.013396739633255,0.00517331313549936,,,2023-12-08
[Production] CineClub_Monthly December offer FINAL,Email - NonCC - English,280120,104147,0.371794231043838,1021,0.00980345089152832,0.0036448664857918,,,2023-12-08
[Production] CineClub_Monthly December offer FINAL,Email - Rejoin - English,40105,14810,0.369280638324398,576,0.0388926401080351,0.0143622989652163,,,2023-12-08
[Production] CineClub_Monthly December offer FINAL,Email - Reminder - NonCC - English,279895,103792,0.370824773575805,1359,0.013093494681671,0.00485539220064667,,,2023-12-08
[Production] CineClub_Monthly December offer FINAL,Email - Reminder - Rejoin - English,40034,14583,0.364265374431733,582,0.0399094836453405,0.0145376430034471,,,2023-12-08
[Production] 23-0417-CPGC-LBE Holiday Gift Bundle 2023_PDM_Email2_Dec11_V2,Email - English,42835,15420,0.360830207144022,204,0.0160470109616906,0.00579024628934921,,,2023-12-08
[Production] 23-0719-RECR - PDM Santa Event_Brampton_FINAL,Email - English,13832,5206,0.376373626373626,46,0.00883595850941222,0.00332562174667438,,,2023-12-08
[Production] 23-0719-RECR - PDM Santa Event_Dartmouth_FINAL,Email - English,14979,5232,0.349289004606449,65,0.0124235474006116,0.00433940850524067,,,2023-12-08
[Production] 23-0002_MKTT_TuesdayDeals_Dec12_Final,Email - English,1055388,384230,0.364065158974709,5718,0.0148817114748978,0.00541791265392443,,,2023-12-08
[Production] 23-0002_MKTT_TuesdayDeals_Dec12_Final,Email - French,80021,27597,0.344871971107584,612,0.0221763235134254,0.00764799240199448,,,2023-12-08
[Production] 23-0712-MKTT-Wonka 4DX Scene+ Points Offer Email_Dec12,Email - English - No Offer,26594,10161,0.382078664360382,105,0.0103336285798642,0.00394825900579078,,,2023-12-08
[Production] 23-0712-MKTT-Wonka 4DX Scene+ Points Offer Email_Dec12,Email - English - Offer,507253,193318,0.381107652394367,2061,0.0106611903702707,0.00406306123374332,,,2023-12-08
[Production] 23-0727-MKTT-Store - Taylor Swift Dedicated Email,Email - English,2147205,1017510,0.473876504572223,11573,0.0113738439917052,0.00538979743433906,,,2023-12-08
[Production] WB_See all 3_5000-Points-Offer,Email - Initial Offer - EN,805761,330945,0.410723527199753,3490,0.0105455589297315,0.00433130915991218,,,2023-12-08
[Production] WB_See all 3_5000-Points-Offer,Email - Initial Offer - FR,46299,17818,0.384846324974621,334,0.0187450892356044,0.00721397870364371,,,2023-12-08
[Production] WB_See-all-3_5000-Points-Offer resend initial,Email - Initial Offer - EN,1569310,578586,0.368688149568919,4003,0.00691859118609852,0.0025508025820265,,,2023-12-08
[Production] WB_See-all-3_5000-Points-Offer resend initial,Email - Initial Offer - FR,88615,29568,0.333668114878971,353,0.0119385822510823,0.00398352423404615,,,2023-12-08
[Production] Animal - English,Email - English,305369,106059,0.3473,735,0.0069,0.0024,,,2023-12-08
[Production] Napoleon - English,Email - English,718028,266479,0.3711,2369,0.0089,0.0033,,,2023-12-08
[Production] Napoleon - French,Email - French,23985,8150,0.339795705649364,112,0.0137423312883436,0.00466958515739004,,,2023-12-08
[Production] Wish - English,Email - English,1345065,467460,0.3475,2906,0.0062,0.0022,,,2023-12-08
[Production] Wish - French,Email - French,104000,31584,0.3037,302,0.0096,0.0029,,,2023-12-08
[Production] 23_0001_MKTT_FridayWhatsOn_Dec15,Email - English,3440418,1227983,0.3666,21234,0.0261,0.0098,,,2023-12-15
[Production] 23_0001_MKTT_FridayWhatsOn_Dec15,Email - French,214842,31279,0.2873,1439,0.0421,0.012,,,2023-12-15
[Production] 23_Store_Newsletter_121523,Email - English,309171,115370,0.373159190221593,1613,0.0139811042732079,0.00521717754899392,,,2023-12-15
[Production] CineClub_HolidayOffer_Dec15_2023,Email - Buy - English,3780155,1341908,0.354987560033914,8777,0.00654068684291322,0.00232186246331169,,,2023-12-15
[Production] CineClub_HolidayOffer_Dec15_2023,Email - Buy - French,258964,82935,0.320256869680728,1001,0.0120696931331766,0.00386540214083811,,,2023-12-15
[Production] CineClub_HolidayOffer_Dec15_2023,Email - Gifting - English,78782,33726,0.428092711533091,645,0.0191247109055328,0.00818714934883603,,,2023-12-15
[Production] CineClub_HolidayOffer_Dec15_2023,Email - Gifting - French,3818,1664,0.435830277632268,48,0.0288461538461538,0.0125720272393924,,,2023-12-15
[Production] 23-0514-EVCN-December Family Newsletter,Email - English,1021104,369347,0.361713400398001,3921,0.0106160331612278,0.00383996145348564,,,2023-12-15
[Production] 23-0514-EVCN-December Family Newsletter,Email - French,83852,26076,0.310976482373706,539,0.0206703482129161,0.00642799217669227,,,2023-12-15
[Production] 23-0455-RECR-LBE NYE Events_PDM_December,Email - English,40461,15095,0.373075307085836,424,0.0280887711162637,0.0104792269098638,,,2023-12-15
[Production] 23_0416_MKTB_2023_EXH_HolidayGiftBundle_Email3_V2,Email - English,2409495,916607,0.3804145681979,10853,0.0118404070664963,0.00450426334148857,,,2023-12-15
[Production] 23_0416_MKTB_2023_EXH_HolidayGiftBundle_Email3_V2,Email - French,156951,56513,0.360067791858606,1122,0.019853838939713,0.00714872794693885,,,2023-12-15
[Production] 23_0002_MKTT_TuesDeals_Dec19_FINAL,Email - English,1026043,380300,0.370647234082782,5171,0.0135971601367342,0.00503974979606118,,,2023-12-15
[Production] 23_0002_MKTT_TuesDeals_Dec19_FINAL,Email - French,78403,25253,0.322092266877543,581,0.0230071674652517,0.00741043072331416,,,2023-12-15
[Production] 23-0417-CPGC-LBE Holiday Gift Bundle 2023_TRR_Email3_Dec19,Email - English,169187,61670,0.364507911364348,966,0.0156640181611805,0.00570965854350512,,,2023-12-15
[Production] 23-0491-STOR-Q4 Store Dedicated Emails-The Hunger Games TBOSAS,Email - English,489309,194129,0.396741118597859,1563,0.00805134729999124,0.00319430053401838,,,2023-12-15
[Production] 23-0491-STOR-Q4 Store Dedicated Emails-The Hunger Games TBOSAS,Email - French,33311,11384,0.341748971811113,170,0.0149332396345748,0.00510341929092492,,,2023-12-15
[Production] 23-0013-MKTI-International Cinema 2023_Dunki_Dec20_FINAL,Email - English,384730,152518,0.396428664258051,2641,0.0173159889324539,0.00686455436279989,,,2023-12-15
[Production] 23-0427-EVCN-Met-Nabucco-Dec20_FINAL,Email - English,186662,83468,0.447161179029476,1434,0.0171802367374323,0.00768233491551574,,,2023-12-15
[Production] 23-0427-EVCN-Met-Nabucco-Dec20_FINAL,Email - French,11154,5163,0.462883270575578,161,0.031183420491962,0.0144342836650529,,,2023-12-15
[Production] 23-0666-MKTT-The Iron Claw Dedicated Email,Email - English,197685,76720,0.38809216683107,412,0.00537017726798749,0.00208412373220022,,,2023-12-15
[Production] 23-0666-MKTT-The Iron Claw Dedicated Email,Email - French,11167,4169,0.373332139339124,43,0.0103142240345407,0.00385063132443808,,,2023-12-15
[Production] WB_See-all-3_5000-Points-Offer_Behavioural,Email - English,2024144,773052,0.4783,3371,0.0507,0.0321,,,2023-12-15
[Production] WB_See-all-3_5000-Points-Offer_Behavioural,Email - French,117757,42513,0.361,503,0.0118,0.0043,,,2023-12-15
[Production] (35311) Wonka - English,Email - English,729767,249264,0.3416,1529,0.0061,0.0021,,,2023-12-15
[Production] (35311) Wonka - French,Email - French,47158,13591,0.2882,117,0.0086,0.0025,,,2023-12-15
[Production] 23-0491-STOR-Q4 Store Dedicated Emails-Holiday Newsletter,Email - English,424380,159395,0.37559498562609,1813,0.0113742589165281,0.0042721146142608,,,2023-12-15
[Production] 23-0491-STOR-Q4 Store Dedicated Emails-Holiday Newsletter,Email - French,27085,9531,0.351892191249769,171,0.0179414542020774,0.00631345763337641,,,2023-12-15
[Production] Animal - English,Email - English,127060,48209,0.379419172044703,264,0.00547615590449916,0.00207775853927278,,,2023-12-15
[Production] 23_0001_MKTT_FridayWhatsOn_Dec22_FINAL,Email - English,3250360,1117103,0.3529,15997,0.0235,0.0085,,,2023-12-22
[Production] 23_0001_MKTT_FridayWhatsOn_Dec22_FINAL,Email - French,204841,54689,0.2641,1229,0.0429,0.0112,,,2023-12-22
[Production] 23-0564-Store_Newsletter_Dec22,Email - English,288805,103259,0.357538823773827,1571,0.0152141701933972,0.00543965651564204,,,2023-12-22
[Production] 23-0564-Store_Newsletter_Dec22,Email - French,16012,4919,0.307207094678991,155,0.0315104696076438,0.0096802398201349,,,2023-12-22
[Production] 23-0661-MKTT-Store - Trolls/Dreamworks Offer_Email2,Email - English,34260,15467,0.451459427904262,290,0.0187495959138812,0.00846468184471687,,,2023-12-22
[Production] 23-0661-MKTT-Store - Trolls/Dreamworks Offer_Email2,Email - French,3497,1248,0.356877323420074,22,0.0176282051282051,0.00629110666285387,,,2023-12-22
[Production] 23-0685-MKTT-Migration Trip Giveaway Dedicated Email,Email - English,725026,252497,0.348259234841233,2167,0.00858228018550715,0.0029888583305978,,,2023-12-22
[Production] 23-0685-MKTT-Migration Trip Giveaway Dedicated Email,Email - French,56883,16507,0.290192148796653,212,0.0128430362876355,0.00372694829738235,,,2023-12-22
[Production] CineClub_HolidayOffer_Dec15_2023,Email - Buy - English - Dec 22 - Reminder,3772169,1305857,0.346181997678259,8958,0.00685986290995109,0.00237476104596586,,,2023-12-22
[Production] CineClub_HolidayOffer_Dec15_2023,Email - Buy - French - Dec 22 - Reminder,258582,80643,0.311866255191777,1032,0.0127971429634314,0.00399099705315915,,,2023-12-22
[Production] CineClub_HolidayOffer_Dec15_2023,Email - Gifting - English - Dec 22 - Reminder,77147,33951,0.440081921526437,610,0.0179670701893906,0.00790698277314737,,,2023-12-22
[Production] CineClub_HolidayOffer_Dec15_2023,Email - Gifting - French - Dec 22 - Reminder,3729,1636,0.438723518369536,45,0.0275061124694377,0.0120675784392599,,,2023-12-22
[Production] Sherwood_Recliner_Dec22_FINAL,Email - English,7902,3263,0.412933434573526,82,0.025130248237818,0.0103771197165275,,,2023-12-22
[Production] 23-0455-RECR-LBE NYE Events_TRR_December,Email - English,150125,51569,0.34350707743547,1260,0.0244332835618298,0.00839300582847627,,,2023-12-22
[Production] CineClub_Monthly December offer 2 Month Non Active,Email - English,6256,1907,0.3048273657289,158,0.0828526481384373,0.0252557544757033,,,2023-12-22
[Production] 23_0002_MKTT_TuesDeals_Dec26_FINAL2,Email - English,994133,273204,0.274816347510846,3783,0.01384679580094,0.00380532584674284,,,2023-12-22
[Production] 23_0002_MKTT_TuesDeals_Dec26_FINAL2,Email - French,73434,11305,0.153947762616772,320,0.0283060592658116,0.00435765449246943,,,2023-12-22
[Production] CineClub_HolidayOffer_Final Reminder - Dec 26,Email - Buy - English - Dec 26 - Final Reminder,3826915,959490,0.250721534186153,6087,0.00634399524747522,0.00159057622131665,,,2023-12-22
[Production] CineClub_HolidayOffer_Final Reminder - Dec 26,Email - Buy - French - Dec 26 - Final Reminder,254703,38109,0.149621323659321,304,0.0079771182660264,0.00119354699394982,,,2023-12-22
[Production] CineClub_HolidayOffer_Final Reminder - Dec 26,Email - Gifting - English - Dec 26 - Final Reminder,62841,19478,0.309956875288426,260,0.0133483930588356,0.0041374262026384,,,2023-12-22
[Production] CineClub_HolidayOffer_Final Reminder - Dec 26,Email - Gifting - French - Dec 26 - Final Reminder,2968,536,0.180592991913747,6,0.0111940298507463,0.00202156334231806,,,2023-12-22
[Production] 23-0575-RECR-LBE Holiday Bonus Credit Offer_TRR_Reminder2_Dec27,Email - English - Final Reminder,164514,41434,0.251856984815882,436,0.0105227590867404,0.00265023037553035,,,2023-12-22
[Production] WB_See-all-3_5000-Points-Offer_Behavioural,Email - English - Final Reminder,1996468,535695,0.3172,2619,0.0551,0.0179,,,2023-12-22
[Production] WB_See-all-3_5000-Points-Offer_Behavioural,Email - French - Final Reminder,110171,21185,0.1923,245,0.0116,0.0022,,,2023-12-22
[Production] (22858) Migration - English,Email - 2nd Week No-Offer - English,705849,172984,0.2451,1144,0.0066,0.0016,,,2023-12-22
[Production] (22858) Migration - French,Email - 2nd Week No-Offer - French,53602,8387,0.1565,62,0.0074,0.0012,,,2023-12-22
[Production] (33558) Aquaman - English,Email - 2nd Week No-Offer - English,378485,98095,0.2592,830,0.0085,0.0022,,,2023-12-22
[Production] (33558) Aquaman - French,Email - 2nd Week No-Offer - French,25645,4237,0.1652,54,0.0127,0.0021,,,2023-12-22
[Production] (35311) Wonka - English,Email - RFM - English,634200,151509,0.2389,1001,0.0066,0.0016,,,2023-12-22
[Production] (35311) Wonka - French,Email - RFM - French,41195,6181,0.15,65,0.0105,0.0016,,,2023-12-22
[Production] (36736) Anyone But You - English,Email - 2nd Week No-Offer - English,909774,251008,0.2759,1359,0.0054,0.0015,,,2023-12-22
[Production] (36736) Anyone But You - French,Email - 2nd Week No-Offer - French,65644,12519,0.1907,86,0.0069,0.0013,,,2023-12-22
[Production] (37167) Dunki - English,Email - 2nd Week No-Offer - English,220497,74689,0.338730232157354,668,0.00894375343089344,0.00302951967600466,,,2023-12-22
[Production] 23-0575-RECR-LBE Holiday Bonus Credit Offer_PDM_Reminder2_Dec28,Email - English - Final Reminder,39703,9705,0.244439966753142,102,0.0105100463678516,0.00256907538473163,,,2023-12-22
[Production] 23_0001_MKTT_FridayWhatsOn_Dec29_FINAL2,Email - English,4070697,1128162,0.27714221913348,25678,0.0227609155422714,0.00630801064289482,,,2023-12-29
[Production] 23_0001_MKTT_FridayWhatsOn_Dec29_FINAL2,Email - French,237550,36601,0.154077036413387,1260,0.0344252889265321,0.00530414649547464,,,2023-12-29
[Production] 23-0564-Store_Newsletter_Dec29,Email - English,293018,71794,0.245015664566682,1086,0.0151266122517202,0.00370625695349774,,,2023-12-29
[Production] CineClub_Monthly December offer 2 Month Non Active,Email - English - Reminder,6111,1752,0.286696121747668,93,0.0530821917808219,0.0152184585174276,,,2023-12-29
[Production] Survey - Film Anticipation - January,Email - English,88514,36552,0.412951623471993,4703,0.128666010067849,0.0531328377431819,Survey,N,2023-12-29
[Production] Survey - Film Anticipation - January,Email - French,9858,3731,0.378474335565023,643,0.172339855266685,0.0652262122134307,Survey,N,2023-12-29
[Production] 23_0002_MKTT_TuesDeals_Jan2,Email - English,1009160,373012,0.369626223790083,6289,0.0168600473979389,0.00623191565262198,Film,Y,2023-12-29
[Production] 23_0002_MKTT_TuesDeals_Jan2,Email - French,79165,25552,0.322768900397903,808,0.0316217908578585,0.0102065306638034,Film,Y,2023-12-29
[Production] 23-0710-MKTT-Night Swim Dedicated_FINAL,Email - English,311954,111066,0.356033261314168,1000,0.00900365548412656,0.00320560082576277,Film,Y,2023-12-29
[Production] 23-0710-MKTT-Night Swim Dedicated_FINAL,Email - French,16728,5267,0.31486131037781,78,0.014809189291817,0.00466284074605452,Film,Y,2023-12-29
[Production] (22858) Migration - English,Email - RFM -English,625792,196666,0.3143,1423,0.0072,0.0023,Film,Y,2023-12-29
[Production] (22858) Migration - French,Email - RFM - French,50557,13149,0.2601,145,0.011,0.0029,Film,Y,2023-12-29
[Production] (36897) Ferrari - English,Email - 2nd Week No-Offer - English,199925,83797,0.4191,1275,0.0152,0.0064,Film,Y,2023-12-29
[Production] (26897) Ferrari - French,Email - 2nd Week No-Offer - French,15255,5936,0.3891,92,0.0155,0.006,Film,Y,2023-12-29
[Production] (33558) Aquaman - English,Email - RFM - English,302289,103737,0.3432,727,0.007,0.0024,Film,Y,2023-12-29
[Production] (33558) Aquaman - French,Email - RFM - French,21059,6341,0.3011,95,0.015,0.0045,Film,Y,2023-12-29
[Production] (35292) The Color Purple - English,Email - 2nd Week No-Offer - English,53876,20331,0.3774,258,0.0127,0.0048,Film,Y,2023-12-29
[Production] (35292) The Color Purple - English,Email - 2nd Week No-Offer - French,4059,1544,0.3804,18,0.0117,0.0044,Film,Y,2023-12-29
[Production] (35311) Wonka - English,Email - MDP - English,627469,184040,0.2933,1337,0.0073,0.0021,Film,Y,2023-12-29
[Production] (35311) Wonka - English,Email - MDP - French,41781,9914,0.2373,108,0.0109,0.0026,Film,Y,2023-12-29
[Production] (36736) Anyone But You - English,Email - RFM - English,799352,302561,0.3785,2212,0.0073,0.0028,Film,Y,2023-12-29
[Production] (36736) Anyone But You - English,Email - RFM - French,59737,20579,0.3445,257,0.0125,0.0043,Film,Y,2023-12-29
[Production] (37167) Dunki - English,Email - RFM - English,325095,120015,0.3692,778,0.0065,0.0024,Film,Y,2023-12-29
[Production] 23-0564-Store_Newsletter_Jan5,Email - English,287064,109177,0.380322854833765,2980,0.0272951262628576,0.0103809603433381,Store,N,2024-01-05
[Production] 23-0564-Store_Newsletter_Jan5,Email - French,16049,5353,0.333541030593806,186,0.0347468709135064,0.0115895071344009,Store,N,2024-01-05
[Production] 24_0001_MKTT_FridayWhatsOn_Jan05,Email - English,4029171,1433358,0.355745139632942,32650,0.0227786777622897,0.00810340390119953,Film,Y,2024-01-05
[Production] 24_0001_MKTT_FridayWhatsOn_Jan05,Email - French,236068,71454,0.302683972414728,2070,0.0289696867915022,0.00876865987766237,Film,Y,2024-01-05
24-0003-EVCN-January Arts Culture Newsletter,Email - English,42022,17951,0.427181000428347,1383,0.0770430616678737,0.0329113321593451,Film,Y,2024-01-05
24-0003-EVCN-January Arts Culture Newsletter,Email - French,3960,1828,0.461616161616162,208,0.113785557986871,0.0525252525252525,Film,Y,2024-01-05
[Production] 24_0002_MKTT_TuesDeals_Jan9,Email - English,992608,375088,0.3746,5093,0.0136,0.0051,Film,Y,2024-01-05
[Production] 24_0002_MKTT_TuesDeals_Jan9,Email - French,78073,27861,0.3515,803,0.0216,0.0076,Film,Y,2024-01-05
[Production] 23-0427-EVCN-Met-Carmen_FINAL,Email - English,184656,82411,0.446294731825665,1675,0.0203249566198687,0.00907092106403258,Film,Y,2024-01-05
[Production] 23-0427-EVCN-Met-Carmen_FINAL,Email - French,11061,5019,0.453756441551397,157,0.0312811316995417,0.0141940150076847,Film,Y,2024-01-05
[Production] 23-0682-MKTT-Mean Girls Dedicated Email_FINAL,Email - English,142801,61930,0.43368043641151,640,0.0103342483449055,0.00448176133220356,Film,Y,2024-01-05
[Production] 23-0682-MKTT-Mean Girls Dedicated Email_FINAL,Email - French,6955,2846,0.409202012940331,33,0.0115952213633169,0.00474478792235802,Film,Y,2024-01-05
[Production] 23-0713-MKTT-The Book of Clarence_FINAL,Email - English,111950,47590,0.425100491290755,609,0.0127968060516915,0.00543992853952657,Film,Y,2024-01-05
23-0714-MKTT-The Beekeeper - Dedicated Email_FINAL,Email - English,329347,123650,0.375439885591792,1793,0.0145006065507481,0.00544410606442445,Film,Y,2024-01-05
23-0714-MKTT-The Beekeeper - Dedicated Email_FINAL,Email - French,20018,6946,0.346987711060046,130,0.0187158076590844,0.00649415526026576,Film,Y,2024-01-05
[Production] (22858) Migration - English,Email - MDP Offer ,619604,205774,0.3321,1391,0.0068,0.0022,Film,Y,2024-01-05
[Production] (22858) Migration - French,Email - MDP Offer,50026,13798,0.2758,139,0.0101,0.0028,Film,Y,2024-01-05
[Production] (36897) Ferrari - English,Email - RFM Offer,160203,60613,0.3784,668,0.011,0.0042,Film,Y,2024-01-05
[Production] (26897) Ferrari - French,Email - RFM Offer,12643,4600,0.3638,60,0.013,0.0047,Film,Y,2024-01-05
[Production] (33558) Aquaman - English,Email - MDP Offer ,298326,101084,0.3388,644,0.0064,0.0022,Film,Y,2024-01-05
[Production] (33558) Aquaman - French,Email - MDP Offer,20636,5999,0.2907,86,0.0143,0.0042,Film,Y,2024-01-05
[Production] (35292) The Color Purple - English,Email - RFM Offer,61335,23565,0.3842,273,0.0116,0.0045,Film,Y,2024-01-05
[Production] (35292) The Color Purple - French,Email - RFM Offer,4890,1850,0.3783,34,0.0184,0.007,Film,Y,2024-01-05
[Production] (35677) Night Swim - English,Email - 2nd week offer email,289522,91692,0.3167,364,0.004,0.0013,Film,Y,2024-01-05
[Production] (35677) Night Swim - French,Email - 2nd week offer email,15413,4330,0.2809,31,0.0072,0.002,Film,Y,2024-01-05
[Production] (36736) Anyone But You - English,Email - MDP Offer ,790697,297053,0.3757,2100,0.0071,0.0027,Film,Y,2024-01-05
[Production] (36736) Anyone But You - French,Email - MDP Offer,59215,19985,0.3375,235,0.0118,0.004,Film,Y,2024-01-05
[Production] (37051) American Fiction - English,Email - 2nd week offer email,31529,13421,0.4257,244,0.0182,0.0077,Film,Y,2024-01-05
[Production] (37051) American Fiction - French,Email - 2nd week offer email,1150,504,0.4383,7,0.0139,0.0061,Film,Y,2024-01-05
[Production] (37167) Dunki - English,Email - MDP Offer ,322889,114701,0.3552,697,0.0061,0.0022,Film,Y,2024-01-05
[Production] 24_0001_MKTT_FridayWhatsOn_Jan12_FINAL,Email - English,3916219,1445051,0.368991366417455,30012,0.0207688171559343,0.00766351422124248,Film,Y,2024-01-12
[Production] 24_0001_MKTT_FridayWhatsOn_Jan12_FINAL,Email - French,232225,73662,0.317200990418775,1841,0.0249925334636583,0.0079276563677468,Film,Y,2024-01-12
[Production] 24-0091-STOR-Weekly Store Newsletter_Jan12_EN ONLY,Email - English,283925,106749,0.375976050013208,2273,0.0212929395123139,0.00800563529100995,Store,N,2024-01-12
[Production] CineClub Focus Group Opt-In Survey,Email - English,1487,761,0.511768661735037,194,0.254927726675427,0.130464021519839,CineClub,N,2024-01-12
[Production] CineClub Focus Group Opt-In Survey_Send2,Email - English,993,386,0.388721047331319,22,0.0569948186528497,0.0221550855991944,CineClub,N,2024-01-12
[Production] CineClub Focus Group Opt-In Survey_Send3,Email - English,9908,3662,0.369600322971336,220,0.0600764609503004,0.0222042793702059,CineClub,N,2024-01-12
[Production] 24_0002_MKTT_TuesDeals_Jan16_FINAL,Email - English,1416078,493221,0.348300729197121,13538,0.0274481419079885,0.00956020784165844,Film,Y,2024-01-12
[Production] 24_0002_MKTT_TuesDeals_Jan16_FINAL,Email - French,102083,30625,0.300000979595035,1370,0.044734693877551,0.0134204519851493,Film,Y,2024-01-12
[Production] (36897) Ferrari - English,Email - MDP - English,158896,58327,0.3671,772,0.0132,0.0049,Film,Y,2024-01-12
[Production] (26897) Ferrari - French,Email - MDP - French,12505,4642,0.3712,80,0.0172,0.0064,Film,Y,2024-01-12
[Production] (35292) The Color Purple - English,Email - MDP - English,61008,23745,0.3892,355,0.015,0.0058,Film,Y,2024-01-12
[Production] (35292) The Color Purple - French,Email - MDP - French,4868,1782,0.3661,43,0.0241,0.0088,Film,Y,2024-01-12
[Production] (35677) Night Swim - English,Email - RFM - English,246511,79050,0.3207,345,0.0044,0.0014,Film,Y,2024-01-12
[Production] (35677) Night Swim - French,Email - RFM - French,13287,3468,0.261,35,0.0101,0.0026,Film,Y,2024-01-12
[Production] (36891) The Beekeeper - English,Email - 2nd Week - English,245972,87459,0.3556,801,0.0092,0.0033,Film,Y,2024-01-12
[Production] (36891) The Beekeeper - French,Email - 2nd Week - French,14822,4585,0.3093,66,0.0144,0.0045,Film,Y,2024-01-12
[Production] (37051) American Fiction - English,Email - RFM - English,22860,9634,0.4214,141,0.0146,0.0062,Film,Y,2024-01-12
[Production] (37051) American Fiction - French,Email - RFM - French,892,406,0.4552,10,0.0246,0.0112,Film,Y,2024-01-12
[Production] (37052) Mean Girls - English,Email - 2nd Week - English,3125,1282,0.4102,4,0.0031,0.0013,Film,Y,2024-01-12
[Production] 23-0602-MKTB-National Popcorn Day 2024_SCENE_2,Email - English,2959141,1052532,0.355688356857615,26831,0.0254918615301007,0.00906715834088338,Brand,Y,2024-01-12
[Production] 23-0602-MKTB-National Popcorn Day 2024_SCENE_2,Email - French,153934,46594,0.302688165057752,2029,0.0435463793621496,0.0131809736640378,Brand,Y,2024-01-12
[Production] 23-0602-MKTB-National Popcorn Day 2024-STORE_2,Email - English,434714,185575,0.426889863220416,4325,0.0233059409942072,0.0099490699632402,Brand,Y,2024-01-12
[Production] 23-0602-MKTB-National Popcorn Day 2024-STORE_2,Email - French,23078,7382,0.319871739318832,204,0.0276347873205093,0.00883958748591732,Brand,Y,2024-01-12
[Production] 24-0016-MKTI-International Cinema January Newsletter_2.0,Email - English,838712,266406,0.317637043466649,4369,0.016399780785718,0.00520917788227663,Film,Y,2024-01-12
[Production] 24-0043-MKTT-National Theatre Dear England Offer_FINAL,Email - English - Offer,57542,23301,0.404939001077474,688,0.0295266297583795,0.0119564839595426,Film,Y,2024-01-12
[Production] 24-0043-MKTT-National Theatre Dear England Offer_FINAL,Email - French - Offer,2856,1169,0.409313725490196,29,0.0248075278015398,0.0101540616246499,Film,Y,2024-01-12
[Production] 24-0043-MKTT-National Theatre Dear England Offer_FINAL,Email - English - Control,3034,1193,0.393210283454186,42,0.0352053646269908,0.013843111404087,Film,Y,2024-01-12
[Production] 24-0043-MKTT-National Theatre Dear England Offer_FINAL,Email - French - Control,137,52,0.37956204379562,3,0.0576923076923077,0.0218978102189781,Film,Y,2024-01-12
[Production] 24_0001_MKTT_FridayWhatsOn_Jan19_FINAL,Email - English,3960748,1266406,0.319739099786202,23496,0.0185532917563562,0.00593221280424809,Film,Y,2024-01-19
[Production] 24_0001_MKTT_FridayWhatsOn_Jan19_FINAL,Email - French,233533,57597,0.246633238129087,1496,0.0259735750125875,0.00640594691114318,Film,Y,2024-01-19
[Production] 24-0027-RECR-TRR Super Bowl,Email - English,267071,100886,0.377749736961332,2653,0.0262970085046488,0.00993368804550101,LBE,N,2024-01-19
[Production] 24-0091-STOR-Weekly Store Newsletter_Jan19,Email - English,432020,136508,0.315976112217027,3705,0.0271412664459226,0.00857599185222906,Store,N,2024-01-19
[Production] 24-0091-STOR-Weekly Store Newsletter_Jan19,Email - French,22942,5997,0.261398308778659,279,0.0465232616308154,0.0121611019091622,Store,N,2024-01-19
[Production] 24-0004-EVCN-January Family Monthly Newsletter,Email - English,1313254,424299,0.323089821161786,11671,0.0275065460913177,0.00888708505742225,Film,Y,2024-01-19
[Production] 24-0004-EVCN-January Family Monthly Newsletter,Email - French,101260,23858,0.235611297649615,564,0.0236398692262553,0.00556982026466522,Film,Y,2024-01-19
[Production] 24-0027-RECR-TRR Valentine's Day Comedy Show,Email - English,265059,96654,0.364650889047344,3309,0.0342355205164815,0.0124840129933336,LBE,N,2024-01-19
[Production] 24-0013-MKTI-International Cinema 2024_FIGHTER_Jan22,Email - English,674905,251664,0.372888036093969,2756,0.0109511094157289,0.00408353768308132,Film,Y,2024-01-19
[Production] 24_0002_MKTT_TuesDeals_Jan23_FINAL,Email - English,1389404,467757,0.336660179472637,11209,0.0239632971820839,0.00806748793007649,Film,Y,2024-01-19
[Production] 24_0002_MKTT_TuesDeals_Jan23_FINAL,Email - French,100607,28700,0.285268420686433,951,0.0331358885017422,0.00945262258093373,Film,Y,2024-01-19
[Production] 24-0033-MKTT-Argylle Scene+ Points Offer,Email - English - No Offer,9742,3573,0.36676247177171,99,0.0277078085642317,0.010162184356395,Film,Y,2024-01-19
[Production] 24-0033-MKTT-Argylle Scene+ Points Offer,Email - English - Offer,181238,66598,0.367461569869453,1509,0.0226583380882309,0.00832606848453415,Film,Y,2024-01-19
[Production] 24-0033-MKTT-Argylle Scene+ Points Offer,Email - French - No Offer,699,232,0.331902718168813,7,0.0301724137931034,0.0100143061516452,Film,Y,2024-01-19
[Production] 24-0033-MKTT-Argylle Scene+ Points Offer,Email - French - Offer,14531,4976,0.342440300048173,124,0.02491961414791,0.00853348014589498,Film,Y,2024-01-19
[Production] (36891) The Beekeeper - English,Email - RFM - English,201206,65980,0.3279,521,0.0079,0.0026,Film,Y,2024-01-19
[Production] (36891) The Beekeeper - French,Email - RFM - French,12575,3635,0.2891,58,0.016,0.0046,Film,Y,2024-01-19
[Production] 24_0001_MKTT_FridayWhatsOn_Jan26_FINAL,Email - English,3929731,1240890,0.315769705356423,20878,0.016825020751235,0.00531283184523317,Film,Y,2024-01-26
[Production] 24_0001_MKTT_FridayWhatsOn_Jan26_FINAL,Email - French,232399,56286,0.242195534404193,1260,0.0223856731691717,0.00542171007620515,Film,Y,2024-01-26
[Production] 24-0089-MKTT-Dune: Part 2 Advance Ticketing_Jan26,Email - English,5635466,1856438,0.329420495128531,32750,0.0176413109406293,0.00581140938477847,Film,Y,2024-01-26
[Production] 24-0089-MKTT-Dune: Part 2 Advance Ticketing_Jan26,Email - French,348959,93910,0.269114709751002,2453,0.0261207539133213,0.00702947910786081,Film,Y,2024-01-26
[Production] 24-0091-STOR-Weekly Store Newsletter_Jan26,Email - English,424453,130821,0.308210803080671,3936,0.0300869126516385,0.0092731115105795,Store,N,2024-01-26
[Production] 23-0709-MKTT-Madame Web - Advance Ticketing,Email - English - 800 Offer,664191,263939,0.397384186175362,4005,0.0151739606499987,0.00602989200395669,Film,Y,2024-01-26
[Production] 23-0709-MKTT-Madame Web - Advance Ticketing,Email - English - Connect,484355,171948,0.35500407758772,1683,0.00978784283620629,0.00347472411764099,Film,Y,2024-01-26
[Production] 23-0709-MKTT-Madame Web - Advance Ticketing,Email - French - 800 Offer,29425,10882,0.36982158028887,290,0.026649512957177,0.00985556499575191,Film,Y,2024-01-26
[Production] 23-0709-MKTT-Madame Web - Advance Ticketing,Email - French - Connect,28246,8747,0.309672165970403,118,0.0134903395449869,0.00417758266657226,Film,Y,2024-01-26
[Production] 24_0002_MKTT_TuesDeals_Jan30_FINAL ,Email - English,1374730,536589,0.390323190735635,11644,0.021700034849764,0.00847002684163436,Film,Y,2024-01-26
[Production] 24_0002_MKTT_TuesDeals_Jan30_FINAL,Email - French,99893,36962,0.370015917031223,1538,0.0416103024728099,0.0153964742274233,Film,Y,2024-01-26
[Production] 24-0031-STOR-Q4 Store Dedicated Emails-Wonka,Email - English,521819,250924,0.48086405439434,3975,0.0158414500007971,0.00761758387486849,Store,N,2024-01-26
[Production] 24-0031-STOR-Q4 Store Dedicated Emails-Wonka,Email - French,29793,10819,0.363138992380761,227,0.0209816064331269,0.00761923941865539,Store,N,2024-01-26
[Production] 23-0709-MKTT-Madame Web - Advance Ticketing_Send2,Email - English - 800 Offer,704774,269511,0.382407693813903,3647,0.0135319152093978,0.00517470848811108,Film,Y,2024-01-26
[Production] 23-0709-MKTT-Madame Web - Advance Ticketing_Send2,Email - French - 800 Offer,31269,10998,0.351722152931018,227,0.0206401163847972,0.00725958617160766,Film,Y,2024-01-26
[Production] (36891) Beekeeper - English,Email - MDP - English,198739,69373,0.3491,582,0.0084,0.0029,Film,Y,2024-01-26
[Production] (36891) The Beekeeper - French,Email - MDP - French,12379,3936,0.318,57,0.0145,0.0046,Film,Y,2024-01-26
[Production] (37273) Fighter - English,Email - 2nd Week No-Offer - English,444379,170659,0.384,1581,0.0093,0.0036,Film,Y,2024-01-26
[Production] 23-0660-RECR-LBE Newsletter_2,Email - Avalon,26712,7877,0.294886193471099,252,0.0319918750793449,0.00943396226415094,LBE,N,2024-01-26
[Production] 23-0660-RECR-LBE Newsletter_2,Email - Barrie,8544,2728,0.319288389513109,101,0.0370234604105572,0.0118211610486891,LBE,N,2024-01-26
[Production] 23-0660-RECR-LBE Newsletter_2,Email - Burnaby,40834,15045,0.368442964196503,454,0.0301761382519109,0.0111181858255375,LBE,N,2024-01-26
[Production] 23-0660-RECR-LBE Newsletter_2,Email - Generic,171887,59430,0.34575040578985,1517,0.0255258287060407,0.00882556563323579,LBE,N,2024-01-26
[Production] 23-0660-RECR-LBE Newsletter_2 ,Email - Masonville,13297,4280,0.321877115138753,123,0.0287383177570093,0.00925020681356697,LBE,N,2024-01-26
[Production] 24-0106-MKTT-Feb Tues Promo_Initial,Email - English,5583740,2156064,0.386132592133588,171023,0.0793218568651023,0.0306287542041714,Film,Y,2024-01-26
[Production] 24-0106-MKTT-Feb Tues Promo_Initial,Email - French,346692,121207,0.349610028497917,11076,0.0913808608413706,0.0319476653629158,Film,Y,2024-01-26
[Production] Survey - Film Anticipation - February ,Email - English,87547,35583,0.406444538362251,4155,0.116769243739988,0.0474602213668087,Survey,N,2024-01-26
[Production] Survey - Film Anticipation - February,Email - French,9668,3619,0.374327678940836,605,0.167173252279635,0.0625775755068266,Survey,N,2024-01-26
[Production] 24_0001_MKTT_FridayWhatsOn_Feb2_FINAL,Email - English,3974280,1437880,0.361796350533933,26547,0.0184625977133001,0.00667970047404813,Film,Y,2024-02-02
[Production] 24_0001_MKTT_FridayWhatsOn_Feb2_FINAL,Email - French,235715,76235,0.323420232059903,2138,0.0280448612841871,0.00907027554461956,Film,Y,2024-02-02
[Production] 24-0091-STOR-Weekly Store Newsletter_Feb2,Email - English,421061,149000,0.353867966874158,3410,0.0228859060402685,0.00809858904054282,Store,N,2024-02-02
[Production] 24-0091-STOR-Weekly Store Newsletter_Feb2,Email - French,22413,5931,0.264623209744345,230,0.0387792952284606,0.0102619015749788,Store,N,2024-02-02
[Production] 24-0003-EVCN-February Arts Culture Newsletter,Email - English,56954,25556,0.448712996453278,1654,0.0647206135545469,0.0290409804403554,Film,Y,2024-02-02
[Production] 24-0003-EVCN-February Arts Culture Newsletter,Email - French,5477,2544,0.464487858316597,177,0.0695754716981132,0.0323169618404236,Film,Y,2024-02-02
[Production] 24-0027-RECR-TRR Super Bowl_Reminder_Email,Email - English,257036,102174,0.397508520207286,2409,0.0235774267426155,0.0093722280147528,LBE,N,2024-02-02
[Production] 24_0002_MKTT_TuesDeals_Feb6_FINAL,Email - English,1376200,547259,0.39765949716611,14314,0.0261558055692095,0.0104011044906264,Film,Y,2024-02-02
[Production] 24_0002_MKTT_TuesDeals_Feb6_FINAL,Email - French,99635,37524,0.376614643448587,1302,0.0346977934122162,0.0130676970943945,Film,Y,2024-02-02
[Production] 24-0027-RECR-TRR Valentine's Day Comedy Show_Reminder_Email,Email - English,259735,99714,0.383906674110151,2548,0.025553081813988,0.00980999865247271,LBE,N,2024-02-02
[Production] (36840) Argylle - English,Email - English - 2nd-Week No Offer,307618,120846,0.3928,1599,0.0132,0.0052,Film,Y,2024-02-02
[Production] (36840) Argylle - French,Email - French - 2nd-Week No Offer,854,374,0.4379,4,0.0107,0.0047,Film,Y,2024-02-02
[Production] (36840) Argylle Film Propensity - English,Email - English - 2nd-Week No Offer,43322,17215,0.3974,118,0.0069,0.0027,Film,Y,2024-02-02
[Production] (36840) Argylle Film Propensity - French,Email - French - 2nd-Week No Offer,3384,1498,0.4427,10,0.0067,0.003,Film,Y,2024-02-02
[Production] (37273) Fighter - English,Email - English - RFM Offer,418509,155391,0.3713,1046,0.0067,0.0025,Film,Y,2024-02-02
[Production] 24-0016-MKTI-International Cinema February Newsletter_FINAL,Email - English,778446,251848,0.323526615847471,3052,0.0121184206346685,0.00392063161735046,Film,Y,2024-02-02
[Production] 24-0032-MKTT-Lisa Frankenstein Dedicated_FINAL_NoPersonalization,Email - English,81309,32670,0.401800538685754,438,0.013406795224977,0.00538685754344537,Film,Y,2024-02-02
[Production] 24-0032-MKTT-Lisa Frankenstein Dedicated_FINAL_NoPersonalization,Email - French,3185,1189,0.37331240188383,28,0.0235492010092515,0.00879120879120879,Film,Y,2024-02-02
[Production] Scene Bonus Point - RFM Testing,Email - English - 250 (Week 3),190561,77154,0.4062,2581,0.0335,0.0136,Brand,Y,2024-02-02
[Production] Scene Bonus Point - RFM Testing,Email - French - 250 (Week 3),9864,3801,0.3865,268,0.0705,0.0273,Brand,Y,2024-02-02
[Production] Scene Bonus Point - RFM Testing,Email - English - 500 (Week 3),190236,76731,0.4049,2621,0.0342,0.0138,Brand,Y,2024-02-02
[Production] Scene Bonus Point - RFM Testing,Email - French - 500 (Week 3),9856,3769,0.3834,245,0.065,0.0249,Brand,Y,2024-02-02
[Production] 24_0001_MKTT_FridayWhatsOn_Feb9_5YearTest,Email - English,3878553,1435119,0.37001402327105,27153,0.0189203822122068,0.00700080674416464,Film,Y,2024-02-09
[Production] 24_0001_MKTT_FridayWhatsOn_Feb9_5YearTest,Email - French,229929,73753,0.320764235916305,1794,0.0243244342603013,0.00780240856960192,Film,Y,2024-02-09
[Production] 24_0001_MKTT_FridayWhatsOn_Feb9_5YearTest,Email - English - 5 Year,461072,152390,0.330512371169796,3776,0.024778528774854,0.008189610299476,Film,Y,2024-02-09
[Production] 24_0001_MKTT_FridayWhatsOn_Feb9_5YearTest,Email - French - 5 Year,33775,10403,0.3080088823094,318,0.0305681053542247,0.00941524796447076,Film,Y,2024-02-09
[Production] 24-0091-STOR-Weekly Store Newsletter_Feb09_EN Only,Email - English,419144,165271,0.394306014162197,3063,0.0185331969916077,0.00730775103544367,Store,N,2024-02-09
[Production] Giannis Documentary - Amazon Early Screening Time Change,Email - English,42484,25238,0.594058939836174,116,0.00459624375941041,0.00273043969494398,Film,Y,2024-02-09
[Production] CineClub - 500 Acquisition - Valentines,Email - English Offer,31842,13548,0.425475786696816,437,0.0322556834957189,0.0137240123107845,CineClub,N,2024-02-09
[Production] 24_0002_MKTT_TuesDeals_Feb13_FINAL,Email - English,1411510,557630,0.395059191929211,16662,0.0298800279755393,0.0118043797068388,Film,Y,2024-02-09
[Production] 24_0002_MKTT_TuesDeals_Feb13_FINAL,Email - French,101477,34498,0.339958808399933,1490,0.0431909096179489,0.0146831301674271,Film,Y,2024-02-09
[Production] Survey - Alcohol Awareness,Email - English - 18+ Provinces,12364,4828,0.390488515043675,533,0.11039768019884,0.0431090262051116,Survey,N,2024-02-09
[Production] Survey - Alcohol Awareness,Email - English - 19+ Provinces,14756,5804,0.393331526158851,709,0.122157133011716,0.048048251558688,Survey,N,2024-02-09
[Production] Survey - Alcohol Awareness,Email - French - 18+ Provinces,2468,808,0.327390599675851,146,0.180693069306931,0.0591572123176661,Survey,N,2024-02-09
[Production] Survey - Alcohol Awareness,Email - French - 19+ Provinces,30,13,0.433333333333333,1,0.0769230769230769,0.0333333333333333,Survey,N,2024-02-09
[Production] CineClub - 500 Acquisition - Valentines Reminder,Email - English Offer,26712,10871,0.406970649895178,226,0.020789255818232,0.00846061695118299,CineClub,N,2024-02-09
[Production] (36840) Argylle - English,Email - English - RFM Offer,264553,102069,0.3858,1135,0.0111,0.0043,Film,Y,2024-02-09
[Production] (36840) Argylle - French,Email - French - RFM Offer,21300,8156,0.3829,118,0.0145,0.0055,Film,Y,2024-02-09
[Production] (36840) Argylle Film Propensity - English,Email - English - RFM Offer,26080,10294,0.3947,72,0.007,0.0028,Film,Y,2024-02-09
[Production] (36840) Argylle Film Propensity - French,Email - French - RFM Offer,2402,1077,0.4484,9,0.0084,0.0037,Film,Y,2024-02-09
[Production] (37273) Fighter - English,Email - English - MDP Offer,415811,156296,0.3759,1083,0.0069,0.0026,Film,Y,2024-02-09
[Production] 24-0021-CPGC-BM&P Joint Email - Employee Appreciation_EN-FR_LBE,Email - English,10856,3264,0.30066322770818,445,0.136335784313725,0.0409911569638909,BM&P,N,2024-02-09
[Production] 24-0021-CPGC-BM&P Joint Email - Employee Appreciation_FR-EN_No_LBE_FINAL,Email - English,947,241,0.254487856388596,29,0.120331950207469,0.030623020063358,BM&P,N,2024-02-09
[Production] 24-0044-EVCN-Vanya Scene+ Offer Email_Feb15,Email - English - Control,2881,1252,0.434571329399514,21,0.0167731629392971,0.00728913571676501,Film,Y,2024-02-09
[Production] 24-0044-EVCN-Vanya Scene+ Offer Email_Feb15,Email - English - Offer,55545,24399,0.439265460437483,626,0.0256567892126726,0.0112701413268521,Film,Y,2024-02-09
[Production] 24-0044-EVCN-Vanya Scene+ Offer Email_Feb15,Email - French - Control,150,82,0.546666666666667,2,0.024390243902439,0.0133333333333333,Film,Y,2024-02-09
[Production] 24-0044-EVCN-Vanya Scene+ Offer Email_Feb15,Email - French - Offer,2725,1206,0.44256880733945,39,0.0323383084577114,0.0143119266055046,Film,Y,2024-02-09
[Production] 24-0045-MKTT-Bob Marley: One Love Scene+ Points Offer,Email - English - Control,14668,6503,0.443346059449141,115,0.0176841457788713,0.00784019634578675,Film,Y,2024-02-09
[Production] 24-0045-MKTT-Bob Marley: One Love Scene+ Points Offer,Email - English - Offer,277345,123188,0.444168815013791,2010,0.016316524336786,0.00724729127981395,Film,Y,2024-02-09
[Production] 24-0045-MKTT-Bob Marley: One Love Scene+ Points Offer,Email - French - Control,937,390,0.416221985058698,11,0.0282051282051282,0.0117395944503735,Film,Y,2024-02-09
[Production] 24-0045-MKTT-Bob Marley: One Love Scene+ Points Offer,Email - French - Offer,17508,7589,0.43345899017592,138,0.0181842139939386,0.00788211103495545,Film,Y,2024-02-09
[Production] 24_0001_MKTT_FridayWhatsOn_Feb16_5YearTest_FINAL,Email - English,3870609,1424097,0.367925822525603,21698,0.0152363216831438,0.00560583618753535,Film,Y,2024-02-16
[Production] 24_0001_MKTT_FridayWhatsOn_Feb16_5YearTest_FINAL,Email - English - 5 Year,459117,151831,0.330702195736599,3587,0.0236249514262568,0.00781282331083362,Film,Y,2024-02-16
[Production] 24_0001_MKTT_FridayWhatsOn_Feb16_5YearTest_FINAL,Email - French,228462,70224,0.307377156813825,1582,0.0225279106858054,0.00692456513555865,Film,Y,2024-02-16
[Production] 24_0001_MKTT_FridayWhatsOn_Feb16_5YearTest_FINAL,Email - French - 5 Year,34714,10746,0.309558103358875,330,0.0307091010608599,0.0095062510802558,Film,Y,2024-02-16
[Production] 24_0155_MKTT_Y&E_Theatre_IMAX_Dune2_FINAL,Email - English,769297,306635,0.39859118129929,4129,0.0134655208961795,0.00536723788081846,Film,Y,2024-02-16
[Production] 24-0064-RECR-LBE Spring Bonus Credit Offer_TRR Initial_2,Email - English,259006,103529,0.399716608881648,1877,0.0181301857450569,0.00724693636440855,LBE,N,2024-02-16
[Production] 24-0091-STOR-Weekly Store Newsletter_Feb16,Email - English,418396,163405,0.390551056893469,3938,0.0240996297542915,0.00941213587127984,Store,N,2024-02-16
[Production] 24-0091-STOR-Weekly Store Newsletter_Feb16,Email - French,22450,8052,0.358663697104677,312,0.0387481371087928,0.0138975501113586,Store,N,2024-02-16
[Production] 24-0004-EVCN-February Family Monthly Newsletter_EN,Email - English,1297153,496415,0.382695796101154,12738,0.0256599820714523,0.00981996726677578,Film,Y,2024-02-16
[Production] 24-0064-RECR-2024 LBE Spring Bonus Credit Offer_PDM-Initial,Email - English,61817,23651,0.382597020237152,371,0.0156864403196482,0.00600158532442532,LBE,N,2024-02-16
[Production] 24-0106-MKTT-Feb Tues Promo_Reminder,Email - English,5558072,2135820,0.384273539457567,108746,0.0509153393076196,0.019565417648422,Film,Y,2024-02-16
[Production] 24-0106-MKTT-Feb Tues Promo_Reminder,Email - French,343152,122746,0.357701543339395,10009,0.0815423720528571,0.0291678323308621,Film,Y,2024-02-16
[Production] 24_0002_MKTT_TuesDeals_Feb20_FINAL_2,Email - English,1383080,527138,0.381133412383955,13333,0.0252931869832947,0.00964007866500853,Film,Y,2024-02-16
[Production] 24_0002_MKTT_TuesDeals_Feb20_FINAL_2,Email - French,99340,40830,0.411012683712502,1104,0.0270389419544453,0.0111133480974431,Film,Y,2024-02-16
[Production] 24-0053-MKTT-Ordinary Angels_FINAL,Email - English,134335,54201,0.403476383667696,1533,0.028283611003487,0.0114117690847508,Film,Y,2024-02-16
[Production] 24-0109-MKTT-Scene Member Pricing Promo_Final_EN,Email - English,3147505,1311161,0.416571538408994,37616,0.0286890778478005,0.0119510532945937,Brand,Y,2024-02-16
[Production] 24-0128-MKTT-Drive Away Dolls - Dedicated Email,Email - English,204143,86468,0.42356583375379,1544,0.0178563167877134,0.00756332570795962,Film,Y,2024-02-16
[Production] 24-0128-MKTT-Drive Away Dolls - Dedicated Email,Email - French,10030,4045,0.403290129611167,89,0.0220024721878863,0.00887337986041874,Film,Y,2024-02-16
[Production] 24-0148-MKTT-Dune Part Two ScreenX & 4DX Scene+_Offer_FINAL,Email - English - Control,5841,2357,0.403526793357302,68,0.0288502333474756,0.0116418421503167,Film,Y,2024-02-16
[Production] 24-0148-MKTT-Dune Part Two ScreenX & 4DX Scene+_Offer_FINAL,Email - English - Offer,111297,45108,0.405293943232971,1340,0.0297064822204487,0.0120398573187058,Film,Y,2024-02-16
[Production] 24-0148-MKTT-Dune Part Two ScreenX & 4DX Scene+_Offer_FINAL,Email - French - Control,689,303,0.439767779390421,19,0.0627062706270627,0.0275761973875181,Film,Y,2024-02-16
[Production] 24-0148-MKTT-Dune Part Two ScreenX & 4DX Scene+_Offer_FINAL,Email - French - Offer,12969,5798,0.447066080653867,387,0.0667471541911004,0.0298403886190146,Film,Y,2024-02-16
[Production] Demon Slayer - Dedicated Email_FINAL,Email - English - Demon Slayer Films,29290,10653,0.363707750085353,685,0.0643011358302825,0.0233868214407648,Film,Y,2024-02-16
[Production] Demon Slayer - Dedicated Email_FINAL,Email - English - Non Demon Slayer Films,174703,60504,0.346324905697097,1963,0.0324441359248975,0.0112362123146139,Film,Y,2024-02-16
[Production] (35839) Bob Marley: One Love - English,Email - English - 2nd-Week No Offer,380241,159848,0.4204,2366,0.0148,0.0062,Film,Y,2024-02-16
[Production] (35839) Bob Marley: One Love - French,Email - French - 2nd-Week No Offer,23480,9818,0.4181,126,0.0128,0.0054,Film,Y,2024-02-16
[Production] (35927) Madame Web - English,Email - English - 2nd-Week No Offer,1611326,585706,0.3635,4339,0.0074,0.0027,Film,Y,2024-02-16
[Production] (35927) Madame Web - French,Email - French - 2nd-Week No Offer,77953,26272,0.337,278,0.0106,0.0036,Film,Y,2024-02-16
[Production] (35927) Madame Web Film Propensity - English,Email  - English - Propensity,498784,184905,0.3707,1272,0.0069,0.0026,Film,Y,2024-02-16
[Production] (35927) Madame Web Film Propensity - French,Email  - French - Propensity,35576,12420,0.3491,108,0.0087,0.003,Film,Y,2024-02-16
[Production] (36840) Argylle - English,Email - English - MDP Offer,262093,101125,0.3858,1087,0.0107,0.0041,Film,Y,2024-02-16
[Production] (36840) Argylle - French,Email - French - MDP Offer,21119,8159,0.3863,99,0.0121,0.0047,Film,Y,2024-02-16
[Production] (36840) Argylle Film Propensity - English,Email  - English - Propensity,25791,10211,0.3959,71,0.007,0.0028,Film,Y,2024-02-16
[Production] (36840) Argylle Film Propensity - French,Email  - French - Propensity,2376,1094,0.4604,12,0.011,0.0051,Film,Y,2024-02-16
[Production] 24-0017-EVCN-Stage Owned & Met Opera Assets_LaForza,Email - English,232180,101743,0.438207425273495,2020,0.0198539457259959,0.00870014643810836,Film,Y,2024-02-16
[Production] 24-0017-EVCN-Stage Owned & Met Opera Assets_LaForza,Email - French,13714,6154,0.448738515385737,223,0.0362365940851479,0.0162607554324048,Film,Y,2024-02-16
[Production] 24_0001_MKTT_FridayWhatsOn_Feb23_5YearTest_FINAL,Email - English,3823727,1425316,0.372755690978985,25385,0.017810085623118,0.00663881077284022,Film,Y,2024-02-23
[Production] 24_0001_MKTT_FridayWhatsOn_Feb23_5YearTest_FINAL,Email - English - 5 Year,458108,156299,0.341183738332446,3807,0.0243571615941241,0.00831026744785072,Film,Y,2024-02-23
[Production] 24_0001_MKTT_FridayWhatsOn_Feb23_5YearTest_FINAL,Email - French,225735,70224,0.311090437902851,1657,0.0235959216222374,0.00734046559018318,Film,Y,2024-02-23
[Production] 24_0001_MKTT_FridayWhatsOn_Feb23_5YearTest_FINAL,Email - French - 5 Year,34967,10904,0.311836874767638,321,0.0294387380777696,0.00918008407927474,Film,Y,2024-02-23
[Production] 24-0031-STOR-Store Dedicated Dune_FINAL_2,Email - English,614756,269618,0.438577256667686,5037,0.0186819871076857,0.00819349465478987,Store,N,2024-02-23
[Production] 24-0031-STOR-Store Dedicated Dune_FINAL_2,Email - French,45428,18401,0.40505855419565,737,0.0400521710776588,0.0162234745091133,Store,N,2024-02-23
[Production] 24-0091-STOR-Weekly Store Newsletter_Feb23_EN Only,Email - English,410302,162236,0.395406310473749,3657,0.0225412362237728,0.00891294704875921,Store,N,2024-02-23
[Production] 24-0109-MKTT-Scene Member Pricing Promo_Final_FR,Email - French,139023,56118,0.403659826071945,3108,0.0553832994761039,0.0223560130338145,Brand,Y,2024-02-23
[Production] CineClub Dune2_ScreenX Fan Event_Final _w French,Email - English,5238,2493,0.475945017182131,292,0.117127958283193,0.0557464681176021,CineClub,N,2024-02-23
[Production] CineClub Dune2_ScreenX Fan Event_Final _w French,Email - French,1769,935,0.528547201808932,139,0.148663101604278,0.0785754663651781,CineClub,N,2024-02-23
[Production] 24-0004-EVCN-February Family Monthly Newsletter_FR_FINAL,Email - French,98426,32499,0.330187145672891,1020,0.0313855810948029,0.010363115436978,Film,Y,2024-02-23
[Production] 24-0066-LBE Easter Events TRR_Initial and Reminder,Email - English_Initial_Feb26,255451,106656,0.417520385514247,3525,0.0330501800180018,0.0137991239024314,LBE,N,2024-02-23
[Production] 24_0002_MKTT_TuesDeals_Feb27_FINAL,Email - English,1379738,519705,0.376669338671545,7904,0.0152086279716378,0.00572862384017835,Film,Y,2024-02-23
[Production] 24_0002_MKTT_TuesDeals_Feb27_FINAL,Email - French,98783,31118,0.3150137169351,962,0.0309145831994344,0.00973851776115323,Film,Y,2024-02-23
[Production] 24-0066-LBE Easter Events_PDM-Initial_Reminder,Email - Initial English_Feb27,61113,23037,0.376957439497325,857,0.037201024438946,0.0140232029191825,LBE,N,2024-02-23
[Production] 24-0175-MKTT-Echo à Delta - Dedicated_FINAL_2,Email - French,7626,2982,0.391030684500393,51,0.017102615694165,0.00668764752163651,Film,Y,2024-02-23
[Production] (35839) Bob Marley: One Love - English,Email - English - RFM,322692,133773,0.4146,1490,0.0111,0.0046,Film,Y,2024-02-23
[Production] (35839) Bob Marley: One Love - French,Email - French - RFM,20537,8265,0.4024,119,0.0144,0.0058,Film,Y,2024-02-23
[Production] (35927) Madame Web - English,Email - English - RFM,1451006,517525,0.3567,3831,0.0074,0.0026,Film,Y,2024-02-23
[Production] (35927) Madame Web - French,Email - French - RFM,70838,22719,0.3207,298,0.0131,0.0042,Film,Y,2024-02-23
[Production] (35927) Madame Web Film Propensity - English,Email - English - Propensity RFM,478675,175360,0.3663,1306,0.0074,0.0027,Film,Y,2024-02-23
[Production] (35927) Madame Web Film Propensity - French,Email - French - Propensity RFM,34737,11736,0.3379,127,0.0108,0.0037,Film,Y,2024-02-23
[Production] 24-0041-MKTT-Ghostbusters: Frozen Empire – Advance Tickets_FINAL,Email - English,6743500,2371265,0.351637132053088,28616,0.0120678203406199,0.0042434937347075,Film,Y,2024-02-23
[Production] 24-0041-MKTT-Ghostbusters: Frozen Empire – Advance Tickets_FINAL,Email - French,435173,142705,0.327927054297946,2180,0.0152762692267265,0.00500950196818277,Film,Y,2024-02-23
[Production] 24-0166-MKTT-Ordinary Angels - Scene+ Points Offer Second Weekend Email_FINAL_2,Email - English,137249,54812,0.399361743983563,1402,0.0255783405093775,0.0102150106740304,Film,Y,2024-02-23
[Production] 23-0722-FOOD-Reese’s Caramel Big Cup LTO_FINAL_2,Email - English,6747101,2481139,0.367734083126961,19901,0.00802091297585504,0.0029495630790172,Brand,N,2024-03-01
[Production] 23-0722-FOOD-Reese’s Caramel Big Cup LTO_FINAL_2,Email - French,435113,142360,0.32717937639188,1836,0.0128968811463894,0.00421959353087589,Brand,N,2024-03-01
[Production] 24_0001_MKTT_FridayDeals_March1,Email - English,5035944,1748478,0.347199651147828,31683,0.0181203309392512,0.00629137258079121,Film,Y,2024-03-01
[Production] 24_0001_MKTT_FridayDeals_March1,Email - French,320466,99391,0.310145226014616,3054,0.0307271282108038,0.00952987212371983,Film,Y,2024-03-01
[Production] 24-0091-STOR-Weekly Store Newsletter_Mar1,Email - English,429995,159810,0.371655484366097,3063,0.0191665102308992,0.0071233386434726,Store,N,2024-03-01
[Production] 24-0091-STOR-Weekly Store Newsletter_Mar1,Email - French,22818,7771,0.340564466649137,245,0.0315274739415777,0.010737137347708,Store,N,2024-03-01
[Production] 24-0165-RECR-LBE Newsletter 2024_March_1,Email - Avalon,24552,8180,0.333170413815575,194,0.0237163814180929,0.00790159661127403,LBE,N,2024-03-01
[Production] 24-0165-RECR-LBE Newsletter 2024_March_1,Email - Barrie,8145,3028,0.371761817065684,124,0.0409511228533686,0.0152240638428484,LBE,N,2024-03-01
[Production] 24-0165-RECR-LBE Newsletter 2024_March_1,Email - Burnaby,37898,15345,0.404902633384347,457,0.029781687846204,0.0120586838355586,LBE,N,2024-03-01
[Production] 24-0165-RECR-LBE Newsletter 2024_March_1,Email - Masonville,12113,4453,0.367621563609345,120,0.0269481248596452,0.00990671179724263,LBE,N,2024-03-01
[Production] 24-0165-RECR-LBE Newsletter 2024_March_1,Email - Generic,158906,60614,0.381445634526072,1466,0.0241858316560531,0.00922557990258392,LBE,N,2024-03-01
[Production] Survey - Film Anticipation - March,Email - English,87651,34909,0.398272695120421,3631,0.10401329170128,0.0414256540142155,Survey,N,2024-03-01
[Production] Survey - Film Anticipation - March,Email - French,9645,3592,0.372420943494038,597,0.166202672605791,0.0618973561430793,Survey,N,2024-03-01
[Production] 24-0003-EVCN-Arts Culture Monthly Newsletter_March,Email - English,56811,24929,0.438805865061344,1849,0.0741706446307513,0.0325465138793544,Film,Y,2024-03-01
[Production] 24-0003-EVCN-Arts Culture Monthly Newsletter_March,Email - French,5502,2592,0.471101417666303,247,0.0952932098765432,0.0448927662668121,Film,Y,2024-03-01
[Production] 24-0067-RECR-TRR St. Patrick’s Day_FINAL,Email - English,253049,94556,0.37366676019269,1865,0.0197237615804391,0.00737011408857573,LBE,N,2024-03-01
[Production] 24-0064-RECR-LBE Spring Bonus Credit Offer_TRR_Reminder_LastChance,Email - Reminder - English_Mar4,252957,90673,0.358452227058354,1981,0.0218477385770847,0.00783137054914472,LBE,N,2024-03-01
[Production] 24_0002_MKTT_TuesdayDeals_March5_FINAL,Email - English,1371931,525432,0.38298719104678,14760,0.0280911706938291,0.0107585585572452,Film,Y,2024-03-01
[Production] 24_0002_MKTT_TuesdayDeals_March5_FINAL,Email - French,97095,31379,0.323178330501056,1122,0.0357563975907454,0.0115556928781091,Film,Y,2024-03-01
[Production] 24-0064-RECR-2024 LBE Spring Bonus Credit Offer_PDM-Reminder_LastChance,Email - Reminder - English_Mar5,60841,21932,0.360480596965862,294,0.0134050702170345,0.00483226771420588,LBE,N,2024-03-01
[Production] 24-0017-EVCN-The Met Romeo et Juliette_FINAL,Email - English,228386,98763,0.43243894109096,1649,0.0166965361522027,0.00722023241354549,Film,Y,2024-03-01
[Production] 24-0017-EVCN-The Met Romeo et Juliette_FINAL,Email - French,13548,5985,0.441762621789194,211,0.0352548036758563,0.0155742545025096,Film,Y,2024-03-01
[Production] 24-0055-MKTT-Imaginary - Dedicated Email_Mar6,Email - English,313292,104078,0.332207652924428,1313,0.0126155383462403,0.00419097838438262,Film,Y,2024-03-01
[Production] 24-0055-MKTT-Imaginary - Dedicated Email_Mar6,Email - French,16093,4980,0.309451314236003,134,0.0269076305220884,0.00832660162803704,Film,Y,2024-03-01
[Production] 24-0193-MKTT-Cabrini Dedicated Email_Mar6,Email - English,283875,108535,0.382333773667988,2748,0.0253190215137974,0.00968031704095112,Film,Y,2024-03-01
[Production] (35640) Dune: Part 2 - English,Email - 2nd week offer email - English,576592,201819,0.35,3426,0.017,0.0059,Film,Y,2024-03-01
[Production] (35640) Dune: Part 2 - French,Email - 2nd week offer email - French,50402,17879,0.3547,486,0.0272,0.0096,Film,Y,2024-03-01
[Production] (35839) Bob Marley: One Love - English,Email - MDP - English,319928,125157,0.3912,1485,0.0119,0.0046,Film,Y,2024-03-01
[Production] (35839) Bob Marley: One Love - French,Email - MDP - French,20282,7801,0.3846,135,0.0173,0.0067,Film,Y,2024-03-01
[Production] (35927) Madame Web - English,Email - MDP - English,1444966,485826,0.3362,4003,0.0082,0.0028,Film,Y,2024-03-01
[Production] (35927) Madame Web - French,Email - MDP - French,70236,21440,0.3053,295,0.0138,0.0042,Film,Y,2024-03-01
[Production] (35927) Madame Web Film Propensity - English,Email - Propensity - MDP - English,477386,164066,0.3437,1289,0.0079,0.0027,Film,Y,2024-03-01
[Production] (35927) Madame Web Film Propensity - French,Email - Propensity - MDP - French,34628,10983,0.3172,125,0.0114,0.0036,Film,Y,2024-03-01
[Production] 24-0016-MKTI-International Cinema March Newsletter,Email - English,797837,210164,0.3067,2917,0.0125663767343598,0.0037,Film,Y,2024-03-01
[Production] 24-0031-STOR-Store Dedicated Emails Award Season_FINAL_2,Email - English,369655,133989,0.362470411600005,2579,0.0192478487039981,0.00697677564215282,Store,N,2024-03-01
[Production] 24-0031-STOR-Store Dedicated Emails Award Season_FINAL_2,Email - French,22484,7843,0.348825831702544,269,0.0342981002167538,0.0119640633339263,Store,N,2024-03-01
[Production] 24-0091-STOR-Weekly Store Newsletter_Mar8_EN Only,Email - English,425014,136083,0.320184746855398,2737,0.0201127253220461,0.00643978786581148,Store,N,2024-03-08
[Production] 24-0130-MKTT-Brizicam Activation_FINAL,Email - English,283579,95283,0.336001608017519,1163,0.0122057449912366,0.00410114994410729,Film,Y,2024-03-08
[Production] 24-0194-MKTT-Weekly_Friday_March8_FINAL,Email - English,4998705,1795311,0.3611,27363,0.0152,0.0055,Film,Y,2024-03-08
[Production] 24-0194-MKTT-Weekly_Friday_March8_FINAL,Email - French,318098,97562,0.3081,2221,0.0228,0.007,Film,Y,2024-03-08
[Production] 24-0067-RECR-TRR St. Patrick’s Day_FINAL,Email - English - Reminder,252050,99128,0.393287046220988,2187,0.0220623839883787,0.00867684983138266,LBE,N,2024-03-08
[Production] 24-0150-MKTT-Love Lies Bleeding_FINAL,Email - English,259761,98413,0.378859798045126,1226,0.0124577037586498,0.00471972313010806,Film,Y,2024-03-08
[Production] 24-0150-MKTT-Love Lies Bleeding_FINAL,Email - French,9812,3401,0.346616388096209,54,0.0158776830344016,0.00550346514472075,Film,Y,2024-03-08
[Production] 24-0087-MKTB-Enhanced Experience_Frequency,Email - English - Initial - Frequency,9120,3825,0.419407894736842,80,0.0209150326797386,0.0087719298245614,Film,Y,2024-03-08
[Production] 24-0087-MKTB-Enhanced Experience_Frequency,Email - French - Initial - Frequency,821,315,0.3836784409257,7,0.0222222222222222,0.00852618757612668,Film,Y,2024-03-08
[Production] 24-0087-MKTB-Enhanced Experience_Trial,Email - Weekday - Initial - English,149850,59513,0.39715048381715,829,0.0139297296389024,0.0055321988655322,Film,Y,2024-03-08
[Production] 24-0087-MKTB-Enhanced Experience_Trial,Email - Weekday - Initial - French,8120,3321,0.408990147783251,117,0.035230352303523,0.0144088669950739,Film,Y,2024-03-08
[Production] 24-0079-GREV-GandE Grad Celebrations Campaign_EN-FR_LBE,Email - English - French,2496,676,0.270833333333333,96,0.142011834319527,0.0384615384615385,BM&P,N,2024-03-08
[Production] 24-0079-GREV-GandE Grad Celebrations Campaign_FR_EN_CPX Only,Email - French - English,109,39,0.357798165137615,1,0.0256410256410256,0.00917431192660551,BM&P,N,2024-03-08
[Production] 24-0194-MKTT-Weekly_Tuesday_March12_FINAL,Email - English,1361948,514624,0.377858772875323,10922,0.0212232620320856,0.00801939574785528,Film,Y,2024-03-08
[Production] 24-0194-MKTT-Weekly_Tuesday_March12_FINAL,Email - French,97348,32090,0.329642108723343,954,0.0297288875038953,0.00979989316678309,Film,Y,2024-03-08
[Production] 24-0133-MKTT-One Life - Dedicated Email_FINAL,Email - English,376862,162292,0.430640393565815,4041,0.0248995637492914,0.0107227579326119,Film,Y,2024-03-08
[Production] 24-0150-MKTT-Love Lies Bleeding_Resend,Email - English,166293,18149,0.109138688940605,471,0.0259518430767535,0.00283235012898919,Film,Y,2024-03-08
[Production] 24-0150-MKTT-Love Lies Bleeding_Resend,Email - French,6663,853,0.128020411226174,22,0.0257913247362251,0.00330181599879934,Film,Y,2024-03-08
[Production] 24-0151-MKTT-Godzilla x Kong: The New Empire Advance Ticketing Dedicated Email_FINAL,Email - English,6655629,2342321,0.351930824269201,29937,0.012780912607623,0.00449799710891337,Film,Y,2024-03-08
[Production] 24-0151-MKTT-Godzilla x Kong: The New Empire Advance Ticketing Dedicated Email_FINAL,Email - French,431113,134517,0.312022601962826,1983,0.0147416311692946,0.0045997221146196,Film,Y,2024-03-08
[Production] (35640) Dune: Part 2 - English,Email - RFM Offer - English,599620,217899,0.3634,3162,0.0145,0.0053,Film,Y,2024-03-08
[Production] (35640) Dune: Part 2 - French,Email - RFM Offer - French,56245,21148,0.376,570,0.027,0.0101,Film,Y,2024-03-08
[Production] (36155) Kung Fu Panda 4 - English,Email - 2nd Week No-Offer - English,1065806,370099,0.3472,4644,0.0125,0.0044,Film,Y,2024-03-08
[Production] (36155) Kung Fu Panda 4 - French,Email - 2nd Week No-Offer - French,64395,20223,0.314,229,0.0113,0.0036,Film,Y,2024-03-08
[Production] 24-0087-MKTB-Enhanced Experience_Trial,Email - Weekend - Initial - English,151940,57935,0.381301829669606,851,0.0146888754638819,0.00560089509016717,Film,Y,2024-03-08
[Production] 24-0087-MKTB-Enhanced Experience_Trial,Email - Weekend - Initial - French,8514,3394,0.398637538172422,116,0.0341779611078374,0.0136246182757811,Film,Y,2024-03-08
[Production] 24-0091-STOR-Weekly Store Newsletter_Mar15_FINAL,Email - English,421203,156106,0.370619392549436,3013,0.0193009877903476,0.0071533203704627,Store,N,2024-03-15
[Production] 24-0091-STOR-Weekly Store Newsletter_Mar15_FINAL,Email - French,22429,7848,0.349904141959071,287,0.0365698267074414,0.0127959338356592,Store,N,2024-03-15
[Production] 24-0194-MKTT-Weekly_Friday_March15,Email - English,4971049,1713996,0.344795635689771,24008,0.0140070338553882,0.00482956414229673,Film,Y,2024-03-15
[Production] 24-0194-MKTT-Weekly_Friday_March15,Email - French,317204,94342,0.297417434836887,2081,0.0220580441372877,0.00656044690483096,Film,Y,2024-03-15
[Production] 24-0004-EVCN-March Family Monthly Newsletter,Email - English,1258369,403795,0.32088759338477,9815,0.0243068883963397,0.00779977892017365,Film,Y,2024-03-15
[Production] 24-0004-EVCN-March Family Monthly Newsletter,Email - French,95197,30208,0.317320923978697,782,0.0258871822033898,0.00821454457598454,Film,Y,2024-03-15
[Production] 24-0087-MKTB-Enhanced Experience_Frequency,Email - English - Reminder - Frequency,9069,3741,0.412504134965266,65,0.0173750334135258,0.00716727312823906,Film,Y,2024-03-15
[Production] 24-0087-MKTB-Enhanced Experience_Frequency,Email - French - Reminder - Frequency,820,307,0.374390243902439,9,0.0293159609120521,0.0109756097560976,Film,Y,2024-03-15
[Production] 24-0087-MKTB-Enhanced Experience_Trial,Email - Weekday - Reminder - English,149437,58272,0.389943588267966,923,0.0158395112575508,0.0061765158561802,Film,Y,2024-03-15
[Production] 24-0087-MKTB-Enhanced Experience_Trial,Email - Weekday - Reminder - French,8107,3307,0.407919082274578,115,0.0347747202902933,0.0141852719871716,Film,Y,2024-03-15
[Production] 24-0164-GREV-Faith Based Film Email_FINAL_EN_2,Email - English,58,30,0.526315789473684,2,0.0666666666666667,0.0350877192982456,Film,Y,2024-03-15
[Production] 24-0164-GREV-Faith Based Film Email_FINAL_FR_2,Email - French,3,3,1.0,0,0.0,0.0,Film,Y,2024-03-15
[Production] 24-0194-MKTT-Weekly_Tuesday_March19,Email - English,1355459,502716,0.370882483350658,8669,0.0172443288059262,0.00639561949125721,Film,Y,2024-03-15
[Production] 24-0194-MKTT-Weekly_Tuesday_March19,Email - French,96874,34325,0.35432623820633,1055,0.0307356154406409,0.0108904349980387,Film,Y,2024-03-15
[Production] 24-0069-CPGC-CPX Easter E-Gift Card Offer_FINAL,Email - English,6621903,2426027,0.366364019527317,30300,0.0124895559694925,0.00457572392709467,BM&P,N,2024-03-15
[Production] 24-0069-CPGC-CPX Easter E-Gift Card Offer_FINAL,Email - French,429078,150214,0.350085532234232,3103,0.020657195734086,0.00723178536303423,BM&P,N,2024-03-15
[Production] 24-0112-MKTT-Queen of My Dreams - Dedicated Email_Mar20_FINAL,Email - English,424389,159887,0.376746334141554,1175,0.00734894018900849,0.00276868627603449,Film,Y,2024-03-15
[Production] 24-0168-MKTT-Ghostbusters UltraAVX Pins,Email - English,5126459,1808301,0.352738800797978,18243,0.0100884753146738,0.00355859668437805,Film,Y,2024-03-15
[Production] 24-0168-MKTT-Ghostbusters UltraAVX Pins,Email - French,336329,109308,0.325003196275076,1486,0.0135946133860285,0.00441829280258318,Film,Y,2024-03-15
[Production] (35640) Dune: Part 2 - English,Email - MDP Offer - English,485263,172154,0.3534,2777,0.016,0.0057,Film,Y,2024-03-15
[Production] (35640) Dune: Part 2 - English,Email - Watch It Again - 1000 pts - English,113459,44433,0.3916,958,0.0216,0.00844357873769379,Film,Y,2024-03-15
[Production] (35640) Dune: Part 2 - French,Email - MDP Offer - French,42142,14992,0.3612,482,0.0325,0.0119,Film,Y,2024-03-15
[Production] (35640) Dune: Part 2 - French,Email - Watch It Again - 1000 pts - French,14001,5792,0.4137,149,0.0257,0.0106,Film,Y,2024-03-15
[Production] (36155) Kung Fu Panda 4 - English,Email - RFM Offer - English,962745,323008,0.3355,2974,0.0092,0.0031,Film,Y,2024-03-15
[Production] (36155) Kung Fu Panda 4 - French,Email - RFM Offer - French,59758,17680,0.2959,263,0.0149,0.0044,Film,Y,2024-03-15
[Production] 24-0087-MKTB-Enhanced Experience_Trial,Email - Weekend - Reminder - English,151681,56875,0.374964563788477,810,0.0142417582417582,0.00534015466670183,Film,Y,2024-03-15
[Production] 24-0087-MKTB-Enhanced Experience_Trial,Email - Weekend - Reminder - French,8510,3319,0.390011750881316,80,0.0241036456764086,0.00940070505287897,Film,Y,2024-03-15
[Production] 24-0066-LBE Easter Events TRR_Reminder_Only Version 1.0,Email - English_Reminder_Mar22,249695,120734,0.483525901599952,2629,0.0218,0.0105,LBE,N,2024-03-22
[Production] 24-0091-STOR-Weekly Store Newsletter_Mar22_FINAL Version 1.0,Email - English,420436,153400,0.364859336498302,2952,0.0192438070404172,0.00702128266846797,Store,N,2024-03-22
[Production] 24-0194-MKTT-Weekly_Friday_March22 Version 1.0,Email - English,2770241,929503,0.335531457371398,13992,0.0150532058530204,0.00505082409797559,Film,Y,2024-03-22
[Production] 24-0194-MKTT-Weekly_Friday_March22 Version 1.0,Email - English - With Block,3376122,1248593,0.369830533375275,16048,0.012852867187306,0.00475338272728296,Film,Y,2024-03-22
[Production] 24-0194-MKTT-Weekly_Friday_March22 Version 1.0,Email - French,159952,45030,0.281521956586976,953,0.0211636686653342,0.00595803741122337,Film,Y,2024-03-22
[Production] 24-0194-MKTT-Weekly_Friday_March22 Version 1.0,Email - French - With Block,246611,73973,0.299958233817632,1722,0.0232787638733051,0.0069826568968943,Film,Y,2024-03-22
[Production] 24-0066-LBE Easter Events_PDM-Reminder-Only Version 1.0,Email - English_Reminder_Brampton,22606,8862,0.392019817747501,218,0.0245994132250056,0.00964345748916217,LBE,N,2024-03-22
[Production] 24-0031-STOR-Store Dedicated Emails Godzilla Vs Kong_FINAL Version 1.0,Email - English,623367,234926,0.376866276206472,2227,0.00947958080416812,0.0035725343176652,Store,N,2024-03-22
[Production] 24-0031-STOR-Store Dedicated Emails Godzilla Vs Kong_FINAL Version 1.0,Email - French,32507,11642,0.358138247146768,147,0.01262669644391,0.00452210293167625,Store,N,2024-03-22
[Production] 24-0064-RECR-LBE Spring Bonus Credit Offer_TRR_Reminder_LastChance Version 1.0,Email - English_LastChance_Mar25,250871,92802,0.369919201501967,1892,0.0203874916488869,0.00754172463138426,LBE,N,2024-03-22
[Production] 24-0064-RECR-2024 LBE Spring Bonus Credit Offer_PDM-Reminder_LastChance Version 1.0,Email - Last Chance English_Mar26,60276,21755,0.360923087132524,307,0.0141116984601241,0.00509323777291127,LBE,N,2024-03-22
[Production] 24-0194-MKTT-Weekly_Tuesday_March26 Version 1.0,Email - English,1380065,511745,0.37081224435081,8662,0.0169263988900722,0.00627651596120473,Film,Y,2024-03-22
[Production] 24-0194-MKTT-Weekly_Tuesday_March26 Version 1.0,Email - French,98120,33872,0.345209947003669,768,0.0226735947094946,0.00782715042804729,Film,Y,2024-03-22
[Production] 24-0069-CPGC-CPX Easter E-Gift Card Offer_FINAL Version 1.0,Email - English - Reminder,6610016,2390001,0.361572649748503,28589,0.0119619196812052,0.00432510299521211,BM&P,N,2024-03-22
[Production] 24-0069-CPGC-CPX Easter E-Gift Card Offer_FINAL Version 1.0,Email - French - Reminder,428438,148409,0.3463955111358,2858,0.0192575921945435,0.00667074349147368,BM&P,N,2024-03-22
[Production] 24-0142-MKTT-The Fall Guy Scene+ Points Offer_FINAL_2 Version 1.0,Email - English - Control,33826,12879,0.380742624017028,173,0.0134327199316717,0.00511440903447053,Film,Y,2024-03-22
[Production] 24-0142-MKTT-The Fall Guy Scene+ Points Offer_FINAL_2 Version 1.0,Email - English - Offer,639027,240229,0.375929342578639,3041,0.0126587547714889,0.00475879735911002,Film,Y,2024-03-22
[Production] 24-0142-MKTT-The Fall Guy Scene+ Points Offer_FINAL_2 Version 1.0,Email - French - Control,2001,725,0.36231884057971,20,0.0275862068965517,0.00999500249875063,Film,Y,2024-03-22
[Production] 24-0142-MKTT-The Fall Guy Scene+ Points Offer_FINAL_2 Version 1.0,Email - French - Offer,37845,13487,0.356374686220108,242,0.0179432045673612,0.00639450389747655,Film,Y,2024-03-22
[Production] CineClub - Saskatchewan Win-Back Offer Version 1.0,Email - English,12036,4125,0.34272183449651,83,0.0201212121212121,0.00689597873047524,CineClub,N,2024-03-22
[Production] CineClub Fall Guy - Early Screenings Message Version 1.0,Email - English,97304,45542,0.468038312916221,3631,0.079728602169426,0.0373160404505467,CineClub,Y,2024-03-22
[Production] CineClub Fall Guy - Early Screenings Message Version 1.0,Email - French,4435,1987,0.448027057497182,129,0.0649219929542023,0.029086809470124,CineClub,Y,2024-03-22
[Production] (36065) Ghostbusters: Frozen Empire_2 - English Version 1.0,Email - 2nd week offer - English,1005433,350499,0.3486,2824,0.0081,0.0028,Film,Y,2024-03-22
[Production] (36065) Ghostbusters: Frozen Empire_2 - French Version 1.0,Email - 2nd week offer - French,75943,25013,0.3294,254,0.0102,0.0033,Film,Y,2024-03-22
[Production] (36155) Kung Fu Panda 4 - English Version 1.0,Email - MDP Week 4 - English,952986,316973,0.3326,3738,0.0118,0.0039,Film,Y,2024-03-22
[Production] (36155) Kung Fu Panda 4 - French Version 1.0,Email - MDP Week 4 - French,59301,17744,0.2992,272,0.0153,0.0046,Film,Y,2024-03-22
[Production] Dedicated_Kubrick-Month-With-Offer Version 1.0,Email - English No Offer,41958,11798,0.281185947852615,603,0.0511103576877437,0.0143715143715144,Film,Y,2024-03-22
[Production] Dedicated_Kubrick-Month-With-Offer Version 1.0,Email - English Scene Offer,125395,41855,0.333785238645879,2867,0.0684983872894517,0.0228637505482675,Film,Y,2024-03-22
[Production] 24-0091-STOR-Weekly Store Newsletter_Mar29 Version 1.0,Email - English,421524,161173,0.382357825414449,3776,0.0234282417030148,0.00895797155084883,Store,N,2024-03-29
[Production] 24-0091-STOR-Weekly Store Newsletter_Mar29 Version 1.0,Email - French,22557,8185,0.362858536152857,338,0.0412950519242517,0.0149842620915902,Store,N,2024-03-29
[Production] 24-0194-MKTT-Weekly_Friday_March29 Version 1.0,Email - English,4947682,1724641,0.348575555179173,24812,0.0143867622305164,0.005014873631733,Film,Y,2024-03-29
[Production] 24-0194-MKTT-Weekly_Friday_March29 Version 1.0,Email - French,316295,87808,0.277614252517428,1715,0.01953125,0.00542215336948102,Film,Y,2024-03-29
[Production] 24-0165-RECR-LBE Newsletter 2024_April_1_FINAL Version 1.0,Email - Avalon,24277,8175,0.336738476747539,126,0.0154128440366972,0.00519009762326482,LBE,N,2024-03-29
[Production] 24-0165-RECR-LBE Newsletter 2024_April_1_FINAL Version 1.0,Email - Barrie,8351,3141,0.376122620045504,72,0.0229226361031519,0.00862172194946713,LBE,N,2024-03-29
[Production] 24-0165-RECR-LBE Newsletter 2024_April_1_FINAL Version 1.0,Email - Burnaby,37692,15136,0.401570625066327,433,0.0286072938689218,0.011487848880399,LBE,N,2024-03-29
[Production] 24-0165-RECR-LBE Newsletter 2024_April_1_FINAL Version 1.0,Email - Generic,158095,60843,0.384850880799519,1327,0.021810232894499,0.00839368733989057,LBE,N,2024-03-29
[Production] 24-0165-RECR-LBE Newsletter 2024_April_1_FINAL Version 1.0,Email - Masonville,12046,4423,0.367175826000332,98,0.0221569070766448,0.00813548065747966,LBE,N,2024-03-29
[Production] Survey - Film Anticipation - April Version 1.0,Email - English,87337,35572,0.407295876890665,3924,0.110311480940065,0.0449294113605917,Survey,N,2024-03-29
[Production] Survey - Film Anticipation - April Version 1.0,Email - French,9638,3765,0.390641211869682,641,0.170252324037185,0.0665075741855157,Survey,N,2024-03-29
[Production] 24-0194-MKTT-Weekly_Tuesday_April2 Version 1.0,Email - English,1377697,515504,0.374178066730203,6150,0.0119300723175766,0.00446397139574231,Film,Y,2024-03-29
[Production] 24-0194-MKTT-Weekly_Tuesday_April2 Version 1.0,Email - French,97843,31706,0.324049753176006,789,0.02488487983347,0.00806393916785054,Film,Y,2024-03-29
[Production] 24-0017-EVCN-The Met La Rondine Version 1.0,Email - English,228661,99181,0.433746900433393,1814,0.0182897934080116,0.00793314120029213,Film,Y,2024-03-29
[Production] 24-0017-EVCN-The Met La Rondine Version 1.0,Email - French,13629,6007,0.440751339056424,159,0.0264691193607458,0.011666299801893,Film,Y,2024-03-29
[Production] 24-0153-MKTT-Monkey Man Dedicated Email_April3 Version 1.0,Email - English,685325,254297,0.371060445773903,2634,0.0103579672587565,0.00384343194834568,Film,Y,2024-03-29
[Production] 24-0153-MKTT-Monkey Man Dedicated Email_April3 Version 1.0,Email - French,23398,7521,0.321437729720489,121,0.0160882861321633,0.00517138216941619,Film,Y,2024-03-29
[Production] (36065) Ghostbusters: Frozen Empire - English Version 1.0,Email - RFM Offer - English,888174,324638,0.3655,2474,0.0076,0.0028,Film,Y,2024-03-29
[Production] (36065) Ghostbusters: Frozen Empire - French Version 1.0,Email - RFM Offer - French,69806,24058,0.3446,270,0.0112,0.0039,Film,Y,2024-03-29
[Production] (36072) Godzilla x Kong - English Version 1.0,Email - 2nd Week 800 Offer -English,323877,116989,0.3612,1775,0.0152,0.0055,Film,Y,2024-03-29
[Production] (36072) Godzilla x Kong - French Version 1.0,Email - 2nd Week 800 Offer - French,15639,5120,0.3274,84,0.0164,0.0054,Film,Y,2024-03-29
[Production] 24-0091-STOR-Weekly Store Newsletter_Apr5_EN-Only Version 1.0,Email - English,429164,165313,0.385197733267469,3318,0.0200710167984369,0.00773131017513119,Store,N,2024-04-05
[Production] 24-0194-MKTT-Weekly_Friday_April5 Version 1.0,Email - English,4948812,1712387,0.346019812431751,21571,0.0125970356000133,0.0043588238955127,Film,Y,2024-04-05
[Production] 24-0194-MKTT-Weekly_Friday_April5 Version 1.0,Email - French,316226,99671,0.315189136883115,1692,0.0169758505483039,0.00535060368217667,Film,Y,2024-04-05
[Production] 24-0209-MKTT-One Summer – Les Apre`s-Midi Francos_Apr5 Version 1.0,Email - English,1257,588,0.467780429594272,48,0.0816326530612245,0.0381861575178998,Film,Y,2024-04-05
[Production] 24-0209-MKTT-One Summer – Les Apre`s-Midi Francos_Apr5 Version 1.0,Email - French,569,225,0.395430579964851,15,0.0666666666666667,0.0263620386643234,Film,Y,2024-04-05
[Production] 24-0139-RECR-TRR Mothers Day Drag Brunch_Initial_April5 Version 1.0,Email - English_Initial_Apr5,259013,95392,0.368290394690614,1413,0.0148125628983563,0.00545532463621517,LBE,N,2024-04-05
[Production] CineClub Civil War -  Fan Event Version 1.0,Email - Calgary,8438,3842,0.455321166153117,325,0.0845913586673608,0.0385162360748993,CineClub,N,2024-04-05
[Production] CineClub Civil War -  Fan Event Version 1.0,Email - GTA,42103,19410,0.461012279410018,1778,0.091602266872746,0.0422297698501294,CineClub,N,2024-04-05
[Production] CineClub Civil War -  Fan Event Version 1.0,Email - Ottawa,1417,654,0.461538461538462,54,0.0825688073394495,0.0381086803105152,CineClub,N,2024-04-05
[Production] CineClub Civil War -  Fan Event Version 1.0,Email - Vancouver,15768,7303,0.463153221714866,635,0.0869505682596193,0.040271435819381,CineClub,N,2024-04-05
[Production] 24-0003-EVCN-Arts Culture Monthly Newsletter_April Version 1.0,Email - English,60066,26302,0.437884993174175,1982,0.075355486274808,0.0329970365930809,Film,Y,2024-04-05
[Production] 24-0003-EVCN-Arts Culture Monthly Newsletter_April Version 1.0,Email - French,5721,2317,0.404999126026918,262,0.113077255071213,0.0457961894773641,Film,Y,2024-04-05
[Production] 24-0013-MKTI-International Cinema 2024_Bade Version 1.0,Email - English,584417,224913,0.384850201140624,1806,0.00802977151165117,0.00309025918137221,Film,Y,2024-04-05
[Production] 24-0059-CPGC-B2B Admin Day_EN_FR Version 1.0,Email - English_French,1205,366,0.303734439834025,36,0.0983606557377049,0.0298755186721992,BM&P,N,2024-04-05
[Production] 24-0059-CPGC-B2B Admin Day_FR_EN Version 1.0,Email - French_English,124,32,0.258064516129032,8,0.25,0.0645161290322581,BM&P,N,2024-04-05
[Production] 24-0194-MKTT-Weekly_Tuesday_April9 Version 1.0,Email - English,1361075,494098,0.36302040666385,7458,0.0150941716015851,0.00547949231306137,Film,Y,2024-04-05
[Production] 24-0194-MKTT-Weekly_Tuesday_April9 Version 1.0,Email - French,96716,33255,0.343841763513793,725,0.0218012328973087,0.00749617436618553,Film,Y,2024-04-05
[Production] 24-0180-BMPT-Book Movie Club Launch_The_Notebook_EN Only Version 1.0,Email - English,101852,40993,0.402476141852885,479,0.0116849218159198,0.004702902250324,BM&P,N,2024-04-05
[Production] 24-0182-GREV-G&E Email - Newsletter April_CPX Only_FR-EN Version 1.0,Email - French - English,694,140,0.201729106628242,14,0.1,0.0201729106628242,BM&P,N,2024-04-05
[Production] 24-0212-MKTT-Civil War - Dedicated Email Version 1.0,Email - English,458069,175113,0.382285201574435,2595,0.014819002586901,0.00566508539106554,Film,Y,2024-04-05
[Production] 24-0212-MKTT-Civil War - Dedicated Email Version 1.0,Email - French,28328,11053,0.390179327873482,259,0.0234325522482584,0.00914289748658571,Film,Y,2024-04-05
24-0182-GREV-G&E Email - Newsletter April_CPX_LBE_EN-FR Version 1.0,Email - English - French,6614,1652,0.249773208345933,242,0.146489104116223,0.0365890535228304,BM&P,N,2024-04-05
[Production] (36065) Ghostbusters: Frozen Empire - English Version 1.0,Email - MDP Offer - English,883170,305125,0.3455,2418,0.0079,0.0027,Film,Y,2024-04-05
[Production] (36065) Ghostbusters: Frozen Empire - French Version 1.0,Email - MDP Offer - French,69411,22947,0.3306,263,0.0115,0.0038,Film,Y,2024-04-05
[Production] (36072) Godzilla x Kong - English Version 1.0,Email - RFM Offer - English,283622,90579,0.3194,804,0.0089,0.0028,Film,Y,2024-04-05
[Production] (36072) Godzilla x Kong - French Version 1.0,Email - RFM Offer - French,14036,4120,0.2935,51,0.0124,0.0036,Film,Y,2024-04-05
[Production] (36611) Monkey Man - English Version 1.0,Email - 2nd Week Offer - English,643106,234503,0.3646,1839,0.0078,0.0029,Film,Y,2024-04-05
[Production] (36611) Monkey Man - French Version 1.0,Email - 2nd Week Offer - French,22258,7260,0.3262,75,0.0103,0.0034,Film,Y,2024-04-05
[Production] 24-0016-MKTI-International Cinema April Newsletter Version 1.0,Email - English,745191,240840,0.323192309085858,1782,0.00739910313901345,0.00239133322866218,Film,Y,2024-04-05
[Production] 24-0091-STOR-Weekly Store Newsletter_Apr12,Email - English,410147,145828,0.355550570892875,2476,0.0169789066571577,0.00603685995508927,Store,N,2024-04-12
[Production] 24-0091-STOR-Weekly Store Newsletter_Apr12,Email - French,22209,7706,0.346976450988338,252,0.032701790812354,0.0113467513170336,Store,N,2024-04-12
[Production] 24-0194-MKTT-Weekly_Friday_April12,Email - English,4841588,1612131,0.332975668313785,21145,0.0131161797645477,0.004367368722824,Film,Y,2024-04-12
[Production] 24-0194-MKTT-Weekly_Friday_April12,Email - French,309912,92733,0.299223650584682,1815,0.0195723205331435,0.00585650120034074,Film,Y,2024-04-12
"[Production] 24-0210-MKTL-Scene+ It, Win It Campaign",Email - English,3068134,1095361,0.357012112248031,23344,0.0213116954136581,0.00760853339521677,Film,Y,2024-04-12
"[Production] 24-0210-MKTL-Scene+ It, Win It Campaign",Email - French,164079,57886,0.352793471437539,3944,0.0681339183913209,0.0240372015919161,Film,Y,2024-04-12
[Production] BoyKillsWorld_CineclubDedicated_Apr15_FINAL,Email - English,69096,31572,0.456929489406044,1026,0.032497149372862,0.0148489058700938,CineClub,Y,2024-04-12
[Production] BoyKillsWorld_CineclubDedicated_Apr15_FINAL,Email - French,353,189,0.535410764872521,19,0.100529100529101,0.0538243626062323,CineClub,Y,2024-04-12
[Production] 24-0194-MKTT-Weekly_Tuesday_April16,Email - English,1350706,485271,0.359272113990757,6485,0.0133636668995262,0.0048011928576611,Film,Y,2024-04-12
[Production] 24-0194-MKTT-Weekly_Tuesday_April16,Email - French,96009,33619,0.350165088689602,706,0.0210000297450846,0.00735347727817184,Film,Y,2024-04-12
[Production] 24-0154-MKTT-Abigail Dedicated Email_Apr17,Email - English,372755,128348,0.344322678434897,1153,0.00898338891139714,0.00309318453139462,Film,Y,2024-04-12
[Production] 24-0154-MKTT-Abigail Dedicated Email_Apr17,Email - French,20454,6435,0.314608389557055,71,0.011033411033411,0.00347120367654249,Film,Y,2024-04-12
[Production] (36072) Godzilla x Kong - English,Email - MDP Offer - English,281060,91217,0.3245,945,0.0104,0.0034,Film,Y,2024-04-12
[Production] (36072) Godzilla x Kong - French,Email - MDP Offer - French,13912,4205,0.3023,64,0.0152,0.0046,Film,Y,2024-04-12
[Production] (36611) Monkey Man - English,Email - RFM Offer - English,560179,194522,0.3472,1138,0.0059,0.002,Film,Y,2024-04-12
[Production] (36611) Monkey Man - French,Email - RFM Offer - French,19311,5978,0.3096,60,0.01,0.0031,Film,Y,2024-04-12
[Production] (37254) Civil War - English,Email - 2nd Week Offer - English,298950,107740,0.3604,1346,0.0125,0.0045,Film,Y,2024-04-12
[Production] (37254) Civil War - French,Email - 2nd Week Offer - French,15477,5713,0.3691,116,0.0203,0.0075,Film,Y,2024-04-12
[Production] 24-0253-EVCN-Wings Over Water Dedicated Email_EN_Only,Email - English,89421,34515,0.385983158318516,616,0.017847312762567,0.00688876214759397,Film,Y,2024-04-12
[Production] 24-0031-STOR-Dedicated Emails_Kung Fu Panda 4,Email - English,528500,237176,0.448771996215705,2717,0.0114556278881506,0.00514096499526963,Store,N,2024-04-19
[Production] 24-0031-STOR-Dedicated Emails_Kung Fu Panda 4,Email - French,30453,10109,0.331954158867763,150,0.0148382629340192,0.00492562309132105,Store,N,2024-04-19
[Production] 24-0091-STOR-Weekly Store Newsletter_Apr19_EN_Only,Email - English,406090,146775,0.361434657341969,2793,0.0190291262135922,0.00687778571252678,Store,N,2024-04-19
[Production] 24-0194-MKTT-Weekly_Friday_April19,Email - English,4826551,1607783,0.33311219543728,20379,0.0126752179865069,0.00422226969113141,Film,Y,2024-04-19
[Production] 24-0194-MKTT-Weekly_Friday_April19,Email - French,309045,94268,0.305030011810578,1800,0.0190944965417745,0.00582439450565452,Film,Y,2024-04-19
[Production] 24-0004-EVCN-April Family Monthly Newsletter,Email - English,1224567,379741,0.310102264718876,9700,0.025543725855254,0.00792116723707237,Film,Y,2024-04-19
[Production] 24-0004-EVCN-April Family Monthly Newsletter,Email - French,91878,24834,0.270293214915431,833,0.0335427236852702,0.00906637062191167,Film,Y,2024-04-19
[Production] 24-0238-MKTB-Bridgewater Closure,Email - English,10774,4682,0.434564692778912,505,0.107859888936352,0.0468720994987934,Film,Y,2024-04-19
[Production] 24-0194-MKTT-Weekly_Tuesday_April23,Email - English,1343896,491885,0.366014185621506,7174,0.0145847098407148,0.0053382106948752,Film,Y,2024-04-19
[Production] 24-0194-MKTT-Weekly_Tuesday_April23,Email - French,95555,33830,0.354036942075245,770,0.0227608631392255,0.00805818638480456,Film,Y,2024-04-19
[Production] 24-0250-MKTT-Unsung Hero-Dedicated Email_Apr24,Email - English,140709,51252,0.364241093320257,1323,0.0258136267852962,0.00940238364283734,Film,Y,2024-04-19
[Production] 24-0257-MKTT-The King Tide – Dedicated Email,Email - English,158461,53479,0.337489981762074,665,0.012434787486677,0.00419661620209389,Film,Y,2024-04-19
[Production] 24-0257-MKTT-The King Tide – Dedicated Email,Email - French,10763,4568,0.424416984112236,113,0.0247373029772329,0.0104989315246678,Film,Y,2024-04-19
[Production] 24-0258-MKTT-Boy Kills World Dedicated Email,Email - English,321506,118132,0.367433267186304,1159,0.00981105881556225,0.00360490939515903,Film,Y,2024-04-19
[Production] 24-0258-MKTT-Boy Kills World Dedicated Email,Email - French,20851,7025,0.336914296676418,79,0.0112455516014235,0.00378878710853196,Film,Y,2024-04-19
[Production] Boy Kills World - Wider Scene Send,Email - English,118343,48120,0.406614670914207,377,0.00783458021612635,0.00318565525633117,Film,Y,2024-04-19
[Production] (36611) Monkey Man - English,Email - MDP Week 4 Offer - English,557411,192364,0.3451,1288,0.0067,0.0023,Film,Y,2024-04-19
[Production] (36611) Monkey Man - French,Email - MDP Week 4 Offer - French,19249,5957,0.3095,73,0.0123,0.0038,Film,Y,2024-04-19
[Production] (37254) Civil War - English,Email - RFM Offer - English,256910,89059,0.3467,954,0.0107,0.0037,Film,Y,2024-04-19
[Production] (37254) Civil War - French,Email - RFM Offer - French,13894,4998,0.3597,61,0.0122,0.0044,Film,Y,2024-04-19
[Production] See Any Movie - RFM 250 Scene+ Offer - April_v2,Email - English - 250,822070,286334,0.348308538202343,7297,0.0254842247165897,0.00887637305825538,Brand,Y,2024-04-19
[Production] See Any Movie - RFM 250 Scene+ Offer - April_v2,Email - French - 250,45887,16199,0.35301937367882,945,0.0583369343786653,0.0205940680366988,Brand,Y,2024-04-19
[Production] 24-0091-STOR-Weekly Store Newsletter_Apr26,Email - English,408405,149551,0.366183078072012,2860,0.0191239109066472,0.007002852560571,Store,N,2024-04-26
[Production] 24-0091-STOR-Weekly Store Newsletter_Apr26,Email - French,22164,7870,0.355080310413283,344,0.043710292249047,0.0155206641400469,Store,N,2024-04-26
[Production] 24-0194-MKTT-Weekly_Friday_April26,Email - English,4809415,1580260,0.32857634452423,18174,0.0115006391353322,0.00377883796677974,Film,Y,2024-04-26
[Production] 24-0194-MKTT-Weekly_Friday_April26,Email - French,307812,90677,0.294585656179746,1469,0.0162003595178491,0.00477239353891336,Film,Y,2024-04-26
[Production] Survey - Cineplex Merchandise,Email - English,38891,14807,0.380730760330154,1367,0.0923211994327007,0.0351495204546039,Survey,N,2024-04-26
[Production] 24-0017-EVCN-The Met Madama Butterfly Dedicated Email,Email - English,223967,97799,0.436667008979001,2335,0.0238754997494862,0.010425643063487,Film,Y,2024-04-26
[Production] 24-0017-EVCN-The Met Madama Butterfly Dedicated Email,Email - French,13385,6206,0.463653343294733,262,0.0422172091524331,0.0195741501680986,Film,Y,2024-04-26
[Production] 24-0194-MKTT-Weekly_Tuesday_April30,Email - English,1348001,481226,0.356992316771278,6926,0.0143924060628478,0.00513797838428903,Film,Y,2024-04-26
[Production] 24-0194-MKTT-Weekly_Tuesday_April30,Email - French,95449,32937,0.345074332889815,689,0.020918723623888,0.00721851459941959,Film,Y,2024-04-26
[Production] 24-0165-RECR-LBE Newsletter 2024_May_1,Email - Avalon,23962,7660,0.319672815290877,133,0.0173629242819843,0.00555045488690427,LBE,N,2024-04-26
[Production] 24-0165-RECR-LBE Newsletter 2024_May_1,Email - Barrie,8307,2888,0.347658601179728,60,0.0207756232686981,0.00722282412423257,LBE,N,2024-04-26
[Production] 24-0165-RECR-LBE Newsletter 2024_May_1,Email - Burnaby,37385,14075,0.37648789621506,267,0.0189698046181172,0.00714190183228568,LBE,N,2024-04-26
[Production] 24-0165-RECR-LBE Newsletter 2024_May_1,Email - Generic,156286,56766,0.3632187144082,1025,0.0180565831659796,0.00655848892415188,LBE,N,2024-04-26
[Production] 24-0165-RECR-LBE Newsletter 2024_May_1,Email - Masonville,11831,4089,0.345617445693517,70,0.0171191000244559,0.00591665962302426,LBE,N,2024-04-26
[Production] 24-0239-MKTB-Eau Claire Closure_EN Only,Email - English,41654,17511,0.420391799106929,330,0.0188452972417338,0.00792240841215729,Film,Y,2024-04-26
[Production] 24-0259-MKTT-Tarot - Dedicated Email_May1,Email - English,261914,89808,0.342891178020266,862,0.00959825405309104,0.00329115663920218,Film,Y,2024-04-26
[Production] 24-0259-MKTT-Tarot - Dedicated Email_May1,Email - French,17422,5403,0.310125129147055,81,0.0149916712937257,0.00464929399609689,Film,Y,2024-04-26
[Production] 24-0271-MKTT-Roku Retail Offer 2024 – Dedicated Email,Email - English,288461,109525,0.379687375416434,1432,0.0130746404930381,0.00496427593331508,Film,Y,2024-04-26
[Production] Survey - Film Anticipation - May,Email - English,87269,33344,0.382082984794142,3153,0.0945597408829175,0.0361296680379058,Survey,N,2024-04-26
[Production] Survey - Film Anticipation - May,Email - French,9640,3632,0.376763485477178,543,0.149504405286344,0.0563278008298755,Survey,N,2024-04-26
[Production] (36669) Challengers - English,Email - 2nd Week Offer - English,109934,39841,0.3624,307,0.0077,0.0028,Film,Y,2024-04-26
[Production] (36669) Challengers - French,Email - 2nd Week Offer - French,6436,2381,0.37,31,0.013,0.0048,Film,Y,2024-04-26
[Production] (37254) Civil War - English,Email - MDP Offer - English,254373,88634,0.3484,1062,0.012,0.0042,Film,Y,2024-04-26
[Production] (37254) Civil War - French,Email - MDP Offer - French,13809,5105,0.3697,85,0.0167,0.0062,Film,Y,2024-04-26
[Production] 24-0063-MKTB-CPX Spring Gift Pack 2024_Mothers_Day,Email - English,6402430,2119497,0.331045712331099,17552,0.00828121011730613,0.00274145910224712,BM&P,N,2024-04-26
[Production] 24-0063-MKTB-CPX Spring Gift Pack 2024_Mothers_Day,Email - French,415848,127945,0.307672514957388,1864,0.0145687600140685,0.0044824070333391,BM&P,N,2024-04-26
[Production] 24-0194-MKTT-Weekly_Friday_May3,Email - English - Thursday,474541,150689,0.31754685053557,1788,0.0118654978133772,0.00376785146067463,Film,Y,2024-04-26
[Production] 24-0194-MKTT-Weekly_Friday_May3,Email - French - Thursday,30482,8674,0.284561380486845,135,0.0155637537468296,0.00442884325175513,Film,Y,2024-04-26
[Production] 24-0091-STOR-Weekly Store Newsletter_May3,Email - English,404139,144273,0.356988560866435,2590,0.0179520769651979,0.00640868612036948,Store,N,2024-05-03
[Production] 24-0194-MKTT-Weekly_Friday_May3,Email - English,4288058,1188531,0.277172323695249,16378,0.0137800360276678,0.00381944460639292,Film,Y,2024-05-03
[Production] 24-0194-MKTT-Weekly_Friday_May3,Email - French,274631,70308,0.256008972038845,1268,0.0180349320134266,0.00461710440554781,Film,Y,2024-05-03
[Production] 24-0003-EVCN-Arts Culture Monthly Newsletter_May,Email - English,60395,25446,0.421326268730855,1571,0.061738583667374,0.0260120870933024,Film,Y,2024-05-03
[Production] 24-0003-EVCN-Arts Culture Monthly Newsletter_May,Email - French,6419,3068,0.477956067923353,247,0.0805084745762712,0.0384795139429818,Film,Y,2024-05-03
[Production] 24-0139-RECR-TRR Mothers Day Drag Brunch_Reminder_May5,Email - English,249996,87306,0.349229587673403,1301,0.0149016104276911,0.00520408326533225,LBE,N,2024-05-03
[Production] 24-0194-MKTT-Weekly_Tuesday_May7,Email - English,1342182,469103,0.349507741871073,5726,0.0122062745281953,0.00426618744700793,Film,Y,2024-05-03
[Production] 24-0194-MKTT-Weekly_Tuesday_May7,Email - French,95129,31570,0.331865151531079,482,0.0152676591700982,0.0050668040240095,Film,Y,2024-05-03
[Production] 24-0152-MKTT-Furiosa A Mad Max Saga Advance Ticketing Dedicated Email_May8,Email - English,6174353,2013964,0.326182192692902,18778,0.00932390052652381,0.00304129031819204,Film,Y,2024-05-03
[Production] 24-0152-MKTT-Furiosa A Mad Max Saga Advance Ticketing Dedicated Email_May8,Email - French,394948,117886,0.298484863830175,1315,0.0111548445107986,0.00332955224485249,Film,Y,2024-05-03
[Production] 24-0252-MKTT-ScreenX - Furiosa A Mad Max Saga Scene+ Offer,Email - English - Control,7975,2860,0.358620689655172,45,0.0157342657342657,0.00564263322884012,Film,Y,2024-05-03
[Production] 24-0252-MKTT-ScreenX - Furiosa A Mad Max Saga Scene+ Offer,Email - English - Offer,153529,54771,0.356746933804037,817,0.0149166529732888,0.00532147021083965,Film,Y,2024-05-03
[Production] 24-0252-MKTT-ScreenX - Furiosa A Mad Max Saga Scene+ Offer,Email - French - Control,696,279,0.400862068965517,0,0.0,0.0,Film,Y,2024-05-03
[Production] 24-0252-MKTT-ScreenX - Furiosa A Mad Max Saga Scene+ Offer,Email - French - Offer,12795,4852,0.379210629152012,100,0.0206100577081616,0.00781555295037124,Film,Y,2024-05-03
[Production] (36154) The Fall Guy - English,Email - 2nd Week Offer - English,862852,279942,0.3244,2538,0.0091,0.0029,Film,Y,2024-05-03
[Production] (36154) The Fall Guy - French,Email - 2nd Week Offer - French,54835,16522,0.3013,141,0.0085,0.0026,Film,Y,2024-05-03
[Production] (36669) Challengers - English,Email - MDP Offer - English,89416,29879,0.3342,203,0.0068,0.0023,Film,Y,2024-05-03
[Production] (36669) Challengers - French,Email - MDP Offer - French,5527,1828,0.3307,18,0.0098,0.0033,Film,Y,2024-05-03
[Production] 24-0141-MKTT-Kingdom of the Planet of the Apes_AVX Offer,Email - English - Control,11002,3646,0.331394291946919,52,0.0142622051563357,0.00472641337938557,Film,Y,2024-05-03
[Production] 24-0141-MKTT-Kingdom of the Planet of the Apes_AVX Offer,Email - English - Offer,207893,69622,0.334893430755244,853,0.0122518744075149,0.00410307225351503,Film,Y,2024-05-03
[Production] 24-0141-MKTT-Kingdom of the Planet of the Apes_AVX Offer,Email - French - Control,1084,360,0.33210332103321,2,0.00555555555555556,0.0018450184501845,Film,Y,2024-05-03
[Production] 24-0141-MKTT-Kingdom of the Planet of the Apes_AVX Offer,Email - French - Offer,20543,6943,0.337974005744049,103,0.0148350856978251,0.00501387333885022,Film,Y,2024-05-03
[Production] CineClub Mothers Day Offer,Email - Mothers Day - English,2614251,862606,0.329962960710353,3623,0.00420006352842433,0.00138586539701046,CineClub,N,2024-05-03
[Production] Survey - Self Refund,Email - English - Been to theatre L6M,24488,8930,0.364668409016661,901,0.100895856662934,0.0367935315256452,Survey,N,2024-05-03
[Production] Survey - Self Refund,Email - English - Self Refund List,7535,2971,0.394293297942933,474,0.159542241669472,0.0629064366290644,Survey,N,2024-05-03
[Production] 24-0091-STOR-Weekly Store Newsletter_May10,Email - English,401556,142411,0.354647919592784,2561,0.0179831614130931,0.0063776907828547,Store,N,2024-05-10
[Production] 24-0091-STOR-Weekly Store Newsletter_May10,Email - French,21904,7246,0.330807158509861,269,0.0371239304443831,0.0122808619430241,Store,N,2024-05-10
[Production] 24-0194-MKTT-Weekly_Friday_May10,Email - English,4731466,1529811,0.323327061845103,16371,0.0107013219280029,0.00346002697683974,Film,Y,2024-05-10
[Production] 24-0194-MKTT-Weekly_Friday_May10,Email - French,303341,87140,0.287267464668475,1185,0.0135988065182465,0.00390649467101381,Film,Y,2024-05-10
[Production] CineClub Mothers Day Offer - Reminder,Email - Mothers Day - English,2607597,971909,0.37272208857427,4857,0.00499738144208974,0.00186263444849799,CineClub,N,2024-05-10
[Production] 24-0194-MKTT-Weekly_Tuesday_May14,Email - English,1333369,471038,0.353269050052911,5490,0.0116551106280173,0.00411738985982125,Film,Y,2024-05-10
[Production] 24-0194-MKTT-Weekly_Tuesday_May14,Email - French,94720,33002,0.348416385135135,677,0.020513908247985,0.00714738175675676,Film,Y,2024-05-10
[Production] 24-0063-MKTB-CPX Spring Gift Pack 2024_Generic_FULL,Email - English_Champions,778746,298837,0.383741296905538,3913,0.0130940947740742,0.00502474491040724,BM&P,N,2024-05-10
[Production] 24-0063-MKTB-CPX Spring Gift Pack 2024_Generic_FULL,Email - English_Others,4375555,1403286,0.320710401309091,11278,0.00803685064911928,0.00257750159694027,BM&P,N,2024-05-10
[Production] 24-0063-MKTB-CPX Spring Gift Pack 2024_Generic_FULL,Email - English_Promising,1127850,399103,0.353861772398812,3895,0.0097593854218084,0.00345347342288425,BM&P,N,2024-05-10
[Production] 24-0063-MKTB-CPX Spring Gift Pack 2024_Generic_FULL,Email - English_Value,69844,27990,0.400750243399576,653,0.023329760628796,0.00934940725044385,BM&P,N,2024-05-10
[Production] 24-0063-MKTB-CPX Spring Gift Pack 2024_Generic_FULL,Email - French_Value,8647,4075,0.471261709263328,135,0.0331288343558282,0.0156123511044293,BM&P,N,2024-05-10
[Production] 24-0243-MKTT-Back To Black_Dedicated_May15,Email - English,555610,229718,0.413451881715592,3055,0.0132989143210371,0.00549846115080722,Film,Y,2024-05-10
[Production] 24-0243-MKTT-Back To Black_Dedicated_May15,Email - French,35073,13705,0.390756422319163,203,0.014812112367749,0.00578792803581102,Film,Y,2024-05-10
[Production] 24-0288-BMPT-Book Movie Club_Crazy_Rich_Asians_Dedicated,Email - English,474395,162153,0.341810094963058,1123,0.00692555796069145,0.00236722562421611,BM&P,N,2024-05-10
[Production] (36154) The Fall Guy - English,Email - RFM Offer - English,746135,250371,0.3356,2047,0.0082,0.0027,Film,Y,2024-05-10
[Production] (36154) The Fall Guy - French,Email - RFM Offer - French,48865,14967,0.3063,135,0.009,0.0028,Film,Y,2024-05-10
[Production] (36322) Kingdom of the Planet of the Apes - English,Email - 2nd Week ScreenX Offer - English,1312455,452177,0.3445,3504,0.0077,0.0027,Film,Y,2024-05-10
[Production] (36322) Kingdom of the Planet of the Apes - French,Email - 2nd Week ScreenX Offer - French,118756,38772,0.3265,419,0.0108,0.0035,Film,Y,2024-05-10
[Production] (36669) Challengers - English,Email - Week 4 MDP Offer - English,88520,31109,0.3514,285,0.0092,0.0032,Film,Y,2024-05-10
[Production] (36669) Challengers - French,Email - Week 4 MDP Offer - French,5462,1896,0.3471,15,0.0079,0.0027,Film,Y,2024-05-10
[Production] 24-0311-MKTT-The Strangers Chapter 1_Scene+ Points Offer_May16_V2,Email - English - No Offer,9129,2757,0.302004600722971,26,0.00943054044250997,0.00284806660094205,Film,Y,2024-05-10
[Production] 24-0311-MKTT-The Strangers Chapter 1_Scene+ Points Offer_May16_V2,Email - English - Offer,170817,52712,0.308587552761142,380,0.00720898467142207,0.00222460293764672,Film,Y,2024-05-10
[Production] 24-0311-MKTT-The Strangers Chapter 1_Scene+ Points Offer_May16_V2,Email - French - No Offer,403,99,0.245657568238213,0,0.0,0.0,Film,Y,2024-05-10
[Production] 24-0311-MKTT-The Strangers Chapter 1_Scene+ Points Offer_May16_V2,Email - French - Offer,7184,1922,0.267538975501114,23,0.0119667013527575,0.00320155902004454,Film,Y,2024-05-10
24-0116-MKTT-IF_Scene+ Points Offer_May16,Email - English - No Offer,17509,5916,0.337883374264664,103,0.0174104124408384,0.00588268890284996,Film,Y,2024-05-10
24-0116-MKTT-IF_Scene+ Points Offer_May16,Email - English - Offer,331027,111184,0.335875925528733,1592,0.0143186069938121,0.00480927537632882,Film,Y,2024-05-10
24-0116-MKTT-IF_Scene+ Points Offer_May16,Email - French - No Offer,1142,374,0.327495621716287,5,0.0133689839572193,0.00437828371278459,Film,Y,2024-05-10
24-0116-MKTT-IF_Scene+ Points Offer_May16,Email - French - Offer,22366,7333,0.327863721720469,122,0.016637119869085,0.00545470803898775,Film,Y,2024-05-10
[Production] 24-0031-STOR-Store Dedicated_Mad Max Fury Road_May 17,Email - English,666203,246394,0.369848229443578,2033,0.00825101260582644,0.00305162240338155,Store,N,2024-05-17
[Production] 24-0031-STOR-Store Dedicated_Mad Max Fury Road_May 17,Email - French,42563,14451,0.339520240584545,144,0.00996470832468341,0.00338322016775133,Store,N,2024-05-17
[Production] 24-0031-STOR-Store Dedicated_Mad Max Fury Road_May17_V2,Email - English,666214,324989,0.487814726199089,3171,0.00975725332242014,0.00475973185793154,Store,N,2024-05-17
[Production] 24-0031-STOR-Store Dedicated_Mad Max Fury Road_May17_V2,Email - French,42562,16874,0.396456933414783,170,0.0100746710916202,0.00399417320614633,Store,N,2024-05-17
[Production] 24-0091-STOR-Weekly Store Newsletter_May17_EN-Only,Email - English,399194,139343,0.349060857628121,2436,0.017482040719663,0.00610229612669529,Store,N,2024-05-17
[Production] 24-0194-MKTT-Weekly_Friday_May17,Email - English,4710656,1554151,0.329922414203032,20569,0.0132348787215657,0.00436648313950329,Film,Y,2024-05-17
[Production] 24-0194-MKTT-Weekly_Friday_May17,Email - French,302585,87164,0.288064510798619,1271,0.0145817080446056,0.00420047259447758,Film,Y,2024-05-17
[Production] See Any Movie - Champion 500 Scene+ Offer - May_Final_v3,Email - English,148327,56643,0.381879226304044,1012,0.0178662853309323,0.00682276321910374,Brand,Y,2024-05-17
[Production] See Any Movie - Champion 500 Scene+ Offer - May_Final_v3,Email - French,6814,2556,0.375110067508072,69,0.0269953051643192,0.0101262107425888,Brand,Y,2024-05-17
[Production] See Any Movie - Champion 500 Scene+ Offer - May_Final_v3,Email - Reminder - English,146085,55751,0.381633980216997,946,0.0169683055012466,0.00647568196597871,Brand,Y,2024-05-17
[Production] See Any Movie - Champion 500 Scene+ Offer - May_Final_v3,Email - Reminder - French,6741,2428,0.360183948968996,33,0.0135914332784185,0.00489541611036938,Brand,Y,2024-05-17
[Production] Survey - Series Ticketing,Email - English - Send 1,190,120,0.631578947368421,34,0.283333333333333,0.178947368421053,Survey,N,2024-05-17
[Production] 24-0004-EVCN-May Family Monthly Newsletter,Email - English,1208780,363709,0.3008893264283,7055,0.019397375374269,0.00583646321084068,Film,Y,2024-05-17
[Production] 24-0004-EVCN-May Family Monthly Newsletter,Email - French,91002,23307,0.256115250214281,583,0.0250139443085768,0.00640645260543724,Film,Y,2024-05-17
[Production] 24-0135-MKTT-The Garfield Movie_Scene+ Points Offer_May19_v2,Email - English - Offer,350131,119201,0.340446861317621,1431,0.0120049328445231,0.00408704170724672,Film,Y,2024-05-17
[Production] 24-0135-MKTT-The Garfield Movie_Scene+ Points Offer_May19_v2,Email - French - Offer,23522,7485,0.318212737012159,113,0.0150968603874415,0.00480401326417822,Film,Y,2024-05-17
[Production] 24-0194-MKTT-Weekly_Tuesday_May21,Email - English,1327956,479757,0.361274771152056,6862,0.0143030742646798,0.00516733988174307,Film,Y,2024-05-17
[Production] 24-0194-MKTT-Weekly_Tuesday_May21,Email - French,94349,31989,0.339049698459973,560,0.0175060176935822,0.00593541002024399,Film,Y,2024-05-17
[Production] 24-0288-BMPT-Book Movie Club_Crazy_Rich_Asians_Pre-Arrival_May22,Email - English,12,7,0.583333333333333,0,0.0,0.0,BM&P,N,2024-05-17
[Production] 24-0299-MKTT-Sight_Dedicated_May22,Email - English,265287,102263,0.385480630411592,2002,0.0195769730987747,0.00754654393166646,Film,Y,2024-05-17
[Production] 24-0299-MKTT-Sight_Dedicated_May22,Email - French,4039,1439,0.356276306016341,24,0.0166782487838777,0.00594206486754147,Film,Y,2024-05-17
[Production] 24-0300-MKTT-Hit Man_Dedicated_May22,Email - English,698189,268041,0.383908941561669,3305,0.0123302032151798,0.00473367526557995,Film,Y,2024-05-17
[Production] 24-0300-MKTT-Hit Man_Dedicated_May22,Email - French,34089,12091,0.354689195928305,161,0.0133156893557191,0.00472293115081111,Film,Y,2024-05-17
[Production] (35397) IF - English,Email - 2nd Week Email - English,332091,109940,0.3311,970,0.0088,0.0029,Film,Y,2024-05-17
[Production] (35397) IF - French,Email - 2nd Week Email - French,21348,6206,0.2907,59,0.0095,0.0028,Film,Y,2024-05-17
[Production] (36154) The Fall Guy - English,Email - MDP Offer - English,738823,251732,0.3407,2299,0.0091,0.0031,Film,Y,2024-05-17
[Production] (36154) The Fall Guy - French,Email - MDP Offer - French,48488,15119,0.3118,141,0.0093,0.0029,Film,Y,2024-05-17
[Production] (36322) Kingdom of the Planet of the Apes - English,Email - RFM Offer - English,1159119,390205,0.3366,3076,0.0079,0.0027,Film,Y,2024-05-17
[Production] (36322) Kingdom of the Planet of the Apes - French,Email - RFM Offer - French,110272,35123,0.3185,324,0.0092,0.0029,Film,Y,2024-05-17
[Production] 24-0091-STOR-Weekly Store Newsletter_May24,Email - English,412129,146031,0.354333230614686,3379,0.0231389225575392,0.00819888918275588,Store,N,2024-05-24
[Production] 24-0091-STOR-Weekly Store Newsletter_May24,Email - French,22302,7331,0.328714913460676,223,0.0304187696085118,0.0099991032194422,Store,N,2024-05-24
[Production] 24-0194-MKTT-Weekly_Friday_May24,Email - English - Furiosa Hero,418719,137699,0.328857778128052,1678,0.012185999898329,0.00400746085083314,Film,Y,2024-05-24
[Production] 24-0194-MKTT-Weekly_Friday_May24,Email - English - Garfield Hero,419543,138429,0.32995187620816,2016,0.014563422404265,0.00480522854629919,Film,Y,2024-05-24
[Production] 24-0194-MKTT-Weekly_Friday_May24,Email - English - Normal,4061708,1313974,0.323502821965538,15802,0.0120261131498797,0.00389048154126294,Film,Y,2024-05-24
[Production] 24-0194-MKTT-Weekly_Friday_May24,Email - French - Furiosa Hero,31094,8987,0.289026821894899,198,0.02203182374541,0.00636778799768444,Film,Y,2024-05-24
[Production] 24-0194-MKTT-Weekly_Friday_May24,Email - French - Garfield Hero,30660,8704,0.283887801696021,217,0.0249310661764706,0.00707762557077626,Film,Y,2024-05-24
[Production] 24-0194-MKTT-Weekly_Friday_May24,Email - French - Normal,249928,73807,0.295313050158446,1170,0.0158521549446529,0.00468134822828975,Film,Y,2024-05-24
[Production] 24-0194-MKTT-Weekly_Tuesday_May28,Email - English,1373553,482182,0.351047247539775,8515,0.0176593070666263,0.00619925113919885,Film,Y,2024-05-24
[Production] 24-0194-MKTT-Weekly_Tuesday_May28,Email - French,96829,31389,0.324169412056305,544,0.017330912102966,0.005618151586818,Film,Y,2024-05-24
[Production] - Bad Boys: Ride or Die - Advanced Screening Offer,Email - English,125469,46308,0.369079214786122,843,0.018204197978751,0.00671879109580853,Film,Y,2024-05-24
[Production] - Bad Boys: Ride or Die - Advanced Screening Offer,Email - French,3316,1171,0.35313630880579,20,0.0170794192997438,0.0060313630880579,Film,Y,2024-05-24
[Production] CineClub - Apple Event - Presumed Innocent,Email - Calgary - English,9559,5350,0.559681975101998,606,0.113271028037383,0.0633957526937964,CineClub,N,2024-05-24
[Production] CineClub - Apple Event - Presumed Innocent,Email - Edmonton - English,3197,1769,0.553331248045042,220,0.124364047484454,0.0688145136065061,CineClub,N,2024-05-24
[Production] CineClub - Apple Event - Presumed Innocent,Email - GTA - English,23380,13349,0.570958083832335,20,0.001498239568507,0.000855431993156544,CineClub,N,2024-05-24
[Production] CineClub - Apple Event - Presumed Innocent,Email - Halifax - English,3024,1736,0.574074074074074,220,0.126728110599078,0.0727513227513227,CineClub,N,2024-05-24
[Production] CineClub - Apple Event - Presumed Innocent,Email - Moncton - English,1072,609,0.568097014925373,87,0.142857142857143,0.0811567164179104,CineClub,N,2024-05-24
[Production] CineClub - Apple Event - Presumed Innocent,Email - Ottawa - English,5042,2990,0.593018643395478,400,0.133779264214047,0.0793335977786593,CineClub,N,2024-05-24
[Production] CineClub - Apple Event - Presumed Innocent,Email - Richomond BC - English,12319,6976,0.566279730497605,726,0.104071100917431,0.058933354980112,CineClub,N,2024-05-24
[Production] CineClub - Apple Event - Presumed Innocent,Email - Saskatoon - English,1060,579,0.54622641509434,59,0.101899827288428,0.0556603773584906,CineClub,N,2024-05-24
[Production] CineClub - Apple Event - Presumed Innocent,Email - Winnipeg - English,2255,1272,0.564079822616408,176,0.138364779874214,0.0780487804878049,CineClub,N,2024-05-24
[Production] (35290) Furiosa - English,Email - 2nd Week D-BOX Offer - English,398273,134565,0.3379,1076,0.008,0.0027,Film,Y,2024-05-24
[Production] (35290) Furiosa - French,Email - 2nd Week D-BOX Offer - French,32945,11672,0.3543,94,0.0081,0.0029,Film,Y,2024-05-24
[Production] (35397) IF - English,Email - RFM Offer - English,281349,89404,0.3178,767,0.0086,0.0027,Film,Y,2024-05-24
[Production] (35397) IF - French,Email - RFM Offer - French,18806,5250,0.2792,46,0.0088,0.0024,Film,Y,2024-05-24
[Production] (36131) Garfield - English,Email - 2nd Week 400 Offer - English,523151,176116,0.3366,1764,0.01,0.0034,Film,Y,2024-05-24
[Production] (36131) Garfield - French,Email - 2nd Week 400 Offer - French,37816,11248,0.2974,149,0.0132,0.0039,Film,Y,2024-05-24
[Production] (36322) Kingdom of the Planet of the Apes - English copy,Email - RFM - Week 4 Offer Email,1151819,385759,0.3349,3285,0.0085,0.0029,Film,Y,2024-05-24
[Production] (36322) Kingdom of the Planet of the Apes - French,Email - Connect Email 3,109760,34718,0.3163,349,0.0101,0.0032,Film,Y,2024-05-24
[Production] 24-0207-MKTT-A Quite Place Day One_Dedicated_May30,Email - English - Control,115318,28590,0.24792313428953,213,0.0074501573976915,0.001847066372986,Film,Y,2024-05-24
[Production] 24-0207-MKTT-A Quite Place Day One_Dedicated_May30,Email - English - Scene Offer,498446,164503,0.330031738643705,1542,0.009373689233631,0.00309361495528101,Film,Y,2024-05-24
[Production] 24-0207-MKTT-A Quite Place Day One_Dedicated_May30,Email - French - Control,6411,1551,0.241927936359382,10,0.00644745325596389,0.00155981906098893,Film,Y,2024-05-24
[Production] 24-0207-MKTT-A Quite Place Day One_Dedicated_May30,Email - French - Scene Offer,24658,7307,0.296333847027334,94,0.012864376625154,0.00381215021494038,Film,Y,2024-05-24
[Production] 24-0264-MKTT_South Edmonton Cinemas_IMAX_May30,Email - English,287277,99081,0.344897085391451,957,0.00965876404154177,0.00333127956641151,Film,Y,2024-05-24
[Production] - ICC Men’s T20 World Cup,Email - English,588039,223232,0.379621079554247,5096,0.0228282683486239,0.00866609187485864,Film,Y,2024-05-31
[Production] - ICC Men’s T20 World Cup,Email - French,1603,655,0.408608858390518,5,0.00763358778625954,0.00311915159076731,Film,Y,2024-05-31
[Production] 24-0091-STOR-Weekly Store Newsletter_May31_EN-Only,Email - English,400562,142139,0.354848937243173,2684,0.0188829244612668,0.00670058567712364,Store,N,2024-05-31
[Production] 24-0194-MKTT-Weekly_Friday_May31,Email - English - No Copy,2325987,766562,0.329564180711242,8860,0.0115580996709986,0.00380913564865152,Film,Y,2024-05-31
[Production] 24-0194-MKTT-Weekly_Friday_May31,Email - English - With Copy,2328032,768193,0.329975275253948,8262,0.0107551097185213,0.00354892028975547,Film,Y,2024-05-31
[Production] 24-0194-MKTT-Weekly_Friday_May31,Email - French - No Copy,147877,42482,0.287279292925878,558,0.0131349748128619,0.00377340627683818,Film,Y,2024-05-31
[Production] 24-0194-MKTT-Weekly_Friday_May31,Email - French - With Copy,147469,42487,0.288108009140904,547,0.0128745263256996,0.00370925414832948,Film,Y,2024-05-31
[Production] 24-0003-EVCN-Arts Culture Monthly Newsletter_June,Email - English,60061,25528,0.425034548209321,1850,0.0724694453149483,0.0308020179484191,Film,Y,2024-05-31
[Production] 24-0003-EVCN-Arts Culture Monthly Newsletter_June,Email - French,6573,3093,0.470561387494295,298,0.0963465890720983,0.0453369846341092,Film,Y,2024-05-31
[Production] Scene+ - Kitchener Competitive Offer,Email - English,49108,16720,0.340474057180093,210,0.0125598086124402,0.00427628899568298,Brand,Y,2024-05-31
[Production] Survey - Film Anticipation - June,Email - English,87279,35947,0.411863105672613,3726,0.103652599660611,0.0426906816072595,Survey,N,2024-05-31
[Production] Survey - Film Anticipation - June,Email - French,9599,3465,0.360975101573081,478,0.137950937950938,0.0497968538389416,Survey,N,2024-05-31
[Production] CineClub- Scene - AppleTV+ Presumed Innocent Resend,Email - English - Moncton,29234,10739,0.367346240678662,310,0.0288667473694012,0.0106040911267702,CineClub,N,2024-05-31
[Production] CineClub- Scene - AppleTV+ Presumed Innocent Resend,Email - English - Saskatoon,49686,18398,0.370285392263414,469,0.0254919012936189,0.0094392786700479,CineClub,N,2024-05-31
[Production] 24-0165-RECR-LBE Newsletter 2024_June,Email - Avalon,26022,7917,0.304242563984321,136,0.0171782240747758,0.00522634693720698,LBE,N,2024-05-31
[Production] 24-0165-RECR-LBE Newsletter 2024_June,Email - Barrie,9059,3072,0.339110277072525,72,0.0234375,0.00794789711888729,LBE,N,2024-05-31
[Production] 24-0165-RECR-LBE Newsletter 2024_June,Email - Burnaby,39319,14856,0.37783260001526,425,0.0286079698438341,0.010809023627254,LBE,N,2024-05-31
[Production] 24-0165-RECR-LBE Newsletter 2024_June,Email - Generic,166679,59131,0.354759747778664,1507,0.0254857857976358,0.00904133094151033,LBE,N,2024-05-31
[Production] 24-0165-RECR-LBE Newsletter 2024_June,Email - Masonviille,12281,4118,0.335314713785522,89,0.0216124332200097,0.00724696685937627,LBE,N,2024-05-31
[Production] 24-0194-MKTT-Weekly_Tuesday_June4,Email - English,1378819,480471,0.348465607160911,5676,0.0118134080933084,0.00411656642387434,Film,Y,2024-05-31
[Production] 24-0194-MKTT-Weekly_Tuesday_June4,Email - French,96871,33137,0.342073479163011,628,0.0189516250716722,0.00648284832405983,Film,Y,2024-05-31
[Production] 24-0063-MKTB-CPX Spring Gift Pack 2024_Fathers_Day,Email - English,6559822,2068799,0.315374258630798,17627,0.00852040241705453,0.00268711559551463,BM&P,N,2024-05-31
[Production] 24-0063-MKTB-CPX Spring Gift Pack 2024_Fathers_Day,Email - French,423268,127753,0.301825321073174,1945,0.0152246913966795,0.00459519736904278,BM&P,N,2024-05-31
[Production] 24-0303-MKTT-Bad Boys Ride or Die_Dedicated_Jun05,Email - English,578340,195556,0.338133278002559,1622,0.00829429933113788,0.00280457862157209,Film,Y,2024-05-31
[Production] 24-0303-MKTT-Bad Boys Ride or Die_Dedicated_Jun05,Email - French,28448,8774,0.308422384701912,79,0.00900387508547983,0.00277699662542182,Film,Y,2024-05-31
[Production] (35290) Furiosa - English,Email - RFM Offer - English,332929,108279,0.3252,938,0.0087,0.0028,Film,Y,2024-05-31
[Production] (35290) Furiosa - French,Email - RFM Offer - French,29278,10263,0.3505,104,0.0101,0.0036,Film,Y,2024-05-31
[Production] (35397) IF - English,Email - MDP Offer - English,279647,89854,0.3213,840,0.0093,0.003,Film,Y,2024-05-31
[Production] (35397) IF - French,Email - MDP Offer - French,18730,5325,0.2843,78,0.0146,0.0042,Film,Y,2024-05-31
[Production] (36131) Garfield - English,Email - RFM Offer - English,446113,144806,0.3246,1210,0.0084,0.0027,Film,Y,2024-05-31
[Production] (36131) Garfield - French,Email - RFM Offer - French,33748,9811,0.2907,157,0.016,0.0047,Film,Y,2024-05-31
[Production] 24-0016-MKTI-International Cinema June Newsletter,Email - English,705392,242704,0.344069680404654,1957,0.00806331992880216,0.00277434391090344,Film,Y,2024-05-31
[Production] 24-0137-MKTT-Despicable Me 4_Dedicated_Jun06,Email - English,1031322,395223,0.383219789745589,5455,0.013802334378313,0.00528932767845542,Film,Y,2024-05-31
[Production] 24-0137-MKTT-Despicable Me 4_Dedicated_Jun06,Email - French,73998,21075,0.284804994729587,316,0.014994068801898,0.00427038568609962,Film,Y,2024-05-31
[Production] 24-0091-STOR-Weekly Store Newsletter_JUN07,Email - English,406828,145737,0.358227555625473,2723,0.0186843423427132,0.00669324628589969,Store,N,2024-06-07
[Production] 24-0091-STOR-Weekly Store Newsletter_JUN07,Email - French,22009,7453,0.338634195102004,228,0.0305917080370321,0.0103593984279159,Store,N,2024-06-07
[Production] 24-0194-MKTT-Weekly_Friday_Jun7,Email - English - No Copy,2434462,795219,0.326650816484299,9731,0.0122368806580326,0.00399718705816727,Film,Y,2024-06-07
[Production] 24-0194-MKTT-Weekly_Friday_Jun7,Email - English - With Copy,2435207,795083,0.326495037177538,8827,0.0111019855788641,0.00362474319431572,Film,Y,2024-06-07
[Production] 24-0194-MKTT-Weekly_Friday_Jun7,Email - French - No Copy,155508,44821,0.288223113923399,791,0.0176479775105419,0.00508655503253852,Film,Y,2024-06-07
[Production] 24-0194-MKTT-Weekly_Friday_Jun7,Email - French - With Copy,154918,45260,0.29215455918615,697,0.0153999116217411,0.00449915439135543,Film,Y,2024-06-07
[Production] 24-0258-MKTT-RU Les Après-Midi Francos_Dedicated_Jun07,Email - English,1240,545,0.439516129032258,25,0.0458715596330275,0.0201612903225806,Film,Y,2024-06-07
[Production] 24-0258-MKTT-RU Les Après-Midi Francos_Dedicated_Jun07,Email - French,559,204,0.364937388193202,12,0.0588235294117647,0.0214669051878354,Film,Y,2024-06-07
[Production] 24-0194-MKTT-Weekly_Tuesday_June11,Email - English,1370312,478550,0.349227037346239,6864,0.0143433288057674,0.00500907822452113,Film,Y,2024-06-07
[Production] 24-0194-MKTT-Weekly_Tuesday_June11,Email - French,96055,32342,0.33670293061267,625,0.0193247170861419,0.0065066888761647,Film,Y,2024-06-07
[Production] 24-0308-CPGC-LBE Graduations Email_PDM_June11,Email - English,67736,23417,0.345709814574229,268,0.0114446769441004,0.00395653714420692,BM&P,N,2024-06-07
[Production] 24-0288-BMPT-Movie Book Club_Talented_Mr_Ripley_Dedicated,Email - English,52306,24212,0.462891446487975,272,0.0112340987939865,0.0052001682407372,BM&P,N,2024-06-07
[Production] 24-0308-CPGC-LBE Graduations Email_TRR_June12,Email - English,269506,87782,0.325714455336801,877,0.00999065867717755,0.00325410194949278,BM&P,N,2024-06-07
[Production] CineClub Fathers Day Offer,Email - Fathers Day - English,2691432,933784,0.346946904101608,5487,0.00587609125879218,0.00203869167045647,CineClub,N,2024-06-07
[Production] Scene+ - Kitchener Competitive Offer,Email - English - Reminder,48794,15121,0.309894659179407,189,0.0124991733350969,0.00387342706070418,Film,Y,2024-06-07
[Production] (35290) Furiosa - English,Email - MDP Offer - English,329327,104426,0.3171,994,0.0095,0.003,Film,Y,2024-06-07
[Production] (35290) Furiosa - French,Email - MDP Offer - French,29024,10081,0.3473,84,0.0083,0.0029,Film,Y,2024-06-07
[Production] (36131) Garfield - English,Email - MDP Offer - English,441072,140434,0.3184,1215,0.0087,0.0028,Film,Y,2024-06-07
[Production] (36131) Garfield - French,Email - MDP Offer - French,33128,9489,0.2864,119,0.0125,0.0036,Film,Y,2024-06-07
[Production] (36907) Bad Boys: Ride or Die - English,Email - 2nd Week ScreenX Offer - English,975875,315518,0.3233,2059,0.0065,0.0021,Film,Y,2024-06-07
[Production] (36907) Bad Boys: Ride or Die - French,Email - 2nd Week ScreenX Offer - French,50488,15359,0.3042,136,0.0089,0.0027,Film,Y,2024-06-07
[Production] 24-0091-STOR-Weekly Store Newsletter_JUN14_EN_only,Email - English,406334,135350,0.33310035586488,2579,0.0190543036571851,0.00634699532896583,Store,N,2024-06-14
[Production] 24-0194-MKTT-Weekly_Friday_Jun14,Email - English - No Copy,2421659,761631,0.314507946824883,9219,0.0121042867215226,0.00380689436456578,Film,Y,2024-06-14
[Production] 24-0194-MKTT-Weekly_Friday_Jun14,Email - English - With Copy,2420304,764659,0.315935105672676,8778,0.0114796268663548,0.00362681712710469,Film,Y,2024-06-14
[Production] 24-0194-MKTT-Weekly_Friday_Jun14,Email - French - No Copy,154304,41128,0.266538780588967,689,0.0167525773195876,0.00446521153048528,Film,Y,2024-06-14
[Production] 24-0194-MKTT-Weekly_Friday_Jun14,Email - French - With Copy,155205,41362,0.26649914629039,637,0.0154006092548716,0.00410424921877517,Film,Y,2024-06-14
[Production] 24-0283-MKTT-Twisters Scene+ Points Offer_June14,Email - English - No Offer,43812,15491,0.353578928147539,256,0.0165257246142922,0.00584314799598284,Film,Y,2024-06-14
[Production] 24-0283-MKTT-Twisters Scene+ Points Offer_June14,Email - English - Offer,837294,299870,0.358141823541074,3250,0.0108380298129189,0.00388155176079131,Film,Y,2024-06-14
[Production] 24-0283-MKTT-Twisters Scene+ Points Offer_June14,Email - French - No Offer,2930,1024,0.349488054607509,17,0.0166015625,0.00580204778156997,Film,Y,2024-06-14
[Production] 24-0283-MKTT-Twisters Scene+ Points Offer_June14,Email - French - Offer,57390,20622,0.359330893883952,378,0.0183299389002037,0.00658651332984841,Film,Y,2024-06-14
[Production] 24-0004-EVCN-June Family Monthly Newsletter,Email - English,1236392,345038,0.2790684507826,6056,0.0175516899587871,0.00489812292541524,Film,Y,2024-06-14
[Production] 24-0004-EVCN-June Family Monthly Newsletter,Email - French,92217,23556,0.255440970753766,589,0.0250042452029207,0.00638710866759925,Film,Y,2024-06-14
[Production] CineClub Fathers Day Offer,Email - Fathers Day - Reminder - English,2682993,959754,0.357717668290599,6642,0.00692052338411718,0.00247559348831697,CineClub,N,2024-06-14
[Production] 24-0205-RECR-TRR Deal of the Day_Initial,Email - English,222212,71386,0.321251777581769,1397,0.0195696635194576,0.00628678919230285,LBE,N,2024-06-14
[Production] 24-0063-MKTB-CPX Spring Gift Pack 2024_Grads_Day,Email - English,1855577,588349,0.317070647027852,5688,0.00966773122755371,0.00306535379561182,BM&P,N,2024-06-14
[Production] 24-0063-MKTB-CPX Spring Gift Pack 2024_Grads_Day,Email - French,142613,40123,0.281341813158688,611,0.0152281733668968,0.00428432190613759,BM&P,N,2024-06-14
[Production] 24-0194-MKTT-Weekly_Tuesday_June18,Email - English,1359997,470887,0.346241204943834,6504,0.0138122309598694,0.0047823634905077,Film,Y,2024-06-14
[Production] 24-0194-MKTT-Weekly_Tuesday_June18,Email - French,95497,32157,0.336733091091867,770,0.0239450197468669,0.00806308051561829,Film,Y,2024-06-14
[Production] 24-0233-MKTT-The Bikeriders_Dedicated_Jun19,Email - English,366597,138083,0.376661565697483,1752,0.0126880209728931,0.00477908984525242,Film,Y,2024-06-14
[Production] 24-0233-MKTT-The Bikeriders_Dedicated_Jun19,Email - French,18065,6705,0.371159701079435,97,0.0144668158090977,0.00536949903127595,Film,Y,2024-06-14
[Production] 24-0452-MKTT-Fancy Dance_Dedicated_Jun19,Email - English,19170,8073,0.42112676056338,153,0.0189520624303233,0.007981220657277,Film,Y,2024-06-14
[Production] See Any Movie - Potential Loyalist 1000 Scene+ Offer - June19,Email - English - Initial,88593,31762,0.358515909834863,495,0.0155846609155595,0.00558734888760963,Brand,Y,2024-06-14
[Production] See Any Movie - Potential Loyalist 1000 Scene+ Offer - June19,Email - French - Initial,4366,1445,0.330966559780119,25,0.0173010380622837,0.00572606504809895,Brand,Y,2024-06-14
[Production] (36233) Inside Out 2 - English,Email - 2nd Week Email - English,1032470,335333,0.3248,3349,0.01,0.0032,Film,Y,2024-06-14
[Production] (36233) Inside Out 2 - French,Email - 2nd Week Email - French,75618,21385,0.2828,329,0.0154,0.0044,Film,Y,2024-06-14
[Production] (36907) Bad Boys: Ride or Die - English,Email - RFM Offer - English,853597,273263,0.3201,1737,0.0064,0.002,Film,Y,2024-06-14
[Production] (36907) Bad Boys: Ride or Die - French,Email - RFM Offer - French,44882,13099,0.2919,99,0.0076,0.0022,Film,Y,2024-06-14
[Production] 24-0455-MKTT-Thelma-Dedicated-Email-June20,Email - English - No Offer,7526,2869,0.381211799096466,79,0.0275357267340537,0.0104969439277172,Film,Y,2024-06-14
[Production] 24-0455-MKTT-Thelma-Dedicated-Email-June20,Email - English - Offer,140023,55015,0.392899737900202,1409,0.0256111969462874,0.0100626325675068,Film,Y,2024-06-14
[Production] 24-0455-MKTT-Thelma-Dedicated-Email-June20,Email - French - No Offer,348,157,0.451149425287356,3,0.0191082802547771,0.00862068965517241,Film,Y,2024-06-14
[Production] 24-0455-MKTT-Thelma-Dedicated-Email-June20,Email - French - Offer,6601,2785,0.42190577185275,49,0.0175942549371634,0.00742311770943796,Film,Y,2024-06-14
[Production] 24-0464-GREV-G&E TRR Summer Patio Push_Jun20,Email - English,8735,2777,0.317916428162564,323,0.116312567518905,0.0369776760160275,BM&P,N,2024-06-14
[Production] Advanced  - Horizon: Part 1  Advanced Scene+ 500 Offer,Email - English,335940,124738,0.371310353039233,1759,0.0141015568631852,0.00523605405727213,Film,Y,2024-06-14
[Production] Advanced  - Horizon: Part 1  Advanced Scene+ 500 Offer,Email - French,24967,9081,0.363720110545921,153,0.0168483647175421,0.00612808907758241,Film,Y,2024-06-14
[Production] 24-0091-STOR-Weekly Store Newsletter_JUN21,Email - English,403219,143773,0.356563058784432,2851,0.019829870698949,0.00707059935171706,Store,N,2024-06-21
[Production] 24-0091-STOR-Weekly Store Newsletter_JUN21,Email - French,21940,7483,0.341066545123063,278,0.0371508753173861,0.0126709206927985,Store,N,2024-06-21
[Production] 24-0194-MKTT-Weekly_Friday_Jun21_2.0,Email - English,4828903,1575490,0.326262507240257,20235,0.0128436232537179,0.00419039272480727,Film,Y,2024-06-21
[Production] 24-0194-MKTT-Weekly_Friday_Jun21_2.0,Email - French,308989,90099,0.291592904601782,2448,0.0271701128758366,0.00792261213182346,Film,Y,2024-06-21
[Production] Scene - Redemption - Deadpool and Wolverine,Email - English,775363,296051,0.381822449613923,2885,0.0097449425943503,0.00372083785272189,Film,Y,2024-06-21
[Production] Scene - Redemption - Deadpool and Wolverine,Email - French,22486,9219,0.409988437249844,94,0.0101963336587482,0.00418037890242818,Film,Y,2024-06-21
[Production] ICC Men’s T20 World Cup - Second Send,Email - English,588094,221502,0.37664386985754,4154,0.0187537810042347,0.00706349665189579,Film,Y,2024-06-21
[Production] ICC Men’s T20 World Cup - Second Send,Email - French,1484,616,0.415094339622642,5,0.00811688311688312,0.00336927223719677,Film,Y,2024-06-21
[Production] Scene+ - Kitchener Competitive Offer,Email - English - Last Chance,48562,16125,0.332049750833985,201,0.0124651162790698,0.00413903875458177,Film,Y,2024-06-21
[Production] 24-0194-MKTT-Weekly_Tuesday_June25,Email - English,1356676,480281,0.354013043644909,8476,0.0176480018988884,0.00624762286647659,Film,Y,2024-06-21
[Production] 24-0194-MKTT-Weekly_Tuesday_June25,Email - French,95013,32819,0.345415890457095,1033,0.0314756695816448,0.0108721964362771,Film,Y,2024-06-21
[Production] 24-0013-MKTI-International Cinema 2024_Jatt_Juliet_June26,Email - English,312094,114756,0.367696911827847,1379,0.0120168008644428,0.00441854056790582,Film,Y,2024-06-21
[Production] 24-0013-MKTI-International Cinema 2024_Jatt_Juliet_June26,Email - French,82,28,0.341463414634146,2,0.0714285714285714,0.024390243902439,Film,Y,2024-06-21
[Production] 24-0063-MKTB-CPX Spring Gift Pack 2024_Last_Chance_June26,Email - English_Champions,795303,302761,0.380686354760387,4882,0.0161249302254914,0.0061385409083079,BM&P,N,2024-06-21
[Production] 24-0063-MKTB-CPX Spring Gift Pack 2024_Last_Chance_June26,Email - English_Others,4433750,1432808,0.323159402311813,15918,0.0111096532124332,0.00359018889202143,BM&P,N,2024-06-21
[Production] 24-0063-MKTB-CPX Spring Gift Pack 2024_Last_Chance_June26,Email - English_Promising,1146781,402737,0.351189111085726,5265,0.0130730476713091,0.00459111199086835,BM&P,N,2024-06-21
[Production] 24-0063-MKTB-CPX Spring Gift Pack 2024_Last_Chance_June26,Email - English_Value,71789,27843,0.387844934460711,507,0.0182092446934598,0.00706236331471395,BM&P,N,2024-06-21
[Production] 24-0063-MKTB-CPX Spring Gift Pack 2024_Last_Chance_June26,Email - French_Value,8789,4172,0.474684264421436,111,0.0266059443911793,0.0126294231425646,BM&P,N,2024-06-21
[Production] 24-0489-MKTT-Blue Lock: Episode Nagi - Dedicated Email,Email - English,141358,46486,0.328852983205761,404,0.00869078862453212,0.00285799176558808,Film,Y,2024-06-21
[Production] Advanced  - Despicable Me 4 - Advanced Scene+ 250 Child Offer,Email - English,639343,227038,0.355111419066135,2058,0.00906456187950916,0.00321892943224529,Film,Y,2024-06-21
[Production] Advanced  - Despicable Me 4 - Advanced Scene+ 250 Child Offer,Email - French,41922,13862,0.330661705071323,190,0.0137065358534122,0.0045322265159105,Film,Y,2024-06-21
[Production] See Any Movie - Potential Loyalist 1000 Scene+ Offer - Reminder,Email - English - Reminder,84221,30114,0.357559278564729,400,0.013282858471143,0.00474940929221928,Brand,Y,2024-06-21
[Production] See Any Movie - Potential Loyalist 1000 Scene+ Offer - Reminder,Email - French - Reminder,4160,1453,0.349278846153846,23,0.0158293186510668,0.00552884615384615,Brand,Y,2024-06-21
[Production] (36233) Inside Out 2 - English,Email - RFM Offer - English,938029,298505,0.3182,2993,0.01,0.0032,Film,Y,2024-06-21
[Production] (36233) Inside Out 2 - French,Email - RFM Offer - French,69289,19295,0.2785,308,0.016,0.0044,Film,Y,2024-06-21
[Production] (36907) Bad Boys: Ride or Die - English,Email - MDP Offer - English,845980,277392,0.3279,2097,0.0076,0.0025,Film,Y,2024-06-21
[Production] (36907) Bad Boys: Ride or Die - French,Email - MDP Offer - French,44271,13527,0.3055,163,0.012,0.0037,Film,Y,2024-06-21
[Production] 24-0198-MKTT-A Quiet Place: Day One - Dedicated Email_Jun27,Email - English - Scene Offer,349078,105465,0.302124453560522,1016,0.0096335277106149,0.00291052429542967,Film,Y,2024-06-21
[Production] 24-0198-MKTT-A Quiet Place: Day One - Dedicated Email_Jun27,Email - English - Control,18412,5495,0.298446665218336,63,0.0114649681528662,0.00342168151205735,Film,Y,2024-06-21
[Production] 24-0198-MKTT-A Quiet Place: Day One - Dedicated Email_Jun27,Email - French - Scene Offer,18448,5118,0.277428447528187,75,0.0146541617819461,0.00406548135299219,Film,Y,2024-06-21
[Production] 24-0198-MKTT-A Quiet Place: Day One - Dedicated Email_Jun27,Email - French - Control,962,274,0.284823284823285,4,0.0145985401459854,0.00415800415800416,Film,Y,2024-06-21
[Production] 24-0091-STOR-Weekly Store Newsletter_June28,Email - English,397826,137524,0.345688818729796,2700,0.0196329367964864,0.00678688672937415,Store,N,2024-06-28
[Production] Friday What's On - Propensity Test _Final,Email - Control - English,237285,77939,0.328461554670544,1056,0.0135490575963253,0.00445034452240976,Film,Y,2024-06-28
[Production] Friday What's On - Propensity Test _Final,Email - Control - French,15185,4504,0.296608495225552,78,0.0173179396092362,0.00513664800790254,Film,Y,2024-06-28
[Production] Friday What's On - Propensity Test _Final,Email - FWO - English,4315254,1407419,0.326149746921039,23106,0.0164172858260404,0.00535449361729344,Film,Y,2024-06-28
[Production] Friday What's On - Propensity Test _Final,Email - FWO - French,277584,81095,0.292145800910715,1883,0.0232196806214933,0.00678353219205718,Film,Y,2024-06-28
[Production] Friday What's On - Propensity Test _Final,Email - Propensity - English,162416,54998,0.338624273470594,1519,0.0276191861522237,0.00935252684464585,Film,Y,2024-06-28
[Production] Friday What's On - Propensity Test _Final,Email - Propensity - French,10553,3263,0.309201175021321,113,0.0346307079374808,0.0107078555860893,Film,Y,2024-06-28
[Production] 24-0031-STOR-Store Dedicated Email-Summer TV Offer_2.0,Email - English,310510,125285,0.403481369360085,1429,0.0114059943329209,0.00460210621236031,Store,N,2024-06-28
[Production] 24-0165-RECR-LBE Newsletter 2024_July,Email - English,261087,90092,0.345065054943371,1746,0.0193801891399902,0.00668742603040366,LBE,N,2024-06-28
[Production] Survey - Film Anticipation - July,Email - English,86991,33577,0.385982457955421,3620,0.107811895047205,0.041613500247152,Survey,N,2024-06-28
[Production] Survey - Film Anticipation - July,Email - French,9637,3450,0.35799522673031,539,0.156231884057971,0.0559302687558369,Survey,N,2024-06-28
[Production] 24-0194-MKTT-Weekly_Tuesday_July2,Email - English,1346964,490974,0.364504173830926,12018,0.0244778745921373,0.00892228745534402,Film,Y,2024-06-28
[Production] 24-0194-MKTT-Weekly_Tuesday_July2,Email - French,94432,34248,0.362673669942392,1135,0.0331406213501518,0.0120192307692308,Film,Y,2024-06-28
[Production] 24-0497-MKTT-MaXXXine Dedicated Email,Email - English,435319,146317,0.336114435620775,1236,0.00844741212572702,0.00283929715909482,Film,Y,2024-06-28
[Production] 24-0497-MKTT-MaXXXine Dedicated Email,Email - French,17884,5619,0.314191456050101,65,0.0115678946431749,0.00363453366137329,Film,Y,2024-06-28
[Production] CineClub Nos Belles-Soeurs Fan Event,Email - Gatineau,325,183,0.563076923076923,24,0.131147540983607,0.0738461538461539,CineClub,N,2024-06-28
[Production] CineClub Nos Belles-Soeurs Fan Event,Email - Quebec City,1633,828,0.507042253521127,72,0.0869565217391304,0.0440906307409675,CineClub,N,2024-06-28
[Production] Dedicated  - Kill (Hindi w/e.s.t.),Email - English,440324,162458,0.368951045139488,1256,0.0077312289945709,0.00285244501775965,Film,Y,2024-06-28
[Production] Summer of IMAX - IMAX 1500 Scene+ Offer,Email - English - Coq- Initial,218989,76736,0.350410294581006,941,0.0122628231859883,0.00429701948499696,Film,Y,2024-06-28
[Production] Summer of IMAX - IMAX 1500 Scene+ Offer,Email - English - SEC- Initial,152290,50938,0.334480267909909,706,0.0138599866504378,0.00463589204806619,Film,Y,2024-06-28
[Production] (35456) A Quiet Place: Day One - English,Email - 2nd Week Ticketing - English,589830,188377,0.3194,1243,0.0066,0.0021,Film,Y,2024-06-28
[Production] (35456) A Quiet Place: Day One - French,Email - 2nd Week Ticketing - French,29586,8590,0.2903,74,0.0086,0.0025,Film,Y,2024-06-28
[Production] (36233) Inside Out 2 - English,Email - RFM Offer - English,909979,293162,0.3222,3088,0.0105,0.0034,Film,Y,2024-06-28
[Production] (36233) Inside Out 2 - French,Email - RFM Offer - French,67529,19175,0.284,270,0.0141,0.004,Film,Y,2024-06-28
[Production] 24-0091-STOR-Weekly Store Newsletter_July5,Email - English,395997,139317,0.351813271312661,3262,0.0234142279836632,0.008237436142193,Store,N,2024-07-05
[Production] 24-0091-STOR-Weekly Store Newsletter_July5,Email - French,21770,7451,0.342259990813045,342,0.0458998792108442,0.0157096922370234,Store,N,2024-07-05
[Production] Friday What's On - Propensity Test 2,Email - Control - English,237116,78516,0.331129067629346,965,0.0122904885628407,0.00406973801852258,Film,Y,2024-07-05
[Production] Friday What's On - Propensity Test 2,Email - Control - French,15320,4590,0.299608355091384,70,0.0152505446623094,0.00456919060052219,Film,Y,2024-07-05
[Production] Friday What's On - Propensity Test 2,Email - FWO - English,4307497,1395295,0.323922454269846,22578,0.0161815243371473,0.00524155907711601,Film,Y,2024-07-05
[Production] Friday What's On - Propensity Test 2,Email - FWO - French,277918,81060,0.291668765607122,1953,0.0240932642487047,0.00702725264286588,Film,Y,2024-07-05
[Production] 24-0003-EVCN-Arts Culture Monthly Newsletter_Jul6,Email - English,61054,25161,0.412110590624693,1558,0.0619212272962124,0.0255183935532479,Film,Y,2024-07-05
[Production] 24-0003-EVCN-Arts Culture Monthly Newsletter_Jul6,Email - French,6660,3060,0.459459459459459,225,0.0735294117647059,0.0337837837837838,Film,Y,2024-07-05
[Production] 24-0246-MKTX-XSCAPE Summer Bonus Credit Offer_July8,Email - English,6396904,2382553,0.372454080911641,15614,0.00655347436132585,0.00244086827002562,Brand,N,2024-07-05
[Production] 24-0246-MKTX-XSCAPE Summer Bonus Credit Offer_July8,Email - French,416624,129723,0.3113670839894,1312,0.0101138579897166,0.00314912247014094,Brand,N,2024-07-05
[Production] 24-0441-MKTB-Brockville Decommission_July8,Email - English,14525,5649,0.388915662650602,393,0.0695698353690919,0.0270567986230637,Film,Y,2024-07-05
[Production] Scene+ Nos Belles-Soeurs - Gatineau Resend,Email - Gatineau - Scene,10221,4118,0.402895998434595,245,0.0594949004371054,0.0239702573133744,Film,Y,2024-07-05
[Production] 24-0194-MKTT-Weekly_Tuesday_July9,Email - English,1337359,465308,0.347930510805251,9252,0.0198836039784401,0.00691811248886799,Film,Y,2024-07-05
[Production] 24-0194-MKTT-Weekly_Tuesday_July9,Email - French,92921,32051,0.344927411457044,1121,0.0349755077844685,0.0120640113644924,Film,Y,2024-07-05
[Production] 24-0288-BMPT-MBC-The Great Gatsby-July10,Email - English,83932,40500,0.482533479483391,494,0.0121975308641975,0.00588571700900729,BM&P,N,2024-07-05
[Production] 24-0438-EVCN-The Met Opera 2024-25 Season Launch-Email 1-Jul10,Email - English,227195,96926,0.426620304144017,2607,0.0268968078740482,0.0114747243557297,Film,Y,2024-07-05
[Production] 24-0438-EVCN-The Met Opera 2024-25 Season Launch-Email 1-Jul10,Email - French,13409,6167,0.459914982474457,497,0.0805902383654938,0.0370646580654784,Film,Y,2024-07-05
24-0498-MKTT-Scene Member Pricing_July10,Email - English,3066267,1137364,0.370927906800028,33472,0.0294294526642306,0.0109162052750136,Brand,Y,2024-07-05
24-0498-MKTT-Scene Member Pricing_July10,Email - French,163382,61207,0.374625111701411,4079,0.0666427042658519,0.0249660305296789,Brand,Y,2024-07-05
[Production] (35456) A Quiet Place: Day One - English,Email - RFM Offer - English,439924,136107,0.3094,913,0.0067,0.0021,Film,Y,2024-07-05
[Production] (35456) A Quiet Place: Day One - French,Email - RFM Offer - French,21594,6151,0.2848,74,0.012,0.0034,Film,Y,2024-07-05
[Production] (35589) Despicable Me 4 - English,Email - 2nd Week ScreenX Offer - English,1056207,353643,0.3348,4238,0.012,0.004,Film,Y,2024-07-05
[Production] (35589) Despicable Me 4 - French,Email - 2nd Week ScreenX Offer - French,61146,18669,0.3053,271,0.0145,0.0044,Film,Y,2024-07-05
[Production] 24-0016-MKTI-International Cinema July Newsletter,Email - English,755353,198929,0.263358985798693,1755,0.00882224311186403,0.00232341699841001,Film,Y,2024-07-05
[Production] 24-0091-STOR-Weekly Store Newsletter_July12,Email - English,391532,134965,0.344710010931418,2714,0.0201089171266625,0.0069317450425508,Store,N,2024-07-12
[Production] 24-0453-MKTT-Longlegs Scene+ Points Offer_July12,Email - English - No Offer,7391,2341,0.316736571505886,26,0.0111063648013669,0.00351779190907861,Film,Y,2024-07-12
[Production] 24-0453-MKTT-Longlegs Scene+ Points Offer_July12,Email - English - Offer,139292,44334,0.318281021164173,730,0.0164659178057473,0.00524078913361858,Film,Y,2024-07-12
[Production] 24-0453-MKTT-Longlegs Scene+ Points Offer_July12,Email - French - No Offer,350,103,0.294285714285714,3,0.029126213592233,0.00857142857142857,Film,Y,2024-07-12
[Production] 24-0453-MKTT-Longlegs Scene+ Points Offer_July12,Email - French - Offer,6463,2009,0.31084635618134,57,0.0283723245395719,0.00881943369952035,Film,Y,2024-07-12
[Production] Friday What's On - Propensity Test 3,Email - Control - English,241119,79544,0.329895196977426,1114,0.014004827516846,0.0046201253323048,Film,Y,2024-07-12
[Production] Friday What's On - Propensity Test 3,Email - Control - French,15480,4634,0.299354005167959,97,0.0209322399654726,0.00626614987080103,Film,Y,2024-07-12
[Production] Friday What's On - Propensity Test 3,Email - FWO - English,4368470,1442818,0.330279937827203,26705,0.0185089179647052,0.00611312427463162,Film,Y,2024-07-12
[Production] Friday What's On - Propensity Test 3,Email - FWO - French,280126,83171,0.296905678159114,2631,0.0316336222962331,0.00939220208049235,Film,Y,2024-07-12
[Production] Friday What's On - Propensity Test 3,Email - Propensity - English,240889,82360,0.341900211300641,942,0.0114375910636231,0.00391051480142306,Film,Y,2024-07-12
[Production] Friday What's On - Propensity Test 3,Email - Propensity - French,15764,5065,0.321301700076123,92,0.0181638696939783,0.00583608221263639,Film,Y,2024-07-12
[Production] 24-0194-MKTT-Weekly_Tuesday_July16,Email - English,1321894,464696,0.35153802044642,10948,0.0235594883536764,0.00828205589858188,Film,Y,2024-07-12
[Production] 24-0194-MKTT-Weekly_Tuesday_July16,Email - French,91147,31985,0.350916651124008,1364,0.042644989838987,0.0149648370215147,Film,Y,2024-07-12
[Production] CineClub - The Fabulous Four_July16,Email - Calgary - English,8127,4525,0.556786021902301,375,0.0828729281767956,0.0461424880029531,CineClub,N,2024-07-12
[Production] CineClub - The Fabulous Four_July16,Email - Edmonton - English,4294,2392,0.55705635770843,220,0.0919732441471572,0.0512342803912436,CineClub,N,2024-07-12
[Production] CineClub - The Fabulous Four_July16,Email - GTA - English,21567,12991,0.602355450456716,1179,0.090755138172581,0.0546668521352066,CineClub,N,2024-07-12
[Production] CineClub - The Fabulous Four_July16,Email - Vancouver - English,13067,7613,0.582612688451825,617,0.0810455799290687,0.047218183209612,CineClub,N,2024-07-12
[Production] It Ends WIth Us_Cineclub-Dedicated_July17,Email - English,65907,32012,0.485714719225575,1807,0.0564475821566912,0.0274174215181999,CineClub,N,2024-07-12
[Production] It Ends WIth Us_Cineclub-Dedicated_July17,Email - French,2014,1008,0.500496524329692,131,0.129960317460317,0.0650446871896723,CineClub,N,2024-07-12
[Production] Summer of IMAX - IMAX 1500 Scene+ Offer,Email - English - Coq - Reminder 1,217630,73664,0.338482745944952,791,0.010737945264987,0.00363460919909939,Film,Y,2024-07-12
[Production] Summer of IMAX - IMAX 1500 Scene+ Offer,Email - English - SEC - Reminder 1,151536,48654,0.321072220462464,576,0.0118386977432482,0.00380107697180868,Film,Y,2024-07-12
[Production] Survey - User Research - TRR & PDM,Email - English - Send 1,193,81,0.419689119170984,12,0.148148148148148,0.0621761658031088,Survey,N,2024-07-12
[Production] (35456) A Quiet Place: Day One - English,Email - MDP Offer - English,434815,137690,0.3167,1014,0.0074,0.0023,Film,Y,2024-07-12
[Production] (35456) A Quiet Place: Day One - French,Email - MDP Offer - French,21300,6339,0.2976,68,0.0107,0.0032,Film,Y,2024-07-12
[Production] (35589) Despicable Me 4 - English,Email - RFM Offer - English,720100,246564,0.3424,2287,0.0093,0.0032,Film,Y,2024-07-12
[Production] (35589) Despicable Me 4 - French,Email - RFM Offer - French,55695,16788,0.3014,203,0.0121,0.0036,Film,Y,2024-07-12
[Production] (37170) Nos belles-soeurs - French,Email - 2nd Week Offer - French,63028,23623,0.3748,582,0.0246,0.0092,Film,Y,2024-07-12
[Production] 24-0438-EVCN-The Met Opera 2024-25 Season Launch-Email 2-Jul18,Email - English,221830,91417,0.412103863318758,2603,0.0284739162300229,0.0117342108822071,Film,Y,2024-07-12
[Production] 24-0438-EVCN-The Met Opera 2024-25 Season Launch-Email 2-Jul18,Email - French,13118,5921,0.451364537277024,315,0.0532004728930924,0.0240128068303095,Film,Y,2024-07-12
[Production] Fly Me To The Moon - 2nd Week VIP Offer_July18,Email - 2nd Week Offer - English,242008,94483,0.390412713629302,1377,0.0145740503582655,0.00568989454894053,Film,Y,2024-07-12
[Production] Fly Me To The Moon - 2nd Week VIP Offer_July18,Email - 2nd Week Offer - French,9977,3615,0.36233336674351,67,0.0185338865836791,0.00671544552470683,Film,Y,2024-07-12
[Production] Longlegs - Scene Offer_July18,Email - 2nd week offer email,143032,45352,0.317075899099502,419,0.00923884282942318,0.00292941439677834,Film,Y,2024-07-12
[Production] Longlegs - Scene Offer_July18,Email - Connect Email 1,35304,10236,0.289938817131203,64,0.00625244236029699,0.00181282574212554,Film,Y,2024-07-12
[Production] Longlegs - Scene Offer_July18,Email - Now Playing for CC members,11817,4389,0.371414064483371,47,0.0107085896559581,0.00397732080900398,Film,Y,2024-07-12
[Production] 24-0091-STOR-Weekly Store Newsletter_July19,Email - English,388404,135031,0.347656048856345,3274,0.0242462841865942,0.00842936735975943,Store,N,2024-07-19
[Production] 24-0091-STOR-Weekly Store Newsletter_July19,Email - French,21407,6796,0.317466249357687,252,0.03708063566804,0.0117718503293315,Store,N,2024-07-19
[Production] Friday What's On - Propensity Test 4,Email - Control - English,240520,78251,0.325340927989356,1023,0.0130733153569922,0.00425328455014136,Film,Y,2024-07-19
[Production] Friday What's On - Propensity Test 4,Email - Control - French,15481,4372,0.282410696983399,79,0.0180695333943275,0.00510302952005684,Film,Y,2024-07-19
[Production] Friday What's On - Propensity Test 4,Email - FWO - English,4347864,1389730,0.319635112781817,19957,0.0143603433760515,0.00459006997458982,Film,Y,2024-07-19
[Production] Friday What's On - Propensity Test 4,Email - FWO - French,279508,78197,0.279766589865049,1580,0.0202053787229689,0.00565278990225682,Film,Y,2024-07-19
[Production] Friday What's On - Propensity Test 4,Email - Propensity - English,239887,81577,0.340064280265292,919,0.0112654302070437,0.00383097041523717,Film,Y,2024-07-19
[Production] Friday What's On - Propensity Test 4,Email - Propensity - French,15532,4837,0.31142158125161,58,0.0119909034525532,0.00373422611382951,Film,Y,2024-07-19
[Production] Scene & Connect - It Ends With Us_July19,Email - French,12711,4959,0.390134529147982,210,0.0423472474289171,0.0165211234363937,Film,Y,2024-07-19
[Production] Scene & Connect - It Ends With Us_July19,Email - English,357710,140714,0.393374521260239,2732,0.0194152678482596,0.00763747169494842,Film,Y,2024-07-19
[Production] Summer of IMAX - IMAX 1500 Scene+ Offer,Email - English - Coq - Last Chance,216815,70281,0.324151926757835,789,0.0112263627438426,0.00363904711389895,Film,Y,2024-07-19
[Production] Summer of IMAX - IMAX 1500 Scene+ Offer,Email - English - South Edmonton - Last Chance,151110,47035,0.311263318112633,609,0.0129478048261933,0.00403017669247568,Film,Y,2024-07-19
[Production] 24-0004-EVCN-Family Monthly Newsletter- July,Email - English,1220732,350254,0.286921289849041,6911,0.0197313949305361,0.00566135728399026,Film,Y,2024-07-19
[Production] 24-0004-EVCN-Family Monthly Newsletter- July,Email - French,91736,23099,0.251798639574431,732,0.0316896835360838,0.00797941920293015,Film,Y,2024-07-19
[Production] Survey - User Research - TRR & PDM_Send#2,Email - English - Send 2,574,227,0.395470383275261,46,0.202643171806167,0.0801393728222996,Survey,N,2024-07-19
[Production] 24-0194-MKTT-Weekly_Tuesday_July23,Email - English,1316889,456718,0.346815866789076,11604,0.0254073629679583,0.00881167661055715,Film,Y,2024-07-19
[Production] 24-0194-MKTT-Weekly_Tuesday_July23,Email - French,91138,31436,0.344927472623933,1194,0.0379819315434534,0.0131010116526586,Film,Y,2024-07-19
[Production] (35589) Despicable Me 4 - English,Email - MDP Offer - English,702952,170379,0.2424,2541,0.0149,0.0036,Film,Y,2024-07-19
[Production] (35589) Despicable Me 4 - French,Email - MDP Offer - French,54654,12457,0.2279,208,0.0167,0.0038,Film,Y,2024-07-19
[Production] (36471) Twisters - English,Email - 2nd Week Ticketing - English,1216926,298077,0.2449,4536,0.0152,0.0037,Film,Y,2024-07-19
[Production] (36471) Twisters - French,Email - 2nd Week Ticketing - French,88626,22073,0.2491,333,0.0151,0.0038,Film,Y,2024-07-19
[Production] (37170) Nos belles-soeurs - French,Email - RFM Offer - French,58051,15463,0.2664,348,0.0225,0.006,Film,Y,2024-07-19
[Production] MKTT-ScreenX - Deadpool & Wolverine Scene+ Offer,Email - English - Offer,472183,113624,0.240635516314649,2866,0.0252235443216222,0.00606968061111899,Film,Y,2024-07-19
[Production] MKTT-ScreenX - Deadpool & Wolverine Scene+ Offer,Email - French - Offer,24163,5731,0.23718081364069,208,0.0362938405164893,0.00860820262384638,Film,Y,2024-07-19
[Production] Scene Offer - Inside Out 2 - July 25,Email - English,75671,20003,0.26434168968297,357,0.0178473229015648,0.00471779149211719,Film,Y,2024-07-19
[Production] 24-0091-STOR-Weekly Store Newsletter_July26,Email - English,391753,104675,0.267196422235439,2507,0.0239503224265584,0.0063994404637616,Store,N,2024-07-26
[Production] Friday What's On - Propensity Test 5,Email - Control - English,240966,61784,0.25640131802827,956,0.0154732616858734,0.00396736469045425,Film,Y,2024-07-26
[Production] Friday What's On - Propensity Test 5,Email - Control - French,15451,3567,0.230858844087761,68,0.0190636389122512,0.00440100964338878,Film,Y,2024-07-26
[Production] Friday What's On - Propensity Test 5,Email - FWO - English,4349935,1066631,0.245206192736213,16165,0.0151551942518078,0.00371614748266353,Film,Y,2024-07-26
[Production] Friday What's On - Propensity Test 5,Email - FWO - French,279170,63974,0.229157860801662,1128,0.0176321630662457,0.00404054876956693,Film,Y,2024-07-26
[Production] Friday What's On - Propensity Test 5,Email - Propensity - English,240675,64962,0.26991586163914,868,0.013361657584434,0.00360652331982965,Film,Y,2024-07-26
[Production] Friday What's On - Propensity Test 5,Email - Propensity - French,15237,3858,0.253199448710376,68,0.017625712804562,0.0044628207652425,Film,Y,2024-07-26
[Production] 24-0246-MKTX-XSCAPE Summer Bonus Credit Offer_July29,Email - English,6444080,2131162,0.330716254298519,14257,0.00668977768935445,0.0022124182195131,Brand,N,2024-07-26
[Production] 24-0246-MKTX-XSCAPE Summer Bonus Credit Offer_July29,Email - French,417043,129774,0.311176545344245,1242,0.00957048407231032,0.00297811017089365,Brand,N,2024-07-26
[Production] 24-0194-MKTT-Weekly_Tuesday_Jul30,Email - English,1339316,449447,0.335579504762132,6478,0.0144132678602816,0.00483679729055727,Film,Y,2024-07-26
[Production] 24-0194-MKTT-Weekly_Tuesday_Jul30,Email - French,92210,28251,0.306376748725735,641,0.0226894623199179,0.00695152369591151,Film,Y,2024-07-26
[Production] 24-0282-MKTT-Alien: Romulus Dolby Atmos_Jul30,Email - English,172492,58611,0.339789671405051,681,0.0116189793724727,0.00394800918303458,Film,Y,2024-07-26
[Production] 24-0282-MKTT-Alien: Romulus Dolby Atmos_Jul30,Email - French,5857,1875,0.320129759262421,24,0.0128,0.00409766091855899,Film,Y,2024-07-26
[Production] 24-0529-MKTT-Alien Romulus ScreenX Screen+ Points Offer_Jul30,Email - English - Control,7128,2562,0.359427609427609,27,0.0105386416861827,0.00378787878787879,Film,Y,2024-07-26
[Production] 24-0529-MKTT-Alien Romulus ScreenX Screen+ Points Offer_Jul30,Email - English - Offer,135376,48848,0.360832052948824,742,0.0151899770717327,0.00548103061103888,Film,Y,2024-07-26
[Production] 24-0529-MKTT-Alien Romulus ScreenX Screen+ Points Offer_Jul30,Email - French - Control,771,266,0.345006485084306,9,0.0338345864661654,0.0116731517509728,Film,Y,2024-07-26
[Production] 24-0529-MKTT-Alien Romulus ScreenX Screen+ Points Offer_Jul30,Email - French - Offer,14796,5584,0.377399297107326,121,0.0216690544412607,0.00817788591511219,Film,Y,2024-07-26
[Production] CineClub - Borderlands_July31,Email - Forum Montreal - English,5475,2509,0.458264840182648,462,0.184137106416899,0.0843835616438356,CineClub,N,2024-07-26
[Production] CineClub - Borderlands_July31,Email - Scotiabank - English,34372,16545,0.48135109973234,2238,0.135267452402539,0.0651111369719539,CineClub,N,2024-07-26
[Production] CineClub - Borderlands_July31,Email - Starcite Montreal - French,2546,1263,0.496072270227808,216,0.171021377672209,0.0848389630793401,CineClub,N,2024-07-26
[Production] CineClub - Borderlands_July31,Email - Ste Foy,1627,829,0.509526736324524,164,0.197828709288299,0.10079901659496,CineClub,N,2024-07-26
[Production] (36278) Deadpool and Wolverine - English,Email - 2nd Week Ticketing - English,1293055,420610,0.3253,4347,0.0103,0.0034,Film,Y,2024-07-26
[Production] (36278) Deadpool and Wolverine - French,Email - 2nd Week Ticketing - French,42989,12732,0.296168787364209,144,0.0113100848256362,0.00334969410779502,Film,Y,2024-07-26
[Production] (36471) Twisters - English,Email - RFM Offer - English,1088034,352248,0.3237,3173,0.009,0.0029,Film,Y,2024-07-26
[Production] (36471) Twisters - French,Email - RFM Offer - French,81844,25535,0.312,288,0.0113,0.0035,Film,Y,2024-07-26
[Production] (37170) Nos belles-soeurs - French,Email - MDP Offer - French,40296,14274,0.354228707564026,270,0.0189155107187894,0.00670041691483026,Film,Y,2024-07-26
[Production] 24-0301-MKTT-Harold and the Purple Crayon Scene+ Points Offer_Aug1,Email - English - No Offer,11174,3551,0.31779130123501,39,0.0109828217403548,0.00349024521209952,Film,Y,2024-07-26
[Production] 24-0301-MKTT-Harold and the Purple Crayon Scene+ Points Offer_Aug1,Email - English - Offer,211799,67746,0.319859867138183,676,0.00997844891211289,0.00319170534327358,Film,Y,2024-07-26
[Production] 24-0301-MKTT-Harold and the Purple Crayon Scene+ Points Offer_Aug1,Email - French - No Offer,583,195,0.334476843910806,4,0.0205128205128205,0.00686106346483705,Film,Y,2024-07-26
[Production] 24-0301-MKTT-Harold and the Purple Crayon Scene+ Points Offer_Aug1,Email - French - Offer,12023,3679,0.305996839391167,48,0.0130470236477304,0.0039923479996673,Film,Y,2024-07-26
[Production] Survey - Film Anticipation - August,Email - English,86950,30473,0.35046578493387,3253,0.106750237915532,0.0374123059229442,Survey,N,2024-07-26
[Production] Survey - Film Anticipation - August,Email - French,9592,3239,0.337677231025855,525,0.162087063908614,0.0547331109257715,Survey,N,2024-07-26
[Production] 24-0091-STOR-Weekly Store Newsletter_Aug2,Email - English,396585,130124,0.328111249795126,3149,0.0241999938520181,0.00794029022782001,Store,N,2024-08-02
[Production] 24-0091-STOR-Weekly Store Newsletter_Aug2,Email - French,21896,7027,0.320926196565583,333,0.0473886438024762,0.0152082572159298,Store,N,2024-08-02
[Production] 24-0502-RECR-TRR eNewsletter_Generic_August,Email - Generic,275995,88204,0.319585499737314,1636,0.0185479116593352,0.00592764361673219,LBE,N,2024-08-02
[Production] Friday What's On - Propensity Test 6,Email - English,4404914,1328657,0.301630633424398,16133,0.0121423362086679,0.00366250056187249,Film,Y,2024-08-02
[Production] Friday What's On - Propensity Test 6,Email - French,281259,74041,0.263248464938011,977,0.013195391742413,0.00347366662044592,Film,Y,2024-08-02
[Production] Friday What's On - Propensity Test 6,Email - Propensity - English,237607,81748,0.34404710298939,1015,0.0124162059010618,0.00427175967038008,Film,Y,2024-08-02
[Production] Friday What's On - Propensity Test 6,Email - Propensity - French,15257,4885,0.32018090057023,65,0.0133060388945752,0.00426033951628761,Film,Y,2024-08-02
[Production] 24-0003-EVCN-Arts Culture Monthly Newsletter – August 3,Email - English,63460,21970,0.34620233217775,1905,0.0867091488393264,0.0300189095493224,Film,Y,2024-08-02
[Production] 24-0003-EVCN-Arts Culture Monthly Newsletter – August 3,Email - French,7049,2469,0.350262448574266,227,0.0919400567031187,0.0322031493828912,Film,Y,2024-08-02
[Production] 24-0031-STOR-TV Summer Sale-House of the Dragon S2,Email - English,306071,114073,0.372701105299097,1502,0.0131670070919499,0.00490735809665078,Store,N,2024-08-02
[Production] 24-0031-STOR-Dedicated Emails_Despicable Me 4_Aug6,Email - English,335680,114967,0.342489871306006,1594,0.0138648481738238,0.00474857006673022,Store,N,2024-08-02
[Production] 24-0031-STOR-Dedicated Emails_Despicable Me 4_Aug6,Email - French,21805,7285,0.334097684017427,216,0.0296499656829101,0.00990598486585646,Store,N,2024-08-02
[Production] 24-0194-MKTT-Weekly_Tuesday_Aug6,Email - English,1375976,466416,0.338971028564452,5744,0.0123151864430037,0.00417449141554795,Film,Y,2024-08-02
[Production] 24-0194-MKTT-Weekly_Tuesday_Aug6,Email - French,93206,30493,0.327157049975323,549,0.0180041320958909,0.00589017874385769,Film,Y,2024-08-02
[Production] 24-0286-MKTT-Andre Rieu Summer 2024 Scene+ Points Offer_Aug7,Email - English - No Offer,32892,13606,0.413656816247112,307,0.0225635748934294,0.00933357655356926,Film,Y,2024-08-02
[Production] 24-0286-MKTT-Andre Rieu Summer 2024 Scene+ Points Offer_Aug7,Email - English - Offer,102275,45607,0.445925201662185,836,0.0183305194378056,0.00817404057687607,Film,Y,2024-08-02
[Production] 24-0286-MKTT-Andre Rieu Summer 2024 Scene+ Points Offer_Aug7,Email - French - No Offer,1788,719,0.402125279642058,25,0.0347705146036161,0.0139821029082774,Film,Y,2024-08-02
[Production] 24-0286-MKTT-Andre Rieu Summer 2024 Scene+ Points Offer_Aug7,Email - French - Offer,5585,2776,0.497045658012534,66,0.0237752161383285,0.0118173679498657,Film,Y,2024-08-02
[Production] 24-0472-CPGC-UGO Promotion 2024_EN_FR,Email - English_French,8315,2397,0.288274203247144,256,0.106800166875261,0.0307877330126278,BM&P,N,2024-08-02
[Production] 24-0472-CPGC-UGO Promotion 2024_FR_EN,Email - French_English,615,147,0.239024390243902,11,0.0748299319727891,0.0178861788617886,BM&P,N,2024-08-02
[Production] (36278) Deadpool and Wolverine - English,Email - RFM Offer - English,949978,295109,0.3106,2629,0.0089,0.0028,Film,Y,2024-08-02
[Production] (36278) Deadpool and Wolverine - French,Email - RFM Offer - French,49612,14409,0.2904,159,0.011,0.0032,Film,Y,2024-08-02
[Production] (36471) Twisters - English,Email - MDP Offer - English,1074763,356174,0.3314,3448,0.0097,0.0032,Film,Y,2024-08-02
[Production] (36471) Twisters - French,Email - MDP Offer - French,80966,26660,0.3293,381,0.0143,0.0047,Film,Y,2024-08-02
[Production] 24-0016-MKTI-International Cinema August Newsletter,Email - English,880131,247683,0.281416061927145,3076,0.0124191002208468,0.00349493427682924,Film,Y,2024-08-02
[Production] 24-0434-RECR-Q3 LBE Scene+ Offer_TRR_Aug8,Email - English,272279,84746,0.311246919520051,787,0.00928657399759281,0.00289041754964577,LBE,N,2024-08-02
[Production] Film Propensity Dedicated Email - Borderlands,Email - English - 0-7,539619,195417,0.362138842405475,2069,0.0105876152023621,0.00383418671321803,Film,Y,2024-08-02
[Production] Film Propensity Dedicated Email - Borderlands,Email - English - 8-9,77206,28749,0.37236743258296,317,0.0110264704859299,0.00410589850529752,Film,Y,2024-08-02
[Production] Film Propensity Dedicated Email - Borderlands,Email - English - 9-10,49519,19713,0.39808962216523,272,0.0137980013189266,0.00549284113168683,Film,Y,2024-08-02
[Production] 24-0091-STOR-Weekly Store Newsletter_Aug9,Email - English,396410,137902,0.34787719785071,2875,0.0208481385331612,0.00725259201331954,Store,N,2024-08-09
[Production] 24-0434-RECR-Q3 LBE Scene+ Inital Offer_PDM_Aug9,Email - English,71583,24046,0.335917745833508,215,0.00894119604092157,0.00300350641912186,LBE,N,2024-08-09
[Production] 24-0448-GREV-G&E Holiday 2024 Campaign_EN_FR_Aug09,Email - English-French,7939,2270,0.285930217911576,181,0.0797356828193833,0.0227988411638745,BM&P,N,2024-08-09
[Production] 24-0448-GREV-G&E Holiday 2024 Campaign_FR_EN_Aug09,Email - French-English,588,141,0.239795918367347,4,0.0283687943262411,0.00680272108843537,BM&P,N,2024-08-09
[Production] 24-0549-MKTT-Alien: Romulus Giveaway CineClub Email-Aug9,Email - English,196521,68424,0.348176530752439,663,0.00968958260259558,0.00337368525501091,CineClub,N,2024-08-09
[Production] 24-0549-MKTT-Alien: Romulus Giveaway CineClub Email-Aug9,Email - French,8808,3314,0.376248864668483,53,0.015992757996379,0.0060172570390554,CineClub,N,2024-08-09
[Production] CineClub - FLY IMAX - August 9,Email - English,73172,34016,0.464877275460559,1342,0.0394520225776105,0.018340348767288,CineClub,Y,2024-08-09
[Production] Friday What's On - Propensity Test 7,Email - English,4469717,1408499,0.315120398002827,17882,0.012695784661544,0.00400070071550391,Film,Y,2024-08-09
[Production] Friday What's On - Propensity Test 7,Email - French,288763,81791,0.283246122252505,1285,0.0157107750241469,0.00445001610317111,Film,Y,2024-08-09
[Production] Friday What's On - Propensity Test 7,Email - Propensity - English,197843,72660,0.367260908902514,786,0.0108175061932287,0.00397284715658376,Film,Y,2024-08-09
[Production] Friday What's On - Propensity Test 7,Email - Propensity - French,11586,4095,0.353443811496634,56,0.0136752136752137,0.00483341964439841,Film,Y,2024-08-09
[Production] Reminder-Alien Romulus ScreenX Screen+ Points Offer_Aug 12,Email - English - Offer,147189,53820,0.365652324562297,780,0.0144927536231884,0.0052993090516275,Film,Y,2024-08-09
[Production] Reminder-Alien Romulus ScreenX Screen+ Points Offer_Aug 12,Email - French - Offer,15889,6192,0.389703568506514,105,0.0169573643410853,0.00660834539618604,Film,Y,2024-08-09
[Production] 24-0194-MKTT-Weekly_Tuesday_Aug13,Email - English,1386559,477462,0.34435029450604,6447,0.013502645236689,0.00464963986386443,Film,Y,2024-08-09
[Production] 24-0194-MKTT-Weekly_Tuesday_Aug13,Email - French,93595,32446,0.346663817511619,619,0.0190778524317327,0.00661360115390779,Film,Y,2024-08-09
[Production] (36278) Deadpool and Wolverine - English,Email - MDP Offer - English,921798,288290,0.3127,2608,0.009,0.0028,Film,Y,2024-08-09
[Production] (36278) Deadpool and Wolverine - French,Email - MDP Offer - French,48177,14255,0.2959,158,0.0111,0.0033,Film,Y,2024-08-09
[Production] (36886) It Ends With Us - English,Email - 2nd Week Ticketing - English,341887,127151,0.3719,1615,0.0127,0.0047,Film,Y,2024-08-09
[Production] (36886) It Ends With Us - French,Email - 2nd Week Ticketing - French,18994,6583,0.3466,102,0.0155,0.0054,Film,Y,2024-08-09
[Production] (36945) La femme cachee - French,Email - 2nd Week Ticketing - French,15326,7208,0.4703,232,0.0322,0.0151,Film,Y,2024-08-09
[Production] 24-0472-CPGC-UGO Promotion 2024_Reminder_EN_FR,Email - English_French,8171,2141,0.262024232040142,205,0.0957496496964036,0.0250887284298128,BM&P,N,2024-08-09
[Production] 24-0472-CPGC-UGO Promotion 2024_Reminder_FR_EN,Email - French_English,608,132,0.217105263157895,11,0.0833333333333333,0.0180921052631579,BM&P,N,2024-08-09
[Production] 24-0474-RECR-TRR TRH – Taylor Swift Weekend Event - Aug 15,Email - English,528,193,0.365530303030303,12,0.0621761658031088,0.0227272727272727,LBE,N,2024-08-09
[Production] 24-0560-MKTT-Fredricton-Recliners-Aug15,Email - English,41913,12083,0.288287643451912,395,0.0326905569808822,0.009424283635149,Film,Y,2024-08-09
[Production] 24-0091-STOR-Weekly Store Newsletter_Aug16,Email - English,394317,137127,0.347758275702037,3707,0.0270333340625843,0.00940106564008146,Store,N,2024-08-16
[Production] 24-0091-STOR-Weekly Store Newsletter_Aug16,Email - French,21906,7065,0.322514379622021,359,0.0508138711960368,0.0163882041449831,Store,N,2024-08-16
[Production] 24-0461-MKTT-Le comte de Monte-Cristo - Scene+ Points Offer_Aug16,Email - French - No Offer,1032,374,0.362403100775194,10,0.0267379679144385,0.00968992248062015,Film,Y,2024-08-16
[Production] 24-0461-MKTT-Le comte de Monte-Cristo - Scene+ Points Offer_Aug16,Email - French - Offer,20526,7521,0.366413329435837,248,0.032974338518814,0.012082237162623,Film,Y,2024-08-16
[Production] Friday What's On - Propensity Test 8,Email - English,4367175,1432182,0.32794243418228,17270,0.0120585232882413,0.00395450147978957,Film,Y,2024-08-16
[Production] Friday What's On - Propensity Test 8,Email - French,281198,80870,0.287590950149005,1383,0.0171015209595647,0.00491824266175435,Film,Y,2024-08-16
[Production] Friday What's On - Propensity Test 8,Email - Propensity - English,240903,88690,0.368156477918498,843,0.0095050174766039,0.00349933375674026,Film,Y,2024-08-16
[Production] Friday What's On - Propensity Test 8,Email - Propensity - French,15171,5189,0.342034144090699,74,0.0142609365966468,0.0048777272427658,Film,Y,2024-08-16
[Production] 24-0004-EVCN-August Family Monthly Newsletter,Email - English,1261820,350472,0.277751184796564,6095,0.017390832933872,0.00483032445198206,Film,Y,2024-08-16
[Production] 24-0004-EVCN-August Family Monthly Newsletter,Email - French,94044,24014,0.255348560248394,696,0.0289830931956359,0.00740079111905066,Film,Y,2024-08-16
[Production] 24-0503-FOOD-Jolly Ranchers Unhinged Flavour_Aug19,Email - English,6318255,2161418,0.34209097290312,15272,0.00706573184825887,0.00241712308224344,Brand,N,2024-08-16
[Production] 24-0503-FOOD-Jolly Ranchers Unhinged Flavour_Aug19,Email - French,419502,139542,0.332637269905745,1627,0.0116595720284932,0.00387840820782738,Brand,N,2024-08-16
[Production] 24-0194-MKTT-Weekly_Tuesday_Aug20,Email - English,1385818,418347,0.301877302791564,9406,0.022483727623241,0.00678732705160418,Film,Y,2024-08-16
[Production] 24-0194-MKTT-Weekly_Tuesday_Aug20,Email - French,93837,29059,0.309675287999403,1076,0.0370281152138752,0.0114666922429319,Film,Y,2024-08-16
[Production] 24-0205-RECR-TRR Deal of the Day_Reminder_Aug20_Resend,Email - English,206562,67646,0.327485210251644,1097,0.0162167755669219,0.00531075415613714,LBE,N,2024-08-16
[Production] 24-0246-MKTX-XSCAPE Summer Bonus Credit Offer_Aug20,Email - English,6496406,2169911,0.334017147327307,11436,0.00527026223656178,0.0017603579579232,Brand,N,2024-08-16
[Production] 24-0246-MKTX-XSCAPE Summer Bonus Credit Offer_Aug20,Email - French,419326,132774,0.316636697939074,1158,0.00872158705770708,0.00276157452674053,Brand,N,2024-08-16
[Production] 24-0472-CPGC-UGO Promotion 2024_Partners_EN_FR_Aug20,Email - English_French,801,217,0.270911360799001,28,0.129032258064516,0.034956304619226,BM&P,N,2024-08-16
[Production] 24-0247-MKTT-Strange Darling- Dedicated Email_Aug21,Email - English,227740,76195,0.334570123825415,950,0.0124680097119234,0.00417142355317467,Film,Y,2024-08-16
[Production] 24-0247-MKTT-Strange Darling- Dedicated Email_Aug21,Email - French,9897,3156,0.318884510457714,66,0.0209125475285171,0.00666868748105486,Film,Y,2024-08-16
[Production] 24-0286-MKTT-Andre Rieu Summer 2024 Dedicated Email_Aug21,Email - English,136083,61539,0.45221666189017,1919,0.031183477144575,0.0141016879404481,Film,Y,2024-08-16
[Production] 24-0286-MKTT-Andre Rieu Summer 2024 Dedicated Email_Aug21,Email - French,7412,3541,0.477738801942795,162,0.045749788195425,0.021856449001619,Film,Y,2024-08-16
[Production] 24-0504-MKTT-The Forge-DedicatedEmail-Aug21,Email - English,93273,38793,0.415908140619472,1789,0.0461165674219576,0.0191802558082189,Film,Y,2024-08-16
[Production] (36886) It Ends With Us - English,Email - RFM Offer - English,280609,108823,0.3878,1064,0.0098,0.0038,Film,Y,2024-08-16
[Production] (36886) It Ends With Us - French,Email - RFM Offer - French,15835,5577,0.3522,64,0.0115,0.004,Film,Y,2024-08-16
[Production] (36945) La femme cachee - French,Email - RFM Offer - French,13941,6734,0.483,167,0.0248,0.012,Film,Y,2024-08-16
[Production] 24-0200-EVCN-Classic Film Series-Keanu Fest-Dedicated Email,Email - English,233102,76368,0.327616236668926,1765,0.0231117745652629,0.00757179260581205,Film,Y,2024-08-16
[Production] 24-0547-MKTL-Cineclub Terms & Conditions Update,Email - English,137837,72341,0.524830052888557,8390,0.115978490759044,0.060868997439004,CineClub,N,2024-08-16
[Production] 24-0547-MKTL-Cineclub Terms & Conditions Update,Email - French,6237,3962,0.635241301907969,504,0.127208480565371,0.0808080808080808,CineClub,N,2024-08-16
[Production] CineClub - Deaner '89 Ticket Contest,Email - English,41551,20003,0.481408389689779,1199,0.0599410088486727,0.0288561045462203,CineClub,N,2024-08-16
[Production] Film Propensity Dedicated Email - Blink Twice,Email - English - 7-8,975125,346274,0.355107293936675,3494,0.0100902753310962,0.00358313036790155,Film,Y,2024-08-16
[Production] Film Propensity Dedicated Email - Blink Twice,Email - English - 8-9,325565,121311,0.37261683534778,1473,0.0121423448821624,0.00452444212369266,Film,Y,2024-08-16
[Production] Film Propensity Dedicated Email - Blink Twice,Email - English - 9-10,67599,26711,0.395138981345878,442,0.0165474897982105,0.00653855826269619,Film,Y,2024-08-16
[Production] 24-0091-STOR-Weekly Store Newsletter_Aug23,Email - English,392505,138893,0.353863008114546,3422,0.0246376707249465,0.00871836027566528,Store,N,2024-08-23
[Production] 24-0462-MKTT-Ababouiné Scene Points Offer Email-Aug23,Email - French - No Offer,897,439,0.489409141583055,16,0.0364464692482916,0.0178372352285396,Film,Y,2024-08-23
[Production] 24-0462-MKTT-Ababouiné Scene Points Offer Email-Aug23,Email - French - Offer,17110,8524,0.498188194038574,384,0.0450492726419521,0.0224430157802455,Film,Y,2024-08-23
[Production] Friday What's On - Propensity Test 9,Email - English,4340756,1331098,0.306651191635743,14276,0.0107249804296904,0.00328882802903457,Film,Y,2024-08-23
[Production] Friday What's On - Propensity Test 9,Email - French,279656,77426,0.276861572789427,1030,0.0133030248237026,0.0036830963755471,Film,Y,2024-08-23
[Production] Friday What's On - Propensity Test 9,Email - Propensity - English,240747,87663,0.364129148026767,748,0.00853267627163113,0.00310699614117725,Film,Y,2024-08-23
[Production] Friday What's On - Propensity Test 9,Email - Propensity - French,15066,5079,0.337116686579052,64,0.0126009056900965,0.00424797557414045,Film,Y,2024-08-23
[Production] 24-0472-CPGC-UGO Promotion 2024_Last_Chance_EN_FR,Email - English_French,2216,1045,0.471570397111913,61,0.0583732057416268,0.0275270758122744,BM&P,N,2024-08-23
[Production] 24-0472-CPGC-UGO Promotion 2024_Last_Chance_FR_EN,Email - French_English,148,51,0.344594594594595,3,0.0588235294117647,0.0202702702702703,BM&P,N,2024-08-23
[Production] Survey - Global Cinema Federation,Email - English,241435,92080,0.381386294447781,10110,0.109795829713293,0.0418746246401723,Survey,N,2024-08-23
[Production] Survey - Global Cinema Federation,Email - French,67317,25332,0.376309104683809,4227,0.166864045476078,0.0627924595570213,Survey,N,2024-08-23
[Production] 24-0194-MKTT-Weekly_Tuesday_Aug27,Email - English,1384372,399688,0.288714305114521,8910,0.0222923880626889,0.00643613132886247,Film,Y,2024-08-23
[Production] 24-0194-MKTT-Weekly_Tuesday_Aug27,Email - French,94097,27622,0.293548147124776,842,0.0304829483744841,0.00894821301423,Film,Y,2024-08-23
[Production] 24-0472-CPGC-UGO Promotion 2024_Partnership_Reminder_Aug27,Email - English_French,801,186,0.232209737827715,30,0.161290322580645,0.0374531835205993,BM&P,N,2024-08-23
[Production] 24-0568-MKTT-You Gotta Believe-Dedicated Email,Email - English,105193,44422,0.422290456589317,932,0.0209805952005763,0.00885990512676699,Film,Y,2024-08-23
[Production] 24-0568-MKTT-You Gotta Believe-Dedicated Email,Email - French,3668,1480,0.403489640130862,28,0.0189189189189189,0.00763358778625954,Film,Y,2024-08-23
[Production] (36886) It Ends With Us - English,Email - MDP Offer - English,96758,36691,0.379203786766986,367,0.0100024529176092,0.0037929680233159,Film,Y,2024-08-23
[Production] (36886) It Ends With Us - French,Email - MDP Offer - French,4629,1402,0.302873190753943,11,0.00784593437945792,0.00237632317995247,Film,Y,2024-08-23
[Production] (36945) La femme cachee - French,Email - MDP Offer - French,10067,4916,0.488328201052945,150,0.0305126118795769,0.0149001688685805,Film,Y,2024-08-23
[Production] (37531) Blink Twice - English,Email - 2nd Week Ticketing - English,37338,14524,0.388987090899352,112,0.00771137427705866,0.00299962504686914,Film,Y,2024-08-23
[Production] (37531) Blink Twice - French,Email - 2nd Week Ticketing - French,15186,5203,0.342618200974582,65,0.0124927926196425,0.00428025813249045,Film,Y,2024-08-23
[Production] 24-0527-MKTB-Cineplex Community Day 2024-CPX-Save-The-Date,Email - English,541523,164419,0.303623299472045,4846,0.0294734793424118,0.00894883504486421,Brand,Y,2024-08-23
[Production] 24-0527-MKTB-Cineplex Community Day 2024-CPX-Save-The-Date,Email - French,119655,35113,0.293452007855919,1662,0.0473328966479651,0.0138899335589821,Brand,Y,2024-08-23
[Production] 24-0091-STOR-Weekly Store Newsletter_Aug30,Email - English,390517,137774,0.352798981862505,3196,0.0231974102515714,0.00818402271860124,Store,N,2024-08-30
[Production] 24-0091-STOR-Weekly Store Newsletter_Aug30,Email - French,21748,7322,0.336674636748207,357,0.0487571701720841,0.0164153025565569,Store,N,2024-08-30
[Production] 24-0194-MKTT-Weekly_Friday_Aug30,Email - English,2405401,773136,0.321416678549647,9926,0.0128386208894683,0.00412654688345103,Film,Y,2024-08-30
[Production] 24-0194-MKTT-Weekly_Friday_Aug30,Email - English - No Copy,2410751,775714,0.321772758779318,10274,0.0132445720974483,0.00426174250264752,Film,Y,2024-08-30
[Production] 24-0194-MKTT-Weekly_Friday_Aug30,Email - French,154742,44944,0.290444740277365,870,0.0193574225703097,0.00562226157087281,Film,Y,2024-08-30
[Production] 24-0194-MKTT-Weekly_Friday_Aug30,Email - French - No Copy,154575,45161,0.292162380721333,898,0.0198844135426585,0.00580947759987061,Film,Y,2024-08-30
[Production] 24-0527-MKTB-Cineplex Community Day 2024-PDM,Email - English,56210,18687,0.332449742038783,246,0.0131642318189115,0.00437644547233588,Brand,Y,2024-08-30
[Production] 24-0527-MKTB-Cineplex Community Day 2024-TRR,Email - English,254728,84126,0.330258157721177,1204,0.0143118655350308,0.00472661034515248,Brand,Y,2024-08-30
[Production] Scene Offer - Deadpool & Wolverine- August 30,Email - English,114863,38910,0.338751382081262,417,0.0107170393215112,0.00363041188198114,Film,Y,2024-08-30
[Production] Stree 2 - 500 point offer,Email - English - Offer - English Comps,10985,3952,0.359763313609467,57,0.0144230769230769,0.0051888939462904,Film,Y,2024-08-30
[Production] Stree 2 - 500 point offer,Email - English - Offer - Hindi Punjabi,230819,91117,0.394755197795675,689,0.00756170637751462,0.00298502289672861,Film,Y,2024-08-30
[Production] 24-0502-RECR-TRR eNewsletter_Generic_September,Email - Generic,253057,86298,0.341021983189558,1824,0.0211360634081902,0.00720786226028128,LBE,N,2024-08-30
[Production] 24-0194-MKTT-Weekly_Tuesday_Sep3,Email - English,1371385,408583,0.297934569796228,9832,0.0240636541412638,0.00716939444430266,Film,Y,2024-08-30
[Production] 24-0194-MKTT-Weekly_Tuesday_Sep3,Email - French,93362,28591,0.306238084017052,1228,0.0429505788534854,0.0131531029755147,Film,Y,2024-08-30
[Production] - Pricing Workstream - Test 1,Email - Email - $5 - English,55875,25647,0.459006711409396,296,0.0115413108745662,0.00529753914988814,Brand,Y,2024-08-30
[Production] - Pricing Workstream - Test 1,Email - Email - $5 - French,66,28,0.424242424242424,0,0.0,0.0,Brand,Y,2024-08-30
[Production] - Pricing Workstream - Test 1,Email - Email - $8 - English,55662,25688,0.461499766447487,321,0.0124961071317347,0.00576695052279832,Brand,Y,2024-08-30
[Production] - Pricing Workstream - Test 1,Email - Email - $8 - French,77,26,0.337662337662338,0,0.0,0.0,Brand,Y,2024-08-30
[Production] 24-0071-CPGC-LBE Evergreen E-Gift Card Offers-PDM-Intro,Email - English,55297,18702,0.338210029477187,195,0.0104266923323709,0.00352641192108071,BM&P,N,2024-08-30
[Production] Survey - Film Anticipation - September,Email - English,86818,32597,0.375463613536363,3254,0.099825137282572,0.037480706765878,Survey,N,2024-08-30
[Production] Survey - Film Anticipation - September,Email - French,9611,3417,0.355530121735511,506,0.148083113842552,0.0526480074914161,Survey,N,2024-08-30
[Production] (37531) Blink Twice - English,Email - RFM Offer - English,388217,129176,0.3327,837,0.0065,0.0022,Film,Y,2024-08-30
[Production] (37531) Blink Twice - French,Email - RFM Offer - French,21822,6973,0.3195,85,0.0122,0.0039,Film,Y,2024-08-30
[Production] 24-0527-MKTB-Cineplex Community Day 2024-CPX-Tickets-Available,Email - English,6459600,2165193,0.335189949842095,101884,0.0470553895195486,0.0157724936528578,Brand,Y,2024-08-30
[Production] 24-0527-MKTB-Cineplex Community Day 2024-CPX-Tickets-Available,Email - French,417206,137653,0.329940125501551,8797,0.0639070706777186,0.021085506919843,Brand,Y,2024-08-30
[Production] 24-0552-MKTT-Deaner 89 Scene+ Points Offer_Sept05,Email - English - Control,512,200,0.390625,1,0.005,0.001953125,Film,Y,2024-08-30
[Production] 24-0552-MKTT-Deaner 89 Scene+ Points Offer_Sept05,Email - English - Offer,9892,4081,0.412555600485241,47,0.0115167851016908,0.00475131419328751,Film,Y,2024-08-30
[Production] 24-0552-MKTT-Deaner 89 Scene+ Points Offer_Sept05,Email - French - Control,161,48,0.298136645962733,0,0.0,0.0,Film,Y,2024-08-30
[Production] 24-0552-MKTT-Deaner 89 Scene+ Points Offer_Sept05,Email - French - Offer,3053,983,0.321978381919424,8,0.0081383519837233,0.00262037340320996,Film,Y,2024-08-30
[Production] See Any Movie - RFM 250 Scene+ Offer - September 2024,Email - English - 250,801647,281491,0.351140838798124,4807,0.0170769225303829,0.00599640490140922,Brand,Y,2024-08-30
[Production] See Any Movie - RFM 250 Scene+ Offer - September 2024,Email - French - 250,41102,14566,0.354386647851686,512,0.0351503501304408,0.01245681475354,Brand,Y,2024-08-30
[Production] 24-0071-CPGC-LBE Evergreen E-Gift Card Offers-TRR-Intro,Email - English,254111,89749,0.353188173672135,987,0.0109973370176826,0.0038841293765323,BM&P,N,2024-09-06
[Production] 24-0091-STOR-Weekly Store Newsletter_Sept6,Email - English,389137,141922,0.364709600988855,3126,0.0220261833965136,0.00803316055784981,Store,N,2024-09-06
[Production] 24-0194-MKTT-Weekly_Friday_Sept6,Email - English,2402981,788178,0.328000096546748,10892,0.0138192134264088,0.00453270333806218,Film,Y,2024-09-06
[Production] 24-0194-MKTT-Weekly_Friday_Sept6,Email - English - Sec Hero No Copy,2400502,785938,0.327405684311032,11085,0.014104165977469,0.0046177841134896,Film,Y,2024-09-06
[Production] 24-0194-MKTT-Weekly_Friday_Sept6,Email - French,308515,89792,0.291045816248805,1509,0.0168055060584462,0.0048911722282547,Film,Y,2024-09-06
[Production] 24-0003-EVCN-Arts Culture Monthly Newsletter_Sept,Email - English,63699,25784,0.404778724940737,1946,0.0754731616506361,0.0305499301401906,Film,Y,2024-09-06
[Production] 24-0003-EVCN-Arts Culture Monthly Newsletter_Sept,Email - French,7023,3294,0.469030328919265,299,0.0907710989678203,0.0425743984052399,Film,Y,2024-09-06
[Production] 24-0031-STOR-Dedicated Emails_Borderlands,Email - English,302363,120489,0.398491217510079,1089,0.00903816945945273,0.00360163115195973,Store,N,2024-09-06
[Production] 24-0031-STOR-Dedicated Emails_Borderlands,Email - French,19629,6535,0.332925773090835,130,0.0198928844682479,0.00662285394059809,Store,N,2024-09-06
[Production] 24-0511-MKTT-Joker Folie à Deux - Advance Ticketing email,Email - English,6456320,2077272,0.321742416732752,19324,0.00930258531381543,0.00299303628072958,Film,Y,2024-09-06
[Production] 24-0511-MKTT-Joker Folie à Deux - Advance Ticketing email,Email - French,417010,123704,0.296645164384547,1547,0.012505658669081,0.00370974317162658,Film,Y,2024-09-06
[Production] 24-0194-MKTT-Weekly_Tuesday_Sep10,Email - English,1366347,408752,0.299156802774112,8933,0.0218543273182761,0.00653787068731442,Film,Y,2024-09-06
[Production] 24-0194-MKTT-Weekly_Tuesday_Sep10,Email - French,93028,27748,0.298275787934815,732,0.0263802796597953,0.00786859870146622,Film,Y,2024-09-06
[Production] - Pricing Workstream - Test 1,Email - Reminder - $5 - English,55215,22608,0.409453952730236,351,0.0155254777070064,0.00635696821515892,Brand,Y,2024-09-06
[Production] - Pricing Workstream - Test 1,Email - Reminder - $5 - French,65,22,0.338461538461538,0,0.0,0.0,Brand,Y,2024-09-06
[Production] - Pricing Workstream - Test 1,Email - Reminder - $8 - English,55028,26069,0.473740641128153,505,0.0193716674977943,0.00917714618012648,Brand,Y,2024-09-06
[Production] - Pricing Workstream - Test 1,Email - Reminder - $8 - French,77,23,0.298701298701299,1,0.0434782608695652,0.012987012987013,Brand,Y,2024-09-06
[Production] (36766) Beetlejuice Beetlejuice - English,Email - 2nd Week Ticketing - English,170445,58981,0.346,197,0.0033,0.0012,Film,Y,2024-09-06
[Production] (36766) Beetlejuice Beetlejuice - French,Email - 2nd Week Ticketing - French,13218,4088,0.3093,27,0.0066,0.002,Film,Y,2024-09-06
[Production] (37531) Blink Twice - English,Email - MDP Offer - English,385530,126118,0.3271,822,0.0065,0.0021,Film,Y,2024-09-06
[Production] (37531) Blink Twice - French,Email - MDP Offer - French,21679,6882,0.3175,63,0.0092,0.0029,Film,Y,2024-09-06
[Production] 24-0016-MKTI-International Cinema September Newsletter,Email - English,1282137,347001,0.270642684830092,4223,0.0121699937464157,0.00329371978189538,Film,Y,2024-09-06
[Production] 24-0284-MKTT-Speak No Evil-Dedicated Email,Email - English,363512,117443,0.323078742930082,949,0.00808051565440256,0.00261064283985123,Film,Y,2024-09-06
[Production] 24-0284-MKTT-Speak No Evil-Dedicated Email,Email - French,17993,5263,0.292502639915523,54,0.0102603078092343,0.00300116712054688,Film,Y,2024-09-06
[Production] 24-0091-STOR-Weekly Store Newsletter_Sept13,Email - English,386763,137521,0.355569172852626,2161,0.0157139636855462,0.00558740106990586,Store,N,2024-09-13
[Production] 24-0091-STOR-Weekly Store Newsletter_Sept13,Email - French,21645,7292,0.336890736890737,227,0.0311300054854635,0.0104874104874105,Store,N,2024-09-13
[Production] 24-0194-MKTT-Weekly_Friday_Sept13,Email - English,2390210,738231,0.308856125612394,8343,0.0113013406372802,0.00349048828345627,Film,Y,2024-09-13
[Production] 24-0194-MKTT-Weekly_Friday_Sept13,Email - English - Sec Hero No Copy,2389065,759580,0.317940282076879,8285,0.0109073435319519,0.0034678838792582,Film,Y,2024-09-13
[Production] 24-0194-MKTT-Weekly_Friday_Sept13,Email - French,153755,38849,0.252668205912003,627,0.0161394115678653,0.00407791616532796,Film,Y,2024-09-13
[Production] 24-0194-MKTT-Weekly_Friday_Sept13,Email - French - Sec Hero No Copy,153376,39478,0.257393594825788,671,0.0169968083489538,0.00437486960150219,Film,Y,2024-09-13
[Production] 24-0565-MKTT-Tous Toques-Scene+ Offer Email,Email - French - No Offer,1638,625,0.381562881562882,10,0.016,0.00610500610500611,Film,Y,2024-09-13
[Production] 24-0565-MKTT-Tous Toques-Scene+ Offer Email,Email - French - Offer,30999,11867,0.382818800606471,211,0.0177803994269824,0.00680667118294139,Film,Y,2024-09-13
[Production] 24-0434-RECR-Q3 LBE Scene+ Offer-REMINDER_TRR_Sep14,Email - English,253302,88745,0.350352543604077,955,0.0107611696433602,0.00377020315670622,LBE,N,2024-09-13
[Production] 24-0434-RECR-Q3 LBE Scene+ Offer-REMINDER_PDM_Sep15,Email - English,55632,19087,0.343093902789761,159,0.00833027715198826,0.00285806729939603,LBE,N,2024-09-13
[Production] Cineclub Terms & Conditions French Resend - Sept 16,Email - French,5955,3899,0.654743912678421,179,0.0459092074890998,0.0300587741393787,CineClub,N,2024-09-13
[Production] WhiteBird_Cineclub-Dedicated_Sept16,Email - English,36256,18017,0.496938437775816,644,0.0357440195371038,0.0177625772285966,CineClub,Y,2024-09-13
[Production] WhiteBird_Cineclub-Dedicated_Sept16,Email - French,1684,840,0.498812351543943,75,0.0892857142857143,0.0445368171021378,CineClub,Y,2024-09-13
[Production] 24-0194-MKTT-Weekly_Tuesday_Sep17,Email - English,1364349,410623,0.300966248371934,8686,0.0211532232729292,0.00636640624942738,Film,Y,2024-09-13
[Production] 24-0194-MKTT-Weekly_Tuesday_Sep17,Email - French,93006,28165,0.302829924951078,706,0.0250665719865081,0.00759090811345505,Film,Y,2024-09-13
[Production] 24-0457-RECR-LBE Halloween Event-PDM-First Email,Email - English,55096,18947,0.343890663569043,296,0.015622525993561,0.00537244083055031,LBE,N,2024-09-13
[Production] 24-0071-CPGC-LBE Evergreen E-Gift Card Offers-PDM-Reminder,Email - English,55548,19144,0.344638870886441,215,0.011230672795654,0.00387052639158926,BM&P,N,2024-09-13
[Production] 24-0457-RECR-LBE Halloween Event-TRR-First Email,Email - English,253712,88273,0.347925994828782,1117,0.0126539258890034,0.0044026297534212,LBE,N,2024-09-13
[Production] 24-0579-MKTT-The Substance-Dedicated Email,Email - English,461663,160061,0.34670528069176,1817,0.0113519220797071,0.00393577133103584,Film,Y,2024-09-13
[Production] 24-0579-MKTT-The Substance-Dedicated Email,Email - French,20907,7207,0.344717080403693,131,0.0181767725822117,0.00626584397570192,Film,Y,2024-09-13
[Production] (36715) Speak No Evil - English,Email - 2nd Week Ticketing - English,341201,115486,0.3385,389,0.0034,0.0011,Film,Y,2024-09-13
[Production] (36715) Speak No Evil - French,Email - 2nd Week Ticketing - French,16917,5252,0.3105,23,0.0044,0.0014,Film,Y,2024-09-13
[Production] (36766) Beetlejuice Beetlejuice - English,Email - RFM Offer - English,174143,60437,0.3485,171,0.0028,0.0014,Film,Y,2024-09-13
[Production] (36766) Beetlejuice Beetlejuice - French,Email - RFM Offer - French,10603,3235,0.3063,11,0.0034,0.0015,Film,Y,2024-09-13
[Production] 24-0459-MKTT-Transformers One Dedicated Email-Scene+ Points Offer,Email - English - Control,16790,5665,0.337403216200119,51,0.00900264783759929,0.00303752233472305,Film,Y,2024-09-13
[Production] 24-0459-MKTT-Transformers One Dedicated Email-Scene+ Points Offer,Email - English - Offer,311652,107179,0.343906023385058,851,0.0079399882439657,0.00273060978270635,Film,Y,2024-09-13
[Production] 24-0459-MKTT-Transformers One Dedicated Email-Scene+ Points Offer,Email - French - Control,681,187,0.274596182085169,1,0.0053475935828877,0.00146842878120411,Film,Y,2024-09-13
[Production] 24-0459-MKTT-Transformers One Dedicated Email-Scene+ Points Offer,Email - French - Offer,12943,3942,0.304566174766283,33,0.00837138508371385,0.00254964073244225,Film,Y,2024-09-13
[Production] 24-0465-GREV-G&E EXH Education Screenings Email_EN_FR_September,Email - English-French,2165,491,0.226789838337182,105,0.213849287169043,0.0484988452655889,BM&P,N,2024-09-13
[Production] 24-0465-GREV-G&E EXH Education Screenings Email_FR_EN_September,Email - French-English,319,82,0.25705329153605,8,0.0975609756097561,0.0250783699059561,BM&P,N,2024-09-13
[Production] CineClub_Samplers in Cancelled - September Offer,Email - Champions Non CC - English,111148,42355,0.381068485262893,960,0.0226655648683745,0.00863713247201929,CineClub,N,2024-09-13
[Production] CineClub_Samplers in Cancelled - September Offer,Email - Samplers - English,15267,5936,0.38881247134342,298,0.0502021563342318,0.0195192244710814,CineClub,N,2024-09-13
[Production] Scene Offer - Wolfs - Sept 19,Email - English,51387,19870,0.386673672329578,336,0.0169099144438853,0.00653861871679608,Film,Y,2024-09-13
[Production] Scene Offer - Wolfs - Sept 19,Email - French,1744,688,0.394495412844037,22,0.0319767441860465,0.0126146788990826,Film,Y,2024-09-13
[Production] 24-0071-CPGC-LBE Evergreen E-Gift Card Offers-TRR-Reminder,Email - English,252825,92829,0.367167012755859,1196,0.0128839048142283,0.00473054484327104,BM&P,N,2024-09-20
[Production] 24-0091-STOR-Weekly Store Newsletter_Sept20,Email - English,385017,140652,0.365313739393326,2491,0.0177103773853198,0.00646984418869816,Store,N,2024-09-20
[Production] 24-0194-MKTT-Weekly_Friday_Sept20,Email - English,4761594,1376616,0.289108227202907,14228,0.0103354893448863,0.00298807500177462,Film,Y,2024-09-20
[Production] 24-0194-MKTT-Weekly_Friday_Sept20,Email - French,306409,80358,0.262257309674324,888,0.0110505487941462,0.00289808719717763,Film,Y,2024-09-20
[Production] 24-0004-EVCN-September Family Monthly Newsletter,Email - English,1246170,377535,0.302956257974434,6752,0.0178844345557366,0.0054182013689946,Film,Y,2024-09-20
[Production] 24-0004-EVCN-September Family Monthly Newsletter,Email - French,92673,24515,0.264532280167902,503,0.0205180501733632,0.0054276865969592,Film,Y,2024-09-20
[Production] Survey - VIP Food Ordering - Sept 23,Email - English - No VIP L2Y,493,232,0.470588235294118,40,0.172413793103448,0.0811359026369168,Survey,N,2024-09-20
[Production] Survey - VIP Food Ordering - Sept 23,Email - English - Purchased VIP P6M,494,257,0.520242914979757,59,0.229571984435798,0.119433198380567,Survey,N,2024-09-20
[Production] 24-0194-MKTT-Weekly_Tuesday_Sep24,Email - English,1363475,416307,0.305327930471772,8832,0.0212151128854427,0.00647756651203726,Film,Y,2024-09-20
[Production] 24-0194-MKTT-Weekly_Tuesday_Sep24,Email - French,92839,28587,0.30792016286259,713,0.0249414069332214,0.00767996208489966,Film,Y,2024-09-20
[Production] 24-0285-MKTT-The Wild Robot Dedicated Email,Email - English,891890,333034,0.373402549641772,3821,0.0114733030261175,0.00428416060276491,Film,Y,2024-09-20
[Production] 24-0285-MKTT-The Wild Robot Dedicated Email,Email - French,53060,17776,0.335016961929891,225,0.0126575157515752,0.00424048247267245,Film,Y,2024-09-20
[Production] CineClub - Shudder Series - V/H/S/BEYOND,Email - English,71838,31840,0.443219466020769,1180,0.0370603015075377,0.0164258470447396,CineClub,Y,2024-09-20
[Production] CineClub - Shudder Series - V/H/S/BEYOND,Email - French,1277,582,0.455755677368833,40,0.0687285223367698,0.0313234142521535,CineClub,Y,2024-09-20
[Production] Film Dedicated - Megalopolis - Sept 25,Email - English,156972,57100,0.363759141757766,939,0.0164448336252189,0.00598195856585888,Film,Y,2024-09-20
[Production] Film Dedicated - Megalopolis - Sept 25,Email - French,7346,2878,0.391777838279336,60,0.0208478109798471,0.0081677103185407,Film,Y,2024-09-20
[Production] - Pricing Workstream - Test 2,Email - Initial - $3 - English,54160,26833,0.495439438700148,613,0.0228450042857675,0.0113183161004431,Film,Y,2024-09-20
[Production] - Pricing Workstream - Test 2,Email - Initial - $5 - English,53888,26591,0.493449376484561,444,0.0166973788123801,0.00823931116389549,Film,Y,2024-09-20
[Production] (36715) Speak No Evil - English,Email - RFM Offer - English,121047,39623,0.3273,120,0.003,0.001,Film,Y,2024-09-20
[Production] (36715) Speak No Evil - French,Email - RFM Offer - French,6337,1892,0.2986,5,0.0026,0.0008,Film,Y,2024-09-20
[Production] (36766) Beetlejuice Beetlejuice - English,Email - RFM - Week 4 No Offer Email - English,11893,4293,0.360968637013369,18,0.00419287211740042,0.00151349533338939,Film,Y,2024-09-20
[Production] (36766) Beetlejuice Beetlejuice - English,Email - RFM - Week 4 Offer Email - English,106013,38166,0.36,113,0.003,0.0014,Film,Y,2024-09-20
[Production] (36766) Beetlejuice Beetlejuice - English,Email - Connect Email 3 - English,51649,16353,0.3166,50,0.0031,0.0014,Film,Y,2024-09-20
[Production] (36766) Beetlejuice Beetlejuice - French,Email - Connect Email 3 - French,3515,964,0.27425320056899,5,0.00518672199170124,0.00142247510668563,Film,Y,2024-09-20
[Production] (36766) Beetlejuice Beetlejuice - French,Email - RFM - Week 4 Sent No Offer Email - French,656,203,0.309451219512195,0,0.0,0.0,Film,Y,2024-09-20
[Production] (36766) Beetlejuice Beetlejuice - French,Email - RFM - Week 4 Sent Offer Email - French,6183,2196,0.355167394468704,6,0.00273224043715847,0.000970402717127608,Film,Y,2024-09-20
[Production] (36796) Transformers One - English,Email - 2nd Week Ticketing - English,806673,431487,0.5349,1434,0.0033,0.0018,Film,Y,2024-09-20
[Production] (36796) Transformers One - French,Email - 2nd Week ticketing - French,34967,17589,0.503,84,0.0048,0.0024,Film,Y,2024-09-20
[Production] 24-0458-EVCN-Les Contes d'Hoffmann-Dedicated-EN,Email - English,218471,96148,0.440095024053536,1514,0.0157465573906894,0.00692998155361581,Film,Y,2024-09-20
[Production] 24-0481-GREV-G&E LBE Education-Field Trips Email-September,Email - English,3648,1038,0.284539473684211,105,0.101156069364162,0.0287828947368421,BM&P,N,2024-09-20
[Production] 24-0091-STOR-Weekly Store Newsletter_Sept27,Email - English,383173,138102,0.360416835215425,2647,0.0191669925127804,0.00690810678205406,Store,N,2024-09-27
[Production] 24-0091-STOR-Weekly Store Newsletter_Sept27,Email - French,21550,7557,0.350672853828306,304,0.0402276035463808,0.0141067285382831,Store,N,2024-09-27
[Production] 24-0194-MKTT-Weekly_Friday_Sept27,Email - English,4693437,1541205,0.328374494000878,15653,0.0101563387089972,0.00333508258446848,Film,Y,2024-09-27
[Production] 24-0194-MKTT-Weekly_Friday_Sept27,Email - French,302947,87072,0.287416610826316,1004,0.0115306872473355,0.00331411104912741,Film,Y,2024-09-27
[Production] 24-0564-RECR-TRR GRV + BRE-Taylor Swift Event-Initial Email,Email - English,39619,14784,0.373154294656604,257,0.017383658008658,0.00648678664277241,LBE,N,2024-09-27
[Production] Scene Offer - Joker- IMAX Fan Event - Sept 27,Email - English,390917,146755,0.375412171893266,1324,0.00902183911962114,0.0033869082183686,Film,Y,2024-09-27
[Production] Survey - VIP Food Ordering #2 - Sept 27,Email - English - No VIP L2Y,491,223,0.454175152749491,27,0.121076233183857,0.054989816700611,Survey,N,2024-09-27
[Production] Survey - VIP Food Ordering #2 - Sept 27,Email - English - Purchased VIP P6M,498,244,0.48995983935743,51,0.209016393442623,0.102409638554217,Survey,N,2024-09-27
[Production] Coquitlam_Theatre_ScreenX_Sept 2024,Email - English,182885,70921,0.387790141345654,763,0.0107584495424486,0.00417202066872625,Film,Y,2024-09-27
[Production] Shudder Series - V/H/S/BEYOND_Send2,Email - English,1314111,389575,0.296455170073152,4333,0.0111223769492396,0.00329728615010452,Film,Y,2024-09-27
[Production] Scene & Connect - White Bird,Email - English,105394,44407,0.421342770935727,909,0.0204697457608035,0.00862477939920679,Film,Y,2024-09-27
[Production] Scene & Connect - White Bird,Email - French,6184,2685,0.434184993531695,68,0.0253258845437616,0.0109961190168176,Film,Y,2024-09-27
[Production] 24-0194-MKTT-Weekly_Tuesday_Oct1,Email - English,1367821,404059,0.295403419014623,9504,0.0235213174313652,0.00694827758895352,Film,Y,2024-09-27
[Production] 24-0194-MKTT-Weekly_Tuesday_Oct1,Email - French,92861,27121,0.292060175961922,780,0.0287600014748719,0.0083996510914162,Film,Y,2024-09-27
[Production] 24-0502-RECR-TRR eNewsletter_Generic_October,Email - Generic,249961,86958,0.34788627025816,1258,0.0144667540651809,0.00503278511447786,LBE,N,2024-09-27
[Production] 24-0458-EVCN-Les Contes d'Hoffmann-Dedicated-FR,Email - French,13072,5738,0.438953488372093,182,0.0317183687696061,0.0139228886168911,Film,Y,2024-09-27
[Production] Dedicated - My Hero Academia: You're Next - Oct2,Email - English,568651,179831,0.316241420484621,1609,0.00894728939949175,0.00282950350918226,Film,Y,2024-09-27
[Production] Dedicated - My Hero Academia: You're Next - Oct2,Email - French,14301,4532,0.316900916019859,75,0.0165489849955869,0.0052443885043004,Film,Y,2024-09-27
[Production] Scene - Shudder Series - Daddy's Head_Oct2,Email - English,1378883,490007,0.355365176015659,4241,0.00865497839826778,0.00307567792191216,Film,Y,2024-09-27
[Production] Scene - Shudder Series - Daddy's Head_Oct2,Email - French,17334,6584,0.379831544940579,108,0.0164034021871203,0.00623052959501558,Film,Y,2024-09-27
[Production] - Pricing Workstream - Test 2,Email - Reminder - $3 - English,53324,23623,0.443008776535894,489,0.0207001650933412,0.00917035481209212,Film,Y,2024-09-27
[Production] - Pricing Workstream - Test 2,Email - Reminder - $5 - English,53061,23883,0.45010459659637,364,0.0152409663777582,0.00686002902319971,Film,Y,2024-09-27
[Production] (36715) Speak No Evil - English,Email - Week 4 Offer - English,161065,54677,0.3395,105,0.0019,0.0009,Film,Y,2024-09-27
[Production] (36715) Speak No Evil - English,Email - Week 4 No Offer - English,17985,6032,0.3354,15,0.0025,0.0012,Film,Y,2024-09-27
[Production] (36715) Speak No Evil - English,Email - Connect Email 3 - English,102104,28972,0.283749902060644,69,0.00238160983018086,0.000675781556060487,Film,Y,2024-09-27
[Production] (36715) Speak No Evil - French,Email - Week 4 Offer - French,7850,2597,0.3308,6,0.0023,0.0008,Film,Y,2024-09-27
[Production] (36715) Speak No Evil - French,Email - Week 4 No Offer - French,878,252,0.287,2,0.0079,0.0034,Film,Y,2024-09-27
[Production] (36715) Speak No Evil - French,Email - Connect Email 3 - French,5384,1331,0.24721396731055,7,0.00525920360631104,0.0013001485884101,Film,Y,2024-09-27
[Production] (36726) The Wild Robot - English,Email - 2nd Week Ticketing - English,824177,273092,0.3314,1121,0.0041,0.0014,Film,Y,2024-09-27
[Production] (36726) The Wild Robot - French,Email - 2nd Week Ticketing - French,49651,14735,0.2968,57,0.0039,0.0011,Film,Y,2024-09-27
[Production] (36796) Transformers One - English,Email - RFM Offer - English,484297,161160,0.3328,431,0.0027,0.0011,Film,Y,2024-09-27
[Production] (36796) Transformers One - English,Email - RFM No Offer - English,53885,17689,0.3283,45,0.0025,0.001,Film,Y,2024-09-27
[Production] (36796) Transformers One - English,Email - Connect Email 2 - English,170534,46667,0.273652174932858,131,0.00280712280626567,0.000768175261238228,Film,Y,2024-09-27
[Production] (36796) Transformers One - French,Email - RFM Offer - French,21464,6665,0.3105,17,0.0026,0.001,Film,Y,2024-09-27
[Production] (36796) Transformers One - French,Email - RFM No Offer - French,2412,689,0.2857,5,0.0073,0.0037,Film,Y,2024-09-27
[Production] (36796) Transformers One - French,Email - Connect Email 2 - French,7141,1711,0.239602296597115,8,0.00467562828755114,0.00112029127573169,Film,Y,2024-09-27
[Production] 24-0194-MKTT-Weekly_Friday_Oct4,Email - English,4671946,1465332,0.313644892299697,14349,0.00979232010220209,0.00307131118381933,Film,Y,2024-10-04
[Production] 24-0194-MKTT-Weekly_Friday_Oct4,Email - French,301899,85324,0.282624321379004,1065,0.0124818339505883,0.00352766984985045,Film,Y,2024-10-04
[Production] 24-0091-STOR-Weekly Store Newsletter_Oct4,Email - English,381421,136763,0.3585617991668,3012,0.0220235005081784,0.00789678596616337,Store,N,2024-10-04
[Production] 24-0003-EVCN-Arts Culture Monthly Newsletter_Oct5,Email - English,66358,27758,0.41830676030019,1272,0.0458246271345198,0.0191687513186051,Film,Y,2024-10-04
[Production] 24-0003-EVCN-Arts Culture Monthly Newsletter_Oct5,Email - French,7655,3531,0.461267145656434,216,0.0611724723874257,0.0282168517308948,Film,Y,2024-10-04
[Production] 24-0434-RECR-Q3 LBE Scene+ Offer-LASTCHANCE_PDM_Oct7,Email - English,55081,18301,0.332256131878506,164,0.00896125894759849,0.00297743323469073,LBE,N,2024-10-04
[Production] 24-0194-MKTT-Weekly_Tuesday_Oct8,Email - English,1361117,420726,0.309103478980866,10288,0.0244529693910051,0.00755849791017231,Film,Y,2024-10-04
[Production] 24-0194-MKTT-Weekly_Tuesday_Oct8,Email - French,92390,27056,0.292845546054768,891,0.0329316972205795,0.00964390085507089,Film,Y,2024-10-04
[Production] Dedicated - Gladiator 2 - Advance Ticketing_Oct8,Email - English,1029630,382557,0.371548031817255,5553,0.0145154839670951,0.0053931994988491,Film,Y,2024-10-04
[Production] Dedicated - Gladiator 2 - Advance Ticketing_Oct8,Email - French,86535,32117,0.37114462356272,559,0.0174051125572127,0.00645981394811348,Film,Y,2024-10-04
[Production] 24-0434-RECR-Q3 LBE Scene+ Offer-LASTCHANCE_TRR_Oct8,Email - English,250037,85130,0.340469610497646,698,0.00819922471514155,0.00279158684514692,LBE,N,2024-10-04
[Production] 24-0557-MKTT-Piece By Piece-Dedicated Email_Oct9,Email - English,838377,310209,0.370011343345535,2838,0.00914867073489164,0.00338511194844324,Film,Y,2024-10-04
[Production] 24-0557-MKTT-Piece By Piece-Dedicated Email_Oct9,Email - French,52925,18470,0.348984411903637,185,0.0100162425554954,0.00349551251771375,Film,Y,2024-10-04
[Production] 24-0550-PDM-Playdium Newsletter_Oct9_2,Email - English,55209,15579,0.28218225289355,228,0.0146350856922781,0.00412976145193718,LBE,N,2024-10-04
[Production] 24-0612-MKTT-Wicked-Giveaway_Oct9,Email - English,920632,337631,0.366738284135246,4469,0.0132363438191398,0.00485427402045551,Film,Y,2024-10-04
[Production] 24-0612-MKTT-Wicked-Giveaway_Oct9,Email - French,45534,15582,0.342205824219265,221,0.0141830317032473,0.00485351605393772,Film,Y,2024-10-04
[Production] Scene - Shudder Series - MadS_Oct9,Email - English,1375443,490839,0.356858844750382,3433,0.00699414675687955,0.00249592313167467,Film,Y,2024-10-04
[Production] Scene - Shudder Series - MadS_Oct9,Email - French,17295,6547,0.378548713501012,76,0.0116083702459142,0.00439433362243423,Film,Y,2024-10-04
[Production] Scene Offer - Saturday Night - Oct 9,Email - English,213414,82284,0.385560459951081,1034,0.0125662340187643,0.00484504296812768,Film,Y,2024-10-04
[Production] Scene Offer - Saturday Night - Oct 9,Email - French,10018,4003,0.399580754641645,43,0.0107419435423432,0.00429227390696746,Film,Y,2024-10-04
[Production] (35705) Joker: Folie a Deux - English,Email - 2nd Week Ticketing - English,672157,229660,0.341676126262168,946,0.0041191326308456,0.00140740928086742,Film,Y,2024-10-04
[Production] (35705) Joker: Folie a Deux - French,Email - 2nd Week Ticketing - French,2020,797,0.394554455445545,5,0.00627352572145546,0.00247524752475248,Film,Y,2024-10-04
[Production] (36726) The Wild Robot - English,Email - Connect Email 2 - English,136578,43358,0.317459620143801,148,0.00341344157940864,0.00108362986718212,Film,Y,2024-10-04
[Production] (36726) The Wild Robot - English,Email - RFM NO OFFER - English,63461,21864,0.344526559619294,84,0.00384193194291987,0.00132364759458565,Film,Y,2024-10-04
[Production] (36726) The Wild Robot - English,Email - RFM Offer - English,569318,198307,0.348323783895819,554,0.0027936482322863,0.000973094123143832,Film,Y,2024-10-04
[Production] (36726) The Wild Robot - French,Email - Connect Email 2 - French,11349,2937,0.258789320644991,18,0.00612870275791624,0.00158604282315623,Film,Y,2024-10-04
[Production] (36726) The Wild Robot - French,Email - RFM NO OFFER - French,3557,1093,0.307281416924374,6,0.00548947849954254,0.00168681473151532,Film,Y,2024-10-04
[Production] (36726) The Wild Robot - French,Email - RFM Offer - French,32088,10896,0.3398,22,0.002,0.0007,Film,Y,2024-10-04
[Production] (36796) Transformers One - English,Email - Connect Email 3 - English,169704,48919,0.288260736340923,119,0.00243259265316135,0.00070122094941781,Film,Y,2024-10-04
[Production] (36796) Transformers One - English,Email - RFM - Week 4 No Offer - English,53018,17349,0.327228488437889,58,0.0033431321690011,0.00109396808631031,Film,Y,2024-10-04
[Production] (36796) Transformers One - English,Email - RFM - Week 4 Offer - English,480959,162239,0.3379,507,0.0031,0.0011,Film,Y,2024-10-04
[Production] (36796) Transformers One - French,Email - Connect Email 3 - French,7112,1767,0.248453318335208,8,0.00452744765138653,0.00112485939257593,Film,Y,2024-10-04
[Production] (36796) Transformers One - French,Email - RFM - Week 4 Sent No Offer - French,2420,687,0.283884297520661,5,0.00727802037845706,0.00206611570247934,Film,Y,2024-10-04
[Production] (36796) Transformers One - French,Email - RFM - Week 4 Sent Offer - French,21291,6938,0.3261,26,0.0037,0.0012,Film,Y,2024-10-04
[Production] 24-0194-MKTT-Weekly_Friday_Oct11,Email - English,4339867,1381693,0.318372198963701,13840,0.0100166969073448,0.00318903782074428,Film,Y,2024-10-11
[Production] 24-0194-MKTT-Weekly_Friday_Oct11,Email - French,285481,82014,0.287283567032482,897,0.010937157070744,0.00314206549647787,Film,Y,2024-10-11
[Production] 24-0091-STOR-Weekly Store Newsletter_Oct11,Email - English,379659,134105,0.353224867578538,2802,0.0208940755378248,0.00738030706502414,Store,N,2024-10-11
[Production] 24-0091-STOR-Weekly Store Newsletter_Oct11,Email - French,21402,7237,0.338145967666573,355,0.0490534751969048,0.0165872348378656,Store,N,2024-10-11
[Production] 24-0580-MKTT-Woman of the Hour-Dedicated Email,Email - English,423735,164383,0.387938216102045,2249,0.0136814634116667,0.00530756250958736,Film,Y,2024-10-11
[Production] 24-0580-MKTT-Woman of the Hour-Dedicated Email,Email - French,20137,7397,0.367333763718528,111,0.0150060835473841,0.00551224114813527,Film,Y,2024-10-11
[Production] 24-0448-GREV-G&E Joint Business Marketing Holiday Email_EN_FR,Email - English - French,9296,1864,0.200516351118761,185,0.0992489270386266,0.0199010327022375,BM&P,N,2024-10-11
[Production] 24-0448-GREV-G&E Joint Business Marketing Holiday Email_FR_EN,Email - French_english,764,179,0.234293193717277,15,0.0837988826815642,0.0196335078534031,BM&P,N,2024-10-11
[Production] 24-0605-MKTT-Terrifier 3-Dedicated Email,Email - English,588783,201464,0.342170205321825,1936,0.00960965730850177,0.00328813841432242,Film,Y,2024-10-11
[Production] 24-0605-MKTT-Terrifier 3-Dedicated Email,Email - French,31256,9753,0.312036089070898,163,0.0167128063160053,0.00521499872024571,Film,Y,2024-10-11
[Production] 24-0016-MKTI-International Cinema October Newsletter_Oct12,Email - English,1260499,376314,0.29854367199022,3735,0.00992522202203479,0.00296311222777646,Film,Y,2024-10-11
[Production] 24-0458-EVCN-Grounded Dedicated_Oct14,Email - English,214537,92987,0.433431063173252,1245,0.0133889683504146,0.00580319478691321,Film,Y,2024-10-11
[Production] 24-0458-EVCN-Grounded Dedicated_Oct14,Email - French,12878,5799,0.45030284205622,161,0.027763407484049,0.0125019412952322,Film,Y,2024-10-11
[Production] 24-0194-MKTT-Weekly_Tuesday_Oct15,Email - English,1356756,403542,0.297431520479733,8032,0.0199037522736171,0.00592000330199387,Film,Y,2024-10-11
[Production] 24-0194-MKTT-Weekly_Tuesday_Oct15,Email - French,92264,27469,0.297721754964016,670,0.0243911318213259,0.0072617705714038,Film,Y,2024-10-11
[Production] 24-0453-MKTB-Junxion–Halloween Event-Erin Mills_Oct15,Email - English,601624,208920,0.347260082709466,1946,0.00931457017040015,0.00323457840777629,LBE,N,2024-10-11
[Production] 24-0453-MKTB-Junxion–Halloween Event-Kildonan Place_Oct15,Email - English,206890,73203,0.353825704480642,743,0.0101498572462877,0.0035912803905457,LBE,N,2024-10-11
[Production[ 24-629-MKTT-Here Dedicated Email & Scene+ Points Offer_Oct16,Email - English - Control,75014,28473,0.379569147092543,433,0.0152073894566783,0.00577225584557549,Film,Y,2024-10-11
[Production[ 24-629-MKTT-Here Dedicated Email & Scene+ Points Offer_Oct16,Email - English - Offer,272845,117001,0.428818559988272,2607,0.0222818608387962,0.00955487547875167,Film,Y,2024-10-11
[Production[ 24-629-MKTT-Here Dedicated Email & Scene+ Points Offer_Oct16,Email - French - Control,3104,1126,0.362757731958763,26,0.0230905861456483,0.00837628865979381,Film,Y,2024-10-11
[Production[ 24-629-MKTT-Here Dedicated Email & Scene+ Points Offer_Oct16,Email - French - Offer,13312,5879,0.441631610576923,153,0.0260248341554686,0.0114933894230769,Film,Y,2024-10-11
[Production] Dedicated - KENSUKE’S KINGDOM - Oct 16,Email - English,103827,36447,0.351035857724869,478,0.0131149340137734,0.00460381211053002,Film,Y,2024-10-11
[Production] Scene - Shudder Series - Black Cab_Oct16,Email - English,1371577,497466,0.362696370674049,3701,0.00743970442201075,0.00269835379275097,Film,Y,2024-10-11
[Production] 24-0512-CPGC-Prepaid B2B Holiday Campaign 2024-First Email-EN-FR_Oct16,Email - English,1181,296,0.250635055038103,50,0.168918918918919,0.0423370025402202,BM&P,N,2024-10-11
[Production] 24-0512-CPGC-Prepaid B2B Holiday Campaign 2024-First Email-FR-EN_Oct16,Email - French,126,34,0.26984126984127,5,0.147058823529412,0.0396825396825397,BM&P,N,2024-10-11
[Production] Scene - Shudder Series - Black Cab_Oct16,Email - French,17249,6611,0.383268595280886,72,0.0108909393435184,0.00417415502347962,Film,Y,2024-10-11
[Production] (35705) Joker: Folie a Deux - English,Email - Connect Email 2,337258,102586,0.304176624424031,361,0.00351899869377888,0.00107039714402624,Film,Y,2024-10-11
[Production] (35705) Joker: Folie a Deux - English,Email - NO OFFER - RFM VARIANT,66178,23417,0.353848711052011,115,0.00491096212153564,0.00173773761673064,Film,Y,2024-10-11
[Production] (35705) Joker: Folie a Deux - English,Email - RFM VARIANTS,596988,220882,0.3705,631,0.0029,0.0011,Film,Y,2024-10-11
[Production] (35705) Joker: Folie a Deux - French,Email - RFM VARIANTS,33731,12564,0.3725,32,0.0025,0.0009,Film,Y,2024-10-11
[Production] (35705) Joker: Folie a Deux - French,Email - Connect Email 2,21369,6128,0.286770555477561,38,0.00620104438642298,0.00177827694323553,Film,Y,2024-10-11
[Production] (35705) Joker: Folie a Deux - French,Email - NO OFFER - RFM VARIANT,3739,1259,0.336721048408665,3,0.00238284352660842,0.000802353570473389,Film,Y,2024-10-11
[Production] (36726) The Wild Robot - English,Email - Connect Email 3,134700,43497,0.322917594654788,170,0.0039083155160126,0.00126206384558278,Film,Y,2024-10-11
[Production] (36726) The Wild Robot - English,Email - RFM - Week 4 No Offer Email,62300,22109,0.354879614767255,86,0.00388981862589896,0.00138041733547352,Film,Y,2024-10-11
[Production] (36726) The Wild Robot - English,Email - RFM - Week 4 Offer Email,559017,201263,0.360030195861664,579,0.00287683280086255,0.00103574667675581,Film,Y,2024-10-11
[Production] (36726) The Wild Robot - French,Email - Connect Email 3,11198,3004,0.268262189676728,18,0.00599201065246338,0.00160742989819611,Film,Y,2024-10-11
[Production] (36726) The Wild Robot - French,Email - RFM - Week 4 Sent No Offer Email,3506,1117,0.318596691386195,3,0.0026857654431513,0.000855675984027382,Film,Y,2024-10-11
[Production] (36726) The Wild Robot - French,Email - RFM - Week 4 Sent Offer Email,31422,11294,0.3596,30,0.0027,0.001,Film,Y,2024-10-11
[Production] 24-0619-MKTB-Windsor CineClub Offer_Oct17,Email - English-Members,1692,701,0.414302600472813,87,0.124108416547789,0.0514184397163121,CineClub,N,2024-10-11
[Production] 24-0619-MKTB-Windsor CineClub Offer_Oct17,Email - English-Non Members,43028,14179,0.329529608626941,267,0.0188306650680584,0.00620526169006229,CineClub,N,2024-10-11
[Production] 24-0194-MKTT-Weekly_Friday_Oct18,Email - English,4631688,1470275,0.317438264408138,12460,0.00847460509088436,0.0026901639315947,Film,Y,2024-10-18
[Production] 24-0194-MKTT-Weekly_Friday_Oct18,Email - French,299625,85612,0.285730496453901,818,0.00955473531747886,0.00273007926574885,Film,Y,2024-10-18
[Production] 24-0091-STOR-Weekly Store Newsletter_Oct18,Email - English,379226,132964,0.350619419554566,2598,0.0195391233717397,0.00685079609520444,Store,N,2024-10-18
[Production] 24-0460-MKTT-Smile 2 Dedicated Email & Scene+ Points Offer_Oct18,Email - English - Control,15139,5270,0.348107536825418,48,0.00910815939278937,0.0031706189312372,Film,Y,2024-10-18
[Production] 24-0460-MKTT-Smile 2 Dedicated Email & Scene+ Points Offer_Oct18,Email - English - Offer,292038,101814,0.348632712181291,631,0.00619757597187027,0.00216067772002274,Film,Y,2024-10-18
[Production] 24-0457-RECR-LBE Halloween Event-TRR-Reminder Email_Oct18,Email - English,252706,92622,0.366520779087161,1133,0.0122325149532508,0.00448347091086084,LBE,N,2024-10-18
[Production] 24-0460-MKTT-Smile 2 Dedicated Email & Scene+ Points Offer_Oct18,Email - French - Control,685,226,0.32992700729927,3,0.0132743362831858,0.00437956204379562,Film,Y,2024-10-18
[Production] 24-0460-MKTT-Smile 2 Dedicated Email & Scene+ Points Offer_Oct18,Email - French - Offer,12939,4111,0.317721616817374,38,0.0092434930673802,0.00293685756240822,Film,Y,2024-10-18
[Production] Venom: The Last Dance - Special Screening_Oct18,Email - Coquitlam - English,16307,8624,0.528852639970565,1541,0.178687384044527,0.0944992947813822,Film,Y,2024-10-18
[Production] We Live in Time - Dedicated Email & Scene+ Points Offer_Oct18,Email - English - Control,13686,5701,0.416557065614497,71,0.0124539554464129,0.00518778313605144,Film,Y,2024-10-18
[Production] See Any Movie - RFM 500 Scene+ Offer - October 2024,Email - English - 500 - Champ/PL,188925,73442,0.388736271007013,1937,0.0263745540698783,0.0102527457985973,Brand,Y,2024-10-18
[Production] See Any Movie - RFM 500 Scene+ Offer - October 2024,Email - French - 500 - Champ/PL,8683,3369,0.387999539329725,201,0.0596616206589492,0.0231486813313371,Brand,Y,2024-10-18
[Production] We Live in Time - Dedicated Email & Scene+ Points Offer_Oct18,Email - English - Offer,257757,104999,0.407356541238453,1193,0.0113620129715521,0.00462839030559791,Film,Y,2024-10-18
[Production] We Live in Time - Dedicated Email & Scene+ Points Offer_Oct18,Email - French - Control,979,399,0.40755873340143,8,0.0200501253132832,0.00817160367722165,Film,Y,2024-10-18
[Production] We Live in Time - Dedicated Email & Scene+ Points Offer_Oct18,Email - French - Offer,18752,7620,0.406356655290102,114,0.0149606299212598,0.00607935153583618,Film,Y,2024-10-18
[Production] 24-0004-EVCN-November Family Monthly Newsletter_Oct19,Email - English,1244786,368666,0.296168176698645,6992,0.0189656762489625,0.00561702975451202,Film,Y,2024-10-18
[Production] 24-0004-EVCN-November Family Monthly Newsletter_Oct19,Email - French,92222,27925,0.302801934462493,542,0.0194091316025067,0.00587712259547613,Film,Y,2024-10-18
[Production] 24-0457-RECR-LBE Halloween Event-PDM-Reminder_Oct19,Email - English,54901,20399,0.371559716580754,291,0.0142654051669199,0.00530044990073041,LBE,N,2024-10-18
[Production] 24-0194-MKTT-Weekly_Tuesday_Oct22,Email - English,1356639,401955,0.296287369005314,8262,0.0205545396872784,0.00609005048505903,Film,Y,2024-10-18
[Production] 24-0194-MKTT-Weekly_Tuesday_Oct22,Email - French,92343,27517,0.297986853361922,827,0.0300541483446597,0.00895574109569756,Film,Y,2024-10-18
[Production] - Pricing Workstream - Test 3_Oct23,Email - Initial - $1 - English,45892,15712,0.342369040355618,367,0.0233579429735234,0.00799703652052645,Film,Y,2024-10-18
[Production] - Pricing Workstream - Test 3_Oct23,Email - Initial - $3 - English,45759,16236,0.354815446141743,319,0.0196476964769648,0.0069713061911318,Film,Y,2024-10-18
[Production] 24-0463-CPGC-CPX New Gift Cards_Oct23,Email - English,2867604,979907,0.341716289975882,7670,0.00782727340451696,0.00267470682841843,BM&P,N,2024-10-18
[Production] 24-0463-CPGC-CPX New Gift Cards_Oct23,Email - French,191083,62630,0.327763327977894,789,0.0125977965831071,0.00412909573326774,BM&P,N,2024-10-18
[Production] 24-0463-CPGC-LBE New Gift Cards-PDM_Oct23,Email - English,50362,17089,0.339323299312974,154,0.00901164491778337,0.00305786108573925,BM&P,N,2024-10-18
[Production] Survey - VIP Food Ordering #3 - Oct23_V2,Email - English - No VIP L2Y,959,397,0.413972888425443,61,0.153652392947103,0.0636079249217935,Survey,N,2024-10-18
[Production] Survey - VIP Food Ordering #3 - Oct23_V2,Email - English - Purchased VIP P6M,983,473,0.48118006103764,104,0.219873150105708,0.105798575788403,Survey,N,2024-10-18
[Production] (35705) Joker: Folie a Deux - English,Email - Connect Email 3,333372,100479,0.301402037363666,344,0.00342360095144259,0.00103188030188498,Film,Y,2024-10-18
[Production] (35705) Joker: Folie a Deux - English,Email - RFM - Week 4 No Offer Email,65796,23066,0.350568423612378,105,0.00455215468655163,0.0015958416925041,Film,Y,2024-10-18
[Production] (35705) Joker: Folie a Deux - English,Email - RFM - Week 4 Offer Email,590995,217912,0.369,744,0.0034,0.0013,Film,Y,2024-10-18
[Production] (35705) Joker: Folie a Deux - French,Email - Connect Email 3,21137,5944,0.281213038747221,39,0.00656123822341857,0.00184510573875195,Film,Y,2024-10-18
[Production] (35705) Joker: Folie a Deux - French,Email - RFM - Week 4 Sent No Offer Email,3740,1350,0.36096256684492,11,0.00814814814814815,0.00294117647058824,Film,Y,2024-10-18
[Production] (35705) Joker: Folie a Deux - French,Email - RFM - Week 4 Sent Offer Email,33396,12709,0.3607,38,0.003,0.0011,Film,Y,2024-10-18
[Production] Affinity Test 1 - Smile 2,Email - Affinity Not Comp,1826982,651299,0.356489007554535,3366,0.00516813322298975,0.00184238268357324,Film,Y,2024-10-18
[Production] Affinity Test 1 - Smile 2,Email - Comp And Affinity,294217,102210,0.347396649411829,489,0.00478426768417963,0.00166203856337329,Film,Y,2024-10-18
[Production] 24-0031-STOR-Dedicated Email_Beetlejuice Beetlejuice_Oct24_V2,Email - English,277664,97468,0.351028581306903,1129,0.0115832888742972,0.00406606546041258,Store,N,2024-10-18
[Production] 24-0031-STOR-Dedicated Email_Beetlejuice Beetlejuice_Oct24_V2,Email - French,16502,5603,0.33953460186644,106,0.0189184365518472,0.00642346382256696,Store,N,2024-10-18
[Production] 24-0463-CPGC-LBE New Gift Cards-TRR_Oct24,Email - English,252586,82783,0.327741838423349,787,0.00950678279356873,0.00311577047025568,BM&P,N,2024-10-18
[Production] Affinity Test 1 - Smile 2,Email - Comp Not Affinity,158127,46777,0.295819183314677,340,0.00726852940547705,0.00215017043262694,Film,Y,2024-10-18
[Production] Dedicated - Shawn Mendes_Oct24,Email - English,141546,56204,0.397072329843302,728,0.0129528147462814,0.00514320432933463,Film,Y,2024-10-18
[Production] Dedicated - Shawn Mendes_Oct24,Email - French,7251,2646,0.364915184112536,35,0.0132275132275132,0.004826920424769,Film,Y,2024-10-18
[Production] 24-0194-MKTT-Weekly_Friday_Oct25,Email - English,4613092,1469551,0.318560956512465,17724,0.0120608267423179,0.0038421085033639,Film,Y,2024-10-25
[Production] 24-0194-MKTT-Weekly_Friday_Oct25,Email - French,298631,87699,0.293670114623063,1361,0.0155189910945393,0.00455746389356765,Film,Y,2024-10-25
[Production] 24-0091-STOR-Weekly Store Newsletter_Oct25,Email - English,376486,132632,0.352289328155629,2441,0.0184043066529948,0.00648364082595369,Store,N,2024-10-25
[Production] 24-0091-STOR-Weekly Store Newsletter_Oct25,Email - French,21298,7207,0.338388581087426,192,0.0266407659220203,0.00901493097943469,Store,N,2024-10-25
[Production] 24-0530-PDM Santa Visit Email-Initial_Oct28,Email - English,54333,18612,0.342554248799072,300,0.0161186331399097,0.00552150626690961,LBE,N,2024-10-25
[Production] 24-0194-MKTT-Weekly_Tuesday_Oct29,Email - English,1349771,362723,0.268729288153324,8561,0.023602032404893,0.00634255736713857,Film,Y,2024-10-25
[Production] 24-0194-MKTT-Weekly_Tuesday_Oct29,Email - French,92026,27083,0.294297263816747,693,0.0255880072370121,0.00753048051637581,Film,Y,2024-10-25
[Production] - Pricing Workstream - Test 3_Reminder,Email - Reminder - $1 - English,45332,19437,0.428769963822465,369,0.018984411174564,0.0081399452925086,Film,Y,2024-10-25
[Production] - Pricing Workstream - Test 3_Reminder,Email - Reminder - $3 - English,45215,20182,0.44635629768882,334,0.0165494004558517,0.00738692911644366,Film,Y,2024-10-25
[Production] 24-0641-MKTT-Hitpig! Dedicated Email,Email - English,675150,240726,0.356551877360587,2370,0.00984521821489993,0.00351033103754721,Film,Y,2024-10-25
[Production] 24-0641-MKTT-Hitpig! Dedicated Email,Email - French,38606,12693,0.328783090711288,174,0.013708343181281,0.00450707143967259,Film,Y,2024-10-25
[Production] Dedicated - Lumina - Oct 30,Email - English,132861,45502,0.342478229126681,527,0.011581908487539,0.00396655150871964,Film,Y,2024-10-25
[Production] Dedicated - Moana 2 Advanced - Oct 30,Email - English,1444992,499112,0.345408140667907,5455,0.0109294106332847,0.00377510740543892,Film,Y,2024-10-25
[Production] Dedicated - Moana 2 Advanced - Oct 30,Email - French,88357,27925,0.316047398621501,332,0.0118889883616831,0.00375748384395124,Film,Y,2024-10-25
[Production] (37053) Smile 2 - English,Email - Connect Email 2,97833,27772,0.283871495303221,65,0.00234048682125882,0.000664397493688224,Film,Y,2024-10-25
[Production] (37053) Smile 2 - English,Email - NO OFFER - RFM VARIANT,29398,9280,0.315667732498809,31,0.00334051724137931,0.00105449350295938,Film,Y,2024-10-25
[Production] (37053) Smile 2 - English,Email - RFM VARIANTS,265460,84080,0.31673321781059294,173,0.0020575642245480494,0.0006516989376930611,Film,Y,2024-10-25
[Production] (37053) Smile 2 - French,Email - RFM VARIANTS,11448,3342,0.2919287211740042,11,0.003291442250149611,0.0009608665269042627,Film,Y,2024-10-25
[Production] (37053) Smile 2 - French,Email - Connect Email 2,4748,1207,0.254212299915754,3,0.00248550124275062,0.0006318449873631,Film,Y,2024-10-25
[Production] (37053) Smile 2 - French,Email - NO OFFER - RFM VARIANT,1393,394,0.282842785355348,1,0.00253807106598985,0.000717875089734386,Film,Y,2024-10-25
[Production] Affinity Test 2 - Venom: The Last Dance_Oct31,Email - Affinity Not Comp,403721,136314,0.337644066075334,773,0.00567073081268248,0.0019146886092128,Film,Y,2024-10-25
[Production] Affinity Test 2 - Venom: The Last Dance_Oct31,Email - Comp And Affinity,313691,106762,0.340341291270709,573,0.00536707817388209,0.00182663831604987,Film,Y,2024-10-25
[Production] Affinity Test 2 - Venom: The Last Dance_Oct31,Email - Comp Not Affinity,662434,199653,0.301393044439144,1018,0.0050988464986752,0.00153675686936359,Film,Y,2024-10-25
[Production] Scene Offer -Wild Robot - Oct 31,Email - English,226946,75487,0.332620975914975,701,0.00928636718905242,0.00308884051712742,Film,Y,2024-10-25
[Production] 24-0194-MKTT-Weekly_Friday_Nov1,Email - English,4805317,1489962,0.3045,12654,0.0121,0.004,Film,Y,2024-11-01
[Production] 24-0194-MKTT-Weekly_Friday_Nov1,Email - French,305403,87744,0.289,1138,0.0163,0.005,Film,Y,2024-11-01
[Production] 24-0091-STOR-Weekly Store Newsletter_Nov1,Email - English,380975,134579,0.354,1713,0.01701898231979,0.0043913642627469,Store,N,2024-11-01
[Production] Dedicated - Juror #2 Advanced - Varsity_Nov1,Email - English,13898,5705,0.410490718088934,169,0.0296231375985977,0.0121600230248957,Film,Y,2024-11-01
[Production] 24-0003-EVCN-Arts Culture Monthly Newsletter_Nov2,Email - English,66582,28886,0.4338,2277,0.0788,0.0342,Film,Y,2024-11-01
[Production] 24-0003-EVCN-Arts Culture Monthly Newsletter_Nov2,Email - French,7583,3665,0.4833,392,0.107,0.0517,Film,Y,2024-11-01
[Production] 24-0550-PDM-Playdium Newsletter_Nov2_V2,Email - English,55998,17802,0.3179,347,0.0195,0.0062,LBE,N,2024-11-01
[Production] 24-0502-RECR-TRR eNewsletter_Generic_Nov2_V2,Email - English,253857,94806,0.3735,1872,0.0197,0.0074,LBE,N,2024-11-01
[Production] Scene+ It - Power Up Campaign_Nov4,Email - English,1453384,550578,0.3788,13459,0.0244,0.0119,Scene,N,2024-11-01
[Production] 24-0474-RECR-TRR TRH – Taylor Swift Weekend Event - Reminder_Nov4,Email - English,39704,15095,0.3802,301,0.0199,0.0076,LBE,N,2024-11-01
[Production] 24-0194-MKTT-Weekly_Tuesday_Nov5,Email - English,1387587,403039,0.290460345909842,9692,0.0240473006334375,0.00698478726018621,Film,Y,2024-11-01
[Production] 24-0194-MKTT-Weekly_Tuesday_Nov5,Email - French,93814,28475,0.303526126164538,901,0.0316417910447761,0.00960411026072868,Film,Y,2024-11-01
[Production] B2B Holiday Email - November,Email - English-French,6722,2104,0.313,170,0.0808,0.0253,BM&P,N,2024-11-01
[Production] B2B Holiday Email - November,Email - French-English,420,124,0.2952,9,0.0726,0.0214,BM&P,N,2024-11-01
[Production] 24-0608-MKTT-Heretic-Dedicated_Nov 6,Email - English,512519,180111,0.3514,1527,0.0085,0.003,Film,Y,2024-11-01
[Production] 24-0608-MKTT-Heretic-Dedicated_Nov 6,Email - French,28247,9602,0.3399,115,0.012,0.004,Film,Y,2024-11-01
[Production] 24-0630-GREV-G&E Email - School Groups Moana 2 Email-EN-FR_Nov 6,Email - English-French,13850,2985,0.215523465703971,529,0.177219430485762,0.0381949458483755,BM&P,N,2024-11-01
[Production] 24-0630-GREV-G&E Email - School Groups Moana 2 Email-FR-EN_Nov 6,Email - French-English,3515,449,0.1319,97,0.216,0.0285,BM&P,N,2024-11-01
[Production] 24-0655-MKTL-2X Scene Point Offer_Nov 6,Email - English,2611711,954872,0.3656,11165,0.0117,0.0043,Brand,Y,2024-11-01
[Production] 24-0655-MKTL-2X Scene Point Offer_Nov 6,Email - French,144536,52950,0.3663,1019,0.0192,0.0071,Brand,Y,2024-11-01
[Production] Dedicated - Best Christmas Pageant- Nov 6,Email - English,311386,128455,0.4125,2222,0.0128,0.0053,Film,Y,2024-11-01
[Production] (36908) Venom: The Last Dance - English,Email - RFM Offer - English,869420,288040,0.3313,661,0.0023,0.0008,Film,Y,2024-11-01
[Production] (36908) Venom: The Last Dance - French,Email - RFM Offer - French,41463,12644,0.3049,43,0.0034,0.001,Film,Y,2024-11-01
[Production] (37053) Smile 2 - English,Email - Week 4 MDP Offer - English,387391,128276,0.3311,316,0.0025,0.0008,Film,Y,2024-11-01
[Production] (37053) Smile 2 - French,Email - Week 4 MDP Offer - French,17393,5288,0.304,26,0.0049,0.0015,Film,Y,2024-11-01
[Production] 24-0016-MKTI-International Cinema November Newsletter,Email - English,1242427,421794,0.339491978200731,2901,0.00687776497531971,0.00233494603707099,Film,Y,2024-11-01
[Production] 24-0194-MKTT-Weekly_Friday_Nov8,Email - English,4790628,1534985,0.320414150295118,16050,0.0104561282357808,0.0033502914440445,Film,Y,2024-11-08
[Production] 24-0194-MKTT-Weekly_Friday_Nov8,Email - French,304790,90133,0.295721644410906,1015,0.0112611363207704,0.00333016175071361,Film,Y,2024-11-08
[Production] 24-0091-STOR-Weekly Store Newsletter_Nov8,Email - English,379892,139910,0.368288882103335,2807,0.0200628975770138,0.00738894212039211,Store,N,2024-11-08
[Production] 24-0091-STOR-Weekly Store Newsletter_Nov8,Email - French,21581,7523,0.348593670358185,230,0.0305729097434534,0.010657522821,Store,N,2024-11-08
[Production] 24-0315-CPGC-CPX 2024 Holiday Gift Bundle-First Email_Nov9,Email - English,6474429,2218573,0.342666974956402,29003,0.0130728175273025,0.00447962283623776,BM&P,N,2024-11-08
[Production] 24-0315-CPGC-CPX 2024 Holiday Gift Bundle-First Email_Nov9,Email - French,414664,133593,0.32217168599155,2521,0.018870749215902,0.00607962109081087,BM&P,N,2024-11-08
[Production] 24-0530-PLAY-PDM Santa Visit Email-Reminder_Nov 10,Email - English,56386,19744,0.35015784059873,350,0.017726904376013,0.00620721455680488,LBE,N,2024-11-08
[Production] 24-0616-RECR-LBE NYE Events-TRR-First Email-NOV-EN,Email - English,258746,92474,0.35739296452892,1349,0.0145878841620347,0.00521360716687408,LBE,N,2024-11-08
[Production] 24-0194-MKTT-Weekly_Tuesday_Nov12,Email - English,1385460,395964,0.285799662206054,7873,0.0198831206877393,0.0056825891761581,Film,Y,2024-11-08
[Production] 24-0194-MKTT-Weekly_Tuesday_Nov12,Email - French,93571,28542,0.305030404719411,1033,0.0361922780463878,0.0110397452202071,Film,Y,2024-11-08
[Production] 24-0316-CPGC-LBE 2024 Holiday Gift Bundle-TRR-First Email_Nov12,Email - English,204149,68191,0.334025638136851,1450,0.021263803141177,0.00710265541344802,BM&P,N,2024-11-08
[Production] 24-0616-RECR-LBE NYE Events-PDM-First Email-Nov12,Email - English,56048,19272,0.343848130174136,242,0.0125570776255708,0.004317727662004,LBE,N,2024-11-08
[Production] 24-0621-MKTB-Junxion Holiday Event-Erin Mills_Nov12,Email - English,534589,186751,0.349335657860525,1204,0.00644708729805998,0.00225219748255202,Brand,Y,2024-11-08
[Production] 24-0621-MKTB-Junxion Holiday Event-Kildonan Place_Nov12,Email - English,229556,82425,0.359062712366481,581,0.00704883227176221,0.00253097283451533,Brand,Y,2024-11-08
[Production] 24-0458-EVCN-Tosca Dedicated Email_Nov13,Email - English,217861,93493,0.429140598822185,1861,0.0199052335468966,0.00854214384401063,Film,Y,2024-11-08
[Production] 24-0458-EVCN-Tosca Dedicated Email_Nov13,Email - French,13109,5889,0.44923335113281,218,0.0370181694685006,0.0166297963231368,Film,Y,2024-11-08
[Production] 24-0316-CPGC-LBE 2024 Holiday Gift Bundle-PDM-First_Nov13,Email - English,56045,18952,0.338156838254974,324,0.0170958210215281,0.00578106878401285,LBE,N,2024-11-08
[Production] (36908) Venom: The Last Dance - English,Email - Week 4 MDP Offer - English,856380,278294,0.325,612,0.0022,0.0007,Film,Y,2024-11-08
[Production] (36908) Venom: The Last Dance - French,Email - Week 4 MDP Offer - French,40862,12592,0.3082,53,0.0042,0.0013,Film,Y,2024-11-08
[Production] Affinity Test 3 - Red One_Nov 14,Email - Affinity Not Comp,940795,347133,0.368978364043176,2810,0.00809488006038032,0.00298683560180486,Film,Y,2024-11-08
[Production] Affinity Test 3 - Red One_Nov 14,Email - Comp And Affinity,135118,50267,0.372022972512915,591,0.0117572164640818,0.00437395461744549,Film,Y,2024-11-08
[Production] Affinity Test 3 - Red One_Nov 14,Email - Comp Not Affinity,117708,37984,0.322696843035308,427,0.0112415754001685,0.00362762089237775,Film,Y,2024-11-08
[Production] 24-0194-MKTT-Weekly_Friday_Nov15,Email - English,4284487,1353314,0.315863719507143,19054,0.0140795114807059,0.00444720686513928,Film,Y,2024-11-15
[Production] 24-0194-MKTT-Weekly_Friday_Nov15,Email - French,282020,77408,0.274476987447699,1287,0.0166261885076478,0.00456350613431672,Film,Y,2024-11-15
[Production] 24-0091-STOR-Weekly Store Newsletter_Nov15,Email - English,287668,100107,0.34799491079995,1741,0.0173913912114038,0.0060521156332995,Store,N,2024-11-15
[Production] 24-0611-MKTT-Wicked Ticket Offer-Concession Offer_Nov15,Email - English,695100,285062,0.410102143576464,4450,0.0156106390890403,0.00640195655301396,Film,Y,2024-11-15
[Production] 24-0611-MKTT-Wicked Ticket Offer-Concession Offer_Nov15,Email - French,35241,14296,0.405663857438779,207,0.0144795747062115,0.00587384012939474,Film,Y,2024-11-15
[Production] 24-0721-MKTT-Bergers - Scene+ Offer_Nov15,Email - French - Control,595,294,0.494117647058824,20,0.0680272108843537,0.0336134453781513,Film,Y,2024-11-15
[Production] 24-0721-MKTT-Bergers - Scene+ Offer_Nov15,Email - French - Offer,11010,5831,0.52960944595822,315,0.0540216086434574,0.0286103542234332,Film,Y,2024-11-15
[Production] DBOX Scene Offer - Nov 15,Email - English,779063,294197,0.377629280302107,5292,0.0179879468519393,0.0067927754238104,Film,Y,2024-11-15
[Production] DBOX Scene Offer - Nov 15,Email - French,27636,9654,0.349326964828485,200,0.0207168013258753,0.00723693732812274,Film,Y,2024-11-15
[Production] IMAX_Vancouver_Nov15,Email - English,70742,30561,0.432006445958554,822,0.0268970256208894,0.0116196884453366,Film,Y,2024-11-15
[Production] SCREENX Scene Offer - Nov 15,Email - English,120399,46060,0.38256131695446,922,0.0200173686495875,0.00765787091254911,Film,Y,2024-11-15
[Production] SCREENX Scene Offer - Nov 15,Email - French,13958,5147,0.368749104456226,123,0.0238974159704682,0.00881215073792807,Film,Y,2024-11-15
[Production] 24-0004-EVCN-November Family Monthly Newsletter_Nov16,Email - English,1285130,386174,0.300494113435995,8804,0.0227980133307784,0.00685066880393423,Film,Y,2024-11-15
[Production] 24-0004-EVCN-November Family Monthly Newsletter_Nov16,Email - French,93865,26448,0.281766366590316,883,0.0333862673926195,0.00940712725723113,Film,Y,2024-11-15
[Production] 24-0474-RECR-TRR TRH – Taylor Swift Weekend Event - Final_Nov17,Email - English,40551,15244,0.375921678873517,309,0.0202702702702703,0.00762003403121995,LBE,N,2024-11-15
[Production] 24-0469-RECR-TRR Royalmount New Opening-ROYALMOUNT-CPX_CineClub_Invite_Nov18,Email - English,3873,1907,0.492383165504777,232,0.121657052962769,0.0599018848437903,Brand,N,2024-11-15
[Production] 24-0469-RECR-TRR Royalmount New Opening-ROYALMOUNT-CPX_CineClub_Invite_Nov18,Email - French,1428,777,0.544117647058823,115,0.148005148005148,0.0805322128851541,Brand,N,2024-11-15
[Production] 24-0469-RECR-TRR Royalmount New Opening-ROYALMOUNT-CPX_SCENE_Invite_Nov18,Email - English,38279,15460,0.403876799289428,585,0.0378395860284605,0.0152825308916116,Brand,N,2024-11-15
[Production] 24-0469-RECR-TRR Royalmount New Opening-ROYALMOUNT-CPX_SCENE_Invite_Nov18,Email - French,15727,7099,0.451389330450817,320,0.0450767713762502,0.0203471736504101,Brand,N,2024-11-15
[Production] Survey - CineClub Awareness - Nov 18,Email - English,37229,14980,0.402374493002767,1746,0.116555407209613,0.046898922882699,Survey,N,2024-11-15
[Production] 24-0194-MKTT-Weekly_Tuesday_Nov19,Email - English,1405047,405661,0.288717032241626,11817,0.0291302343582449,0.00841039481241553,Film,Y,2024-11-15
[Production] 24-0194-MKTT-Weekly_Tuesday_Nov19,Email - French,94445,29204,0.309220278683664,1282,0.0438980961512122,0.0135741815255601,Film,Y,2024-11-15
[Production] 24-0616-RECR-LBE NYE Events-TRR Royalmount-1st Email_FR_Nov19,Email - French,29661,10486,0.353528202016115,263,0.0250810604615678,0.00886686220963555,Brand,N,2024-11-15
[Production] 24-0631-EVCN-Andre Rieu Winter 2024 Dedicated Email #1_Nov20,Email - English,93532,42048,0.449557370739426,1199,0.0285150304414003,0.0128191421117906,Film,Y,2024-11-15
[Production] 24-0631-EVCN-Andre Rieu Winter 2024 Dedicated Email #1_Nov20,Email - French,5406,2788,0.515723270440252,126,0.04519368723099,0.02330743618202,Film,Y,2024-11-15
[Production] Wicked Concession Offer - Congratulations_Nov20,Email - English,7948,4511,0.567564167086059,658,0.145865661715806,0.0827881227981882,Film,Y,2024-11-15
[Production] Wicked Concession Offer - Congratulations_Nov20,Email - French,172,101,0.587209302325581,16,0.158415841584158,0.0930232558139535,Film,Y,2024-11-15
[Production] Scene+ - Windsor Competitive Offer - Nov | Dec,Email - English - Initial,44723,14801,0.330948281644791,281,0.0189852037024525,0.006283120542003,Brand,Y,2024-11-15
[Production] (37532) Red One - English,Email - RFM Offer - English,407717,147334,0.3614,380,0.0026,0.0009,Film,Y,2024-11-15
[Production] (37532) Red One - French,Email - RFM Offer - French,8257,2959,0.3584,15,0.0051,0.0018,Film,Y,2024-11-15
[Production] 24-0315-CPGC-CPX 2024 Holiday Gift Bundle-Holiday cards available_Nov21,Email - English,6019639,1959225,0.325472175324799,22238,0.0113504064106981,0.00369424146531046,BM&P,N,2024-11-15
[Production] 24-0315-CPGC-CPX 2024 Holiday Gift Bundle-Holiday cards available_Nov21,Email - French,404580,124179,0.306933115823817,2174,0.0175069858832814,0.00537347372583914,BM&P,N,2024-11-15
[Production] 24-0551-MKTT-Gladiator 2 - Advanced Ticketing and Scene+ Offer Emails,Email - English - Control,10700,3914,0.365794392523364,59,0.015074092999489,0.00551401869158879,Film,Y,2024-11-15
[Production] 24-0551-MKTT-Gladiator 2 - Advanced Ticketing and Scene+ Offer Emails,Email - English - Offer,201750,75029,0.371890954151177,859,0.0114489064228498,0.00425774473358116,Film,Y,2024-11-15
[Production] 24-0551-MKTT-Gladiator 2 - Advanced Ticketing and Scene+ Offer Emails,Email - French - Control,933,358,0.383708467309753,5,0.0139664804469274,0.00535905680600214,Film,Y,2024-11-15
[Production] 24-0551-MKTT-Gladiator 2 - Advanced Ticketing and Scene+ Offer Emails,Email - French - Offer,17694,7023,0.396914208206172,109,0.0155204328634487,0.00616028032101277,Film,Y,2024-11-15
[Production] 24-0194-MKTT-Weekly_Friday_Nov22,Email - English,4611282,1457443,0.316060262634122,20847,0.014303818399759,0.00452086860009863,Film,Y,2024-11-22
[Production] 24-0194-MKTT-Weekly_Friday_Nov22,Email - French,304438,87258,0.286619935750465,1425,0.0163308808361411,0.00468075601600326,Film,Y,2024-11-22
[Production] 24-0091-STOR-Weekly Store Newsletter_Nov22,Email - English,349232,124598,0.356777156732487,2236,0.0179457134143405,0.00640262060750447,Store,N,2024-11-22
[Production] 24-0091-STOR-Weekly Store Newsletter_Nov22,Email - French,21823,7619,0.349127067772534,230,0.0301876886730542,0.0105393392292535,Store,N,2024-11-22
[Production] IMAX_New Brunswick_Nov22,Email - English,82226,27553,0.335088658088682,762,0.0276557906580046,0.00926714177997227,Film,Y,2024-11-22
[Production] IMAX_New Brunswick_Nov22,Email - French,1292,507,0.392414860681115,19,0.0374753451676529,0.0147058823529412,Film,Y,2024-11-22
[Production] 24-0316-CPGC-LBE 2024 Holiday Gift Bundle-TRR-Second_Nov22,Email - English,263332,95050,0.360951194689593,1566,0.0164755391899001,0.00594686555374964,LBE,N,2024-11-22
[Production] 24-0656-FOOD-Mobile Ordering Offer Email-GLADIATOR 2,Email - English,11552,5481,0.474463296398892,237,0.043240284619595,0.0205159279778393,Brand,Y,2024-11-22
[Production] 24-0656-FOOD-Mobile Ordering Offer Email-GLADIATOR 2,Email - French,529,251,0.474480151228733,11,0.0438247011952191,0.0207939508506616,Brand,Y,2024-11-22
[Production] 24-0656-FOOD-Mobile Ordering Offer Email-WICKED_v2,Email - English,20405,9977,0.488948787061995,634,0.0635461561591661,0.0310708159764764,Brand,Y,2024-11-22
[Production] 24-0656-FOOD-Mobile Ordering Offer Email-WICKED_v2,Email - French,344,183,0.531976744186046,13,0.0710382513661202,0.0377906976744186,Brand,Y,2024-11-22
[Production] Skeleton Crew - Sneak Screening_Nov23_v3,Email - English,516940,206542,0.39954733624792,4103,0.0198652090131789,0.00793709134522382,Film,Y,2024-11-22
[Production] 24-0593-MKBT-Clubhouse Refresh_With_Locations_EN,Email - English,1752497,613106,0.349847103875214,5384,0.00878151575747097,0.00307218785538577,Brand,Y,2024-11-22
[Production] 24-0316-CPGC-LBE 2024 Holiday Gift Bundle-PDM-Second _Nov25,Email - English,57023,19748,0.34631639864616,338,0.01711565728175,0.00592743279027761,LBE,N,2024-11-22
[Production] CineClub - Trailer Park Boys Ticket Contest_Nov25,Email - English,43834,19490,0.444632020805767,795,0.0407901487942535,0.0181366062873568,CineClub,N,2024-11-22
[Production] 24-0194-MKTT-Weekly_Tuesday_Nov26,Email - English,1399580,397834,0.284252418582718,10383,0.0260988251381229,0.00741865416767888,Film,Y,2024-11-22
[Production] 24-0194-MKTT-Weekly_Tuesday_Nov26,Email - French,94198,29134,0.309284698188921,1009,0.0346330747580147,0.0107114800738869,Film,Y,2024-11-22
[Production] 24-0505-MKTB-CPX Royalmount Pre-Open/Now Open_Nov26,Email - English,7754,3374,0.435130255352076,162,0.048014226437463,0.0208924426102657,Brand,Y,2024-11-22
[Production] 24-0505-MKTB-CPX Royalmount Pre-Open/Now Open_Nov26,Email - French,2320,999,0.430603448275862,55,0.0550550550550551,0.0237068965517241,Brand,Y,2024-11-22
[Production] Dedicated - Maria - Nov 27,Email - English,180024,80703,0.448290227969604,1516,0.0187849274500328,0.00842109940896769,Film,Y,2024-11-22
[Production] Dedicated - Maria - Nov 27,Email - French,12932,6046,0.467522424992267,173,0.028613959642739,0.0133776678008042,Film,Y,2024-11-22
[Production] 24-0727-GREV-G&E Early Graduation/Prom Planning Email Push-EN-FR_Nov27,Email - English-French,13295,3409,0.256412185031967,522,0.153124083308888,0.039262880782249,BM&P,N,2024-11-22
[Production] 24-0727-GREV-G&E Early Graduation/Prom Planning Email Push-FR-EN_Nov27,Email - French-English,3403,528,0.155157214222745,84,0.159090909090909,0.0246841022627094,BM&P,N,2024-11-22
[Production] Scene+ - Windsor Competitive Offer - Nov | Dec,Email - English - Reminder  1,44578,14895,0.334133429045718,199,0.0133601879825445,0.00446408542330297,Brand,Y,2024-11-22
[Production] (22303) Wicked - English,Email - Enhanced Experience Offer - English,1048540,407424,0.3886,1598,0.0039,0.0015,Film,Y,2024-11-22
[Production] (36582) Gladiator 2 - English,Email - Enhanced Experience Offer - English,655437,249074,0.38,831,0.0033,0.0013,Film,Y,2024-11-22
[Production] (36582) Gladiator 2 - French,Email - 2nd Week Ticketing (No Offer) - French,4122,1497,0.3632,2,0.0013,0.0005,Film,Y,2024-11-22
[Production] 24-0194-MKTT-Weekly_Friday_Nov29,Email - English,4692399,1359935,0.289816573569298,16929,0.0124483890774191,0.00360774946887509,Film,Y,2024-11-29
[Production] 24-0194-MKTT-Weekly_Friday_Nov29,Email - French,269376,71802,0.266549358517463,1574,0.021921394947216,0.00584313376098836,Film,Y,2024-11-29
[Production] 24-0091-STOR-Weekly Store Newsletter_Nov29,Email - English,373030,133645,0.358268771948637,2772,0.0207415167047028,0.00743103771814599,Store,N,2024-11-29
[Production] 24-0724-MKTT-Monsieur Aznavour Scene+_Nov29,Email - French - Control,746,335,0.449061662198391,12,0.0358208955223881,0.0160857908847185,Film,Y,2024-11-29
[Production] 24-0724-MKTT-Monsieur Aznavour Scene+_Nov29,Email - French - Offer,15424,7300,0.473288381742739,260,0.0356164383561644,0.016856846473029,Film,Y,2024-11-29
[Production] 24-0469-RECR-TRR Royalmount New Opening-ROYALMOUNT-CPX_SCENE_Dedicated_Gaming_Offer_Nov29,Email - English,91110,33888,0.371945999341455,552,0.0162889518413598,0.0060586104708594,Brand,Y,2024-11-29
[Production] 24-0469-RECR-TRR Royalmount New Opening-ROYALMOUNT-CPX_SCENE_Dedicated_Gaming_Offer_Nov29,Email - French,29663,10584,0.356808144826889,204,0.0192743764172336,0.00687725449212824,Brand,Y,2024-11-29
[Production] 24-0678-MKTL-CineClub Black Friday 2024_Nov29,Email - English-CINECLUB SCENE+,109947,48570,0.441758301727196,3310,0.0681490632077414,0.0301054144269512,CineClub,N,2024-11-29
[Production] 24-0678-MKTL-CineClub Black Friday 2024_Nov29,Email - English-NON CINECLUB NON-SCENE+,2938158,929306,0.316288640706184,9667,0.010402386296871,0.00329015662193796,CineClub,N,2024-11-29
[Production] 24-0678-MKTL-CineClub Black Friday 2024_Nov29,Email - English-NON CINECLUB SCENE+,3429383,1258012,0.366833334159527,27198,0.0216198255660518,0.00793087269634217,CineClub,N,2024-11-29
[Production] 24-0678-MKTL-CineClub Black Friday 2024_Nov29,Email - French-CINECLUB SCENE+,5138,2458,0.478396263137408,360,0.146460537021969,0.0700661736084079,CineClub,N,2024-11-29
[Production] 24-0678-MKTL-CineClub Black Friday 2024_Nov29,Email - French-NON CINECLUB NON-SCENE+,230544,68529,0.297249115136373,1016,0.0148258401552627,0.00440696786730516,CineClub,N,2024-11-29
[Production] 24-0678-MKTL-CineClub Black Friday 2024_Nov29,Email - French-NON CINECLUB SCENE+,178267,68617,0.38491139694952,2213,0.0322514828686769,0.0124139633246759,CineClub,N,2024-11-29
[Production] DBOX Scene Offer - Reminder - Nov 30,Email - English,772690,303820,0.393197789540437,4317,0.0142090711605556,0.00558697537175323,Film,Y,2024-11-29
[Production] DBOX Scene Offer - Reminder - Nov 30,Email - French,28985,11435,0.39451440400207,215,0.0188019239177962,0.00741762980852165,Film,Y,2024-11-29
[Production] 24-0031-STOR-Dedicated Email_12_Days_Of_Christmas_Nov30,Email - English,333914,137569,0.411989314613943,2475,0.0179909718032406,0.00741208814245584,Store,N,2024-11-29
[Production] SCREENX Scene Offer - Reminder #1 - Nov 30,Email - English,120405,47432,0.393937128856775,819,0.0172668240850059,0.00680204310452224,Film,Y,2024-11-29
[Production] SCREENX Scene Offer - Reminder #1 - Nov 30,Email - French,14701,5955,0.40507448472893,139,0.0233417296389589,0.00945513910618325,Film,Y,2024-11-29
[Production] 24-0502-RECR-TRR eNewsletter_Generic_Dec1,Email - Email - English,257691,96069,0.372806966483114,1548,0.0161134184804672,0.0060071946633759,LBE,N,2024-11-29
[Production] 24-0550-PDM-Playdium Newsletter_Dec1,Email - English,56756,17753,0.312795122982592,272,0.0153213541373289,0.00479244485164564,LBE,N,2024-11-29
[Production] 24-0607-MKTB-December Frequency Offer (Sherwood Park & Quebec City)_Dec1,Email - English,38529,15994,0.415115886734667,217,0.013567587845442,0.00563212125931117,Brand,Y,2024-11-29
[Production] 24-0607-MKTB-December Frequency Offer (Sherwood Park & Quebec City)_Dec1,Email - French,54206,21674,0.399845035604915,541,0.0249607825043831,0.0099804449691916,Brand,Y,2024-11-29
[Production] 24-0559-MKTT-Mufasa: The Lion King-Dedicated-Giveaway_Dec2_V2,Email - English,836235,327537,0.391680568261314,2910,0.00888449243902216,0.00347988304722955,Film,Y,2024-11-29
[Production] 24-0559-MKTT-Mufasa: The Lion King-Dedicated-Giveaway_Dec2_V2,Email - French,48486,18865,0.389081384317122,224,0.011873840445269,0.00461989027760591,Film,Y,2024-11-29
[Production] 24-0469-RECR-TRR ROYALMOUNT New Opening - CineClub Email (Now Open)_Dec2,Email - English,3854,1570,0.407368967306694,36,0.0229299363057325,0.00934094447327452,LBE,N,2024-11-29
[Production] 24-0469-RECR-TRR ROYALMOUNT New Opening - CineClub Email (Now Open)_Dec2,Email - French,1415,604,0.426855123674912,13,0.021523178807947,0.00918727915194346,LBE,N,2024-11-29
[Production] 24-0512-CPGC-Prepaid B2B Holiday Campaign 2024-Third Email-EN-FR-Dec 2,Email - English-French,897,287,0.319955406911929,36,0.125435540069686,0.040133779264214,BM&P,N,2024-11-29
[Production] 24-0512-CPGC-Prepaid B2B Holiday Campaign 2024-Third Email-FR-EN-Dec 2,Email - French-English,426,120,0.28169014084507,11,0.0916666666666667,0.0258215962441315,BM&P,N,2024-11-29
[Production] 24-0678-MKTL-CineClub Black Friday 2024-Reminder_Dec2,Email - English-CINECLUB SCENE+ Reminder,107491,44358,0.41266710701361,1527,0.034424455566076,0.0142058404889712,CineClub,N,2024-11-29
[Production] 24-0678-MKTL-CineClub Black Friday 2024-Reminder_Dec2,Email - English-NON CINECLUB SCENE+ Reminder,3407309,1225749,0.359741074261243,19049,0.0155407020523778,0.00559062885109628,CineClub,N,2024-11-29
[Production] 24-0678-MKTL-CineClub Black Friday 2024-Reminder_Dec2,Email - French-CINECLUB SCENE+ Reminder,5034,2160,0.429082240762813,92,0.0425925925925926,0.0182757250695272,CineClub,N,2024-11-29
[Production] 24-0678-MKTL-CineClub Black Friday 2024-Reminder_Dec2,Email - French-NON CINECLUB SCENE+ Reminder,177218,66729,0.37653624349671,1982,0.0297022284164306,0.011183965511404,CineClub,N,2024-11-29
[Production] 24-0194-MKTT-Weekly_Tuesday_Dec3,Email - English,1396810,382088,0.273543287920333,7447,0.0194902744917401,0.00533143376694039,Film,Y,2024-11-29
[Production] 24-0194-MKTT-Weekly_Tuesday_Dec3,Email - French,93956,29400,0.312912427093533,883,0.0300340136054422,0.00939801609263911,Film,Y,2024-11-29
[Production] 24-0316-CPGC-LBE 2024 Holiday Gift Bundle-PDM-Third_Dec3,Email - English,56484,20100,0.355852984916082,282,0.0140298507462687,0.00499256426598683,BM&P,N,2024-11-29
[Production] 24-0631-EVCN-Andre Rieu Winter 2024 Dedicated-Email 2-Reminder_Dec4,Email - English,135517,63970,0.472044097788469,1910,0.0298577458183524,0.0140941726868216,Film,Y,2024-11-29
[Production] 24-0631-EVCN-Andre Rieu Winter 2024 Dedicated-Email 2-Reminder_Dec4,Email - French,7601,3935,0.517695040126299,149,0.0378653113087675,0.0196026838573872,Film,Y,2024-11-29
[Production] 24-0315-CPGC-CPX 2024 Holiday Gift Bundle-Third_Dec4,Email - English,6115957,2143403,0.350460770080627,27115,0.0126504441768533,0.00443348440808201,BM&P,N,2024-11-29
[Production] 24-0315-CPGC-CPX 2024 Holiday Gift Bundle-Third_Dec4,Email - French,409494,141669,0.34596111298334,2454,0.017322067636533,0.00599276179870767,BM&P,N,2024-11-29
[Production] 24-0316-CPGC-LBE 2024 Holiday Gift Bundle-TRR-Third_Dec4,Email - English,260559,95731,0.367406230450685,1733,0.0181028089124735,0.00665108478310095,BM&P,N,2024-11-29
[Production] (37153) Moana 2 - English,Email - Enhanced Experience Offer - English,1455191,540347,0.3713,1827,0.0034,0.0013,Film,Y,2024-11-29
[Production] (37153) Moana 2 - French,Email - 2nd Week No Offer - French,85049,30796,0.3621,168,0.0055,0.002,Film,Y,2024-11-29
[Production] Affinity International Test 2 - Pushpa 2: The Rule_Dec5,Email - Pushpa 2: The Rule,149608,55462,0.370715469760975,879,0.0158486891926003,0.00587535425913053,Film,Y,2024-11-29
[Production] See Any Movie - 500 Scene+ Offer - Dec5,Email - English - 500 - 3 visits,251595,98314,0.390762932490709,2689,0.0273511402241797,0.010687811760965,Film,Y,2024-11-29
[Production] See Any Movie - 500 Scene+ Offer - Dec5,Email - French - 500 - 3 visits,14570,6042,0.414687714481812,306,0.0506454816285998,0.0210020590253946,Film,Y,2024-11-29
[Production] Survey - VIP Food Ordering #4 - Menu Testing_Dec5,Email - English - No VIP L2Y,2402,961,0.400083263946711,113,0.117585848074922,0.0470441298917569,Survey,N,2024-11-29
[Production] Survey - VIP Food Ordering #4 - Menu Testing_Dec5,Email - English - Purchased VIP P6M,2459,1094,0.444896299308662,181,0.1654478976234,0.0736071573810492,Survey,N,2024-11-29
[Production] - Pricing Workstream - December Send,Email - $3 - English,183270,68688,0.374791291537076,1649,0.0240071045888656,0.00899765373492661,Film,Y,2024-12-06
[Production] - Pricing Workstream - December Send,Email - $5 - English,183307,68266,0.372413492119777,1204,0.0176368909852635,0.00656821616195781,Film,Y,2024-12-06
[Production] - Pricing Workstream - December Send,Email - $8 - English,183323,68097,0.371459118604867,1149,0.0168729899995595,0.00626762599346509,Film,Y,2024-12-06
[Production] 24-0194-MKTT-Weekly_Friday_Dec6,Email - English,4627183,1312868,0.283729431059891,15900,0.0121108900513989,0.00343621594391231,Film,Y,2024-12-06
[Production] 24-0194-MKTT-Weekly_Friday_Dec6,Email - French,293731,85104,0.28973448495392,1190,0.0139828915209626,0.00405132587299264,Film,Y,2024-12-06
[Production] 24-0091-STOR-Weekly Store Newsletter_Dec6,Email - English,316182,116357,0.368006401376422,2769,0.0237974509483744,0.00875761428544319,Store,N,2024-12-06
[Production] 24-0091-STOR-Weekly Store Newsletter_Dec6,Email - French,18144,6670,0.367614638447972,185,0.027736131934033,0.0101962081128748,Store,N,2024-12-06
[Production] 24-0612-MKTT-Wicked-CineClub Upsell_Dec6,Email - English,4706,2463,0.523374415639609,54,0.0219244823386114,0.0114747131321717,Film,Y,2024-12-06
[Production] 24-0612-MKTT-Wicked-CineClub Upsell_Dec6,Email - French,95,48,0.505263157894737,1,0.0208333333333333,0.0105263157894737,Film,Y,2024-12-06
[Production] 24-0003-EVCN-Arts Culture Monthly Newsletter_Dec7,Email - English,66775,29560,0.442680643953575,1678,0.056765899864682,0.0251291651067016,Film,Y,2024-12-06
[Production] 24-0003-EVCN-Arts Culture Monthly Newsletter_Dec7,Email - French,7807,3873,0.496093249647752,252,0.0650658404337723,0.0322787242218522,Film,Y,2024-12-06
[Production] Dedicated - Les apres midi Francos - Ababouiné - Dec7,Email - English,1398,688,0.492131616595136,49,0.0712209302325581,0.0350500715307582,Film,Y,2024-12-06
[Production] Dedicated - Les apres midi Francos - Ababouiné - Dec7,Email - French,547,233,0.425959780621572,3,0.0128755364806867,0.00548446069469835,Film,Y,2024-12-06
[Production] Dedicated_VIP - Gladiator/Wicked_Dec7,Email - English,954082,373112,0.391069111460021,4421,0.0118489890435044,0.00463377361694278,Brand,Y,2024-12-06
[Production] Dedicated_VIP - Gladiator/Wicked_Dec7,Email - French,34606,13418,0.387736230711437,194,0.014458190490386,0.00560596428365023,Brand,Y,2024-12-06
[Production] 24-0194-MKTT-Weekly_Tuesday_Dec10,Email - English,1394915,388839,0.2787546194571,8892,0.0228680765046716,0.00637458196377557,Film,Y,2024-12-06
[Production] 24-0194-MKTT-Weekly_Tuesday_Dec10,Email - French,93763,30625,0.32662137516931,880,0.028734693877551,0.00938536522935486,Film,Y,2024-12-06
[Production] CineClub Wrapped,Email - Annual Wrapped - French,1320,834,0.6376,30,0.0359712230215827,0.0227,CineClub,N,2024-12-06
[Production] CineClub Wrapped,Email - Annual Wrapped - English,20154,14680,0.728391386325295,477,0.0324931880108992,0.0236677582613873,CineClub,N,2024-12-06
[Production] CineClub Wrapped,Email - Generic - English,164491,77282,0.469825096813807,4737,0.0612949975414715,0.0287979281541239,CineClub,N,2024-12-06
[Production] CineClub Wrapped,Email - Generic - French,6757,3097,0.458339499778008,277,0.0894413948982887,0.0409945241971289,CineClub,N,2024-12-06
[Production] 24-0733-MKTT-Queer Dedicated Email_Dec11,Email - English,115079,51042,0.443538786398909,961,0.0188276321460758,0.00835078511283553,Film,Y,2024-12-06
[Production] 24-0733-MKTT-Queer Dedicated Email_Dec11,Email - French,7800,3732,0.478461538461538,80,0.0214362272240086,0.0102564102564103,Film,Y,2024-12-06
[Production] Scene+ - Windsor Competitive Offer - Nov | Dec,Email - English - Reminder  2,44425,15568,0.350433314575127,187,0.0120118191161357,0.00420934158694429,Brand,Y,2024-12-06
[Production] (22303) Wicked - English,Email - 4th Week MDP Offer - English,1373903,551226,0.4012,1714,0.0031,0.0012,Film,Y,2024-12-06
[Production] (36582) Gladiator 2 - English,Email - 4th Week MDP Offer - English,952448,360811,0.3788,1308,0.0036,0.0014,Film,Y,2024-12-06
[Production] (36582) Gladiator 2 - French,Email - 4th Week MDP Offer - French,80385,32339,0.4023,163,0.005,0.002,Film,Y,2024-12-06
[Production] (37153) Moana 2 - English,Email - RFM Offer - English,1368045,519342,0.3796,1504,0.0029,0.0011,Film,Y,2024-12-06
[Production] (37135) Moana 2 - French,Email - RFM Offer - French,79787,29630,0.3714,125,0.0042,0.0016,Film,Y,2024-12-06
[Production] 24-0016-MKTI-International Cinema December Newsletter_Dec12,Email - English,1067640,363076,0.340073432992394,2591,0.00713624695656006,0.00242684800119891,Film,Y,2024-12-06
[Production] Kraven the Hunter - Scene+ Offer_Dec12,Email - English - Offer,133372,44834,0.336157514320847,294,0.0065575233082036,0.00220436073538674,Film,Y,2024-12-06
[Production] Kraven the Hunter - Scene+ Offer_Dec12,Email - French - Offer,6481,1972,0.304274031785218,21,0.0106490872210953,0.00324024070359512,Film,Y,2024-12-06
[Production] 23-0564-Store_Newsletter_Dec29,Email - English,293018,71794,0.245015664566682,1086,0.0151266122517202,0.00370625695349774,Store,N,2024-12-27
[Production] 23_0001_MKTT_FridayWhatsOn_Dec29_FINAL2,Email - English,4070697,1128162,0.27714221913348,25678,0.0227609155422714,0.00630801064289482,Film,Y,2024-12-27
[Production] 23_0001_MKTT_FridayWhatsOn_Dec29_FINAL2,Email - French,237550,36601,0.154077036413387,1260,0.0344252889265321,0.00530414649547464,Film,Y,2024-12-27
[Production] CineClub_Monthly December offer 2 Month Non Active,Email - English - Reminder,6111,1752,0.286696121747668,93,0.0530821917808219,0.0152184585174276,CineClub,N,2024-12-27
[Production] (22303) Wicked - French,Email - 2nd Week Ticketing (No Offer) - French,1049337,419250,0.3995,1326,0.0032,0.0013,Film,Y,2025-11-28
[Production] 24-0091-STOR-Weekly Store Newsletter_Dec13,Email - English,380820,137046,0.359870805104774,2159,0.0157538344789341,0.00566934509742135,Store,N,2025-12-12
[Production] 24-0469-RECR-TRR GRANVILLE NOW OPEN - CineClub Email (Now Open)_Dec13,Email - English,3524,1631,0.462826333711691,46,0.0282035561005518,0.0130533484676504,LBE,N,2025-12-12
[Production] 24-0469-RECR-TRR GRANVILLE NOW OPEN-SCENE_Gaming_Offer_Dec13,Email - English,37972,15934,0.419624986832403,325,0.0203966361240115,0.00855893816496366,LBE,N,2025-12-12
[Production] 24-0194-MKTT-Weekly_Friday_Dec13,Email - English,4710750,1264177,0.268360027596455,21851,0.0172847631304794,0.00463853951069363,Film,Y,2025-12-12
[Production] 24-0194-MKTT-Weekly_Friday_Dec13,Email - French,300513,85644,0.284992662547045,1781,0.0207953855494839,0.00592653229643975,Film,Y,2025-12-12
[Production] CineClub 2000 Holiday Offer_Dec14,Email - English,3137181,1237416,0.394435641424578,11995,0.00969358728188418,0.00382349631723512,CineClub,N,2025-12-12
[Production] CineClub 2000 Holiday Offer_Dec14,Email - French,165143,68059,0.412121615811751,1032,0.0151633141832822,0.00624912954227548,CineClub,N,2025-12-12
[Production] 24-0316-CPGC-LBE 2024 Holiday Gift Bundle-PDM-Fifth_Dec16,Email - English,56932,21348,0.374973652778754,224,0.010492786209481,0.00393451837279562,BM&P,N,2025-12-12
[Production] - Pricing Workstream - December Send - Reminder,Email - $3 - English - Reminder,169829,66973,0.394355498766406,1395,0.0208292894151374,0.00821414481625635,Film,Y,2025-12-12
[Production] - Pricing Workstream - December Send - Reminder,Email - $3 - French - Reminder,141,40,0.283687943262411,1,0.025,0.00709219858156028,Film,Y,2025-12-12
[Production] - Pricing Workstream - December Send - Reminder,Email - $5 - English - Reminder,169991,66349,0.390308898706402,1097,0.016533783478274,0.00645328282085522,Film,Y,2025-12-12
[Production] - Pricing Workstream - December Send - Reminder,Email - $5 - French - Reminder,156,45,0.288461538461538,0,0.0,0.0,Film,Y,2025-12-12
[Production] - Pricing Workstream - December Send - Reminder,Email - $8 - English  - Reminder,170136,66758,0.392380213476278,958,0.0143503400341532,0.00563078948605821,Film,Y,2025-12-12
[Production] - Pricing Workstream - December Send - Reminder,Email - $8 - French - Reminder,181,59,0.325966850828729,0,0.0,0.0,Film,Y,2025-12-12
[Production] 24-0194-MKTT-Weekly_Tuesday_Dec17,Email - English,1408954,399259,0.28337262962453,8393,0.0210214422217157,0.00595690136086771,Film,Y,2025-12-12
[Production] 24-0194-MKTT-Weekly_Tuesday_Dec17,Email - French,94109,31418,0.333846922185976,1005,0.0319880323381501,0.0106791061428769,Film,Y,2025-12-12
[Production] 24-0315-CPGC-CPX 2024 Holiday Gift Bundle-Fourth_Dec18,Email - English,6397171,2327431,0.363821914405602,22969,0.00986882103056976,0.00359049336026816,BM&P,N,2025-12-12
[Production] 24-0315-CPGC-CPX 2024 Holiday Gift Bundle-Fourth_Dec18,Email - French,408987,145055,0.35466897480849,1875,0.0129261314673744,0.00458449779577346,BM&P,N,2025-12-12
[Production] Scene+ - Windsor Competitive Offer - Nov | Dec,Email - English - Reminder  3,44370,16232,0.365832769889565,167,0.0102883193691474,0.00376380437232364,Brand,Y,2025-12-12
[Production] (37135) Moana 2 - English,Email - Week 4 MDP Offer - English,1418407,565895,0.399,1844,0.0033,0.0013,Film,Y,2025-12-19
[Production] (37135) Moana 2 - French,Email - Week 4 MDP Offer - French,82755,32576,0.3936,165,0.0051,0.002,Film,Y,2025-12-19
[Production] DBOX Scene Offer - Reminder - Dec 19,Email - English,776979,319030,0.410603117973587,3939,0.012343666739805,0.00506834805059081,Film,Y,2025-12-19
[Production] DBOX Scene Offer - Reminder - Dec 19,Email - French,29110,12164,0.417863277224322,151,0.0124136797106215,0.00518722088629337,Film,Y,2025-12-19
[Production] Dedicated Offer - Sonic 3 - Dec 19_V2,Email - English - Control,25256,9219,0.365022172949002,71,0.00770148606139495,0.00281121317706684,Film,Y,2025-12-19
[Production] Dedicated Offer - Sonic 3 - Dec 19_V2,Email - English - Offer,479418,175630,0.366340020608321,1381,0.00786312133462392,0.00288057603177186,Film,Y,2025-12-19
[Production] Dedicated Offer - Sonic 3 - Dec 19_V2,Email - French - Control,1508,526,0.348806366047745,4,0.00760456273764259,0.0026525198938992,Film,Y,2025-12-19
[Production] Dedicated Offer - Sonic 3 - Dec 19_V2,Email - French - Offer,29366,10432,0.35524075461418,131,0.0125575153374233,0.00446094122454539,Film,Y,2025-12-19
[Production] SCREENX Scene Offer - Reminder #2 - Dec 19,Email - English,123355,51638,0.418612946374286,814,0.0157635849568147,0.00659884074419359,Film,Y,2025-12-19
[Production] SCREENX Scene Offer - Reminder #2 - Dec 19,Email - French,14743,6320,0.428678016685885,92,0.0145569620253165,0.0062402496099844,Film,Y,2025-12-19
[Production] 24-0091-STOR-Weekly Store Newsletter_Dec20,Email - English,379256,149648,0.39458307844833,1842,0.0123088848497808,0.00485687767629253,Store,N,2025-12-19
[Production] 24-0091-STOR-Weekly Store Newsletter_Dec20,Email - French,21760,9039,0.415395220588235,288,0.031861931629605,0.0132352941176471,Store,N,2025-12-19
[Production] 24-0456-PLAY-PDM Fairview New Opening - Gaming Offer _Dec20,Email - English,33644,12310,0.365889906075377,143,0.0116165718927701,0.00425038639876352,LBE,N,2025-12-19
24-0316-CPGC-LBE 2024 Holiday Gift Bundle-TRR-Fourth Email,Email - English,262572,101739,0.387470865134135,1408,0.0138393339820521,0.00536233871090596,BM&P,N,2025-12-19
[Production] 24-0194-MKTT-Weekly_Friday_Dec20,Email - English,4721395,1232029,0.260945970417641,18903,0.0153429829979651,0.00400368958750539,Film,Y,2025-12-19
[Production] 24-0194-MKTT-Weekly_Friday_Dec20,Email - French,299618,84348,0.281518466847786,1592,0.0188741878882724,0.0053134324373035,Film,Y,2025-12-19
[Production] 24-0004-EVCN-December Family Monthly Newsletter_Dec21,Email - English,1293747,478287,0.369691292037779,5444,0.0113822872041264,0.00420793246283856,Film,Y,2025-12-19
[Production] 24-0004-EVCN-December Family Monthly Newsletter_Dec21,Email - French,94069,33756,0.358842976963718,552,0.016352648418059,0.00586803303957733,Film,Y,2025-12-19
[Production] 24-0456-PLAY-PDM Fairview New Opening-Dedicated_CineClub_Dec22,Email - English,47915,21702,0.452927058332464,437,0.0201363929591743,0.00912031722842534,LBE,N,2025-12-19
[Production] 24-0616-RECR-LBE NYE Events-TRR-Second Email-DEC22,Email - English,216806,82364,0.379897235316366,1091,0.0132460783837599,0.00503214855677426,LBE,N,2025-12-19
[Production] 24-0315-CPGC-CPX 2024 Holiday Gift Bundle-Fifth_Dec23,Email - English,5577715,2027469,0.363494549291242,19099,0.00942011937050579,0.0034241620448517,BM&P,N,2025-12-19
[Production] 24-0315-CPGC-CPX 2024 Holiday Gift Bundle-Fifth_Dec23,Email - French,368432,134441,0.364900442958266,1907,0.0141846609293296,0.00517598905632518,BM&P,N,2025-12-19
[Production] 24-0616-RECR-LBE NYE Events-PDM-Second Email-Dec23,Email - English,56570,21157,0.373996818101467,303,0.0143215011580092,0.00535619586353191,LBE,N,2025-12-19
[Production] 24-0609-MKTT-Nosferatu Dedicated_Dec23,Email - English,747282,274847,0.367795557768018,2630,0.00956896018512118,0.0035194210485466,Film,Y,2025-12-19
[Production] 24-0609-MKTT-Nosferatu Dedicated_Dec23,Email - French,38802,13827,0.356347610947889,187,0.0135242641209228,0.00481933920931911,Film,Y,2025-12-19
[Production] 24-0194-MKTT-Weekly_Tuesday_Dec24,Email - English,1407523,390588,0.277500261096977,9669,0.0247549847921595,0.00686951474327595,Film,Y,2025-12-19
[Production] 24-0194-MKTT-Weekly_Tuesday_Dec24,Email - French,93416,30174,0.323006765436328,835,0.0276728309140319,0.00893851160400788,Film,Y,2025-12-19
[Production] (36149) Sonic the Hedgehog: 3 - English,Email - 2nd week EE offer - English,587142,205902,0.3507,641,0.0031,0.0011,Film,Y,2025-12-26
[Production] (36149) Sonic the Hedgehog: 3 - French,Email - 2nd week no offer - French,41390,13397,0.3237,71,0.0053,0.0017,Film,Y,2025-12-26
[Production] (36234) Mufasa: The Lion King - English,Email - 2nd week EE offer - English,771139,294554,0.382,979,0.0033,0.0013,Film,Y,2025-12-26
[Production] (36234) Mufasa: The Lion King - French,Email - 2nd week no offer - French,47136,17213,0.3652,92,0.0053,0.002,Film,Y,2025-12-26
[Production] 24-0091-STOR-Weekly Store Newsletter_Dec27,Email - English,373066,147595,0.395627047224888,3640,0.0246620820488499,0.00975698669940439,Store,N,2025-12-26
[Production] 24-0316-CPGC-LBE 2024 Holiday Gift Bundle-TRR-Fifth_Dec27,Email - English,263698,99092,0.37577835250931,1411,0.0142392927784281,0.00535081798117544,BM&P,N,2025-12-26
[Production] 24-0194-MKTT-Weekly_Friday_Dec27,Email - English,4689876,1192120,0.254190089460787,25053,0.0210155017951213,0.00534193228136522,Film,Y,2025-12-26
[Production] 24-0194-MKTT-Weekly_Friday_Dec27,Email - French,298743,81484,0.272756181734802,1717,0.0210716214226106,0.00574741500219252,Film,Y,2025-12-26
[Production] 24-0315-CPGC-CPX 2024 Holiday Gift Bundle-Sixth_Dec28,Email - English,6306002,2256429,0.357822436466084,30763,0.0136334890218128,0.00487836825931866,BM&P,N,2025-12-26
[Production] 24-0315-CPGC-CPX 2024 Holiday Gift Bundle-Sixth_Dec28,Email - French,406333,143042,0.352031461879788,2291,0.0160162749402273,0.00563823268107685,BM&P,N,2025-12-26
[Production] 24-0316-CPGC-LBE 2024 Holiday Gift Bundle-PDM-Fifth_Dec28,Email - English,56778,19535,0.34405931875022,257,0.0131558740721781,0.0045264010708373,BM&P,N,2025-12-26
[Production] Scene+ - Windsor Competitive Offer - Nov | Dec,Email - English - Reminder  4,44237,15892,0.359246784366028,240,0.0151019380820539,0.00542532269367272,Brand,Y,2025-12-26
[Production] 24-0031-STOR-Dedicated Email_Wicked_Dec31,Email - English,541078,217353,0.401703636074651,4122,0.0189645415522215,0.00761812529801618,Store,N,2025-12-26
[Production] 24-0031-STOR-Dedicated Email_Wicked_Dec31,Email - French,25196,9765,0.387561517701222,289,0.0295954941116231,0.0114700746150183,Store,N,2025-12-26
[Production] 24-0194-MKTT-Weekly_Tuesday_Dec31,Email - English,1393247,365756,0.262520572446953,9624,0.0263126237163574,0.00690760504059941,Film,Y,2025-12-26
[Production] 24-0194-MKTT-Weekly_Tuesday_Dec31,Email - French,91391,28481,0.311639001652241,891,0.0312840139040062,0.00974931886071933,Film,Y,2025-12-26
[Production] Dedicated - L’amour ouf - Jan1,Email - French,16232,8158,0.502587481517989,166,0.0203481245403285,0.0102267126663381,Film,,2024-12-27
[Production] (36149) Sonic the Hedgehog: 3 - English,Email - RFM Offer - English,564205,181571,0.3218,665,0.0037,0.0012,Film,,2024-12-27
[Production] (36149) Sonic the Hedgehog: 3 - French,Email - RFM Offer - French,39847,11679,0.2931,74,0.0063,0.0019,Film,,2024-12-27
[Production] (36234) Mufasa: The Lion King - English,Email - RFM Offer - English,750841,267233,0.3559,1012,0.0038,0.0013,Film,,2024-12-27
[Production] (36234) Mufasa: The Lion King - French,Email - RFM Offer - French,45838,15276,0.3333,67,0.0044,0.0015,Film,,2024-12-27
[Production] (37214) Nosferatu - English,Email - 2nd week EE offer - English,683385,229955,0.3365,787,0.0034,0.0012,Film,,2024-12-27
[Production] (37214) Nosferatu - French,Email - 2nd week no offer - French,36026,11604,0.3221,74,0.0064,0.0021,Film,,2024-12-27
[Production] (37816) A Complete Unknown - English,Email - 2nd week no offer - English,626910,255285,0.4072,1280,0.005,0.002,Film,,2024-12-27
[Production] (37816) A Complete Unknown - French,Email - 2nd week no offer - French,36081,14799,0.4102,103,0.007,0.0029,Film,,2024-12-27
[Production] 24-0550-PDM-Playdium Newsletter_Jan2_2025,Email - English,57789,19285,0.333714028621364,400,0.0207415089447757,0.00692173250964716,LBE,,2024-12-27
[Production] 24-0632-EVCN-Fincher Classics Series_Jan2,Email - English,218356,75890,0.347551704555863,1882,0.0247990512584003,0.00861895253622525,Film,,2024-12-27
[Production] 24-0632-EVCN-Fincher Classics Series_Jan2,Email - French,12118,4542,0.374814325796336,144,0.0317040951122853,0.0118831490344941,Film,,2024-12-27
[Production] 25-0024-RECR-TRR eNewsletter_Jan2_2025,Email - English,262648,93723,0.356838810879961,1651,0.0176157399997866,0.00628597971429442,Film,,2024-12-27
[Production] 25-0024-RECR-TRR eNewsletter_Jan2_2025,Email - French,746,348,0.466487935656836,10,0.028735632183908,0.0134048257372654,Film,,2024-12-27
[Production] 25-0001-MKTT-Weekly_Friday_Jan3,Email - English,4665943,1239070,0.265556180176226,27026,0.0218115199302703,0.0057921839165202,Film,,2025-01-03
[Production] 25-0001-MKTT-Weekly_Friday_Jan3,Email - French,299126,84480,0.28242279173325,1968,0.0232954545454545,0.00657916730742229,Film,,2025-01-03
[Production] 25-0001-MKTT-Weekly_Tuesday_Jan7,Email - English,1404175,389075,0.277084408994605,9979,0.0256480113088736,0.0071066640554062,Film,,2025-01-03
[Production] 25-0001-MKTT-Weekly_Tuesday_Jan7,Email - French,90045,29405,0.326558942750847,890,0.0302669614011223,0.00988394691543117,Film,,2025-01-03
[Production] 25-0042-MKTT-Den of Thieves 2: Pantera Dedicated Email_Jan 8,Email - English,494630,197047,0.398372520874189,2090,0.0106066065456465,0.00422538058750986,Film,,2025-01-03
[Production] 25-0042-MKTT-Den of Thieves 2: Pantera Dedicated Email_Jan 8,Email - French,30499,12033,0.394537525820519,161,0.0133798720186155,0.00527886160201974,Film,,2025-01-03
[Production] Dedicated - Young Werther - Jan 8,Email - English,255343,111119,0.435175430695183,897,0.0080724268576931,0.00351292183455196,Film,,2025-01-03
[Production] (36149) Sonic the Hedgehog: 3 - English,Email - Week 4 MDP Offer - English,552758,189020,0.342,582,0.0031,0.0011,Film,,2025-01-03
[Production] (36149) Sonic the Hedgehog: 3 - French,Email - Week 4 MDP Offer - French,38832,12505,0.322,46,0.0037,0.0012,Film,,2025-01-03
[Production] (36234) Mufasa: The Lion King - English,Email - Week 4 MDP Offer - English,739478,277070,0.3747,858,0.0031,0.0012,Film,,2025-01-03
[Production] (36234) Mufasa: The Lion King - French,Email - Week 4 MDP Offer - French,44894,16380,0.3649,60,0.0037,0.0013,Film,,2025-01-03
[Production] (37214) Nosferatu - English,Email - RFM Offer - English,665632,233333,0.3505,799,0.0034,0.0012,Film,,2025-01-03
[Production] (37214) Nosferatu - French,Email - RFM Offer - French,34968,12204,0.349,57,0.0047,0.0016,Film,,2025-01-03
[Production] (37816) A Complete Unknown - English,Email - RFM Offer - English,613383,256841,0.4187,934,0.0036,0.0015,Film,,2025-01-03
[Production] (37816) A Complete Unknown - French,Email - RFM Offer - French,35327,15281,0.4326,74,0.0048,0.0021,Film,,2025-01-03
[Production] 24-0458-EVCN-Aida Dedicated Email_Jan9,Email - English,220973,99575,0.45062066406303,1964,0.0197238262616119,0.00888796368787137,Film,,2025-01-03
[Production] 24-0458-EVCN-Aida Dedicated Email_Jan9,Email - French,13371,6366,0.476105003365492,256,0.0402136349355953,0.0191459127963503,Film,,2025-01-03
[Production] 25-0007-MKTT-International Cinema Monthly Newsletter-January_Jan9,Email - English,1315014,445010,0.338407043575201,3380,0.00759533493629357,0.00257031484075455,Film,,2025-01-03
[Production] 24-0700-RECR-TRR Superbowl Event-Initial_Jan 10,Email - English,279094,108599,0.389112628720073,1288,0.0118601460418604,0.00461493260335228,LBE,,2025-01-10
[Production] 24-0700-RECR-TRR Superbowl Event-Initial_Jan 10,Email - French,827,401,0.484885126964934,20,0.0498753117206983,0.0241837968561064,LBE,,2025-01-10
[Production] 25-0001-MKTT-Weekly Film Marketing Emails_Friday_Jan10,Email - English,5243648,1504180,0.286857546501977,24988,0.0166123735191267,0.0047653847092711,Film,,2025-01-10
[Production] 25-0001-MKTT-Weekly Film Marketing Emails_Friday_Jan10,Email - French,337539,96525,0.285966954929653,1895,0.0196322196322196,0.00561416606673599,Film,,2025-01-10
[Production] 25-0088-MKTB-$5 Tuesdays Jan-Feb-Initial Email_Jan12,Email - English,6720624,2571311,0.382600038329774,120459,0.0468473086297223,0.0179237820773785,Brand,,2025-01-10
[Production] 25-0088-MKTB-$5 Tuesdays Jan-Feb-Initial Email_Jan12,Email - French,432113,165909,0.383948180221377,9993,0.0602318138256514,0.0231258953097917,Brand,,2025-01-10
[Production] 25-0666-MKTB-National Popcorn Day 2025_Jan13,Email - English,3338620,1337346,0.400568498361599,21166,0.0158268690376312,0.00633974516416963,Brand,,2025-01-10
[Production] 25-0666-MKTB-National Popcorn Day 2025_Jan13,Email - French,170855,72238,0.422802961575605,1936,0.0268002990116005,0.0113312457932165,Brand,,2025-01-10
[Production] Survey - Design Sprint UX Testing_Jan13,Email - English,2900,1320,0.455172413793103,216,0.163636363636364,0.0744827586206896,Survey,,2025-01-10
[Production] 25-0001-MKTT-Weekly Film Marketing Emails_Tuesday_Jan14,Email - English,1478481,479256,0.324154317843787,10042,0.0209533109653296,0.00679210622253516,Film,,2025-01-10
[Production] 25-0001-MKTT-Weekly Film Marketing Emails_Tuesday_Jan14,Email - French,94699,30685,0.324026652868562,806,0.0262669056542284,0.00851117752035396,Film,,2025-01-10
[Production] Dedicated - Girl From the North Country - Jan 14,Email - English,55524,29651,0.534021324112096,1111,0.0374692253212371,0.0200093653195015,Film,,2025-01-10
[Production] Dedicated - Girl From the North Country - Jan 14,Email - French,2367,1305,0.551330798479088,58,0.0444444444444444,0.024503591043515,Film,,2025-01-10
[Production] 25-0034-GREV-G&E_SchoolGroups_MACBETH_Email-EN-FR_Jan15,Email - English-French,13209,3438,0.260277083806496,589,0.171320535194881,0.0445908092966917,BM&P,,2025-01-10
[Production] 25-0034-GREV-G&E_SchoolGroups_MACBETH_Email-FR-EN_Jan15,Email - French-English,3350,436,0.130149253731343,88,0.201834862385321,0.0262686567164179,BM&P,,2025-01-10
[Production] 25-0043-MKTT-Wolf Man Dedicated Email_Jan15,Email - English,381611,135920,0.356174219296614,1256,0.00924072984108299,0.00329130973687865,Film,,2025-01-10
[Production] 25-0043-MKTT-Wolf Man Dedicated Email_Jan15,Email - French,17287,6519,0.377104182333545,95,0.0145727872373063,0.00549545901544513,Film,,2025-01-10
[Production] The Last Showgirl - Trip Giveaway - Jan 15,Email - English - Offer,152366,68865,0.451970912145754,944,0.0137079793799463,0.00619560794402951,Film,,2025-01-10
[Production] The Last Showgirl - Trip Giveaway - Jan 15,Email - French - Offer,696,308,0.442528735632184,7,0.0227272727272727,0.0100574712643678,Film,,2025-01-10
[Production] (37214) Nosferatu - English,Email - Week 4 MDP Offer - English,654297,228368,0.349,684,0.003,0.001,Film,,2025-01-10
[Production] (37214) Nosferatu - French,Email - Week 4 MDP Offer - French,34510,12016,0.3482,39,0.0032,0.0011,Film,,2025-01-10
[Production] (37634) Den of Thieves 2: Pantera - English,Email - 2nd week EE offer email,611676,237928,0.389,887,0.0037,0.0015,Film,,2025-01-10
[Production] (37634) Den of Thieves 2: Pantera - French,Email - 2nd week no offer email,38068,15333,0.4028,64,0.0042,0.0017,Film,,2025-01-10
[Production] (37816) A Complete Unknown - English,Email - Week 4 MDP Offer - English,600988,251180,0.4179,864,0.0034,0.0014,Film,,2025-01-10
[Production] (37816) A Complete Unknown - French,Email - Week 4 MDP Offer - French,34737,15017,0.4323,73,0.0049,0.0021,Film,,2025-01-10
[Production] 25-0666-MKTB-National Popcorn Day 2025_Reminder_Jan16,Email - English,3345798,1290522,0.385714260095798,18849,0.0146057176863316,0.00563363359055149,Brand,,2025-01-10
[Production] 25-0666-MKTB-National Popcorn Day 2025_Reminder_Jan16,Email - French,171221,70439,0.411392294169524,1759,0.0249719615553884,0.0102732725541844,Brand,,2025-01-10
[production] 25-0001-MKTT-Weekly Film Marketing Emails_FridayWhatsOn_Jan17,Email - English,4693984,1223203,0.260589512022197,29380,0.0240189077364918,0.00625907544635857,Film,,2025-01-17
[production] 25-0001-MKTT-Weekly Film Marketing Emails_FridayWhatsOn_Jan17,Email - French,310931,87836,0.282493543583625,2333,0.0265608634272963,0.00750327243021764,Film,,2025-01-17
[Production] 25-0041-MKTT-Captain America Brave New Worlds-Advance Ticketing Email_Jan17,Email - English,1888566,705386,0.373503494185535,6144,0.00871012466932998,0.00325326199878638,Film,,2025-01-17
[Production] 25-0041-MKTT-Captain America Brave New Worlds-Advance Ticketing Email_Jan17,Email - French,108263,42617,0.393643257622641,588,0.0137973109322571,0.00543121842180616,Film,,2025-01-17
[Production] CineClub - Flight Risk - 4DX_Jan17,Email - English,12611,6227,0.493775275553089,843,0.135378191745624,0.0668464039330743,CineClub,,2025-01-17
[Production] Dedicated - Better Man_Scene Offer - Jan 17,Email - English - Control,15901,7020,0.441481667819634,56,0.00797720797720798,0.00352179108232187,Film,,2025-01-17
[Production] Dedicated - Better Man_Scene Offer - Jan 17,Email - English - Offer,302241,133114,0.440423370753802,853,0.00640804122781976,0.00282225111748572,Film,,2025-01-17
[Production] Dedicated - Better Man_Scene Offer - Jan 17,Email - French - Control,909,391,0.43014301430143,3,0.00767263427109974,0.0033003300330033,Film,,2025-01-17
[Production] Dedicated - Better Man_Scene Offer - Jan 17,Email - French - Offer,17039,7725,0.453371676741593,65,0.00841423948220065,0.00381477786255062,Film,,2025-01-17
[Production] 24-0732-MKTB-Belleville-Recliners-Jan18,Email - English,40966,15229,0.371747302641215,763,0.0501017794996389,0.0186252013865156,Brand,,2025-01-17
[Production] 25-0004-EVCN-Family Monthly Newsletter 2025-January_Jan18,Email - English,1394778,516690,0.370446049478842,7908,0.0153051152528595,0.00566971948224018,Film,,2025-01-17
[Production] 25-0004-EVCN-Family Monthly Newsletter 2025-January_Jan18,Email - French,102985,32646,0.316997621012769,805,0.0246584573914109,0.00781667233092198,Film,,2025-01-17
[Production] 25-0088-MKTB-$5 Tuesdays Jan-Feb-Reminder Email_Jan 19,Email - English,6693078,2494912,0.372760036563148,75311,0.0301858342097838,0.0112520726637281,Brand,,2025-01-17
[Production] 25-0088-MKTB-$5 Tuesdays Jan-Feb-Reminder Email_Jan 19,Email - French,431034,156979,0.36419168789469,6425,0.0409290414641449,0.0149060166947387,Brand,,2025-01-17
[Production] 24-0674-FOOD-Concession Popcorn & Fountain Pop Refill Program_Jan20,Email - English,800294,334333,0.417762722199592,4935,0.0147607325630434,0.00616648381719718,Brand,,2025-01-17
[Production] 24-0674-FOOD-Concession Popcorn & Fountain Pop Refill Program_Jan20,Email - French,48547,21104,0.434712752590273,396,0.0187642153146323,0.00815704368962037,Brand,,2025-01-17
[Production] 25-0001-MKTT-Weekly Film Marketing Emails_Tuesday_Jan21,Email - English,1499658,483034,0.322096104578511,12225,0.0253087774359569,0.00815185862376622,Film,,2025-01-17
[Production] 25-0001-MKTT-Weekly Film Marketing Emails_Tuesday_Jan21,Email - French,95396,30866,0.323556543251289,909,0.0294498801270006,0.00952870141305715,Film,,2025-01-17
[Production] Dedicated - The Colors Within - Jan 22,Email - English,216166,73254,0.338878454521063,555,0.00757637808174298,0.00256747129520831,Film,,2025-01-17
[Production] (37634) Den of Thieves 2: Pantera - English,Email - RFM Offer - English,560534,221017,0.3943,650,0.0029,0.0012,Film,,2025-01-17
[Production] (37634) Den of Thieves 2: Pantera - French,Email - RFM Offer - French,34936,14206,0.4066,52,0.0037,0.0015,Film,,2025-01-17
[Production] Survey - Global Cinema Federation_Jan23,Email - English,240618,94883,0.394330432469724,8635,0.0910068189243595,0.0358867582641365,Survey,,2025-01-17
[Production] Survey - Global Cinema Federation_Jan23,Email - French,67080,27195,0.4054114490161,3185,0.117117117117117,0.0474806201550388,Survey,,2025-01-17
[Production] 25-0001-MKTT-Weekly Film Marketing Emails_FridayWhatsOn_Jan24,Email - English,4934395,1522488,0.308546032492332,18886,0.0124046954721482,0.00382741957220693,Film,,2025-01-24
[Production] 25-0001-MKTT-Weekly Film Marketing Emails_FridayWhatsOn_Jan24,Email - French,316834,100067,0.315834159212711,1452,0.0145102781136638,0.00458284148797162,Film,,2025-01-24
[Production] $5 Tuesdays - Belleville Recliners - Jan 26,Email - English,39017,13415,0.343824486762181,484,0.0360790160268356,0.0124048491683112,Brand,,2025-01-24
[Production] 25-0001-MKTT-Weekly Film Marketing Emails_Tuesday_Jan28,Email - English,1417902,464643,0.327697541861144,10894,0.023445957433987,0.00768318261769854,Film,,2025-01-24
[Production] 25-0001-MKTT-Weekly Film Marketing Emails_Tuesday_Jan28,Email - French,90189,28347,0.314306622758873,961,0.0339012946696299,0.0106554014347648,Film,,2025-01-24
[Production] 25-0093-MKTT-Dog Man-Clubhouse-Dedicated_Jan29,Email - English,104634,38708,0.369937114131162,421,0.0108763046398677,0.00402354875088403,Film,,2025-01-24
[Production] International Cinema - Lunar New Year 2025_Jan29,Email - English,573303,201613,0.351669187148855,3137,0.015559512531434,0.00547180112436181,Film,,2025-01-24
[Production] (37634) Den of Thieves 2: Pantera - English,Email - RFM - Week 4 MDP Offer - English,553429,218466,0.3947,593,0.0027,0.0011,Film,,2025-01-24
[Production] (37634) Den of Thieves 2: Pantera - French,Email - RFM - Week 4 MDP Offer - French,34506,14531,0.4211,46,0.0032,0.0013,Film,,2025-01-24
[Production] 24-0630-GREV-G&E Email - School Groups Dog Man Email-FR-EN_Jan30,Email - French-English,3463,239,0.0690153046491481,46,0.192468619246862,0.0132832803927231,BM&P,,2025-01-24
[Production] 25-128-GREV-G&E Email - School Groups Dog Man_EN_FR_Jan30,Email - English-French,15084,3091,0.204919119596924,146,0.0472339048851504,0.00967913020418987,BM&P,,2025-01-24
[Production] Green and Gold - Scene+ Offer - Jan 30 v2,Email - English - Control,3032,1338,0.441292875989446,27,0.0201793721973094,0.00890501319261214,Film,,2025-01-24
[Production] Green and Gold - Scene+ Offer - Jan 30 v2,Email - English - Offer,57884,25836,0.446340957777624,504,0.0195076637250348,0.00870706931103587,Film,,2025-01-24
[Production] 25-0001-MKTT-Weekly Film Marketing Emails_FridayWhatsOn_Jan31,Email - English,4920292,1506533,0.306187722192098,17022,0.0112987900032724,0.00345955077462882,Film,,2025-01-31
[Production] 25-0001-MKTT-Weekly Film Marketing Emails_FridayWhatsOn_Jan31 ,Email - French,316184,101501,0.321018773878501,1254,0.0123545580831716,0.00396604508767047,Film,,2025-01-31
[Production] 25-0003-EVCN-Arts Culture Monthly Newsletter 2025_Feb1 ,Email - English,71910,30629,0.425935196773745,1946,0.06353455875151,0.0270616047837575,Film,,2025-01-31
[Production] 25-0003-EVCN-Arts Culture Monthly Newsletter 2025_Feb1,Email - French,7881,3858,0.489531785306433,251,0.0650596163815448,0.0318487501586093,Film,,2025-01-31
[Production] 25-0024-RECR-TRR eNewsletter_Feb1_2025,Email - English,306558,121310,0.395716308170069,1616,0.0133212430961998,0.00527143313826421,LBE,,2025-01-31
[Production] 25-0024-RECR-TRR eNewsletter_Feb1_2025,Email - French,941,460,0.48884165781084,14,0.0304347826086957,0.0148777895855473,LBE,,2025-01-31
[Production] 24-0700-RECR-TRR Superbowl Event-Reminder_Feb2 ,Email - English,306535,117747,0.384122530869232,1585,0.0134610648254308,0.00517069828893927,LBE,,2025-01-31
[Production] 24-0700-RECR-TRR Superbowl Event-Reminder_Feb2 ,Email - French,940,450,0.478723404255319,24,0.0533333333333333,0.025531914893617,LBE,,2025-01-31
[Production] 25-0025-PDM-Playdium Newsletter_Feb2,Email - English,81500,31119,0.381828220858896,539,0.0173206079886886,0.00661349693251534,LBE,,2025-01-31
[Production] 25-0001-MKTT-Weekly Film Marketing Emails_Tuesday_Feb4 ,Email - English,1418857,462968,0.326296448479304,13593,0.0293605605571011,0.00958024663514364,Film,,2025-01-31
[Production] 25-0001-MKTT-Weekly Film Marketing Emails_Tuesday_Feb4,Email - French,90425,29166,0.32254354437379,893,0.0306178426935473,0.0098755875034559,Film,,2025-01-31
[Production] 25-0089-MKTT-Scene+ Member Pricing Promo_Feb5 ,Email - English,3404977,1362040,0.40001444943681,25596,0.0187923996358404,0.00751723139392718,Brand,,2025-01-31
[Production] 25-0089-MKTT-Scene+ Member Pricing Promo_Feb50 ,Email - French,172551,72949,0.422767761415466,1477,0.0202470218920067,0.00855978812061362,Brand,,2025-01-31
[Production] Dedicated - Love Hurts - Feb 5 ,Email - English,523557,194602,0.371692098472564,1152,0.00591977471968428,0.00220033348804428,Film,,2025-01-31
[Production] Dedicated - Love Hurts - Feb 5,Email - French,28035,10239,0.365222043873729,81,0.00791092880164078,0.0028892455858748,Film,,2025-01-31
[Production] 25-0007-MKTT-International Cinema Monthly Newsletter-February_Feb6,Email - English,557268,143884,0.258195338688028,1653,0.0114884212282116,0.00296625681000883,Film,,2025-01-31
[Production] 25-0065-CPGC B2B Employee Appreciation Campaign 2025-UGO-First Email-EN-FR_Feb6 ,Email - English-French,66,24,0.363636363636364,3,0.125,0.0454545454545455,BM&P,,2025-01-31
[Production] 25-0065-CPGC B2B Employee Appreciation Campaign 2025-UGO-First Email-FR-EN_Feb6 ,Email - French-English,3,1,0.333333333333333,0,0.0,0.0,BM&P,,2025-01-31
[Production] 25-0067-CPGC-TRR Valentines Day_Feb6 ,Email - English,305371,111686,0.365738724371338,754,0.00675106996400623,0.0024691277167773,BM&P,,2025-01-31
[Production] Dedicated - Bring Them Down - Feb 6 ,Email - English,88603,36559,0.412615825649244,464,0.0126918132334035,0.00523684299628681,Film,,2025-01-31
[Production] Heart Eyes - Scene+ Offer - Feb6,Email - English - Control,13950,4926,0.353118279569892,19,0.00385708485586683,0.00136200716845878,Film,,2025-01-31
[Production] Heart Eyes - Scene+ Offer - Feb6,Email - English - Offer,263977,94009,0.356125723074359,602,0.00640364220446979,0.00228050171037628,Film,,2025-01-31
[Production] Heart Eyes - Scene+ Offer - Feb6,Email - French - Control,737,263,0.35685210312076,2,0.00760456273764259,0.00271370420624152,Film,,2025-01-31
[Production] Heart Eyes - Scene+ Offer - Feb6,Email - French - Offer,14676,5144,0.350504224584355,49,0.00952566096423017,0.00333878440992096,Film,,2025-01-31
[Production] 25-0067-CPGC-CPX Valentine's Day_Feb7_v2,Email - English,3928373,1462468,0.372283385513545,9979,0.00682339716151054,0.00254023739599066,BM&P,,2025-02-07
[Production] 25-0067-CPGC-CPX Valentine's Day_Feb7_v2,Email - French,259918,95925,0.369058703129448,782,0.00815220224133438,0.00300864118683585,BM&P,,2025-02-07
[Production] 25-0001-MKTT-Weekly Film Marketing Emails_FridayWhatsOn_Feb7,Email - English,4910944,1523057,0.310135281526322,18507,0.0121512195538315,0.00376852189721569,Film,,2025-02-07
[Production] 25-0001-MKTT-Weekly Film Marketing Emails_FridayWhatsOn_Feb7,Email - French,315572,88329,0.279901258666802,1373,0.0155441587700529,0.00435082960465441,Film,,2025-02-07
[Production] 25-0088-MKTB-$5 Tuesdays Jan-Feb-Last Chance_Email_Feb9,Email - English,6333099,2298407,0.362919796453521,57106,0.0248459041414336,0.00901707047371279,Brand,,2025-02-07
[Production] 25-0088-MKTB-$5 Tuesdays Jan-Feb-Last Chance_Email_Feb9,Email - French,405806,145119,0.357606836764365,4983,0.0343373369441631,0.0122792664475143,Brand,,2025-02-07
[Production] 25-0028-RECR-TRR St. Patrick's Day-Initial_Feb10,Email - English,298554,109292,0.366071129510909,832,0.00761263404457783,0.00278676554325181,LBE,,2025-02-07
[Production] 25-0028-RECR-TRR St. Patrick's Day-Initial_Feb10,Email - French,935,411,0.439572192513369,5,0.0121654501216545,0.0053475935828877,LBE,,2025-02-07
[Production] 25-0001-MKTT-Weekly Film Marketing Emails_Tuesday_Feb11,Email - English,1415756,458168,0.323620736906642,10134,0.0221185242094603,0.00715801310395294,Film,,2025-02-07
[Production] 25-0001-MKTT-Weekly Film Marketing Emails_Tuesday_Feb11,Email - French,90084,28517,0.316560099462724,677,0.0237402251288705,0.0075152080280627,Film,,2025-02-07
[Production] 25-0051-BMPT-Employee Appreciation Email (Prepaid Products)-EN-FR_Feb11,Email - English-French,15741,4821,0.306270249666476,347,0.0719767683053308,0.0220443427990598,BM&P,,2025-02-07
[Production] 25-0051-BMPT-Employee Appreciation Email (Prepaid Products)-FR-EN_Feb12,Email - French-English,753,177,0.235059760956175,14,0.0790960451977401,0.0185922974767596,BM&P,,2025-02-07
[Production] 25-0065-CPGC B2B Employee Appreciation Campaign 2025-CRM-First Email-EN-FR_Feb12,Email - English-French,778,217,0.27892030848329,27,0.124423963133641,0.0347043701799486,BM&P,,2025-02-07
[Production] Valentine's Newsletter - Feb 12,Email - English,6319884,2080185,0.329149237549297,30831,0.0148212779151854,0.00487841232528951,Film,,2025-02-07
[Production] Valentine's Newsletter - Feb 12,Email - French,404826,132482,0.32725664853542,2820,0.0212859105387902,0.00696595574394925,Film,,2025-02-07
[Production] 25-0041-MKTT-Captain America Brave New World-Scene Offer_Feb13,Email - English - Control,55891,20513,0.3670179456442,144,0.00701993857553746,0.00257644343454223,Film,,2025-02-07
[Production] 25-0041-MKTT-Captain America Brave New World-Scene Offer_Feb13,Email - English - Offer,1061925,390221,0.367465687313134,2521,0.00646044164716917,0.00237399063022341,Film,,2025-02-07
[Production] 25-0041-MKTT-Captain America Brave New World-Scene Offer_Feb13,Email - French - Control,3071,1132,0.368609573428851,4,0.00353356890459364,0.00130250732660371,Film,,2025-02-07
[Production] 25-0041-MKTT-Captain America Brave New World-Scene Offer_Feb13,Email - French - Offer,57922,21792,0.376230102551707,193,0.0088564610866373,0.00333206726287076,Film,,2025-02-07
[Production] 25-0001-MKTT-Weekly Film Marketing Emails_FridayWhatsOn_Feb14,Email - English,4891874,1456040,0.297644624534483,13733,0.00943174638059394,0.00280730861015635,Film,,2025-02-14
[Production] 25-0001-MKTT-Weekly Film Marketing Emails_FridayWhatsOn_Feb14,Email - French,314209,88000,0.280068362141123,1024,0.0116363636363636,0.00325897730491488,Film,,2025-02-14
[Production] 25-0066-RECR-2025 Q1 LBE Bounceback Gaming Offer-TRR-Initial_Feb14,Email - English,307988,118255,0.383959764666156,1335,0.0112891632489113,0.00433458446432978,LBE,,2025-02-14
[Production] 25-0066-RECR-2025 Q1 LBE Bounceback Gaming Offer-TRR-Initial_Feb14,Email - French,963,443,0.460020768431983,16,0.036117381489842,0.0166147455867082,LBE,,2025-02-14
[Production] LBE $10 Coupon Reminder_Feb14,Email - Fairview English,118376,53887,0.455218963303372,856,0.0158850928795442,0.00723119551260391,LBE,,2025-02-14
[Production] LBE $10 Coupon Reminder_Feb14,Email - Royalmount English,72382,32657,0.451175706667403,528,0.0161680497290014,0.00729463126191595,LBE,,2025-02-14
[Production] LBE $10 Coupon Reminder_Feb14,Email - Royalmount French,32582,15802,0.484991713215886,328,0.0207568662194659,0.0100669081087717,LBE,,2025-02-14
[Production] Survey - Mobile Testing_Feb19,Email - English,1975,963,0.487594936708861,169,0.175493250259605,0.0855696202531646,Survey,,2025-02-14
[Production] 25-0004-EVCN-Family Monthly Newsletter 2025-February_Feb15,Email - English,1322482,437391,0.330734936278906,6670,0.0152495135931009,0.00504354690649854,Film,,2025-02-14
[Production] 25-0004-EVCN-Family Monthly Newsletter 2025-February_Feb15,Email - French,96669,28904,0.298999679318085,654,0.0226266260725159,0.00676535393973249,Film,,2025-02-14
[Production] 25-0066-RECR-2025 Q1 LBE Bounceback Gaming Offer-PDM-Initial_Feb15,Email - English,82072,30942,0.377010429866459,337,0.0108913450972788,0.00410615069694902,LBE,,2025-02-14
[Production] 25-0072-MKTT-Monsieur Aznavour Aprés-Midis Franco Dedicated Email_Feb15,Email - English,1265,596,0.471146245059289,30,0.0503355704697987,0.0237154150197628,Film,,2025-02-14
[Production] 25-0072-MKTT-Monsieur Aznavour Aprés-Midis Franco Dedicated Email_Feb15,Email - French,468,195,0.416666666666667,11,0.0564102564102564,0.0235042735042735,Film,,2025-02-14
[Production] 25-0001-MKTT-Weekly Film Marketing Emails_Tuesday_Feb18,Email - English,1409465,377602,0.267904488582547,8133,0.0215385511729281,0.00577027453679233,Film,,2025-02-14
[Production] 25-0001-MKTT-Weekly Film Marketing Emails_Tuesday_Feb18,Email - French,89705,28519,0.317919848391951,751,0.026333321645219,0.00837188562510451,Film,,2025-02-14
[Production] 25-0071-MKTT-The Monkey Dedicated Email_Feb19,Email - English,80911,30112,0.37216200516617,316,0.0104941551540914,0.00390552582467155,Film,,2025-02-14
[Production] 25-0071-MKTT-The Monkey Dedicated Email_Feb19,Email - French,3616,1349,0.373064159292035,19,0.0140845070422535,0.00525442477876106,Film,,2025-02-14
[Production] Dedicated - Legends of the Condor - Feb 19,Email - English,252040,92713,0.36785034121568,1193,0.0128676668859815,0.00473337565465799,Film,,2025-02-14
[Production] Dedicated - NBA 30th Documentary - Feb 19,Email - English,97509,40774,0.41815627275431,339,0.00831412174424879,0.00347660215980063,Film,,2025-02-14
[Production] (36118) Captain America: Brave New World - English,Email - 2nd Week Ticketing - English,1188583,415304,0.3494,1074,0.0026,0.0009,Film,,2025-02-14
[Production] (36118) Captain America: Brave New World - French,Email - 2nd Week Ticketing - French,72103,24739,0.3431,77,0.0031,0.0011,Film,,2025-02-14
[Production] (37112) Paddington in Peru - English,Email - 2nd Week Ticketing - English,691386,262016,0.379,717,0.0027,0.001,Film,,2025-02-14
[Production] (37112) Paddington in Peru - French,Email - 2nd Week Ticketing - French,44292,16339,0.3689,55,0.0034,0.0012,Film,,2025-02-14
[Production] (38158) Ne Zha 2 - English,Email - 2nd Week Ticketing - English,234956,93771,0.3991,271,0.0029,0.0012,Film,,2025-02-14
[Production] 25-0054-MKTT-One Cineplex March Break Guide Email_NB_Feb20,Email - English,43101,13393,0.310735249762186,206,0.0153811692675278,0.00477947147397972,Film,,2025-02-14
[Production] 25-0054-MKTT-One Cineplex March Break Guide Email_NB_Feb20,Email - French,567,191,0.336860670194004,6,0.031413612565445,0.0105820105820106,Film,,2025-02-14
[Production] 25-0054-MKTT-One Cineplex March Break Guide Email_QC_Feb20,Email - English,121636,42444,0.348942747212996,520,0.012251437187824,0.00427505014962676,Film,,2025-02-14
[Production] 25-0054-MKTT-One Cineplex March Break Guide Email_QC_Feb20,Email - French,131629,41629,0.316260094659991,645,0.0154940065819501,0.00490013598827006,Film,,2025-02-14
[Production] 25-0001-MKTT-Weekly Film Marketing Emails_FridayWhatsOn_Feb21,Email - English,4891406,1480360,0.302645088140302,13785,0.00931192412656381,0.0028182080980397,Film,,2025-02-21
[Production] 25-0001-MKTT-Weekly Film Marketing Emails_FridayWhatsOn_Feb21,Email - French,313726,88614,0.282456666007918,1076,0.012142550838468,0.00342974442666531,Film,,2025-02-21
[Production] VIP Survey_Feb21 ,Email - English,66402,27492,0.414023673985723,2973,0.108140549978175,0.0447727478088009,Survey,,2025-02-21
[Production] VIP Survey_Feb21 ,Email - French,2273,979,0.4307083150022,146,0.149131767109295,0.064232292124945,Survey,,2025-02-21
[Production] 25-0054-MKTT-One Cineplex March Break Guide Email_NS_Feb24,Email - English,61517,20946,0.340491246322155,337,0.0160889907380884,0.00547816050847733,Film,,2025-02-21
[Production] 25-0054-MKTT-One Cineplex March Break Guide Email_NS_Feb24,Email - French,64,21,0.328125,1,0.0476190476190476,0.015625,Film,,2025-02-21
[Production] 25-0054-MKTT-One Cineplex March Break Guide Email_ON_Feb24,Email - English,842126,304631,0.361740404642536,3506,0.0115090059777239,0.00416327247941519,Film,,2025-02-21
[Production] 25-0054-MKTT-One Cineplex March Break Guide Email_ON_Feb24 ,Email - French,1970,666,0.338071065989848,7,0.0105105105105105,0.00355329949238579,Film,,2025-02-21
[Production] 25-0001-MKTT-Weekly Film Marketing Emails_Tuesday_Feb25,Email - English,1415420,389148,0.274934648372921,9137,0.0234794988025122,0.0064553277472411,Film,,2025-02-21
[Production] 25-0001-MKTT-Weekly Film Marketing Emails_Tuesday_Feb25,Email - French,89678,29581,0.329857936171636,834,0.0281937730299855,0.00929993978456255,Film,,2025-02-21
[Production] 25-0065-CPGC B2B Employee Appreciation Campaign 2025-CRM-Second Email-EN-FR_Feb25 ,Email - English-French,1338,422,0.315396113602392,59,0.139810426540284,0.0440956651718984,BM&P,,2025-02-21
[Production] 25-0065-CPGC B2B Employee Appreciation Campaign 2025-CRM-Second Email-FR-EN_Feb25 ,Email - French-English,421,133,0.315914489311164,8,0.0601503759398496,0.0190023752969121,BM&P,,2025-02-21
[Production] 25-0065-CPGC B2B Employee Appreciation Campaign 2025-UGO-Second Email-EN-FR_Feb25 ,Email - English-French,120,50,0.416666666666667,7,0.14,0.0583333333333333,BM&P,,2025-02-21
[Production] 25-0065-CPGC B2B Employee Appreciation Campaign 2025-UGO-Second Email-FR-EN_Feb25,Email - French-English,7,2,0.285714285714286,0,0.0,0.0,BM&P,,2025-02-21
[Production] 25-0160-GREV-G&E Email - Grad/Prom Push-EN-FR_Feb26 ,Email - English-French,15001,2289,0.152589827344844,193,0.0843162953254696,0.0128658089460703,BM&P,,2025-02-21
[Production] 25-0160-GREV-G&E Email - Grad/Prom Push-FR-EN_Feb26 ,Email - French-English,3476,420,0.120828538550058,81,0.192857142857143,0.0233026467203682,BM&P,,2025-02-21
[Production] Dedicated - MOBILE SUIT GUNDAM GQUUUUUX – BEGINNING - Feb 26 ,Email - English,402769,146783,0.364434700783824,1639,0.0111661432182201,0.00406933006264137,Film,,2025-02-21
[Production] (36118) Captain America: Brave New World - English,Email - RFM Offer - English,1133234,403183,0.3558,957,0.0024,0.0008,Film,,2025-02-21
[Production] (36118) Captain America: Brave New World - French,Email - RFM Offer - French,68514,23772,0.347,61,0.0026,0.0009,Film,,2025-02-21
[Production] (37112) Paddington in Peru - English,Email - RFM Offer - English,660312,256738,0.3888,582,0.0023,0.0009,Film,,2025-02-21
[Production] (37112) Paddington in Peru - French,Email - RFM Offer - French,42145,16096,0.3819,56,0.0035,0.0013,Film,,2025-02-21
[Production] (38158) Ne Zha 2 - English,Email - RFM Offer - English,221003,88177,0.399,195,0.0022,0.0009,Film,,2025-02-21
[Production] March Break Scene+ Offer - QC | NB_Feb27 ,Email - English - Control,13141,4956,0.377140248078533,97,0.0195722356739306,0.00738147781751769,Brand,,2025-02-21
[Production] March Break Scene+ Offer - QC | NB_Feb27 ,Email - English - Offer,118048,44363,0.375804757386826,742,0.0167256497531727,0.00628557874762808,Brand,,2025-02-21
[Production] March Break Scene+ Offer - QC | NB_Feb27 ,Email - French - Control,7763,3109,0.400489501481386,67,0.0215503377291734,0.00863068401391215,Brand,,2025-02-21
[Production] March Break Scene+ Offer - QC | NB_Feb27,Email - French - Offer,68699,27985,0.407356730083407,657,0.0234768626049669,0.00956345798337676,Brand,,2025-02-21
[Production] 25-0001-MKTT-Weekly Film Marketing Emails_FridayWhatsOn_Feb28,Email - English,4888477,1494473,0.30571341544616,16699,0.0111738385370629,0.00341599234280943,Film,,2025-02-28
[Production] 25-0001-MKTT-Weekly Film Marketing Emails_FridayWhatsOn_Feb28,Email - French,313098,99744,0.318571182185769,1273,0.0127626724414501,0.0040658196475225,Film,,2025-02-28
[Production] 25-0062-MKTT-Minecraft Email-Advanced Ticketing_Feb28,Email - English,6322390,2299096,0.363643495576831,17578,0.00764561375427559,0.00278027771143507,Film,,2025-02-28
[Production] 25-0062-MKTT-Minecraft Email-Advanced Ticketing_Feb28,Email - French,403349,144477,0.358193524714329,1341,0.00928175418924812,0.00332466424857877,Film,,2025-02-28
[Production] Dedicated - Elli et l'équipe des monstres - Feb 28,Email - French - Control,2368,947,0.399915540540541,13,0.013727560718057,0.00548986486486487,Film,,2025-02-28
[Production] Dedicated - Elli et l'équipe des monstres - Feb 28,Email - French - Offer,20937,8686,0.414863638534652,82,0.00944047893161409,0.00391651143907914,Film,,2025-02-28
[Production] 25-0003-EVCN-Arts Culture Monthly Newsletter 2025_Mar1,Email - English,66578,28912,0.434257562558202,1596,0.055201992252352,0.0239718826038631,Film,,2025-02-28
[Production] 25-0003-EVCN-Arts Culture Monthly Newsletter 2025_Mar1,Email - French,7505,3652,0.486608927381745,277,0.0758488499452355,0.03690872751499,Film,,2025-02-28
[Production] 25-0024-RECR-TRR eNewsletter_Mar1_2025,Email - English,291199,114260,0.392377721077339,1266,0.0110799929984246,0.00434754240227473,LBE,,2025-02-28
[Production] 25-0024-RECR-TRR eNewsletter_Mar1_2025,Email - French,954,438,0.459119496855346,13,0.0296803652968037,0.0136268343815514,LBE,,2025-02-28
[Production] 25-0025-PDM-Playdium Newsletter_Mar2,Email - English,77948,27318,0.350464412172217,531,0.0194377333626181,0.00681223379689023,LBE,,2025-02-28
[Production] 25-0020-EVCN-Met Opera Owned Assets 2025-Fidelio_Mar3,Email - English,201000,97531,0.485228855721393,1309,0.0134213737170746,0.00651243781094527,Film,,2025-02-28
[Production] 25-0020-EVCN-Met Opera Owned Assets 2025-Fidelio_Mar3,Email - French,12312,5865,0.476364522417154,136,0.0231884057971014,0.0110461338531514,Film,,2025-02-28
[Production] 25-0054-MKTT-One Cineplex March Break Guide Email_BC_Mar3,Email - English,248474,93600,0.376699372972625,1090,0.0116452991452991,0.00438677688611283,Film,,2025-02-28
[Production] 25-0054-MKTT-One Cineplex March Break Guide Email_BC_Mar3,Email - French,158,50,0.316455696202532,1,0.02,0.00632911392405063,Film,,2025-02-28
[Production] 25-0054-MKTT-One Cineplex March Break Guide Email_PEI_Mar3,Email - English,11635,3616,0.310786420283627,64,0.0176991150442478,0.00550064460678986,Film,,2025-02-28
[Production] 25-0054-MKTT-One Cineplex March Break Guide Email_PEI_Mar3,Email - French,19,8,0.421052631578947,0,0.0,0.0,Film,,2025-02-28
[Production] 25-0001-MKTT-Weekly Film Marketing Emails_Tuesday_Mar4,Email - English,1413544,366546,0.259309933047716,8977,0.0244907869680749,0.00635070432897738,Film,,2025-02-28
[Production] 25-0001-MKTT-Weekly Film Marketing Emails_Tuesday_Mar4,Email - French,89050,27040,0.303649635036496,868,0.0321005917159763,0.00974733295901179,Film,,2025-02-28
[Production] 25-0161-GREV-G&E Email - School Groups - Minecraft-EN-FR_Mar5,Email - English-French,14992,3549,0.236726254002134,206,0.0580445195829811,0.0137406616862327,BM&P,,2025-02-28
[Production] 25-0161-GREV-G&E Email - School Groups - Minecraft-FR-EN_Mar5,Email - French-English,3486,434,0.124497991967871,69,0.158986175115207,0.0197934595524957,BM&P,,2025-02-28
[Production] Dedicated - A Sloth Story - March 5,Email - English,156973,63600,0.405165219496346,889,0.0139779874213836,0.00566339434170208,Film,,2025-02-28
[Production] Dedicated - A Sloth Story - March 5,Email - French,1497,559,0.373413493653975,9,0.0161001788908766,0.00601202404809619,Film,,2025-02-28
[Production] Dedicated - Rule Breakers - Mar 5,Email - English,130850,54530,0.41673672143676,503,0.00922428021272694,0.0038440962934658,Film,,2025-02-28
[Production] Dedicated - Rule Breakers - Mar 5,Email - French,3983,1861,0.467235751945769,25,0.0134336378291241,0.00627667587245795,Film,,2025-02-28
[Production] 25-0007-MKTT-International Cinema Monthly Newsletter-March_Mar6,Email - English,952721,329770,0.346134912529481,1922,0.00582830457591655,0.00201737969458005,Film,,2025-02-28
[Production] (36118) Captain America: Brave New World - English,Email - RFM - Week 4 Offer - English,1121985,377566,0.3365,997,0.0026,0.0009,Film,,2025-02-28
[Production] (36118) Captain America: Brave New World - French,Email - RFM - Week 4 Offer - French,67386,22169,0.329,79,0.0036,0.0012,Film,,2025-02-28
[Production] (37112) Paddington in Peru - English,Email - RFM - Week 4 Offer - English,650248,237129,0.3647,597,0.0025,0.0009,Film,,2025-02-28
[Production] (37112) Paddington in Peru - French,Email - RFM - Week 4 Offer - French,41138,14951,0.3634,51,0.0034,0.0012,Film,,2025-02-28
[Production] (38158) Ne Zha 2 - English,Email - RFM - Week 4 Offer - English,217429,82094,0.3776,229,0.0028,0.0011,Film,,2025-02-28
[Production] 25-0001-MKTT-Weekly Film Marketing Emails_FridayWhatsOn_Mar7,Email - English,4874278,1427111,0.292784080021698,16689,0.0116942550369242,0.00342389170252497,Film,,2025-03-07
[Production] 25-0001-MKTT-Weekly Film Marketing Emails_FridayWhatsOn_Mar7,Email - French,311330,84008,0.269835865480358,1267,0.0150818969621941,0.00406963671987923,Film,,2025-03-07
[Production] 25-0190-MKTT-Night Of the Zoopocalypse Email - Scene Offer_Mar7,Email - English - Control,3103,1206,0.38865613922011,11,0.00912106135986733,0.00354495649371576,Film,,2025-03-07
[Production] 25-0190-MKTT-Night Of the Zoopocalypse Email - Scene Offer_Mar7,Email - English - Offer,59962,23494,0.391814816050165,139,0.0059164041883034,0.00231813481871852,Film,,2025-03-07
[Production] 25-0190-MKTT-Night Of the Zoopocalypse Email - Scene Offer_Mar7,Email - French - Control,164,62,0.378048780487805,2,0.032258064516129,0.0121951219512195,Film,,2025-03-07
[Production] 25-0190-MKTT-Night Of the Zoopocalypse Email - Scene Offer_Mar7,Email - French - Offer,3529,1427,0.404363842448286,8,0.00560616678346181,0.00226693114196656,Film,,2025-03-07
[Production] March Break Scene+ Offer - ON | NS_Mar7,Email - English - Control,73412,28216,0.384351332207269,494,0.017507796994613,0.00672914509889391,Brand,,2025-03-07
[Production] March Break Scene+ Offer - ON | NS_Mar7,Email - English - Offer,663193,257599,0.388422374783811,4288,0.0166460273525907,0.00646568947500954,Brand,,2025-03-07
[Production] March Break Scene+ Offer - ON | NS_Mar7,Email - French - Control,179,82,0.458100558659218,1,0.0121951219512195,0.00558659217877095,Brand,,2025-03-07
[Production] March Break Scene+ Offer - ON | NS_Mar7,Email - French - Offer,1645,640,0.389057750759878,14,0.021875,0.00851063829787234,Brand,,2025-03-07
[Production] 25-0073-MKTT-Miss Boots Aprés-Midis Franco Dedicated Email_Mar8,Email - English,1376,647,0.470203488372093,35,0.0540958268933539,0.0254360465116279,Film,,2025-03-07
[Production] 25-0073-MKTT-Miss Boots Aprés-Midis Franco Dedicated Email_Mar8,Email - French,481,199,0.413721413721414,17,0.085427135678392,0.0353430353430353,Film,,2025-03-07
[Production] 25-0028-RECR-TRR St. Patrick's Day-Reminder_Mar9,Email - English,248668,93924,0.377708430517799,898,0.00956092159618415,0.00361124069039844,LBE,,2025-03-07
[Production] 25-0028-RECR-TRR St. Patrick's Day-Reminder_Mar9,Email - French,725,310,0.427586206896552,5,0.0161290322580645,0.00689655172413793,LBE,,2025-03-07
[Production] 25-0044-MKTT-Snow White Dedicated Emails - Advance Ticketing_Mar10,Email - English,1033885,401124,0.387977386266364,5087,0.012681863962266,0.00492027643306557,Film,,2025-03-07
[Production] 25-0044-MKTT-Snow White Dedicated Emails - Advance Ticketing_Mar10,Email - French,64468,24177,0.375023267357449,376,0.0155519708814162,0.00583235093379661,Film,,2025-03-07
[Production] 25-0054-MKTT-One Cineplex March Break Guide Email_AB_Mar10,Email - English,189339,72213,0.381395275141413,758,0.0104967249664188,0.00400340130665103,Film,,2025-03-07
[Production] 25-0054-MKTT-One Cineplex March Break Guide Email_AB_Mar10,Email - French,139,54,0.388489208633094,2,0.037037037037037,0.0143884892086331,Film,,2025-03-07
[Production] 25-0001-MKTT-Weekly Film Marketing Emails_Tuesday_Mar11,Email - English,1431161,375053,0.26206206010365,9340,0.0249031470218876,0.00652617001161994,Film,,2025-03-07
[Production] 25-0001-MKTT-Weekly Film Marketing Emails_Tuesday_Mar11,Email - French,90009,28325,0.314690753146908,744,0.0262665489849956,0.0082658400826584,Film,,2025-03-07
[Production] 25-0066-RECR-2025 Q1 LBE Bounceback Gaming Offer-TRR-Reminder_Mar11,Email - English,289819,107537,0.371048827026523,926,0.00861098970586868,0.00319509762990004,LBE,,2025-03-07
[Production] 25-0066-RECR-2025 Q1 LBE Bounceback Gaming Offer-TRR-Reminder_Mar11,Email - French,1036,433,0.417953667953668,10,0.023094688221709,0.00965250965250965,LBE,,2025-03-07
[Production] Survey - Tree Testing for Nav_V2,Email - English - Track #1,305,118,0.386885245901639,17,0.144067796610169,0.0557377049180328,Survey,,2025-03-07
[Production] Survey - Tree Testing for Nav_V2,Email - English - Track #2,294,111,0.377551020408163,10,0.0900900900900901,0.0340136054421769,Survey,,2025-03-07
[Production] Survey - Tree Testing for Nav_V2,Email - English - Track #3,306,136,0.444444444444444,15,0.110294117647059,0.0490196078431373,Survey,,2025-03-07
[Production] 25-0066-RECR-2025 Q1 LBE Bounceback Gaming Offer-PDM-Reminder_Mar12,Email - English,79280,22934,0.289278506559031,248,0.0108136391383971,0.00312815338042381,LBE,,2025-03-07
[Production] 25-0162-MKTT-Opus Dedicated Email_Mar12,Email - English,178655,66671,0.373182950379223,564,0.00845945013574118,0.00315692256024181,Film,,2025-03-07
[Production] 25-0162-MKTT-Opus Dedicated Email_Mar12,Email - French,7154,2734,0.382163824433883,27,0.00987564008778347,0.0037741123846799,Film,,2025-03-07
[Production] Dedicated - The Day the Earth Blew Up - Mar 12,Email - English,310458,115191,0.371035695649653,1168,0.010139681051471,0.00376218361259816,Film,,2025-03-07
[Production] (36429) Mickey 17 - English,Email - 2nd week no offer - English,210607,77503,0.368,242,0.0031,0.0011,Film,,2025-03-07
[Production] (36429) Mickey 17 - French,Email - 2nd week no offer - French,11712,4565,0.3898,12,0.0026,0.001,Film,,2025-03-07
[Production] 25-0189-MKTT-Novocaine Email - Scene Offer_Mar13,Email - English - Control,20646,7393,0.358083890341955,40,0.00541052346814554,0.00193742129226,Film,,2025-03-07
[Production] 25-0189-MKTT-Novocaine Email - Scene Offer_Mar13,Email - English - Offer,388216,138542,0.356868341335751,787,0.00568058783617964,0.00202722195890947,Film,,2025-03-07
[Production] 25-0189-MKTT-Novocaine Email - Scene Offer_Mar13,Email - French - Control,996,341,0.342369477911647,2,0.00586510263929619,0.00200803212851406,Film,,2025-03-07
[Production] 25-0189-MKTT-Novocaine Email - Scene Offer_Mar13,Email - French - Offer,18679,6625,0.354676374538252,49,0.00739622641509434,0.00262326677016971,Film,,2025-03-07
[Production] Black Bag - Scene+ Offer - March 13,Email - English - Control,18288,7630,0.417213473315836,94,0.0123197903014417,0.00513998250218723,Film,,2025-03-07
[Production] Black Bag - Scene+ Offer - March 13,Email - English - Offer,347337,145621,0.419249892755451,1844,0.0126630087693396,0.00530896506850695,Film,,2025-03-07
[Production] Black Bag - Scene+ Offer - March 13,Email - French - Control,1422,655,0.460618846694796,7,0.0106870229007634,0.00492264416315049,Film,,2025-03-07
[Production] Black Bag - Scene+ Offer - March 13,Email - French - Offer,26504,11946,0.450724418955629,180,0.0150678051230537,0.00679142770902505,Film,,2025-03-07
[Production] CineClub - The Alto Knights - March 13,Email - English,125949,57219,0.454302932139199,1032,0.0180359670738741,0.00819379272562704,Film,,2025-03-07
[Production] CineClub - The Alto Knights - March 13,Email - French,6097,3028,0.496637690667541,105,0.0346763540290621,0.0172215843857635,Film,,2025-03-07
[Production] March Break Scene+ Offer - PEI,Email - English - Control,958,327,0.34133611691023,11,0.0336391437308868,0.011482254697286,Brand,,2025-03-07
[Production] March Break Scene+ Offer - PEI,Email - English - Offer,8419,2759,0.327711129587837,54,0.019572308807539,0.00641406342796057,Brand,,2025-03-07
[Production] March Break Scene+ Offer - PEI,Email - French - Control,1,1,1.0,0,0.0,0.0,Brand,,2025-03-07
[Production] March Break Scene+ Offer - PEI,Email - French - Offer,17,4,0.235294117647059,0,0.0,0.0,Brand,,2025-03-07
[Production] 25-0001-MKTT-Weekly Film Marketing Emails_FridayWhatsOn_Mar14,Email - English,4239834,1177810,0.277796253343881,14775,0.0125444681230419,0.00348480624477279,Film,,2025-03-14
[Production] 25-0001-MKTT-Weekly Film Marketing Emails_FridayWhatsOn_Mar14,Email - French,271643,73997,0.272405326108164,1088,0.0147032987823831,0.00400525689968083,Film,,2025-03-14
[Production] 25-0004-EVCN-Family Monthly Newsletter 2025-March-Mar15,Email - English,1140406,390843,0.342722679466786,5324,0.013621837924691,0.00466851279281238,Film,,2025-03-14
[Production] 25-0004-EVCN-Family Monthly Newsletter 2025-March-Mar15,Email - French,82559,28221,0.341828268268753,476,0.0168668721873782,0.00576557371092189,Film,,2025-03-14
[Production] 25-0054-MKTT-One Cineplex March Break Guide Email_MB_Mar17,Email - English,52135,19537,0.374738659250024,240,0.0122843834775042,0.00460343339407308,Film,,2025-03-14
[Production] 25-0054-MKTT-One Cineplex March Break Guide Email_MB_Mar17,Email - French,52,15,0.288461538461538,0,0.0,0.0,Film,,2025-03-14
[Production] 25-0054-MKTT-One Cineplex March Break Guide Email_NFLD_Mar17,Email - English,23474,8173,0.34817244611059,66,0.00807537012113055,0.0028116213683224,Film,,2025-03-14
[Production] 25-0054-MKTT-One Cineplex March Break Guide Email_NFLD_Mar17,Email - French,11,2,0.181818181818182,0,0.0,0.0,Film,,2025-03-14
[Production] 25-0001-MKTT-Weekly Film Marketing Emails_Tuesday_Mar18,Email - English,1408469,375159,0.266359429991004,10258,0.0273430732036283,0.00728308539272075,Film,,2025-03-14
[Production] 25-0001-MKTT-Weekly Film Marketing Emails_Tuesday_Mar18,Email - French,88992,28273,0.317702714850773,954,0.0337424397835391,0.0107200647249191,Film,,2025-03-14
[Production] 25-0062-MKTT-Minecraft Enhanced Experience Offer_Mar19,Email - English - Control,4803,1621,0.337497397459921,15,0.00925354719309068,0.00312304809494066,Film,,2025-03-14
[Production] 25-0062-MKTT-Minecraft Enhanced Experience Offer_Mar19,Email - English - Offer,89739,29732,0.331316373037364,179,0.00602044934750437,0.00199467344187031,Film,,2025-03-14
[Production] 25-0062-MKTT-Minecraft Enhanced Experience Offer_Mar19,Email - French - Control,252,75,0.297619047619048,2,0.0266666666666667,0.00793650793650794,Film,,2025-03-14
[Production] 25-0062-MKTT-Minecraft Enhanced Experience Offer_Mar19,Email - French - Offer,5052,1565,0.309778305621536,14,0.00894568690095847,0.00277117973079968,Film,,2025-03-14
[Production] (36429) Mickey 17 - English,Email - RFM Offer - English,207500,78408,0.3779,201,0.0026,0.001,Film,,2025-03-14
[Production] (36429) Mickey 17 - French,Email - RFM Offer - French,11573,4678,0.4042,11,0.0024,0.001,Film,,2025-03-14
[Production] Alto Knights - Scene+ Offer - March 20,Email - English - Control,4285,1831,0.42730455075846,25,0.0136537411250683,0.0058343057176196,Film,,2025-03-14
[Production] Alto Knights - Scene+ Offer - March 20,Email - English - Offer,81857,35539,0.434159570959112,602,0.0169391372857987,0.00735428857641985,Film,,2025-03-14
[Production] Alto Knights - Scene+ Offer - March 20,Email - French - Control,301,137,0.45514950166113,3,0.0218978102189781,0.00996677740863787,Film,,2025-03-14
[Production] Alto Knights - Scene+ Offer - March 20,Email - French - Offer,5669,2767,0.488093138119598,72,0.0260209613299602,0.012700652672429,Film,,2025-03-14
[Production] March Break Scene+ Offer - AB | BC,Email - English - Control,7899,3175,0.401949613875174,64,0.0201574803149606,0.00810229142929485,Brand,,2025-03-14
[Production] March Break Scene+ Offer - AB | BC,Email - English - Offer,70009,28430,0.406090645488437,628,0.0220893422441083,0.00897027525032496,Brand,,2025-03-14
[Production] March Break Scene+ Offer - AB | BC,Email - French - Control,5,2,0.4,0,0.0,0.0,Brand,,2025-03-14
[Production] March Break Scene+ Offer - AB | BC,Email - French - Offer,59,29,0.491525423728814,1,0.0344827586206897,0.0169491525423729,Brand,,2025-03-14
[Production] 25-0001-MKTT-Weekly Film Marketing Emails_FridayWhatsOn_Mar21,Email - English,4814305,1440945,0.299304884090227,17607,0.0122190645722078,0.00365722570547566,Film,,2025-03-21
[Production] 25-0001-MKTT-Weekly Film Marketing Emails_FridayWhatsOn_Mar21,Email - French,312062,92594,0.296716678096019,1138,0.0122902131887595,0.00364671123046061,Film,,2025-03-21
[Production] 25-0063-PLAY-2025 PDM Easter Event_Initial_Mar21&Reminder_Apr11,Email - Initial English_March21,80118,23400,0.292069197933049,407,0.0173931623931624,0.00508000698969021,LBE,,2025-03-21
[Production] 25-0145-MKTB-Cineplex + Junxion Easter Events_CPX_Initial_Mar21,Email - English,681980,260963,0.382654916566468,3193,0.0122354510026326,0.00468195548256547,Brand,,2025-03-21
[Production] 25-0145-MKTB-Cineplex + Junxion Easter Events_CPX_Initial_Mar21,Email - French,48494,18104,0.37332453499402,397,0.0219288555015466,0.00818657978306595,Brand,,2025-03-21
[Production] 25-0145-MKTB-Cineplex + Junxion Easter Events-Junxion_Initial_Mar21,Email - English,134031,52768,0.393699964933486,644,0.0122043662825955,0.00480485857749327,Brand,,2025-03-21
[Production] 25-0199-EVCN-The Chosen - Dedicated Email_Mar24,Email - English,130253,55574,0.426661957881968,1545,0.0278007701443121,0.0118615310203988,Film,,2025-03-21
[Production] Survey - Tree Testing for Nav_Send #2,Email - English - Track #1,77,33,0.428571428571429,5,0.151515151515152,0.0649350649350649,Survey,,2025-03-21
[Production] Survey - Tree Testing for Nav_Send #2,Email - English - Track #2,54,23,0.425925925925926,3,0.130434782608696,0.0555555555555556,Survey,,2025-03-21
[Production] Survey - Tree Testing for Nav_Send #2,Email - English - Track #3,77,30,0.38961038961039,5,0.166666666666667,0.0649350649350649,Survey,,2025-03-21
[Production] 25-0001-MKTT-Weekly Film Marketing Emails_Tuesday_Mar25,Email - English,1409424,376503,0.26713253073596,10983,0.0291710823021331,0.00779254503967578,Film,,2025-03-21
[Production] 25-0001-MKTT-Weekly Film Marketing Emails_Tuesday_Mar25,Email - French,88971,28180,0.316732418428477,987,0.0350248403122782,0.0110935023771791,Film,,2025-03-21
"[Production] 25-0165-GREV-G&E Email - Faith-Based Groups, The King of Kings_EN-FR_Mar26",Email - English-French,1412,419,0.296742209631728,39,0.0930787589498807,0.0276203966005666,BM&P,,2025-03-21
"[Production] 25-0165-GREV-G&E Email - Faith-Based Groups, The King of Kings_FR-EN_Mar26",Email - French-English,55,12,0.218181818181818,1,0.0833333333333333,0.0181818181818182,BM&P,,2025-03-21
[Production] Dedicated - Oh Jazz! - Mar 26,Email - English,8867,4419,0.498364723130709,168,0.0380176510522743,0.0189466561407466,Film,,2025-03-21
[Production] Dedicated - Oh Jazz! - Winnipeg - Mar 26,Email - English,790,391,0.494936708860759,13,0.0332480818414322,0.0164556962025316,Film,,2025-03-21
[Production] (36231) Snow White - English,Email - 2nd week no offer email,847740,330128,0.3894,979,0.003,0.0012,Film,,2025-03-21
[Production] (36231) Snow White - French,Email - Connect Email 1,51890,19527,0.3763,85,0.0044,0.0016,Film,,2025-03-21
[Production] (36429) Mickey 17 - English,Email - Connect Email 3,196989,73598,0.3736,216,0.0029,0.0011,Film,,2025-03-21
[Production] (36429) Mickey 17 - French,Email - RFM - Week 4 Sent Offer Email,10976,4477,0.4079,12,0.0027,0.0011,Film,,2025-03-21
[Production] 25-0185-MKTT-Death of a Unicorn Emails - Scene Points Offer + Dedicated_Mar27,Email - English - Control,15838,5868,0.370501325924991,35,0.00596455351056578,0.00220987498421518,Film,,2025-03-21
[Production] 25-0185-MKTT-Death of a Unicorn Emails - Scene Points Offer + Dedicated_Mar27,Email - English - Offer,302289,110835,0.366652441868543,926,0.00835476158253259,0.00306329373546507,Film,,2025-03-21
[Production] 25-0185-MKTT-Death of a Unicorn Emails - Scene Points Offer + Dedicated_Mar27,Email - French - Control,879,332,0.377701934015927,5,0.0150602409638554,0.00568828213879408,Film,,2025-03-21
[Production] 25-0185-MKTT-Death of a Unicorn Emails - Scene Points Offer + Dedicated_Mar27,Email - French - Offer,17072,6149,0.360180412371134,57,0.00926979996747439,0.00333880037488285,Film,,2025-03-21
[Production] A Working Man Dedicated Email_SquadTest,Email - English - New Template,178293,65406,0.366845585637125,1247,0.0190655291563465,0.00699410520884163,Film,,2025-03-21
[Production] A Working Man Dedicated Email_SquadTest,Email - English - Original,178996,71635,0.400204473842991,746,0.0104139038179661,0.00416769089812063,Film,,2025-03-21
[Production] 25-0001-MKTT-Weekly Film Marketing Emails_FridayWhatsOn_Mar28,Email - English,4875832,1452897,0.297979298712507,16693,0.011489458647103,0.0034236208302501,Film,,2025-03-28
[Production] 25-0001-MKTT-Weekly Film Marketing Emails_FridayWhatsOn_Mar28,Email - French,312201,97596,0.312606301709476,1311,0.0134329275789991,0.00419921781160214,Film,,2025-03-28
[Production] Survey - Tree Testing for Nav_Send #3,Email - English - Track #1,291,114,0.391752577319588,9,0.0789473684210526,0.0309278350515464,Survey,,2025-03-28
[Production] Survey - Tree Testing for Nav_Send #3,Email - English - Track #2,261,107,0.409961685823755,6,0.0560747663551402,0.0229885057471264,Survey,,2025-03-28
[Production] Survey - Tree Testing for Nav_Send #3,Email - English - Track #3,271,103,0.380073800738007,7,0.0679611650485437,0.025830258302583,Survey,,2025-03-28
[Production] 25-0001-MKTT-Weekly Film Marketing Emails_Tuesday_Apr1,Email - English,1405612,449535,0.319814429586543,8195,0.0182299487247934,0.00583020065281173,Film,,2025-03-28
[Production] 25-0001-MKTT-Weekly Film Marketing Emails_Tuesday_Apr1,Email - French,88710,29567,0.33329951527449,783,0.0264822268069131,0.00882651335813324,Film,,2025-03-28
[Production] 25-0024-RECR-TRR eNewsletter_Apr1_2025,Email - English,293901,114179,0.388494765244079,1671,0.0146349153522101,0.00568558800412384,LBE,,2025-03-28
[Production] 25-0024-RECR-TRR eNewsletter_Apr1_2025,Email - French,1110,501,0.451351351351351,12,0.0239520958083832,0.0108108108108108,LBE,,2025-03-28
[Production] 25-0025-PDM-Playdium Newsletter_Apr1,Email - English,79940,19339,0.241918939204403,431,0.0222865711774135,0.00539154365774331,LBE,,2025-03-28
[Production] 25-0006-MKTT-Ongoing Theatrical Updates-David Lynch_Apr2,Email - English,65796,22525,0.342346039272904,855,0.0379578246392897,0.0129947109246763,Film,,2025-03-28
[Production] 25-0006-MKTT-Ongoing Theatrical Updates-David Lynch_Apr2,Email - French,3971,1627,0.409720473432385,62,0.0381069452980946,0.0156131956685973,Film,,2025-03-28
[Production] 25-0198-CPGC-B2B Admin Appreciation Email_EN-FR_Apr2,Email - English-French,427,158,0.370023419203747,22,0.139240506329114,0.0515222482435597,BM&P,,2025-03-28
25-0198-CPGC-B2B Admin Appreciation Email_FR-EN_Apr2,Email - French-English,42,13,0.30952380952381,3,0.230769230769231,0.0714285714285714,BM&P,,2025-03-28
[Production] 25-0207-MKTB-Pergola Reopening Email_Apr2,Email - English,32473,12851,0.395744156684014,438,0.0340829507431328,0.0134881285991439,Film,,2025-03-28
[Production] (36231) Snow White - English,Email - RFM Offer - English,837994,322139,0.3844,819,0.0025,0.001,Film,,2025-03-28
[Production] (36231) Snow White - French,Email - RFM Offer - French,51188,18876,0.3688,73,0.0039,0.0014,Film,,2025-03-28
[Production] (38057) Working Man - English,Email - 2nd week No Offer - English,329884,121950,0.3697,309,0.0025,0.0009,Film,,2025-03-28
[Production] (38057) Working Man - French,Email - 2nd week No Offer - French,23110,8419,0.3643,28,0.0033,0.0012,Film,,2025-03-28
[Production] Death of a Unicorn Dedicated Email_SquadTest,Email - English - New Template,55125,17242,0.312780045351474,120,0.00695974944901984,0.00217687074829932,Film,,2025-03-28
[Production] Death of a Unicorn Dedicated Email_SquadTest,Email - English - Original,54920,17340,0.315731973780044,111,0.00640138408304498,0.00202112163146395,Film,,2025-03-28
[Production] 25-0001-MKTT-Weekly Film Marketing Emails_FridayWhatsOn_Apr4,Email - English,4876028,1373587,0.281702032884143,16810,0.0122380307909146,0.00344747815229937,Film,,2025-04-04
[Production] 25-0001-MKTT-Weekly Film Marketing Emails_FridayWhatsOn_Apr4,Email - French,312138,85575,0.274157584145474,1299,0.0151796669588081,0.00416162082155969,Film,,2025-04-04
[Production] 25-0029-FOOD-F&B Personalization & Tactics Calendar-Minecraft_Apr4,Email - English,13613,5819,0.427459046499669,59,0.010139199175116,0.00433409241166532,Brand,,2025-04-04
[Production] 25-0029-FOOD-F&B Personalization & Tactics Calendar-Minecraft_Apr4,Email - French,2593,1344,0.518318549942152,9,0.00669642857142857,0.00347088314693405,Brand,,2025-04-04
[Production] 25-0218-GREV-G&E Email Push - Fairview Birthday Parties (EXH & PDM)_Apr4,Email - English,8041,2738,0.340504912324338,17,0.00620891161431702,0.00211416490486258,BM&P,,2025-04-04
[Production] 25-0003-EVCN-Arts Culture Monthly Newsletter 2025_Apr5,Email - English,65188,27858,0.427348591765356,1544,0.0554239356737741,0.023685340860281,Film,,2025-04-04
[Production] 25-0003-EVCN-Arts Culture Monthly Newsletter 2025_Apr5,Email - French,7284,3725,0.511394838001098,293,0.0786577181208054,0.0402251510159253,Film,,2025-04-04
[Production] Dedicated - Une langue universelle  - April 5,Email - English,13804,6308,0.456968994494349,162,0.0256816740646798,0.0117357287742683,Film,,2025-04-04
[Production] Dedicated - Une langue universelle  - April 5,Email - French,30369,14567,0.479666765451612,263,0.018054506761859,0.00866014686028516,Film,,2025-04-04
[Production] 25-0054-MKTT-One Cineplex March Break Guide Email_SK_Apr7,Email - English,20835,7671,0.368178545716343,97,0.0126450267240256,0.00465562754979602,Film,,2025-04-04
[Production] 25-0054-MKTT-One Cineplex March Break Guide Email_SK_Apr7,Email - French,15,5,0.333333333333333,0,0.0,0.0,Film,,2025-04-04
[Production] 25-0187-EVCN-Andre Rieu The Dream Continues Scene_Dedicated_Apr7,Email - English - No Offer,37122,15255,0.410942298367545,132,0.00865290068829892,0.00355584289639567,Film,,2025-04-04
[Production] 25-0187-EVCN-Andre Rieu The Dream Continues Scene_Dedicated_Apr7,Email - English - Offer,103878,51032,0.491268603554169,288,0.00564351779275749,0.00277248310518108,Film,,2025-04-04
[Production] 25-0187-EVCN-Andre Rieu The Dream Continues Scene_Dedicated_Apr7,Email - French - No Offer,2396,1137,0.474540901502504,9,0.0079155672823219,0.00375626043405676,Film,,2025-04-04
[Production] 25-0187-EVCN-Andre Rieu The Dream Continues Scene_Dedicated_Apr7,Email - French - Offer,6728,3582,0.532401902497027,23,0.00642099385817979,0.00341854934601665,Film,,2025-04-04
[Production] 25-0001-MKTT-Weekly Film Marketing Emails_Tuesday_Apr8,Email - English,1402800,453285,0.32312874251497,8855,0.0195351710292642,0.006312375249501,Film,,2025-04-04
[Production] 25-0001-MKTT-Weekly Film Marketing Emails_Tuesday_Apr8,Email - French,88505,29451,0.332760860968307,825,0.0280126311500458,0.00932150725947687,Film,,2025-04-04
[Production] 25-0217-MKTL-CineClub Quarterly Engagement Dashboard Email_Apr8,Email - English,68936,31170,0.452158523848207,940,0.0301572024382419,0.013635836137867,CineClub,,2025-04-04
[Production] 25-0217-MKTL-CineClub Quarterly Engagement Dashboard Email_Apr8,Email - French,3049,1416,0.464414562151525,51,0.0360169491525424,0.0167267956707117,CineClub,,2025-04-04
[Production] 25-0183-MKTT-Drop Email - Dedicated_Apr9,Email - English,157254,54823,0.348627061950729,281,0.00512558597668862,0.00178691797982881,Film,,2025-04-04
[Production] 25-0183-MKTT-Drop Email - Dedicated_Apr9,Email - French,12940,5120,0.395672333848532,21,0.0041015625,0.00162287480680062,Film,,2025-04-04
[Production] 25-0256-MKTT-The King of Kings Dedicated Email_Apr9,Email - English,134266,54998,0.409619710127657,1453,0.0264191425142732,0.0108218014985179,Film,,2025-04-04
[Production] 25-0256-MKTT-The King of Kings Dedicated Email_Apr9,Email - French,2787,1167,0.418729817007535,26,0.0222793487574979,0.00932902762827413,Film,,2025-04-04
[Production] - Pricing Workstream 3 - April 10-14,Email - $3 - English,56865,22642,0.398171107007826,521,0.0230103347760799,0.00916205047041238,Film,,2025-04-04
[Production] - Pricing Workstream 3 - April 10-14,Email - $3 - French,3335,1282,0.384407796101949,24,0.0187207488299532,0.00719640179910045,Film,,2025-04-04
[Production] - Pricing Workstream 3 - April 10-14,Email - $5 - English,56118,22299,0.397359136106062,365,0.0163684470155612,0.00650415196550127,Film,,2025-04-04
[Production] - Pricing Workstream 3 - April 10-14,Email - $5 - French,3509,1321,0.376460530065546,22,0.0166540499621499,0.00626959247648903,Film,,2025-04-04
[Production] - Pricing Workstream 3 - April 10-14,Email - $8 - English,56724,22445,0.395687892250194,349,0.0155491200712854,0.00615259854735209,Film,,2025-04-04
[Production] - Pricing Workstream 3 - April 10-14,Email - $8 - French,3404,1258,0.369565217391304,14,0.0111287758346582,0.00411280846063455,Film,,2025-04-04
[Production] (20866) Minecraft - English,Email - 2nd Week Ticketing - English,317606,110527,0.348,282,0.0026,0.0009,Film,,2025-04-04
[Production] (20866) Minecraft - French,Email - 2nd Week Ticketing - French,8725,2834,0.3248,14,0.0049,0.0016,Film,,2025-04-04
[Production] (38057) Working Man - English,Email - RFM Offer - English,319208,117433,0.3679,316,0.0027,0.001,Film,,2025-04-04
[Production] (38057) Working Man - French,Email - RFM Offer - French,22423,8072,0.36,28,0.0035,0.0012,Film,,2025-04-04
[Production] 25-0007-MKTT-International Cinema Monthly Newsletter-April_Apr10,Email - English,882910,303763,0.344047524662763,1543,0.00507961799165797,0.00174762999626236,Film,,2025-04-04
[Production] Dedicated_Email_SquadTest - Warfare_v2,Email - English - New Template,40019,13324,0.332941852620005,230,0.0172620834584209,0.0057472700467278,Film,,2025-04-04
[Production] Dedicated_Email_SquadTest - Warfare_v2,Email - English - Original,39888,13462,0.33749498596069,138,0.0102510771059278,0.00345968712394705,Film,,2025-04-04
[Production] Dedicated_Email_SquadTest - Warfare_v2,Email - French - Original,2953,911,0.308499830680664,7,0.00768386388583974,0.00237047070775483,Film,,2025-04-04
[Production] Minecraft JetPack Code Distribution,Email - English,672,320,0.476190476190476,1,0.003125,0.00148809523809524,Film,,2025-04-04
[Production] Minecraft JetPack Code Distribution,Email - French,90,53,0.588888888888889,0,0.0,0.0,Film,,2025-04-04
[Production] 25-0001-MKTT-Weekly Film Marketing Emails_FridayWhatsOn_Apr11,Email - English,3229028,926526,0.286936502253929,10030,0.0108253842849526,0.00310619790227895,Film,,2025-04-11
[Production] 25-0001-MKTT-Weekly Film Marketing Emails_FridayWhatsOn_Apr11,"Email - English - Champions, Value Conscious Loyals",146248,51209,0.350151796947651,560,0.0109355777304771,0.00382911219298725,Film,,2025-04-11
[Production] 25-0001-MKTT-Weekly Film Marketing Emails_FridayWhatsOn_Apr11,"Email - English - Fleeting, At risk, High value lapsed",676305,207470,0.306769874538855,2254,0.0108642213332048,0.00333281581534958,Film,,2025-04-11
[Production] 25-0001-MKTT-Weekly Film Marketing Emails_FridayWhatsOn_Apr11,Email - English - High - Reg,146338,49914,0.341087072394047,560,0.0112192971911688,0.00382675723325452,Film,,2025-04-11
[Production] 25-0001-MKTT-Weekly Film Marketing Emails_FridayWhatsOn_Apr11,Email - English - Low - Reg,676968,204644,0.30229493860862,2111,0.0103154746779774,0.00311831578449794,Film,,2025-04-11
[Production] 25-0001-MKTT-Weekly Film Marketing Emails_FridayWhatsOn_Apr11,Email - French,222619,65853,0.295810330654616,810,0.01230012300123,0.0036385034520863,Film,,2025-04-11
[Production] 25-0063-PLAY-2025 PDM Easter Event_Initial_Mar10&Reminder_Apr11,Email - Reminder English_April11,79069,22748,0.287698086481428,333,0.0146386495516089,0.0042115114646701,LBE,,2025-04-11
[Production] 25-0167-CPGC-CPX Easter and Spring Gift Pack 2025-Easter-Initial_Apr11,Email - English,6193738,2177703,0.35159753286303,18348,0.0084253913412435,0.00296234680898675,BM&P,,2025-04-11
[Production] 25-0167-CPGC-CPX Easter and Spring Gift Pack 2025-Easter-Initial_Apr11,Email - French,400776,140965,0.351730143521568,1909,0.0135423686730749,0.00476325927700262,BM&P,,2025-04-11
[Production] 25-0178-MKTT-Marvel Studios' Thunderbolts* Emails - AT & Dedicated-Advance Ticketing_Apr12,Email - English,1268683,480590,0.37881015194497,4274,0.00889323539815643,0.00336884785245802,Film,,2025-04-11
[Production] 25-0178-MKTT-Marvel Studios' Thunderbolts* Emails - AT & Dedicated-Advance Ticketing_Apr12,Email - French,70465,25988,0.368807209252821,249,0.00958134523626289,0.00353366919747392,Film,,2025-04-11
[Production] 25-0145-MKTB-Cineplex + Junxion Easter Events_CPX_Reminder_Apr14,Email - English,677663,258223,0.381049282608022,4684,0.0181393601654384,0.00691199017800883,Brand,,2025-04-11
[Production] 25-0145-MKTB-Cineplex + Junxion Easter Events_CPX_Reminder_Apr14,Email - French,48327,18198,0.376559687131417,551,0.0302780525332454,0.0114014939888675,Brand,,2025-04-11
[Production] 25-0145-MKTB-Cineplex + Junxion Easter Events-Junxion-Reminder_Apr14,Email - English,133630,52495,0.392838434483275,827,0.0157538813220307,0.00618873007558183,Brand,,2025-04-11
[Production] 25-0166-CPGC-TRR and PDM Spring Emails-PDM-Easter_Apr14,Email - English,41044,11694,0.284913751096384,114,0.00974858902001026,0.00277750706558815,BM&P,,2025-04-11
[Production] 25-0001-MKTT-Weekly Film Marketing Emails_Tuesday_Apr15,Email - English,611507,192135,0.314199183329054,4432,0.0230671142686132,0.00724766846495625,Film,,2025-04-11
[Production] 25-0001-MKTT-Weekly Film Marketing Emails_Tuesday_Apr15,"Email - English - Champions, Value Conscious Loyals",201642,69787,0.346093571775721,2126,0.030464126556522,0.0105434383709743,Film,,2025-04-11
[Production] 25-0001-MKTT-Weekly Film Marketing Emails_Tuesday_Apr15,"Email - English - Fleeting, At risk, High value lapsed",189078,58537,0.309591808671554,1056,0.0180398722175718,0.00558499666804176,Film,,2025-04-11
[Production] 25-0001-MKTT-Weekly Film Marketing Emails_Tuesday_Apr15,Email - English - High - Reg,201284,69465,0.345109397666978,1962,0.0282444396458648,0.00974742155362572,Film,,2025-04-11
[Production] 25-0001-MKTT-Weekly Film Marketing Emails_Tuesday_Apr15,Email - English - Low - Reg,189490,58742,0.310000527732334,992,0.0168874059446393,0.00523510475486833,Film,,2025-04-11
[Production] 25-0001-MKTT-Weekly Film Marketing Emails_Tuesday_Apr15,Email - French,38577,12931,0.335199730409311,413,0.0319387518366716,0.0107058610052622,Film,,2025-04-11
[Production] 25-0166-CPGC-TRR and PDM Spring Emails-TRR-Easter_Apr15,Email - English,140804,55713,0.395677679611375,503,0.00902841347620843,0.00357234169483821,BM&P,,2025-04-11
[Production] 25-0166-CPGC-TRR and PDM Spring Emails-TRR-Easter_Apr15,Email - French,643,272,0.423017107309487,7,0.0257352941176471,0.0108864696734059,BM&P,,2025-04-11
[Production] CineClub Logo Test,Email - English - CC,47144,22313,0.473294586797896,4506,0.201945054452561,0.0955795011030036,Survey,,2025-04-11
[Production] CineClub Logo Test,Email - English - Non CC,45860,19806,0.431879633667684,2132,0.107644148237908,0.0464893153074575,Survey,,2025-04-11
[Production] 25-0020-EVCN-Met Opera Owned Assets 2025-Le Nozze de Figaro_Apr16,Email - English,198114,87747,0.442911656924801,1395,0.0158979794180998,0.00704140040582695,Film,,2025-04-11
[Production] 25-0020-EVCN-Met Opera Owned Assets 2025-Le Nozze de Figaro_Apr16,Email - French,12189,5925,0.486094019197637,177,0.029873417721519,0.0145212896874231,Film,,2025-04-11
[Production] The Wedding Banquet - April 16,Email - English,258150,116032,0.449475111369359,2051,0.0176761583011583,0.00794499322099555,Film,,2025-04-11
[Production] The Wedding Banquet - April 16,Email - French,6292,2697,0.428639542275906,37,0.0137189469781238,0.00588048315321043,Film,,2025-04-11
[Production] (20866) Minecraft - English,Email - RFM VARIANTS - English,294423,100647,0.3418,260,0.0026,0.0009,Film,,2025-04-11
[Production] (20866) Minecraft - French,Email - RFM VARIANTS - French,8266,2589,0.3132,6,0.0023,0.0007,Film,,2025-04-11
[Production] (38057) Working Man - English,Email - 4th Week MDP Offer - English,307668,110317,0.3586,247,0.0022,0.0008,Film,,2025-04-11
[Production] (38057) Working Man - French,Email - 4th Week MDP Offer - French,21609,7738,0.3581,26,0.0034,0.0012,Film,,2025-04-11
[Production] Dedicated - Sneak Peek Showcase_April17,Email - English,4289282,1451423,0.338383673537902,15103,0.010405650179169,0.00352110213317753,Film,,2025-04-11
[Production] 25-0001-MKTT-Weekly Film Marketing Emails_FridayWhatsOn_Apr18,Email - English,4889373,1387408,0.283759901320681,15695,0.0113124617992689,0.0032100230438545,Film,,2025-04-18
[Production] 25-0001-MKTT-Weekly Film Marketing Emails_FridayWhatsOn_Apr18,Email - French,313708,85504,0.272559195175131,1205,0.0140929079341317,0.00384115164420416,Film,,2025-04-18
[Production] 25-0004-EVCN-Family Monthly Newsletter 2025-April-Apr19,Email - English,1307844,426581,0.326171164144959,5777,0.0135425628426958,0.00441719348790834,Film,,2025-04-18
[Production] 25-0004-EVCN-Family Monthly Newsletter 2025-April-Apr19,Email - French,94880,30340,0.319772344013491,653,0.0215227422544496,0.00688237774030354,Film,,2025-04-18
[Production] 25-0271-MKTB-$5 Tuesdays - April - Email-Initial_Apr20,Email - English,6300058,2321486,0.368486448854915,79485,0.0342388452913349,0.0126165505142969,Film,,2025-04-18
[Production] 25-0271-MKTB-$5 Tuesdays - April - Email-Initial_Apr20,Email - French,402703,149134,0.370332478278036,6473,0.0434039186235198,0.0160738807508263,Film,,2025-04-18
[Production] Sinners - 70mm IMAX Strip Giveaway,Email - English,2031236,747226,0.367867643149294,6120,0.00819029316431709,0.0030129438430591,Film,,2025-04-18
[Production] 25-0001-MKTT-Weekly Film Marketing Emails_Tuesday_Apr22,Email - English,616275,192938,0.313071274998986,5686,0.0294706071380443,0.00922640055170176,Film,,2025-04-18
[Production] 25-0001-MKTT-Weekly Film Marketing Emails_Tuesday_Apr22,"Email - English - Champions, Value Conscious Loyals",203379,69800,0.343201608819003,2418,0.0346418338108882,0.0118891330963374,Film,,2025-04-18
[Production] 25-0001-MKTT-Weekly Film Marketing Emails_Tuesday_Apr22,"Email - English - Fleeting, At risk, High value lapsed",191048,58715,0.30733114191198,1326,0.0225836668653666,0.00694066412629287,Film,,2025-04-18
[Production] 25-0001-MKTT-Weekly Film Marketing Emails_Tuesday_Apr22,Email - English - High - Reg,201934,69276,0.343062584804936,2363,0.0341099370633408,0.0117018431764834,Film,,2025-04-18
[Production] 25-0001-MKTT-Weekly Film Marketing Emails_Tuesday_Apr22,Email - English - Low - Reg,190675,58907,0.30893929461125,1256,0.0213217444446331,0.00658712468860627,Film,,2025-04-18
[Production] 25-0001-MKTT-Weekly Film Marketing Emails_Tuesday_Apr22,Email - French,38843,11812,0.304095976108951,496,0.0419911953945141,0.0127693535514765,Film,,2025-04-18
[Production] 25-0250-GREV-G&E Email - LBE Day Camps Offer_EN-FR_Apr23,Email - English-French,632,162,0.256329113924051,6,0.037037037037037,0.00949367088607595,BM&P,,2025-04-18
[Production] 25-0250-GREV-G&E Email - LBE Day Camps Offer_FR-EN_Apr23,Email - French-English,136,40,0.294117647058824,3,0.075,0.0220588235294118,BM&P,,2025-04-18
[Production] - Pricing Workstream 4 - April 24-28 - Correct Audience v2,Email - $3 - English,89574,30170,0.33681648692701,604,0.0200198873052701,0.00674302811083573,Film,,2025-04-18
[Production] - Pricing Workstream 4 - April 24-28 - Correct Audience v2,Email - $3 - French,4890,1570,0.321063394683027,23,0.0146496815286624,0.00470347648261759,Film,,2025-04-18
[Production] - Pricing Workstream 4 - April 24-28 - Correct Audience v2,Email - $5 - English,88824,33622,0.378523822390345,468,0.0139194574980667,0.00526884625776817,Film,,2025-04-18
[Production] - Pricing Workstream 4 - April 24-28 - Correct Audience v2,Email - $5 - French,5394,2036,0.377456433073786,18,0.00884086444007859,0.00333704115684093,Film,,2025-04-18
[Production] - Pricing Workstream 4 - April 24-28 - Correct Audience v2,Email - $8 - English,86310,33360,0.386513729579423,425,0.0127398081534772,0.00492411076352682,Film,,2025-04-18
[Production] - Pricing Workstream 4 - April 24-28 - Correct Audience v2,Email - $8 - French,5267,1949,0.370039870894247,25,0.012827090815803,0.00474653502942852,Film,,2025-04-18
[Production] - Pricing Workstream 4 - April 24-28,Email - $3 - English,57614,22327,0.387527337105565,406,0.0181842612084024,0.00704689832332419,Film,,2025-04-18
[Production] - Pricing Workstream 4 - April 24-28,Email - $3 - French,3391,1335,0.393689177233854,16,0.0119850187265918,0.00471837216160425,Film,,2025-04-18
[Production] - Pricing Workstream 4 - April 24-28,Email - $5 - English,56515,21617,0.382500221180218,301,0.0139242263033723,0.00532601964080333,Film,,2025-04-18
[Production] - Pricing Workstream 4 - April 24-28,Email - $5 - French,3556,1319,0.370922384701912,14,0.0106141015921152,0.00393700787401575,Film,,2025-04-18
[Production] - Pricing Workstream 4 - April 24-28,Email - $8 - English,57501,22113,0.384567224917828,243,0.010989010989011,0.00422601346063547,Film,,2025-04-18
[Production] - Pricing Workstream 4 - April 24-28,Email - $8 - French,3493,1341,0.383910678499857,15,0.0111856823266219,0.00429430289149728,Film,,2025-04-18
[Production] (20866) Minecraft - English,Email - Week 4 MDP Offer - English ,281984,96400,0.3419,247,0.0026,0.0009,Film,,2025-04-18
[Production] (20866) Minecraft - French,Email - Week 4 MDP Offer - French,8048,2599,0.3229,9,0.0035,0.0011,Film,,2025-04-18
[Production] (37459) Sinners - English,Email - 2nd Week Ticketing - English,19005,6564,0.3454,36,0.0055,0.0019,Film,,2025-04-18
[Production] (37459) Sinners - French,Email - 2nd Week Ticketing - French,464,144,0.3103,0,0.0,0.0,Film,,2025-04-18
[Production] 25-0186-MKTT-Until Dawn - Dedicated Email_Apr24,Email - English - Control,16011,5618,0.350883767409906,60,0.0106799572801709,0.00374742364624321,Film,,2025-04-18
[Production] 25-0186-MKTT-Until Dawn - Dedicated Email_Apr24,Email - English - Offer,305765,108451,0.354687423347996,901,0.00830789942001457,0.00294670743871928,Film,,2025-04-18
[Production] 25-0186-MKTT-Until Dawn - Dedicated Email_Apr24,Email - French - Control,734,277,0.377384196185286,4,0.0144404332129964,0.00544959128065395,Film,,2025-04-18
[Production] 25-0186-MKTT-Until Dawn - Dedicated Email_Apr24,Email - French - Offer,14650,5199,0.354880546075085,95,0.0182727447586074,0.00648464163822526,Film,,2025-04-18
[Production] 25-0001-MKTT-Weekly Film Marketing Emails_FridayWhatsOn_Apr25,Email - English,4891895,1498544,0.306332004264196,14473,0.0096580414055243,0.00295856718102085,Film,,2025-04-25
[Production] 25-0001-MKTT-Weekly Film Marketing Emails_FridayWhatsOn_Apr25,Email - French,314157,109501,0.348555021852131,1376,0.012566095286801,0.0043799756172869,Film,,2025-04-25
[Production] 25-0271-MKTB-$5 Tuesdays - April - Email-Reminder_Apr27,Email - English,6317953,2334023,0.36942709133797,48019,0.0205734904925958,0.00760040475134905,Brand,,2025-04-25
[Production] 25-0271-MKTB-$5 Tuesdays - April - Email-Reminder_Apr27,Email - French,403588,147033,0.364314598055443,4389,0.0298504417375691,0.0108749516833999,Brand,,2025-04-25
[Production] 25-0188-MKTT-Mission: Impossible - The Final Reckoning Emails - AT + Scene Offer-Advance Ticketing_Apr28,Email - English,935434,402090,0.429843259919994,4476,0.0111318361560845,0.0047849447422266,Film,,2025-04-25
[Production] 25-0188-MKTT-Mission: Impossible - The Final Reckoning Emails - AT + Scene Offer-Advance Ticketing_Apr28,Email - French,56188,25460,0.453121662988538,420,0.016496465043205,0.00747490567380935,Film,,2025-04-25
[Production] 25-0277-LBE-PDM_GamingSampler_April28,Email - English,4396,1611,0.366469517743403,97,0.0602110490378647,0.0220655141037307,LBE,,2025-04-25
[Production] 25-0277-TRR_GamingSampler_EN/FR_April28,Email - English,2958,1457,0.492562542258283,79,0.0542210020590254,0.0267072346179851,LBE,,2025-04-25
[Production] 25-0277-TRR_GamingSampler_EN/FR_April28,Email - French,603,280,0.464344941956882,17,0.0607142857142857,0.0281923714759536,LBE,,2025-04-25
[Production] 25-0001-MKTT-Weekly Film Marketing Emails_Tuesday_Apr29,Email - English,621340,201950,0.325023336659478,5489,0.0271799950482793,0.00883413268097982,Film,,2025-04-25
[Production] 25-0001-MKTT-Weekly Film Marketing Emails_Tuesday_Apr29,"Email - English - Champions, Value Conscious Loyals",206970,73573,0.355476639126443,2331,0.0316828184252375,0.0112625018118568,Film,,2025-04-25
[Production] 25-0001-MKTT-Weekly Film Marketing Emails_Tuesday_Apr29,"Email - English - Fleeting, At risk, High value lapsed",191818,61626,0.321273290306436,1238,0.0200889235063123,0.00645403455358726,Film,,2025-04-25
[Production] 25-0001-MKTT-Weekly Film Marketing Emails_Tuesday_Apr29,Email - English - High - Reg,205902,73620,0.35754873677769,2192,0.0297745177940777,0.0106458412254373,Film,,2025-04-25
[Production] 25-0001-MKTT-Weekly Film Marketing Emails_Tuesday_Apr29,Email - English - Low - Reg,192035,61493,0.320217668654152,1290,0.0209779974956499,0.00671752545108965,Film,,2025-04-25
[Production] 25-0001-MKTT-Weekly Film Marketing Emails_Tuesday_Apr29,Email - French,38937,12254,0.314713511569972,405,0.0330504325118329,0.0104014176747053,Film,,2025-04-25
[Production] 25-0020-EVCN-Met Opera Owned Assets 2025-Salome_Apr30,Email - English,2300,1390,0.604347826086956,139,0.1,0.0604347826086956,Film,,2025-04-25
[Production] 25-0020-EVCN-Met Opera Owned Assets 2025-Salome_Apr30,Email - French,329,225,0.683890577507599,26,0.115555555555556,0.0790273556231003,Film,,2025-04-25
[Production] Thunderbolts ScreenX - Scene Points Offer_Apr30,Email - English - Control,47226,19220,0.406979206369373,104,0.00541103017689906,0.00220217676703511,Film,,2025-04-25
[Production] Thunderbolts ScreenX - Scene Points Offer_Apr30,Email - English - Offer,900121,367724,0.408527297996603,1772,0.00481883151494055,0.00196862421829954,Film,,2025-04-25
[Production] Thunderbolts ScreenX - Scene Points Offer_Apr30,Email - French - Control,3112,1361,0.437339331619537,4,0.00293901542983101,0.0012853470437018,Film,,2025-04-25
[Production] Thunderbolts ScreenX - Scene Points Offer_Apr30,Email - French - Offer,57095,24719,0.432945091514143,167,0.00675593672883207,0.00292494964532796,Film,,2025-04-25
[Production] (37459) Sinners - English,Email - RFM Offer - English,17498,6471,0.3698,24,0.0037,0.0014,Film,,2025-04-25
[Production] (37459) Sinners - French,Email - RFM Offer - French,436,135,0.3096,1,0.0074,0.0023,Film,,2025-04-25
[Production] 25-0025-PDM-Playdium Newsletter_May1,Email - English,82426,23608,0.286414480867687,297,0.012580481192816,0.0036032319899061,LBE,,2025-04-25
[Production] 25-0179-MKTT-HTTYD_EnhancedExperience_Offer_May1,Email - English - Control,8403,3425,0.407592526478639,41,0.011970802919708,0.00487920980602166,Film,,2025-04-25
[Production] 25-0179-MKTT-HTTYD_EnhancedExperience_Offer_May1,Email - English - Offer,159027,62878,0.395391977462947,496,0.00788829161232864,0.00311896721940299,Film,,2025-04-25
[Production] 25-0179-MKTT-HTTYD_EnhancedExperience_Offer_May1,Email - French - Control,474,192,0.405063291139241,2,0.0104166666666667,0.00421940928270042,Film,,2025-04-25
[Production] 25-0179-MKTT-HTTYD_EnhancedExperience_Offer_May1,Email - French - Offer,9091,3549,0.390386096139039,30,0.0084530853761623,0.00329996700033,Film,,2025-04-25
"[Production] 25-0280-GREV-G&E Email, School Groups – Lilo & Stitch_EN-FR_May1",Email - English-French,5547,1547,0.278889489814314,96,0.0620555914673562,0.0173066522444565,BM&P,,2025-04-25
"[Production] 25-0280-GREV-G&E Email, School Groups – Lilo & Stitch_FR-EN_May1",Email - French-English,581,159,0.273666092943201,10,0.0628930817610063,0.0172117039586919,BM&P,,2025-04-25
[Production] 25-0001-MKTT-Weekly Film Marketing Emails_FridayWhatsOn_May2,Email - English,3240075,961598,0.296782636204409,9143,0.0095081312565126,0.00282184825968535,Film,,2025-05-02
[Production] 25-0001-MKTT-Weekly Film Marketing Emails_FridayWhatsOn_May2,"Email - English - Champions, Value Conscious Loyals",147097,52430,0.356431470390287,562,0.0107190539767309,0.00382060817011904,Film,,2025-05-02
[Production] 25-0001-MKTT-Weekly Film Marketing Emails_FridayWhatsOn_May2,"Email - English - Fleeting, At risk, High value lapsed",677255,210171,0.310327719987302,1912,0.00909735405931361,0.00282316114314402,Film,,2025-05-02
[Production] 25-0001-MKTT-Weekly Film Marketing Emails_FridayWhatsOn_May2,Email - English - High - Reg,147445,53064,0.3598901285225,572,0.0107794361525705,0.00387941266234867,Film,,2025-05-02
[Production] 25-0001-MKTT-Weekly Film Marketing Emails_FridayWhatsOn_May2,Email - English - Low - Reg,677146,212682,0.314085883989568,1958,0.00920623277945477,0.00289154776074879,Film,,2025-05-02
[Production] 25-0001-MKTT-Weekly Film Marketing Emails_FridayWhatsOn_May2,Email - French,223761,66842,0.298720509829684,639,0.00955985757457886,0.00285572552857737,Film,,2025-05-02
[Production] 25-0024-RECR-TRR eNewsletter_May2_2025,Email - English,303363,115227,0.379832082356781,1267,0.010995686774801,0.00417651460461559,LBE,,2025-05-02
[Production] 25-0024-RECR-TRR eNewsletter_May2_2025,Email - French,1250,529,0.4232,11,0.0207939508506616,0.0088,LBE,,2025-05-02
[Production] 25-0167-CPGC-CPX Easter and Spring Gift Pack 2025-Mothers-Day_May2,Email - English,1313071,486706,0.370662363269008,4259,0.00875066261767884,0.00324354128603861,BM&P,,2025-05-02
[Production] 25-0167-CPGC-CPX Easter and Spring Gift Pack 2025-Mothers-Day_May2,Email - French,94765,34236,0.361272621748536,585,0.0170872765509989,0.00617316519812167,BM&P,,2025-05-02
[Production] 25-0003-EVCN-Arts Culture Monthly Newsletter 2025_May3,Email - English,64515,24010,0.372161512826474,1830,0.0762182423990004,0.0283654963961869,Film,,2025-05-02
[Production] 25-0003-EVCN-Arts Culture Monthly Newsletter 2025_May3,Email - French,7100,3099,0.436478873239437,297,0.095837366892546,0.041830985915493,Film,,2025-05-02
[Production] 25-0192-MKTT-VIP Upgrade Offer-May-Initial_May5,Email - English,1957734,796960,0.407082882557079,9566,0.0120031118249348,0.0048862613613494,Film,,2025-05-02
[Production] 25-0192-MKTT-VIP Upgrade Offer-May-Initial_May5,Email - French,91080,38571,0.423484848484848,877,0.022737289673589,0.00962889767237593,Film,,2025-05-02
[Production] 25-0001-MKTT-Weekly Film Marketing Emails_Tuesday_ May6,Email - English,1424176,468410,0.328898956308771,6227,0.0132939091821268,0.00437235285526508,Film,,2025-05-02
[Production] 25-0001-MKTT-Weekly Film Marketing Emails_Tuesday_ May6,Email - French,89175,30291,0.339680403700589,587,0.0193786933412565,0.00658256237734791,Film,,2025-05-02
[Production] 25-0166-CPGC-TRR and PDM Spring Emails-TRR-Mother's-Day_May6,Email - English,138366,54162,0.391440093664629,384,0.00708984158635205,0.00277524825462903,BM&P,,2025-05-02
[Production] 25-0166-CPGC-TRR and PDM Spring Emails-TRR-Mother's-Day_May6,Email - French,670,288,0.429850746268657,7,0.0243055555555556,0.0104477611940299,BM&P,,2025-05-02
[Production] 25-0175-MKTT-Disney's Lilo & Stitch Emails-Advance Ticketing_May7,Email - English,1206728,481497,0.399010381792749,3963,0.00823058087589331,0.00328408721766628,Film,,2025-05-02
[Production] 25-0175-MKTT-Disney's Lilo & Stitch Emails-Advance Ticketing_May7,Email - French,71569,27520,0.384524025765345,285,0.0103561046511628,0.00398217105171233,Film,,2025-05-02
[Production] (36119) Thunderbolts* - English,Email - 2nd Week Ticketing - English,244217,82424,0.337503122223269,235,0.00285111132679802,0.000962258974600458,Film,,2025-05-02
[Production] (36119) Thunderbolts* - French,Email - 2nd Week Ticketing - French,16175,5141,0.317836166924266,15,0.00291772028788173,0.000927357032457496,Film,,2025-05-02
[Production] (37459) Sinners - English,Email - Week 4 MDP Offer - English,6525,2677,0.410268199233716,12,0.00448262980948823,0.00183908045977011,Film,,2025-05-02
[Production] (37459) Sinners - French,Email - Week 4 MDP Offer - French,285,85,0.298245614035088,0,0.0,0.0,Film,,2025-05-02
[Production] 25-0228-EVCN-Eurovision-Dedicated Email_May8,Email - English,358451,153965,0.429528722196339,1346,0.00874224661449031,0.00375504601744729,Film,,2025-05-02
[Production] 25-0228-EVCN-Eurovision-Dedicated Email_May8,Email - French,18736,8113,0.433016652433817,108,0.0133119684457044,0.00576430401366354,Film,,2025-05-02
[Production] Friendship Early Access Screening,Email - Edmonton,201581,70465,0.349561714645726,226,0.00320726601859079,0.00112113740878357,Film,,2025-05-02
[Production] Friendship Early Access Screening,Email - Scotiabank Toronto,1353859,477768,0.352893469704009,1628,0.00340751159558614,0.00120248859002304,Film,,2025-05-02
[Production] Friendship Early Access Screening,Email - Scotiabank Vancouver,205889,77025,0.374109350183837,286,0.00371308016877637,0.00138909800912142,Film,,2025-05-02
[Production] 25-0007-MKTT-International Cinema Monthly Newsletter-May_May8_Copy,Email - English,913242,286334,0.313535733135357,1680,0.00586727388294789,0.001839600018396,Film,,2025-05-09
[Production] 25-0001-MKTT-Weekly Film Marketing Emails_FridayWhatsOn_May9,Email - English,4889430,1357495,0.277638702261818,10415,0.00767221978718154,0.00213010514518052,Film,,2025-05-09
[Production] 25-0001-MKTT-Weekly Film Marketing Emails_FridayWhatsOn_May9,Email - French,314149,87395,0.278196015266641,710,0.00812403455575262,0.00226007404129887,Film,,2025-05-09
[Production] 25-0275-MKTL-CineClub Start of Summer May Mass Offer 2025_Initial_v2,Email - English-CINECLUB SCENE+,92391,40960,0.443333225097683,2257,0.0551025390625,0.0244287863536492,CineClub,,2025-05-09
[Production] 25-0275-MKTL-CineClub Start of Summer May Mass Offer 2025_Initial_v2,Email - English-NON CINECLUB SCENE+,3273904,1230601,0.375881821824953,15047,0.0122273588271097,0.0045960419120414,CineClub,,2025-05-09
[Production] 25-0275-MKTL-CineClub Start of Summer May Mass Offer 2025_Initial_v2,Email - French-CINECLUB SCENE+,3947,1743,0.441601216113504,83,0.0476190476190476,0.0210286293387383,CineClub,,2025-05-09
[Production] 25-0275-MKTL-CineClub Start of Summer May Mass Offer 2025_Initial_v2,Email - French-NON CINECLUB SCENE+,166031,67003,0.403557167035072,1447,0.021596047938152,0.00871523992507423,CineClub,,2025-05-09
[Production]  25-0277-LBE-PDM_GamingSampler_FollowUp_May12,Email - English,4763,1759,0.369305059836238,90,0.0511654349061967,0.0188956539995801,LBE,,2025-05-09
[Production] 25-0192-MKTT-VIP Upgrade Offer-May-Reminder_May12,Email - English,1959484,789090,0.402702956492628,9275,0.0117540457995919,0.00473338899424542,Film,,2025-05-09
[Production] 25-0192-MKTT-VIP Upgrade Offer-May-Reminder_May12,Email - French,91090,37670,0.413547041387639,664,0.0176267586939209,0.00728949390712482,Film,,2025-05-09
[Production] 25-0277-TRR_GamingSampler_FollowUp_EN/FR_May12,Email - English,3163,1476,0.466645589630098,39,0.0264227642276423,0.0123300663926652,LBE,,2025-05-09
[Production] 25-0277-TRR_GamingSampler_FollowUp_EN/FR_May12,Email - French,642,298,0.46417445482866,14,0.0469798657718121,0.0218068535825545,LBE,,2025-05-09
[Production] 25-0001-MKTT-Weekly Film Marketing Emails_Tuesday_ May13,Email - English,1425636,458599,0.321680288657133,6821,0.0148735605616236,0.00478453125482241,Film,,2025-05-09
[Production] 25-0001-MKTT-Weekly Film Marketing Emails_Tuesday_ May13,Email - French,89133,30698,0.344406673173796,624,0.0203270571372728,0.0070007741240618,Film,,2025-05-09
[Production] 25-0184-MKTT-Ballerina Emails - Advance Ticketing_May13,Email - English,772552,250952,0.324835092006752,1005,0.00400474991233383,0.00130088330623699,Film,,2025-05-09
[Production] 25-0184-MKTT-Ballerina Emails - Advance Ticketing_May13,Email - French,43220,15949,0.369018972697825,209,0.0131042698601793,0.00483572420175845,Film,,2025-05-09
[Production] 25-0020-EVCN-Met Opera Owned Assets 2025-Il Barbiere de Seviglia_May14,Email - English,2618,1587,0.606187929717341,18,0.0113421550094518,0.00687547746371276,Film,,2025-05-09
[Production] 25-0020-EVCN-Met Opera Owned Assets 2025-Il Barbiere de Seviglia_May14,Email - French,482,307,0.636929460580913,2,0.00651465798045603,0.004149377593361,Film,,2025-05-09
[Production] 25-0166-CPGC-TRR and PDM Spring Emails-PDM-Birthday_May14,Email - English,42261,15173,0.359030784884409,144,0.0094905424108614,0.00340739689075034,BM&P,,2025-05-09
[Production] Friendship - May 14 v2,Email - English,20034,8005,0.399570729759409,22,0.00274828232354778,0.00109813317360487,Film,,2025-05-09
[Production] May Long Weekend RFM Offer,Email - English - 250,318025,125434,0.394415533370018,2027,0.0161598928520178,0.00637371275843094,Film,,2025-05-09
[Production] May Long Weekend RFM Offer,Email - English - 500,611814,234707,0.383624761774003,3768,0.0160540588904464,0.00615873451735331,Film,,2025-05-09
[Production] May Long Weekend RFM Offer,Email - English - 750,810834,291439,0.35943115360234,3753,0.0128774803646732,0.00462856762296598,Film,,2025-05-09
[Production] May Long Weekend RFM Offer,Email - French - 250,15407,6450,0.418640877523204,177,0.0274418604651163,0.0114882845459856,Film,,2025-05-09
[Production] May Long Weekend RFM Offer,Email - French - 500,34247,13880,0.405290974391918,367,0.0264409221902017,0.0107162671182877,Film,,2025-05-09
[Production] May Long Weekend RFM Offer,Email - French - 750,43130,16177,0.375075353582193,356,0.0220065525128269,0.00825411546487364,Film,,2025-05-09
[Production] Survey - Popcorn Party Bookings - May 15,Email - English,239,94,0.393305439330544,3,0.0319148936170213,0.0125523012552301,Survey,,2025-05-09
[Production] 25-0001-MKTT-Weekly Film Marketing Emails_FridayWhatsOn_May16,Email - English,4892473,1345229,0.274958901152853,12586,0.00935602785845384,0.00257252313911594,Film,,2025-05-16
[Production] 25-0001-MKTT-Weekly Film Marketing Emails_FridayWhatsOn_May16,Email - French,314306,98856,0.314521517247523,1041,0.0105304685603302,0.00331205894892239,Film,,2025-05-16
[Production] 25-0167-CPGC-CPX Easter and Spring Gift Pack 2025-Spring Value_May16,Email - English,6332875,2226924,0.351645026942739,17234,0.00773892598041065,0.00272135483488937,BM&P,,2025-05-16
[Production] 25-0167-CPGC-CPX Easter and Spring Gift Pack 2025-Spring Value_May16,Email - French,403995,140646,0.348137972004604,1375,0.00977631784764586,0.00340350746915185,BM&P,,2025-05-16
[Production] 25-0239-MKTT-Bergers - Après-Midi Francos Email_May16,Email - English,2116,987,0.466446124763705,28,0.0283687943262411,0.0132325141776938,Film,,2025-05-16
[Production] 25-0239-MKTT-Bergers - Après-Midi Francos Email_May16,Email - French,505,212,0.41980198019802,8,0.0377358490566038,0.0158415841584158,Film,,2025-05-16
[Production] 25-0004-EVCN-Family Monthly Newsletter 2025-May-May17,Email - English,1304403,475281,0.364366687289128,5901,0.0124158129611745,0.00452390863866458,Film,,2025-05-16
[Production] 25-0004-EVCN-Family Monthly Newsletter 2025-May-May17,Email - French,94501,31951,0.338102242304314,683,0.0213764827391944,0.00722743674670109,Film,,2025-05-16
[Production] May Long Weekend RFM Offer,Email - English - 250 - Reminder,312216,131048,0.419735055218182,1915,0.0146129662413772,0.0061335741922259,Film,,2025-05-16
[Production] May Long Weekend RFM Offer,Email - English - 500 - Reminder,609412,247932,0.406838066857889,3906,0.01575431973283,0.00640945698476564,Film,,2025-05-16
[Production] May Long Weekend RFM Offer,Email - English - 750 - Reminder,809883,309581,0.382253979895862,4016,0.0129723723355115,0.00495874095394026,Film,,2025-05-16
[Production] May Long Weekend RFM Offer,Email - French - 250 - Reminder,15141,6718,0.44369592497193,181,0.0269425424233403,0.0119542962816194,Film,,2025-05-16
[Production] May Long Weekend RFM Offer,Email - French - 500 - Reminder,34120,14682,0.430304806565064,412,0.0280615719929165,0.0120750293083236,Film,,2025-05-16
[Production] May Long Weekend RFM Offer,Email - French - 750 - Reminder,43069,17157,0.398360769927326,402,0.0234306696974996,0.00933385962060879,Film,,2025-05-16
[Production] MDP Interest Abandon - Single Film,Email - Film Specific MDP,905,787,0.869613259668508,52,0.0660736975857687,0.0574585635359116,Film,,2025-05-16
[Production] 25-0258-FOOD-Spring Uber/Skip Emails-UBER_May18,Email - English,125729,55350,0.440232563688568,825,0.0149051490514905,0.0065617319790979,Brand,,2025-05-16
[Production] 25-0258-FOOD-Spring Uber/Skip Emails-UBER_May18,Email - French,5718,2656,0.464498076250437,37,0.0139307228915663,0.00647079398391046,Brand,,2025-05-16
[Production] Peppa Meets the Baby Cinema Experience - May 19,Email - English,938463,314473,0.335093658460696,1238,0.0039367449669765,0.00131917827341089,Film,,2025-05-16
[Production] Survey - Popcorn Party Bookings - May 19,Email - English,98,44,0.448979591836735,1,0.0227272727272727,0.0102040816326531,Survey,,2025-05-16
[Production] 25-0001-MKTT-Weekly Film Marketing Emails_Tuesday_May20,Email - English,1421607,458871,0.322783300870072,7697,0.0167737773796993,0.00541429523067908,Film,,2025-05-16
[Production] 25-0001-MKTT-Weekly Film Marketing Emails_Tuesday_May20,Email - French,88779,31210,0.351547100102502,911,0.0291893623838513,0.010261435699884,Film,,2025-05-16
[Production] CineClub Ticketing Naming Survey,Email - English - CC,18837,8495,0.450974146626321,1592,0.187404355503237,0.084514519297128,Survey,,2025-05-16
[Production] CineClub Ticketing Naming Survey,Email - English - Non CC,18360,7584,0.413071895424837,737,0.0971782700421941,0.0401416122004357,Survey,,2025-05-16
[Production] CineClub Blockbuster Concession Codes,Email - English,1391,987,0.709561466570812,38,0.038500506585613,0.0273184759166068,CineClub,,2025-05-16
[Production] CineClub Blockbuster Concession Codes,Email - French,77,54,0.701298701298701,1,0.0185185185185185,0.012987012987013,CineClub,,2025-05-16
[Production] Dedicated - F1 Advanced - May 21,Email - English,910967,325683,0.357513499391306,1354,0.00415741687469103,0.00148633265529926,Film,,2025-05-16
[Production] Dedicated - F1 Advanced - May 21,Email - French,63920,24588,0.384668335419274,79,0.00321294940621441,0.00123591989987484,Film,,2025-05-16
[Production] Dedicated - Friendship (ROC) - May 21,Email - English,133080,45978,0.345491433724076,164,0.00356692331114881,0.00123234144875263,Film,,2025-05-16
[Production] Survey - Popcorn Party Bookings - May 21,Email - English,957,383,0.400208986415883,16,0.0417754569190601,0.0167189132706374,Survey,,2025-05-16
[Production] 25-0020-EVCN-Met Opera Owned Assets 2025-Il Barbiere de Seviglia_May22_SecondSend,Email - English,198667,78910,0.397197320138725,315,0.00399188949436066,0.00158556780944998,Film,,2025-05-16
[Production] 25-0020-EVCN-Met Opera Owned Assets 2025-Il Barbiere de Seviglia_May22_SecondSend,Email - French,11916,5288,0.443773078214166,16,0.00302571860816944,0.00134273246055723,Film,,2025-05-16
[Production] 25-0176-MKTT-Jurassic World: Rebirth Email - Advanced Ticketing Offer_May22_V2,Email - English - Control,27311,8924,0.326754787448281,36,0.00403406544150605,0.00131815019589177,Film,,2025-05-16
[Production] 25-0176-MKTT-Jurassic World: Rebirth Email - Advanced Ticketing Offer_May22_V2,Email - English - Offer,518282,166339,0.32094303873181,587,0.00352893789189547,0.00113258805052076,Film,,2025-05-16
[Production] 25-0176-MKTT-Jurassic World: Rebirth Email - Advanced Ticketing Offer_May22_V2,Email - French - Control,2044,725,0.354696673189824,4,0.00551724137931034,0.00195694716242661,Film,,2025-05-16
[Production] 25-0176-MKTT-Jurassic World: Rebirth Email - Advanced Ticketing Offer_May22_V2,Email - French - Offer,37480,13513,0.360538954108858,46,0.00340412935691556,0.0012273212379936,Film,,2025-05-16
