reporting_ends,campaign_name,amount_spent_(cad),campaign_delivery,results,result_indicator,reach,views,cost_per_results,ends,impressions,"cpm_(cost_per_1,000_impressions)_(cad)",link_clicks,cpc_(cost_per_link_click)_(cad),ctr_(link_click-through_rate),clicks_(all),ctr_(all),cpc_(all)_(cad),frequency,type,week
2023-01-07,Josh | Prospecting | CA | Conversions | HV/LC | Lowest Cost | Cineplex Film | Q4 Avatar,1514.91,not_delivering,2954.0,actions:offsite_conversion.fb_pixel_purchase,276385.0,,0.51283345,2023-01-01,384040.0,3.944667,1566.0,0.967375,0.40777,3870.0,1.007708,0.39145,1.38951100819509,EXH,2022-12-30
2023-01-07,DEC_CEC_BRA_NA_2022 Holiday Gift Bundle_FBIG_CVS_ENFR_L CEC TBR 004_CP1XCVL,11632.76,completed,1.0,conversions:offsite_conversion.fb_pixel_custom.GiftCardPurchaseComplete,959491.0,,11632.76,2023-01-02,1772746.0,6.562,8141.0,1.42891,0.459231,17386.0,0.980738,0.669088,1.847590024294131,EXH,2022-12-30
2023-01-14,Josh | Prospecting | CA | Conversions | HV/LC | Lowest Cost | Cineplex Film | IMAX: Avatar The Way of Water,262.14,not_delivering,400.0,actions:offsite_conversion.fb_pixel_purchase,61204.0,,0.65535,2023-01-08,67610.0,3.877237,410.0,0.639366,0.606419,1086.0,1.606271,0.241381,1.1046663616757075,EXH,2023-01-06
2023-01-14,Josh | Prospecting | CA | Conversions | HV/LC | Lowest Cost | Cineplex Film | Q4 Always-On,49.97,inactive,44.0,actions:offsite_conversion.fb_pixel_purchase,12536.0,,1.13568182,2023-01-08,16718.0,2.988994,164.0,0.304695,0.980979,397.0,2.374686,0.125869,1.333599234205488,EXH,2023-01-06
2023-01-07,Josh | Prospecting | CA | Conversions | HV/LC | Lowest Cost | Cineplex Film | IMAX: Avatar The Way of Water,8633.79,not_delivering,1461.0,actions:offsite_conversion.fb_pixel_purchase,769521.0,,5.90950719,2023-01-08,2150878.0,4.014077,14947.0,0.577627,0.694926,36591.0,1.701212,0.235954,2.795086813745174,EXH,2022-12-30
2023-01-07,Josh | Prospecting | CA | Conversions | HV/LC | Lowest Cost | Cineplex Film | Q4 Always-On,350.0,inactive,142.0,actions:offsite_conversion.fb_pixel_purchase,36517.0,,2.46478873,2023-01-08,80771.0,4.333238,1190.0,0.294118,1.473301,2685.0,3.324213,0.130354,2.2118739217350822,EXH,2022-12-30
2023-01-14,Alexandra | Prospecting | CA | Conversions | HV/LC | Lowest Cost | Cineplex Event Cinema | Met Opera Flight 2,42.7,not_delivering,29.0,actions:offsite_conversion.fb_pixel_purchase,7497.0,,1.47241379,2023-01-09,9118.0,4.683045,149.0,0.286577,1.63413,308.0,3.377934,0.138636,1.216219821261838,EXH,2023-01-06
2023-01-07,Alexandra | Prospecting | CA | Conversions | HV/LC | Lowest Cost | Cineplex Event Cinema | Met Opera Flight 2,267.87,not_delivering,49.0,actions:offsite_conversion.fb_pixel_purchase,28158.0,,5.46673469,2023-01-09,55301.0,4.843855,879.0,0.304744,1.589483,1733.0,3.133759,0.15457,1.9639534057816606,EXH,2022-12-30
2023-01-21,JAN_CEC_BRA_MA_FY23 National Popcorn Day In Theatre_FBIG_AWA_FR_L CEC TBR 013_CP1YR54_TaniaCinquino,1532.27,completed,583444.0,reach,583444.0,,2.62625033,2023-01-19,1303745.0,1.175284,719.0,2.131113,0.055149,2332.0,0.178869,0.657063,2.2345674991944384,EXH,2023-01-13
2023-01-21,JAN_CEC_BRA_MA_FY23 National Popcorn Day Delivery_FBIG_AWA_ENFR_L CEC TBR 013_CP1YR54_TaniaCinquino,2548.64,completed,759418.0,reach,759418.0,,3.35604371,2023-01-19,1087266.0,2.344081,701.0,3.63572,0.064474,3641.0,0.334877,0.699984,1.4317095459944327,EXH,2023-01-13
2023-01-21,JAN_CEC_BRA_MA_FY23 National Popcorn Day In Theatre_FBIG_AWA_EN_L CEC TBR 013_CP1YR54_TaniaCinquino,6132.87,completed,2244495.0,reach,2244495.0,,2.73240528,2023-01-19,4574077.0,1.340789,2444.0,2.509358,0.053432,9552.0,0.208829,0.642051,2.037909195609703,EXH,2023-01-13
2023-01-14,JAN_CEC_BRA_MA_FY23 National Popcorn Day In Theatre_FBIG_AWA_FR_L CEC TBR 013_CP1YR54_TaniaCinquino,1297.67,completed,481518.0,reach,481518.0,,2.69495637,2023-01-19,1252228.0,1.036289,597.0,2.173652,0.047675,2413.0,0.192697,0.537783,2.6005839864761024,EXH,2023-01-06
2023-01-14,JAN_CEC_BRA_MA_FY23 National Popcorn Day Delivery_FBIG_AWA_ENFR_L CEC TBR 013_CP1YR54_TaniaCinquino,2168.36,completed,686093.0,reach,686093.0,,3.16044618,2023-01-19,1209061.0,1.793425,689.0,3.147112,0.056986,3454.0,0.285676,0.627782,1.7622406874869734,EXH,2023-01-06
2023-01-14,JAN_CEC_BRA_MA_FY23 National Popcorn Day In Theatre_FBIG_AWA_EN_L CEC TBR 013_CP1YR54_TaniaCinquino,5187.5,completed,1833632.0,reach,1833632.0,,2.82908457,2023-01-19,4345859.0,1.193665,2311.0,2.244699,0.053177,9998.0,0.230058,0.518854,2.370082437479276,EXH,2023-01-06
2023-01-21,Q1 to Q1_CEC_FLM_NA_FY23 Film AO - M3GAN_FBIG_CVS_ENFR_L CEC TFL 034_CP1Z1LX_JasonWright,1665.48,not_delivering,1970.0,actions:offsite_conversion.fb_pixel_purchase,134423.0,,0.84542132,2023-01-21,260762.0,6.386974,3726.0,0.446989,1.428889,8103.0,3.107431,0.205539,1.939861482038044,EXH,2023-01-13
2023-01-14,Q1 to Q1_CEC_FLM_NA_FY23 Film AO - M3GAN_FBIG_CVS_ENFR_L CEC TFL 034_CP1Z1LX_JasonWright,881.69,not_delivering,1601.0,actions:offsite_conversion.fb_pixel_purchase,66821.0,,0.55071205,2023-01-21,131355.0,6.712268,1307.0,0.674591,0.995014,2739.0,2.085189,0.321902,1.965774232651412,EXH,2023-01-06
2023-01-28,Q1 to Q1_CEC_FLM_NA_FY23 Film AO – Man Called Otto_FBIG_CVS_ENFR_L CEC TFL 034_CP1Z1LX_JasonWright,360.27,not_delivering,551.0,actions:offsite_conversion.fb_pixel_purchase,37624.0,,0.65384755,2023-01-23,60990.0,5.907034,405.0,0.889556,0.664043,1324.0,2.170848,0.272107,1.6210397618541357,EXH,2023-01-20
2023-01-21,Q1 to Q1_CEC_FLM_NA_FY23 Film AO – Man Called Otto_FBIG_CVS_ENFR_L CEC TFL 034_CP1Z1LX_JasonWright,1284.66,not_delivering,1582.0,actions:offsite_conversion.fb_pixel_purchase,110993.0,,0.81204804,2023-01-23,218335.0,5.883894,1436.0,0.89461,0.657705,4887.0,2.238304,0.262873,1.9671060337138377,EXH,2023-01-13
2023-01-14,Q1 to Q1_CEC_FLM_NA_FY23 Film AO – Man Called Otto_FBIG_CVS_ENFR_L CEC TFL 034_CP1Z1LX_JasonWright,241.86,not_delivering,337.0,actions:offsite_conversion.fb_pixel_purchase,20953.0,,0.71768546,2023-01-23,32033.0,7.550339,228.0,1.060789,0.711766,668.0,2.085349,0.362066,1.5288025581062377,EXH,2023-01-06
2023-02-04,JAN_CEC_TPI_NA_FY23 CINEPLEX PICTURES PLANE_FBIG_AWA_ENFR_L TPI 001_CP1YJ30_JasonWright,3647.8,not_delivering,1246246.0,reach,1246246.0,,2.92703046,2023-01-29,1453868.0,2.509031,1520.0,2.399868,0.104549,3093.0,0.212743,1.179373,1.1665979268940483,EXH,2023-01-27
2023-01-28,JAN_CEC_TPI_NA_FY23 CINEPLEX PICTURES PLANE_FBIG_CVS_ENFR_L TPI 001_CP1YJ30_JasonWright,4265.36,inactive,2608.0,actions:offsite_conversion.fb_pixel_purchase,441357.0,,1.6354908,2023-01-29,869510.0,4.905476,2166.0,1.969234,0.249106,5040.0,0.579637,0.846302,1.9700831752980015,EXH,2023-01-20
2023-01-28,JAN_CEC_TPI_NA_FY23 CINEPLEX PICTURES PLANE_FBIG_AWA_ENFR_L TPI 001_CP1YJ30_JasonWright,12658.46,not_delivering,1851203.0,reach,1851203.0,,6.83796429,2023-01-29,4757841.0,2.660547,5146.0,2.459864,0.108158,11198.0,0.235359,1.130422,2.5701346637834965,EXH,2023-01-20
2023-01-21,JAN_CEC_TPI_NA_FY23 CINEPLEX PICTURES PLANE_FBIG_CVS_ENFR_L TPI 001_CP1YJ30_JasonWright,10662.38,inactive,5561.0,actions:offsite_conversion.fb_pixel_purchase,553267.0,,1.9173494,2023-01-29,1707508.0,6.24441,5609.0,1.900941,0.32849,13798.0,0.808078,0.772748,3.086227806827445,EXH,2023-01-13
2023-01-21,JAN_CEC_TPI_NA_FY23 CINEPLEX PICTURES PLANE_FBIG_AWA_ENFR_L TPI 001_CP1YJ30_JasonWright,18411.0,not_delivering,2292180.0,reach,2292180.0,,8.03209172,2023-01-29,6103278.0,3.016576,8333.0,2.209408,0.136533,17545.0,0.287468,1.049359,2.662652147737089,EXH,2023-01-13
2023-02-04,Q1 to Q1_CEC_STO_NA_FY23 Store Jan_FBIG_CVS_ENFR_L CEC TST 038_CP1YV66_KevinDomaratzki,605.7,completed,18.0,actions:offsite_conversion.fb_pixel_purchase,63785.0,,33.65,2023-01-31,115084.0,5.263112,551.0,1.099274,0.478781,1861.0,1.61708,0.32547,1.8042486478012072,EXH,2023-01-27
2023-02-04,DEC_CEC_BRA_NA_FY22 Junxion Kildonan_FBIG_CVS_EN_L CEC TBR 006_CP1Y5R3_TaniaCinquino,2806.45,not_delivering,490.0,actions:offsite_conversion.fb_pixel_purchase,132497.0,,5.72744898,2023-01-31,497469.0,5.641457,513.0,5.470663,0.103122,1063.0,0.213682,2.640122,3.75456802795535,EXH,2023-01-27
2023-01-28,Q1 to Q1_CEC_STO_NA_FY23 Store Jan_FBIG_CVS_ENFR_L CEC TST 038_CP1YV66_KevinDomaratzki,1750.37,completed,11.0,actions:offsite_conversion.fb_pixel_purchase,117805.0,,159.12454545,2023-01-31,277188.0,6.314739,1492.0,1.17317,0.538263,5237.0,1.889331,0.334231,2.3529391791519885,EXH,2023-01-20
2023-01-28,DEC_CEC_BRA_NA_FY22 Junxion Kildonan_FBIG_CVS_EN_L CEC TBR 006_CP1Y5R3_TaniaCinquino,7559.54,not_delivering,1093.0,actions:offsite_conversion.fb_pixel_purchase,189754.0,,6.91632205,2023-01-31,1425548.0,5.302901,1551.0,4.873978,0.1088,2990.0,0.209744,2.528274,7.512611064852388,EXH,2023-01-20
2023-01-21,Q1 to Q1_CEC_STO_NA_FY23 Store Jan_FBIG_CVS_ENFR_L CEC TST 038_CP1YV66_KevinDomaratzki,1732.14,completed,15.0,actions:offsite_conversion.fb_pixel_purchase,96151.0,,115.476,2023-01-31,257676.0,6.722163,1305.0,1.32731,0.50645,4065.0,1.577563,0.426111,2.6799097253278696,EXH,2023-01-13
2023-01-21,DEC_CEC_BRA_NA_FY22 Junxion Kildonan_FBIG_CVS_EN_L CEC TBR 006_CP1Y5R3_TaniaCinquino,7526.68,not_delivering,839.0,actions:offsite_conversion.fb_pixel_purchase,196463.0,,8.97101311,2023-01-31,1488462.0,5.056683,1720.0,4.375977,0.115556,3523.0,0.236687,2.136441,7.576296809068374,EXH,2023-01-13
2023-01-14,Q1 to Q1_CEC_STO_NA_FY23 Store Jan_FBIG_CVS_ENFR_L CEC TST 038_CP1YV66_KevinDomaratzki,1423.63,completed,4.0,actions:offsite_conversion.fb_pixel_purchase,89948.0,,355.9075,2023-01-31,250583.0,5.681271,1231.0,1.156483,0.491254,3387.0,1.351648,0.420322,2.7858651665406677,EXH,2023-01-06
2023-01-14,DEC_CEC_BRA_NA_FY22 Junxion Kildonan_FBIG_CVS_EN_L CEC TBR 006_CP1Y5R3_TaniaCinquino,7393.93,not_delivering,739.0,actions:offsite_conversion.fb_pixel_purchase,196587.0,,10.005318,2023-01-31,1478006.0,5.002639,1853.0,3.990248,0.125372,4086.0,0.276454,1.809577,7.518330306683555,EXH,2023-01-06
2023-01-07,Q1 to Q1_CEC_STO_NA_FY23 Store Jan_FBIG_CVS_ENFR_L CEC TST 038_CP1YV66_KevinDomaratzki,526.16,completed,12.0,actions:offsite_conversion.fb_pixel_purchase,54513.0,,43.84666667,2023-01-31,91773.0,5.733277,596.0,0.882819,0.649428,2732.0,2.97691,0.192592,1.6835066864784547,EXH,2022-12-30
2023-01-07,DEC_CEC_BRA_NA_FY22 Junxion Kildonan_FBIG_CVS_EN_L CEC TBR 006_CP1Y5R3_TaniaCinquino,7413.73,not_delivering,1100.0,actions:offsite_conversion.fb_pixel_purchase,220622.0,,6.73975455,2023-01-31,1673048.0,4.431272,1962.0,3.77866,0.117271,4542.0,0.271481,1.632261,7.583323512614336,EXH,2022-12-30
2023-02-18,FEB_CEC_FLM_NA_FY23 Universal Test Knock at the Cabin_FBIG_CVS_EN_L CEC TFL 009_CP1ZGK8_JasonWright,3669.19,not_delivering,5603.0,actions:offsite_conversion.fb_pixel_purchase,164353.0,,0.65486168,2023-02-17,513133.0,7.150563,680.0,5.395868,0.132519,1713.0,0.333832,2.141967,3.122139541109685,EXH,2023-02-10
2023-02-11,FEB_CEC_FLM_NA_FY23 Universal Test Knock at the Cabin_FBIG_CVS_EN_L CEC TFL 009_CP1ZGK8_JasonWright,4469.75,not_delivering,5311.0,actions:offsite_conversion.fb_pixel_purchase,177399.0,,0.84160233,2023-02-17,536020.0,8.338775,976.0,4.579662,0.182083,3089.0,0.576284,1.446989,3.021550290587884,EXH,2023-02-03
2023-02-04,FEB_CEC_FLM_NA_FY23 Universal Test Knock at the Cabin_FBIG_CVS_EN_L CEC TFL 009_CP1ZGK8_JasonWright,1861.06,not_delivering,2863.0,actions:offsite_conversion.fb_pixel_purchase,103401.0,,0.65003842,2023-02-17,247886.0,7.507725,499.0,3.729579,0.201302,1839.0,0.741873,1.011996,2.397326911731995,EXH,2023-01-27
2023-02-25,Q1 to Q2_CEC_FLM_NA_FY23 Film AO - Magic Mike_FBIG_CVS_ENFR_L CEC TFL 011_CP1ZQ3K_JasonWright,110.71,not_delivering,312.0,actions:offsite_conversion.fb_pixel_purchase,12997.0,,0.35483974,2023-02-19,17696.0,6.256216,133.0,0.832406,0.751582,330.0,1.864828,0.335485,1.3615449719165962,EXH,2023-02-17
2023-02-18,Q1 to Q2_CEC_FLM_NA_FY23 Film AO - Magic Mike_FBIG_CVS_ENFR_L CEC TFL 011_CP1ZQ3K_JasonWright,821.39,not_delivering,1115.0,actions:offsite_conversion.fb_pixel_purchase,68917.0,,0.73667265,2023-02-19,136556.0,6.015041,1266.0,0.648807,0.927092,3057.0,2.238642,0.268692,1.9814559542638246,EXH,2023-02-10
2023-02-11,Q1 to Q2_CEC_FLM_NA_FY23 Film AO - Magic Mike_FBIG_CVS_ENFR_L CEC TFL 011_CP1ZQ3K_JasonWright,246.86,not_delivering,219.0,actions:offsite_conversion.fb_pixel_purchase,18711.0,,1.12721461,2023-02-19,29893.0,8.258121,345.0,0.715536,1.154116,703.0,2.351721,0.351152,1.5976163753941532,EXH,2023-02-03
2023-03-04,Q1 to Q1_CEC_PIC_NA_FY23 Jesus Revolution_FBIG_AWA_EN_L CEC TPI 002_CP2010H_JasonWright,7121.98,completed,993136.0,reach,993136.0,,7.17120314,2023-02-28,1357406.0,5.246757,1896.0,3.756319,0.139678,5955.0,0.438704,1.195966,1.3667876302943403,EXH,2023-02-24
2023-02-25,Q1 to Q1_CEC_PIC_NA_FY23 Jesus Revolution_FBIG_AWA_EN_L CEC TPI 002_CP2010H_JasonWright,6463.02,completed,1044723.0,reach,1044723.0,,6.18634796,2023-02-28,1787922.0,3.614822,1541.0,4.194043,0.086189,4729.0,0.264497,1.366678,1.7113837830697707,EXH,2023-02-17
2023-03-11,Q1 to Q2_CEC_FLM_NA_FY23 Film AO – Ant Man_FBIG_CVS_ENFR_L CEC TFL 011_CP1ZQ3K_JasonWright,911.73,not_delivering,903.0,actions:offsite_conversion.fb_pixel_purchase,176215.0,,1.00966777,2023-03-05,236688.0,3.852033,307.0,2.969805,0.129707,919.0,0.388275,0.992089,1.3431773685554578,EXH,2023-03-03
2023-03-11,Q1 to Q1_CEC_GRP_EXH_FY23 CXP/EXH Q1_FBIG_CVS_FR_L CEC TGP 050_CP1Z84D_AllieGray,61.58,completed,,,6394.0,,,2023-03-05,7859.0,7.835602,26.0,2.368462,0.330831,60.0,0.763456,1.026333,1.2291210509852988,EXH,2023-03-03
2023-03-11,Q1 to Q1_CEC_GRP_EXH_FY23 CXP/EXH Q1_FBIG_CVS_EN_L CEC TGP 050_CP1Z84D_AllieGray,259.15,completed,,,33718.0,,,2023-03-05,42765.0,6.059862,133.0,1.948496,0.311002,288.0,0.673448,0.899826,1.268313660359452,EXH,2023-03-03
2023-03-04,Q1 to Q2_CEC_FLM_NA_FY23 Film AO – Ant Man_FBIG_CVS_ENFR_L CEC TFL 011_CP1ZQ3K_JasonWright,6425.28,not_delivering,4772.0,actions:offsite_conversion.fb_pixel_purchase,534446.0,,1.34645432,2023-03-05,1522228.0,4.220971,2715.0,2.366586,0.178357,10215.0,0.671056,0.629004,2.848235368961504,EXH,2023-02-24
2023-03-04,Q1 to Q1_CEC_GRP_EXH_FY23 CXP/EXH Q1_FBIG_CVS_FR_L CEC TGP 050_CP1Z84D_AllieGray,398.19,completed,,,24008.0,,,2023-03-05,48287.0,8.246319,174.0,2.288448,0.360345,434.0,0.898793,0.917488,2.0112879040319895,EXH,2023-02-24
2023-03-04,Q1 to Q1_CEC_GRP_EXH_FY23 CXP/EXH Q1_FBIG_CVS_EN_L CEC TGP 050_CP1Z84D_AllieGray,1619.84,completed,,,109298.0,,,2023-03-05,235427.0,6.880434,762.0,2.125774,0.323667,1696.0,0.720393,0.955094,2.153991838825962,EXH,2023-02-24
2023-02-25,Q1 to Q2_CEC_FLM_NA_FY23 Film AO – Ant Man_FBIG_CVS_ENFR_L CEC TFL 011_CP1ZQ3K_JasonWright,6438.13,not_delivering,7057.0,actions:offsite_conversion.fb_pixel_purchase,494320.0,,0.9123041,2023-03-05,1471927.0,4.373947,3556.0,1.810498,0.241588,14413.0,0.979193,0.446689,2.977680449910989,EXH,2023-02-17
2023-02-25,Q1 to Q1_CEC_GRP_EXH_FY23 CXP/EXH Q1_FBIG_CVS_FR_L CEC TGP 050_CP1Z84D_AllieGray,400.86,completed,,,27345.0,,,2023-03-05,49069.0,8.169313,187.0,2.143636,0.381096,490.0,0.998594,0.818082,1.7944413969647102,EXH,2023-02-17
2023-02-25,Q1 to Q1_CEC_GRP_EXH_FY23 CXP/EXH Q1_FBIG_CVS_EN_L CEC TGP 050_CP1Z84D_AllieGray,1565.95,completed,,,101921.0,,,2023-03-05,230237.0,6.80147,811.0,1.930888,0.352246,1915.0,0.831752,0.817728,2.2589750885489743,EXH,2023-02-17
2023-02-18,Q1 to Q2_CEC_FLM_NA_FY23 Film AO – Ant Man_FBIG_CVS_ENFR_L CEC TFL 011_CP1ZQ3K_JasonWright,1944.3,not_delivering,2786.0,actions:offsite_conversion.fb_pixel_purchase,160846.0,,0.69788227,2023-03-05,315958.0,6.153666,865.0,2.247746,0.273771,3579.0,1.132745,0.543252,1.964350994118598,EXH,2023-02-10
2023-02-18,Q1 to Q1_CEC_GRP_EXH_FY23 CXP/EXH Q1_FBIG_CVS_FR_L CEC TGP 050_CP1Z84D_AllieGray,396.77,completed,,,28957.0,,,2023-03-05,51815.0,7.657435,214.0,1.854065,0.413008,530.0,1.02287,0.748623,1.789377352626308,EXH,2023-02-10
2023-02-18,Q1 to Q1_CEC_GRP_EXH_FY23 CXP/EXH Q1_FBIG_CVS_EN_L CEC TGP 050_CP1Z84D_AllieGray,1610.1,completed,,,109626.0,,,2023-03-05,233549.0,6.894056,840.0,1.916786,0.359668,1973.0,0.844791,0.816067,2.130416142156058,EXH,2023-02-10
2023-02-11,Q1 to Q1_CEC_GRP_EXH_FY23 CXP/EXH Q1_FBIG_CVS_FR_L CEC TGP 050_CP1Z84D_AllieGray,401.24,completed,,,25935.0,,,2023-03-05,52268.0,7.67659,235.0,1.707404,0.449606,487.0,0.931736,0.823901,2.0153460574513207,EXH,2023-02-03
2023-02-11,Q1 to Q1_CEC_GRP_EXH_FY23 CXP/EXH Q1_FBIG_CVS_EN_L CEC TGP 050_CP1Z84D_AllieGray,1586.02,completed,1.0,actions:offsite_conversion.custom.563882958497411,100072.0,,1586.02,2023-03-05,241556.0,6.565848,875.0,1.812594,0.362235,1906.0,0.789051,0.83212,2.4138220481253496,EXH,2023-02-03
2023-02-04,Q1 to Q1_CEC_GRP_EXH_FY23 CXP/EXH Q1_FBIG_CVS_FR_L CEC TGP 050_CP1Z84D_AllieGray,582.66,completed,,,32769.0,,,2023-03-05,73601.0,7.916469,371.0,1.570512,0.504069,910.0,1.236396,0.640286,2.246055723397113,EXH,2023-01-27
2023-02-04,Q1 to Q1_CEC_GRP_EXH_FY23 CXP/EXH Q1_FBIG_CVS_EN_L CEC TGP 050_CP1Z84D_AllieGray,2316.15,completed,2.0,actions:offsite_conversion.custom.563882958497411,144703.0,,1158.075,2023-03-05,386782.0,5.988257,1339.0,1.729761,0.34619,3367.0,0.870516,0.687897,2.672936981265074,EXH,2023-01-27
2023-01-28,Q1 to Q1_CEC_GRP_EXH_FY23 CXP/EXH Q1_FBIG_CVS_FR_L CEC TGP 050_CP1Z84D_AllieGray,158.67,completed,,,11494.0,,,2023-03-05,17054.0,9.303976,117.0,1.356154,0.686056,289.0,1.694617,0.549031,1.4837306420741256,EXH,2023-01-20
2023-01-28,Q1 to Q1_CEC_GRP_EXH_FY23 CXP/EXH Q1_FBIG_CVS_EN_L CEC TGP 050_CP1Z84D_AllieGray,642.65,completed,,,51390.0,,,2023-03-05,83703.0,7.677742,383.0,1.677937,0.45757,949.0,1.133771,0.677187,1.6287799182720373,EXH,2023-01-20
2023-03-18,Q1 to Q1_CEC_PIC_NA_FY23 Jesus Revolution_FBIG_TC_EN_L CEC TPI 002_CP2010H_JasonWright,1064.48,completed,730.0,actions:link_click,91699.0,,1.45819178,2023-03-12,132437.0,8.037633,730.0,1.458192,0.551205,1051.0,0.793585,1.012826,1.4442578435969857,EXH,2023-03-10
2023-03-18,Q1 to Q2_CEC_FLM_NA_FY23 Film AO – Creed III_FBIG_CVS_ENFR_L CEC TFL 011_CP1ZQ3K_JasonWright,207.81,not_delivering,356.0,actions:offsite_conversion.fb_pixel_purchase,18798.0,,0.58373596,2023-03-12,27389.0,7.587353,30.0,6.927,0.109533,100.0,0.36511,2.0781,1.4570167039046706,EXH,2023-03-10
2023-03-11,Q1 to Q1_CEC_PIC_NA_FY23 Jesus Revolution_FBIG_TC_EN_L CEC TPI 002_CP2010H_JasonWright,7455.56,completed,5313.0,actions:link_click,230373.0,,1.40326746,2023-03-12,970049.0,7.685756,5313.0,1.403267,0.547704,8729.0,0.899851,0.854114,4.210775568317468,EXH,2023-03-03
2023-03-11,Q1 to Q2_CEC_FLM_NA_FY23 Film AO – Creed III_FBIG_CVS_ENFR_L CEC TFL 011_CP1ZQ3K_JasonWright,1662.31,not_delivering,2079.0,actions:offsite_conversion.fb_pixel_purchase,103543.0,,0.79957191,2023-03-12,229543.0,7.241824,446.0,3.727152,0.194299,1324.0,0.576798,1.255521,2.2168857382923037,EXH,2023-03-03
2023-03-04,Q1 to Q1_CEC_PIC_NA_FY23 Jesus Revolution_FBIG_TC_EN_L CEC TPI 002_CP2010H_JasonWright,7287.03,completed,5832.0,actions:link_click,222243.0,,1.24949074,2023-03-12,1015988.0,7.172358,5832.0,1.249491,0.574023,11835.0,1.164876,0.615719,4.571518563014358,EXH,2023-02-24
2023-03-04,Q1 to Q2_CEC_FLM_NA_FY23 Film AO – Creed III_FBIG_CVS_ENFR_L CEC TFL 011_CP1ZQ3K_JasonWright,487.8,not_delivering,367.0,actions:offsite_conversion.fb_pixel_purchase,49216.0,,1.32915531,2023-03-12,75375.0,6.471642,147.0,3.318367,0.195025,370.0,0.490879,1.318378,1.5315141417425226,EXH,2023-02-24
2023-02-25,Q1 to Q1_CEC_PIC_NA_FY23 Jesus Revolution_FBIG_TC_EN_L CEC TPI 002_CP2010H_JasonWright,2022.68,completed,1888.0,actions:link_click,115313.0,,1.07133475,2023-03-12,258629.0,7.820778,1888.0,1.071335,0.730003,5253.0,2.031095,0.385052,2.2428433914649695,EXH,2023-02-17
2023-03-18,Q1 to Q1_CEC_A&C_NA_FY23 Event Cinema - Andre Rieu_FBIG_CVS_ENFR_L CEC TAC 021_CP20742_Alexandra Stewart,1887.0,completed,373.0,actions:offsite_conversion.fb_pixel_purchase,67732.0,,5.05898123,2023-03-17,199743.0,9.44714,1307.0,1.443764,0.654341,2729.0,1.366256,0.691462,2.9490196657414516,EXH,2023-03-10
2023-03-18,Q1 to Q1_CEC_A&C_NA_FY23 Event Cinema - Lohengrin Live_FBIG_CVS_ENFR_L CEC TAC 021_CP20742_Alexandra Stewart,2233.29,completed,564.0,actions:offsite_conversion.fb_pixel_purchase,54088.0,,3.95973404,2023-03-18,208014.0,10.736249,607.0,3.679226,0.291807,1444.0,0.694184,1.5466,3.845843810087265,EXH,2023-03-10
2023-03-11,Q1 to Q1_CEC_A&C_NA_FY23 Event Cinema - Lohengrin Live_FBIG_CVS_ENFR_L CEC TAC 021_CP20742_Alexandra Stewart,266.71,completed,63.0,actions:offsite_conversion.fb_pixel_purchase,13257.0,,4.23349206,2023-03-18,23551.0,11.324785,62.0,4.301774,0.263258,148.0,0.628423,1.802095,1.7764954363732368,EXH,2023-03-03
2023-03-25,Q1 to Q2_CEC_FLM_NA_FY23 Film AO - Scream 6_FBIG_CVS_ENFR_L  CEC TFL 011_CP1ZQ3K_JasonWright,224.82,not_delivering,438.0,actions:offsite_conversion.fb_pixel_purchase,19659.0,,0.51328767,2023-03-19,31120.0,7.224293,56.0,4.014643,0.179949,205.0,0.65874,1.096683,1.5829899791444122,EXH,2023-03-17
2023-03-18,Q1 to Q2_CEC_FLM_NA_FY23 Film AO - Scream 6_FBIG_CVS_ENFR_L  CEC TFL 011_CP1ZQ3K_JasonWright,1629.12,not_delivering,2715.0,actions:offsite_conversion.fb_pixel_purchase,78979.0,,0.6000442,2023-03-19,220569.0,7.385988,562.0,2.89879,0.254796,2250.0,1.020089,0.724053,2.79275503614885,EXH,2023-03-10
2023-03-11,Q1 to Q2_CEC_FLM_NA_FY23 Film AO - Scream 6_FBIG_CVS_ENFR_L  CEC TFL 011_CP1ZQ3K_JasonWright,503.98,not_delivering,671.0,actions:offsite_conversion.fb_pixel_purchase,27123.0,,0.75108793,2023-03-19,55915.0,9.013324,174.0,2.896437,0.311187,875.0,1.564875,0.575977,2.0615344910223796,EXH,2023-03-03
2023-03-25,Q1 to Q2_CEC_FLM_NA_FY23 Film AO - 65_FBIG_CVS_ENFR_L  CEC TFL 011_CP1ZQ3K_JasonWright,359.45,not_delivering,606.0,actions:offsite_conversion.fb_pixel_purchase,33828.0,,0.59315182,2023-03-20,60439.0,5.947319,92.0,3.907065,0.15222,348.0,0.575787,1.032902,1.78665602459501,EXH,2023-03-17
2023-03-18,Q1 to Q2_CEC_FLM_NA_FY23 Film AO - 65_FBIG_CVS_ENFR_L  CEC TFL 011_CP1ZQ3K_JasonWright,1284.73,not_delivering,2291.0,actions:offsite_conversion.fb_pixel_purchase,68912.0,,0.56077259,2023-03-20,177816.0,7.225053,279.0,4.604767,0.156904,871.0,0.489832,1.475006,2.580334339447411,EXH,2023-03-10
2023-03-11,Q1 to Q2_CEC_FLM_NA_FY23 Film AO - 65_FBIG_CVS_ENFR_L  CEC TFL 011_CP1ZQ3K_JasonWright,393.42,not_delivering,566.0,actions:offsite_conversion.fb_pixel_purchase,23660.0,,0.69508834,2023-03-20,44015.0,8.938316,92.0,4.276304,0.20902,224.0,0.508917,1.756339,1.860312764158918,EXH,2023-03-03
2023-03-25,Q1 to Q2_CEC_PIC_NA_FY23 John Wick Awareness_FBIG_AWA_EN_L TPI 003_CP20XW6_JasonWright,58420.83,not_delivering,6205457.0,reach,6205457.0,,9.4144283,2023-03-24,11945930.0,4.890438,15697.0,3.721783,0.1314,38992.0,0.326404,1.498277,1.9250685324223502,EXH,2023-03-17
2023-04-01,Q1 to Q2_CEC_A&C_NA_FY23 Event Cinema - AO_FBIG_TC_ENFR_L CEC TAC 021_CP20742_Alexandra Stewart,1182.0,completed,1431.0,actions:landing_page_view,59536.0,,0.82599581,2023-04-01,110190.0,10.726926,2260.0,0.523009,2.051003,3362.0,3.051094,0.351576,1.8508129535071218,EXH,2023-03-24
2023-04-01,Q1 to Q2_CEC_A&C_NA_FY23 Event Cinema - Falstaff Live_FBIG_CVS_ENFR_L CEC TAC 021_CP20742_AlexandraStewart,1966.86,completed,933.0,actions:offsite_conversion.fb_pixel_purchase,48503.0,,2.10810289,2023-04-01,206373.0,9.530607,564.0,3.48734,0.273292,1249.0,0.605215,1.574748,4.254850215450591,EXH,2023-03-24
2023-03-25,Q1 to Q2_CEC_A&C_NA_FY23 Event Cinema - AO_FBIG_TC_ENFR_L CEC TAC 021_CP20742_Alexandra Stewart,1208.5,completed,1428.0,actions:landing_page_view,63016.0,,0.84628852,2023-04-01,119040.0,10.15205,2186.0,0.552836,1.836358,3493.0,2.934308,0.345978,1.8890440523041767,EXH,2023-03-17
2023-03-25,Q1 to Q2_CEC_A&C_NA_FY23 Event Cinema - Falstaff Live_FBIG_CVS_ENFR_L CEC TAC 021_CP20742_AlexandraStewart,533.14,completed,248.0,actions:offsite_conversion.fb_pixel_purchase,20108.0,,2.14975806,2023-04-01,47989.0,11.109629,107.0,4.982617,0.222968,241.0,0.502198,2.212199,2.3865625621643125,EXH,2023-03-17
2023-03-18,Q1 to Q2_CEC_A&C_NA_FY23 Event Cinema - AO_FBIG_TC_ENFR_L CEC TAC 021_CP20742_Alexandra Stewart,1206.28,completed,1574.0,actions:landing_page_view,72247.0,,0.76637865,2023-04-01,129518.0,9.313609,2401.0,0.502407,1.853796,3519.0,2.716997,0.342791,1.7927111160324996,EXH,2023-03-10
2023-03-11,Q1 to Q2_CEC_A&C_NA_FY23 Event Cinema - AO_FBIG_TC_ENFR_L CEC TAC 021_CP20742_Alexandra Stewart,1212.59,completed,1712.0,actions:landing_page_view,71673.0,,0.70828855,2023-04-01,134543.0,9.012658,2516.0,0.481952,1.870034,3579.0,2.660116,0.338807,1.8771782958715277,EXH,2023-03-03
2023-03-04,Q1 to Q2_CEC_A&C_NA_FY23 Event Cinema - AO_FBIG_TC_ENFR_L CEC TAC 021_CP20742_Alexandra Stewart,1218.39,completed,1997.0,actions:landing_page_view,71592.0,,0.61011017,2023-04-01,145554.0,8.370708,2842.0,0.428709,1.95254,4417.0,3.034613,0.275841,2.033104257458934,EXH,2023-02-24
2023-02-25,Q1 to Q2_CEC_A&C_NA_FY23 Event Cinema - AO_FBIG_TC_ENFR_L CEC TAC 021_CP20742_Alexandra Stewart,1198.35,completed,2431.0,actions:landing_page_view,58940.0,,0.49294529,2023-04-01,122052.0,9.818356,3826.0,0.313212,3.134729,5016.0,4.109724,0.238906,2.0707838479809975,EXH,2023-02-17
2023-02-18,Q1 to Q2_CEC_A&C_NA_FY23 Event Cinema - AO_FBIG_TC_ENFR_L CEC TAC 021_CP20742_Alexandra Stewart,273.6,completed,679.0,actions:landing_page_view,14462.0,,0.40294551,2023-04-01,20976.0,13.043478,1064.0,0.257143,5.072464,1389.0,6.621854,0.196976,1.450421795049094,EXH,2023-02-10
2023-04-08,Q1 to Q2_CEC_FLM_NA_FY23 Film AO - Shazam_FBIG_CVS_ENFR_L  CEC TFL 011_CP1ZQ3K_JasonWright,412.15,not_delivering,1181.0,actions:offsite_conversion.fb_pixel_purchase,40884.0,,0.34898391,2023-04-02,62568.0,6.587233,117.0,3.52265,0.186997,317.0,0.506649,1.300158,1.5303786322277664,EXH,2023-03-31
2023-04-01,Q1 to Q2_CEC_FLM_NA_FY23 Film AO - Shazam_FBIG_CVS_ENFR_L  CEC TFL 011_CP1ZQ3K_JasonWright,3092.64,not_delivering,4897.0,actions:offsite_conversion.fb_pixel_purchase,142707.0,,0.63153768,2023-04-02,393872.0,7.851891,879.0,3.518362,0.223169,2554.0,0.648434,1.210901,2.7600047650080235,EXH,2023-03-24
2023-03-25,Q1 to Q2_CEC_FLM_NA_FY23 Film AO - Shazam_FBIG_CVS_ENFR_L  CEC TFL 011_CP1ZQ3K_JasonWright,2389.97,not_delivering,3343.0,actions:offsite_conversion.fb_pixel_purchase,108023.0,,0.71491774,2023-04-02,303905.0,7.864201,602.0,3.97005,0.198088,1731.0,0.569586,1.380687,2.8133360488044215,EXH,2023-03-17
2023-04-15,Q1 to Q2_CEC_PIC_NA_FY23 John Wick Consideration_FBIG_TC_EN_L TPI 003_CP20XW6_JasonWright,2613.89,not_delivering,20.0,actions:landing_page_view,287311.0,,130.6945,2023-04-09,372789.0,7.011714,1539.0,1.698434,0.412834,3596.0,0.964621,0.726888,1.297510363334505,EXH,2023-04-07
2023-04-15,Q1 to Q2_CEC_FLM_NA_FY23 Film AO - John Wick_FBIG_CVS_ENFR_L CEC  TFL 011_CP1ZQ3K_JasonWright,249.14,not_delivering,891.0,actions:offsite_conversion.fb_pixel_purchase,26346.0,,0.27961841,2023-04-09,38024.0,6.552178,109.0,2.285688,0.286661,274.0,0.720598,0.90927,1.4432551430957261,EXH,2023-04-07
2023-04-08,Q1 to Q2_CEC_PIC_NA_FY23 John Wick Consideration_FBIG_TC_EN_L TPI 003_CP20XW6_JasonWright,20609.28,not_delivering,184.0,actions:landing_page_view,1140318.0,,112.00695652,2023-04-09,2829501.0,7.283715,14660.0,1.405817,0.518113,36670.0,1.295988,0.56202,2.481326261621758,EXH,2023-03-31
2023-04-08,Q1 to Q2_CEC_FLM_NA_FY23 Film AO - John Wick_FBIG_CVS_ENFR_L CEC  TFL 011_CP1ZQ3K_JasonWright,1895.92,not_delivering,6830.0,actions:offsite_conversion.fb_pixel_purchase,144236.0,,0.27758712,2023-04-09,313569.0,6.046261,756.0,2.507831,0.241095,2336.0,0.744972,0.81161,2.1739995562827588,EXH,2023-03-31
2023-04-01,Q1 to Q2_CEC_PIC_NA_FY23 John Wick Consideration_FBIG_TC_EN_L TPI 003_CP20XW6_JasonWright,19758.16,not_delivering,352.0,actions:landing_page_view,986539.0,,56.13113636,2023-04-09,2755010.0,7.17172,16130.0,1.224932,0.585479,33244.0,1.206674,0.594338,2.7926012048180557,EXH,2023-03-24
2023-04-01,Q1 to Q2_CEC_FLM_NA_FY23 Film AO - John Wick_FBIG_CVS_ENFR_L CEC  TFL 011_CP1ZQ3K_JasonWright,1971.15,not_delivering,3101.0,actions:offsite_conversion.fb_pixel_purchase,131086.0,,0.63564979,2023-04-09,314174.0,6.274071,1215.0,1.622346,0.386728,4589.0,1.460656,0.429538,2.3967014021329507,EXH,2023-03-24
2023-03-25,Q1 to Q2_CEC_PIC_NA_FY23 John Wick Consideration_FBIG_TC_EN_L TPI 003_CP20XW6_JasonWright,15039.44,not_delivering,244.0,actions:landing_page_view,700033.0,,61.63704918,2023-04-09,1702981.0,8.831244,10082.0,1.491712,0.592021,21514.0,1.263314,0.699054,2.432715314849443,EXH,2023-03-17
2023-03-25,Q1 to Q2_CEC_FLM_NA_FY23 Film AO - John Wick_FBIG_CVS_ENFR_L CEC  TFL 011_CP1ZQ3K_JasonWright,599.61,not_delivering,960.0,actions:offsite_conversion.fb_pixel_purchase,33805.0,,0.62459375,2023-04-09,61737.0,9.712328,191.0,3.139319,0.309377,554.0,0.897355,1.082329,1.8262683035053986,EXH,2023-03-17
2023-04-15,Q2 to Q2_CEC_FLM_NA_FY23 Film AO - Air_FBIG_CVS_ENFR_L CEC TFL 061_CP1ZQ3K_JasonWright,1635.76,not_delivering,3960.0,actions:offsite_conversion.fb_pixel_purchase,96123.0,,0.41307071,2023-04-14,224083.0,7.299795,350.0,4.6736,0.156192,877.0,0.391373,1.865177,2.331211052505644,EXH,2023-04-07
2023-04-08,Q2 to Q2_CEC_FLM_NA_FY23 Film AO - Air_FBIG_CVS_ENFR_L CEC TFL 061_CP1ZQ3K_JasonWright,1166.35,not_delivering,4006.0,actions:offsite_conversion.fb_pixel_purchase,69634.0,,0.29115077,2023-04-14,145531.0,8.014444,263.0,4.434791,0.180718,566.0,0.388921,2.060689,2.0899416951489216,EXH,2023-03-31
2023-04-22,Q1 to Q2_CEC_BRA_N/A_Masterbrand Spring Break - Saliency_FBIG_CVS_ENFR_L CEC TBR 016_CP20FFF_Stephanie Critelli,71.7,not_delivering,36.0,actions:offsite_conversion.fb_pixel_purchase,8390.0,,1.99166667,2023-04-16,14883.0,4.817577,24.0,2.9875,0.161258,44.0,0.295639,1.629545,1.7738974970202621,EXH,2023-04-14
2023-04-22,Q1 to Q2_CEC_FLM_NA_FY23 Film AO - Dungeons & Dragons_FBIG_CVS_ENFR_L CEC  TFL 011_CP1ZQ3K_JasonWright,359.32,not_delivering,843.0,actions:offsite_conversion.fb_pixel_purchase,45669.0,,0.42623962,2023-04-16,60031.0,5.985574,374.0,0.960749,0.623011,824.0,1.372624,0.436068,1.3144802820293853,EXH,2023-04-14
2023-04-15,Q1 to Q2_CEC_BRA_N/A_Masterbrand Spring Break - Saliency_FBIG_CVS_ENFR_L CEC TBR 016_CP20FFF_Stephanie Critelli,517.37,not_delivering,252.0,actions:offsite_conversion.fb_pixel_purchase,20408.0,,2.05305556,2023-04-16,96698.0,5.350369,145.0,3.568069,0.149951,264.0,0.273015,1.959735,4.738239905919247,EXH,2023-04-07
2023-04-15,Q1 to Q2_CEC_FLM_NA_FY23 Film AO - Dungeons & Dragons_FBIG_CVS_ENFR_L CEC  TFL 011_CP1ZQ3K_JasonWright,2379.08,not_delivering,5827.0,actions:offsite_conversion.fb_pixel_purchase,173283.0,,0.40828557,2023-04-16,405967.0,5.860279,2592.0,0.917855,0.638476,6467.0,1.592987,0.36788,2.342797620078138,EXH,2023-04-07
2023-04-08,Q1 to Q2_CEC_BRA_N/A_Masterbrand Spring Break - Saliency_FBIG_CVS_ENFR_L CEC TBR 016_CP20FFF_Stephanie Critelli,880.2,not_delivering,520.0,actions:offsite_conversion.fb_pixel_purchase,77569.0,,1.69269231,2023-04-16,159895.0,5.504863,212.0,4.151887,0.132587,383.0,0.239532,2.298172,2.0613260451984683,EXH,2023-03-31
2023-04-08,Q1 to Q2_CEC_FLM_NA_FY23 Film AO - Dungeons & Dragons_FBIG_CVS_ENFR_L CEC  TFL 011_CP1ZQ3K_JasonWright,2449.35,not_delivering,8186.0,actions:offsite_conversion.fb_pixel_purchase,162875.0,,0.29921207,2023-04-16,405127.0,6.045882,1835.0,1.334796,0.452944,6195.0,1.52915,0.395375,2.4873491941673063,EXH,2023-03-31
2023-04-01,Q1 to Q2_CEC_BRA_N/A_Masterbrand Spring Break - Saliency_FBIG_CVS_ENFR_L CEC TBR 016_CP20FFF_Stephanie Critelli,4842.54,not_delivering,1788.0,actions:offsite_conversion.fb_pixel_purchase,182741.0,,2.7083557,2023-04-16,718332.0,6.741368,1053.0,4.598803,0.14659,1799.0,0.250441,2.691795,3.9308748447255955,EXH,2023-03-24
2023-04-01,Q1 to Q2_CEC_FLM_NA_FY23 Film AO - Dungeons & Dragons_FBIG_CVS_ENFR_L CEC  TFL 011_CP1ZQ3K_JasonWright,706.99,not_delivering,1255.0,actions:offsite_conversion.fb_pixel_purchase,42661.0,,0.56333865,2023-04-16,77025.0,9.178708,300.0,2.356633,0.389484,979.0,1.271016,0.722155,1.8055132322261551,EXH,2023-03-24
2023-03-25,Q1 to Q2_CEC_BRA_N/A_Masterbrand Spring Break - Saliency_FBIG_CVS_ENFR_L CEC TBR 016_CP20FFF_Stephanie Critelli,7464.8,not_delivering,2544.0,actions:offsite_conversion.fb_pixel_purchase,435634.0,,2.93427673,2023-04-16,1153174.0,6.473264,1873.0,3.985478,0.162421,3142.0,0.272465,2.375812,2.6471166162420747,EXH,2023-03-17
2023-03-18,Q1 to Q2_CEC_BRA_N/A_Masterbrand Spring Break - Saliency_FBIG_CVS_ENFR_L CEC TBR 016_CP20FFF_Stephanie Critelli,18298.77,not_delivering,6159.0,actions:offsite_conversion.fb_pixel_purchase,602040.0,,2.97106186,2023-04-16,2511062.0,7.287263,10475.0,1.746899,0.417154,15361.0,0.611733,1.191249,4.170922197860607,EXH,2023-03-10
2023-03-11,Q1 to Q2_CEC_BRA_N/A_Masterbrand Spring Break - Saliency_FBIG_CVS_ENFR_L CEC TBR 016_CP20FFF_Stephanie Critelli,13012.72,not_delivering,3352.0,actions:offsite_conversion.fb_pixel_purchase,510770.0,,3.88207637,2023-04-16,1807973.0,7.197408,6214.0,2.094097,0.3437,9781.0,0.540993,1.330408,3.5397008438240305,EXH,2023-03-03
2023-03-04,Q1 to Q2_CEC_BRA_N/A_Masterbrand Spring Break - Saliency_FBIG_CVS_ENFR_L CEC TBR 016_CP20FFF_Stephanie Critelli,2709.77,not_delivering,843.0,actions:offsite_conversion.fb_pixel_purchase,95987.0,,3.21443654,2023-04-16,381919.0,7.095143,827.0,3.276626,0.216538,2022.0,0.529432,1.340143,3.978861720858033,EXH,2023-02-24
2023-02-25,Q1 to Q2_CEC_BRA_N/A_Masterbrand Spring Break - Saliency_FBIG_CVS_ENFR_L CEC TBR 016_CP20FFF_Stephanie Critelli,1257.49,not_delivering,320.0,actions:offsite_conversion.fb_pixel_purchase,62736.0,,3.92965625,2023-04-16,171826.0,7.318392,422.0,2.979834,0.245597,1067.0,0.620977,1.178529,2.738874011731701,EXH,2023-02-17
2023-04-22,Q2 to Q2_CEC_FLM_NA_FY23 Film AO - Super Mario Brothers_FBIG_CVS_ENFR_L CEC TFL 061_CP1ZQ3K_JasonWright,2116.55,not_delivering,3173.0,actions:offsite_conversion.fb_pixel_purchase,193243.0,,0.66705011,2023-04-22,452239.0,4.680158,3573.0,0.592373,0.790069,8983.0,1.986339,0.235617,2.340260708020472,EXH,2023-04-14
2023-04-15,Q2 to Q2_CEC_FLM_NA_FY23 Film AO - Super Mario Brothers_FBIG_CVS_ENFR_L CEC TFL 061_CP1ZQ3K_JasonWright,2109.03,not_delivering,4616.0,actions:offsite_conversion.fb_pixel_purchase,183918.0,,0.45689558,2023-04-22,513681.0,4.105719,4681.0,0.450551,0.911266,12913.0,2.513817,0.163326,2.792989266955926,EXH,2023-04-07
2023-04-08,Q2 to Q2_CEC_FLM_NA_FY23 Film AO - Super Mario Brothers_FBIG_CVS_ENFR_L CEC TFL 061_CP1ZQ3K_JasonWright,762.8,not_delivering,2479.0,actions:offsite_conversion.fb_pixel_purchase,67770.0,,0.30770472,2023-04-22,143092.0,5.330836,1672.0,0.45622,1.168479,4193.0,2.930283,0.181922,2.111435738527372,EXH,2023-03-31
2023-05-06,Q1 to Q1_CEC_FLM_NA_FY23 Film Always On_FBIG_CVS_ENFR_L CEC TFL 033_CP1ZQ3J_JasonWright,641.31,inactive,1032.0,actions:offsite_conversion.fb_pixel_purchase,50898.0,,0.62142442,2023-05-03,95252.0,6.732772,243.0,2.639136,0.255113,450.0,0.472431,1.425133,1.8714291327753547,EXH,2023-04-28
2023-04-29,Q1 to Q1_CEC_FLM_NA_FY23 Film Always On_FBIG_CVS_ENFR_L CEC TFL 033_CP1ZQ3J_JasonWright,1145.76,inactive,3010.0,actions:offsite_conversion.fb_pixel_purchase,74768.0,,0.38065116,2023-05-03,170792.0,6.708511,438.0,2.61589,0.256452,738.0,0.432105,1.55252,2.284292745559598,EXH,2023-04-21
2023-04-22,Q1 to Q1_CEC_FLM_NA_FY23 Film Always On_FBIG_CVS_ENFR_L CEC TFL 033_CP1ZQ3J_JasonWright,1096.04,inactive,1831.0,actions:offsite_conversion.fb_pixel_purchase,67404.0,,0.59860186,2023-05-03,143521.0,7.636792,341.0,3.214194,0.237596,648.0,0.451502,1.69142,2.1292653254999703,EXH,2023-04-14
2023-04-15,Q1 to Q1_CEC_FLM_NA_FY23 Film Always On_FBIG_CVS_ENFR_L CEC TFL 033_CP1ZQ3J_JasonWright,1100.49,inactive,2670.0,actions:offsite_conversion.fb_pixel_purchase,79331.0,,0.41216854,2023-05-03,156762.0,7.020132,422.0,2.607796,0.269198,736.0,0.469502,1.495231,1.9760497157479422,EXH,2023-04-07
2023-04-08,Q1 to Q1_CEC_FLM_NA_FY23 Film Always On_FBIG_CVS_ENFR_L CEC TFL 033_CP1ZQ3J_JasonWright,1093.46,inactive,3787.0,actions:offsite_conversion.fb_pixel_purchase,84566.0,,0.28874043,2023-05-03,162568.0,6.72617,490.0,2.231551,0.301412,928.0,0.570838,1.178297,1.922380152780077,EXH,2023-03-31
2023-04-01,Q1 to Q1_CEC_FLM_NA_FY23 Film Always On_FBIG_CVS_ENFR_L CEC TFL 033_CP1ZQ3J_JasonWright,1143.71,inactive,2027.0,actions:offsite_conversion.fb_pixel_purchase,66080.0,,0.56423779,2023-05-03,134037.0,8.532793,246.0,4.649228,0.183531,485.0,0.36184,2.358165,2.0284049636803876,EXH,2023-03-24
2023-03-25,Q1 to Q1_CEC_FLM_NA_FY23 Film Always On_FBIG_CVS_ENFR_L CEC TFL 033_CP1ZQ3J_JasonWright,1091.66,inactive,1889.0,actions:offsite_conversion.fb_pixel_purchase,64883.0,,0.57790365,2023-05-03,135808.0,8.03826,266.0,4.103985,0.195865,561.0,0.413083,1.945918,2.093121464790469,EXH,2023-03-17
2023-03-18,Q1 to Q1_CEC_FLM_NA_FY23 Film Always On_FBIG_CVS_ENFR_L CEC TFL 033_CP1ZQ3J_JasonWright,1115.89,inactive,2184.0,actions:offsite_conversion.fb_pixel_purchase,52438.0,,0.51093864,2023-05-03,129308.0,8.629706,221.0,5.049276,0.17091,437.0,0.337953,2.553524,2.4659216598649834,EXH,2023-03-10
2023-03-11,Q1 to Q1_CEC_FLM_NA_FY23 Film Always On_FBIG_CVS_ENFR_L CEC TFL 033_CP1ZQ3J_JasonWright,1157.07,inactive,1502.0,actions:offsite_conversion.fb_pixel_purchase,77439.0,,0.77035286,2023-05-03,161384.0,7.16967,282.0,4.103085,0.174739,603.0,0.373643,1.918856,2.084014514650241,EXH,2023-03-03
2023-03-04,Q1 to Q1_CEC_FLM_NA_FY23 Film Always On_FBIG_CVS_ENFR_L CEC TFL 033_CP1ZQ3J_JasonWright,1081.31,inactive,858.0,actions:offsite_conversion.fb_pixel_purchase,97248.0,,1.26026807,2023-05-03,176995.0,6.109269,844.0,1.281173,0.47685,1871.0,1.057092,0.577932,1.8200374300756827,EXH,2023-02-24
2023-02-25,Q1 to Q1_CEC_FLM_NA_FY23 Film Always On_FBIG_CVS_ENFR_L CEC TFL 033_CP1ZQ3J_JasonWright,1106.44,inactive,1498.0,actions:offsite_conversion.fb_pixel_purchase,92753.0,,0.73861148,2023-05-03,190063.0,5.821438,1411.0,0.784153,0.742385,2818.0,1.482666,0.392633,2.049130486345455,EXH,2023-02-17
2023-02-18,Q1 to Q1_CEC_FLM_NA_FY23 Film Always On_FBIG_CVS_ENFR_L CEC TFL 033_CP1ZQ3J_JasonWright,1133.46,inactive,1609.0,actions:offsite_conversion.fb_pixel_purchase,92232.0,,0.70444997,2023-05-03,189759.0,5.973155,1436.0,0.789318,0.756749,2750.0,1.449207,0.412167,2.0574095758521986,EXH,2023-02-10
2023-02-11,Q1 to Q1_CEC_FLM_NA_FY23 Film Always On_FBIG_CVS_ENFR_L CEC TFL 033_CP1ZQ3J_JasonWright,1050.11,inactive,1376.0,actions:offsite_conversion.fb_pixel_purchase,83981.0,,0.76316134,2023-05-03,156686.0,6.702003,2255.0,0.465681,1.439184,3894.0,2.485225,0.269674,1.865731534513759,EXH,2023-02-03
2023-02-04,Q1 to Q1_CEC_FLM_NA_FY23 Film Always On_FBIG_CVS_ENFR_L CEC TFL 033_CP1ZQ3J_JasonWright,600.2,inactive,1391.0,actions:offsite_conversion.fb_pixel_purchase,56640.0,,0.43148814,2023-05-03,102977.0,5.828486,618.0,0.971197,0.600134,1095.0,1.063344,0.548128,1.8180967514124293,EXH,2023-01-27
2023-05-20,Q2 to Q2_CEC_TBR_NA_FY23 Junxion Erin Mills (Pre Opening)_FBIG_AWA_EN_L CEC TBR 063_CP23QZX,2950.48,not_delivering,395495.0,reach,395495.0,,7.46022074,2023-05-16,1207529.0,2.443403,723.0,4.080885,0.059874,1220.0,0.101033,2.418426,3.053209269396579,EXH,2023-05-12
2023-05-13,Q2 to Q2_CEC_TBR_NA_FY23 Junxion Erin Mills (Pre Opening)_FBIG_AWA_EN_L CEC TBR 063_CP23QZX,5499.52,not_delivering,483961.0,reach,483961.0,,11.36356029,2023-05-16,2207659.0,2.491109,1413.0,3.892088,0.064004,2336.0,0.105813,2.354247,4.561646496308587,EXH,2023-05-05
2023-05-20,Q2 to Q2_CEC_GAM_NA_FY23 Gaming Xscape_FBIG_TC_FR_L CEC TGA 049_CP219S6_AmyRozinsky,539.73,completed,722.0,actions:link_click,60502.0,,0.74754848,2023-05-18,134119.0,4.024262,722.0,0.747548,0.538328,1126.0,0.839553,0.479334,2.2167696935638492,EXH,2023-05-12
2023-05-20,Q2 to Q2_CEC_GAM_NA_FY23 Gaming Xscape_FBIG_TC_EN_L CEC TGA 049_CP219S6_AmyRozinsky,2267.72,completed,2462.0,actions:link_click,292796.0,,0.92108855,2023-05-18,598053.0,3.791838,2462.0,0.921089,0.411669,3480.0,0.581888,0.651644,2.042558641511496,EXH,2023-05-12
2023-05-13,Q2 to Q2_CEC_GAM_NA_FY23 Gaming Xscape_FBIG_TC_FR_L CEC TGA 049_CP219S6_AmyRozinsky,801.1,completed,1099.0,actions:link_click,72008.0,,0.7289354,2023-05-18,192465.0,4.162315,1099.0,0.728935,0.571013,1665.0,0.865092,0.481141,2.6728280191089877,EXH,2023-05-05
2023-05-13,Q2 to Q2_CEC_GAM_NA_FY23 Gaming Xscape_FBIG_TC_EN_L CEC TGA 049_CP219S6_AmyRozinsky,3199.63,completed,3735.0,actions:link_click,346322.0,,0.85666131,2023-05-18,868139.0,3.685619,3735.0,0.856661,0.430231,5433.0,0.625821,0.588925,2.5067393928193993,EXH,2023-05-05
2023-05-06,Q2 to Q2_CEC_GAM_NA_FY23 Gaming Xscape_FBIG_TC_FR_L CEC TGA 049_CP219S6_AmyRozinsky,824.73,completed,1182.0,actions:link_click,73286.0,,0.69774112,2023-05-18,206866.0,3.986784,1182.0,0.697741,0.571384,1730.0,0.83629,0.476723,2.822721938705892,EXH,2023-04-28
2023-05-06,Q2 to Q2_CEC_GAM_NA_FY23 Gaming Xscape_FBIG_TC_EN_L CEC TGA 049_CP219S6_AmyRozinsky,3208.38,completed,3937.0,actions:link_click,348418.0,,0.81493015,2023-05-18,910507.0,3.523729,3937.0,0.81493,0.432396,5915.0,0.649638,0.542414,2.61326050892893,EXH,2023-04-28
2023-04-29,Q2 to Q2_CEC_GAM_NA_FY23 Gaming Xscape_FBIG_TC_FR_L CEC TGA 049_CP219S6_AmyRozinsky,823.06,completed,1133.0,actions:link_click,75970.0,,0.72644307,2023-05-18,202163.0,4.071269,1133.0,0.726443,0.560439,1886.0,0.932911,0.436405,2.661089903909438,EXH,2023-04-21
2023-04-29,Q2 to Q2_CEC_GAM_NA_FY23 Gaming Xscape_FBIG_TC_EN_L CEC TGA 049_CP219S6_AmyRozinsky,3264.92,completed,3810.0,actions:link_click,326487.0,,0.85693438,2023-05-18,908537.0,3.593602,3810.0,0.856934,0.419356,5885.0,0.647745,0.554787,2.7827662357153575,EXH,2023-04-21
2023-04-22,Q2 to Q2_CEC_GAM_NA_FY23 Gaming Xscape_FBIG_TC_FR_L CEC TGA 049_CP219S6_AmyRozinsky,596.29,completed,823.0,actions:link_click,63787.0,,0.7245322,2023-05-18,139471.0,4.275369,823.0,0.724532,0.590087,2047.0,1.467689,0.291299,2.186511358113722,EXH,2023-04-14
2023-04-22,Q2 to Q2_CEC_GAM_NA_FY23 Gaming Xscape_FBIG_TC_EN_L CEC TGA 049_CP219S6_AmyRozinsky,2398.81,completed,3356.0,actions:link_click,261569.0,,0.71478248,2023-05-18,590506.0,4.062296,3356.0,0.714782,0.568326,9193.0,1.5568,0.260939,2.257553456258196,EXH,2023-04-14
2023-05-27,Q2 to Q2_CEC_FLM_NA_Guardians Of the Galaxy_FBIG_CVS_ENFR_L CEC FLM 061_CP22JGW_JasonWright,857.48,not_delivering,1545.0,actions:offsite_conversion.fb_pixel_purchase,127527.0,,0.55500324,2023-05-21,190485.0,4.501562,436.0,1.966697,0.228889,1360.0,0.713967,0.6305,1.4936836905125974,EXH,2023-05-19
2023-05-27,Q2 to Q2_CEC_FLM_NA_Book Club_FBIG_CVS_ENFR_L CEC TFL 061_CP22JGW_JasonWright,194.8,not_delivering,366.0,actions:offsite_conversion.fb_pixel_purchase,25878.0,,0.53224044,2023-05-21,31392.0,6.205403,88.0,2.213636,0.280326,262.0,0.834608,0.743511,1.2130767447252493,EXH,2023-05-19
2023-05-27,Q2 to Q2_CEC_FLM_NA_Blackberry_FBIG_CVS_ENFR_L CEC FLM 061_CP22JGW_JasonWright,188.3,not_delivering,290.0,actions:offsite_conversion.fb_pixel_purchase,22459.0,,0.64931034,2023-05-21,28412.0,6.627481,58.0,3.246552,0.204139,228.0,0.802478,0.825877,1.2650607774166258,EXH,2023-05-19
2023-05-20,Q2 to Q2_CEC_FLM_NA_Guardians Of the Galaxy_FBIG_CVS_ENFR_L CEC FLM 061_CP22JGW_JasonWright,6216.14,not_delivering,5675.0,actions:offsite_conversion.fb_pixel_purchase,410891.0,,1.09535507,2023-05-21,1164496.0,5.338052,3188.0,1.949856,0.273767,11068.0,0.950454,0.561632,2.8340752170283605,EXH,2023-05-12
2023-05-20,Q2 to Q2_CEC_FLM_NA_Book Club_FBIG_CVS_ENFR_L CEC TFL 061_CP22JGW_JasonWright,1351.54,not_delivering,1266.0,actions:offsite_conversion.fb_pixel_purchase,110383.0,,1.06756714,2023-05-21,205725.0,6.569644,709.0,1.906262,0.344635,2202.0,1.070361,0.613778,1.8637380756094688,EXH,2023-05-12
2023-05-20,Q2 to Q2_CEC_FLM_NA_Blackberry_FBIG_CVS_ENFR_L CEC FLM 061_CP22JGW_JasonWright,1357.3,not_delivering,1113.0,actions:offsite_conversion.fb_pixel_purchase,97095.0,,1.21949686,2023-05-21,195968.0,6.926131,518.0,2.62027,0.264329,2706.0,1.380838,0.501589,2.0183119625109427,EXH,2023-05-12
2023-05-13,Q2 to Q2_CEC_FLM_NA_Guardians Of the Galaxy_FBIG_CVS_ENFR_L CEC FLM 061_CP22JGW_JasonWright,6368.97,not_delivering,5831.0,actions:offsite_conversion.fb_pixel_purchase,402645.0,,1.09226033,2023-05-21,1221590.0,5.213672,4175.0,1.525502,0.341768,17011.0,1.392529,0.374403,3.033913248643346,EXH,2023-05-05
2023-05-13,Q2 to Q2_CEC_FLM_NA_Book Club_FBIG_CVS_ENFR_L CEC TFL 061_CP22JGW_JasonWright,393.58,not_delivering,381.0,actions:offsite_conversion.fb_pixel_purchase,39551.0,,1.03301837,2023-05-21,57168.0,6.884621,135.0,2.915407,0.236146,368.0,0.643717,1.069511,1.44542489444009,EXH,2023-05-05
2023-05-13,Q2 to Q2_CEC_FLM_NA_Blackberry_FBIG_CVS_ENFR_L CEC FLM 061_CP22JGW_JasonWright,394.32,not_delivering,361.0,actions:offsite_conversion.fb_pixel_purchase,33301.0,,1.09229917,2023-05-21,51760.0,7.618238,91.0,4.333187,0.175811,264.0,0.510046,1.493636,1.5543076784480947,EXH,2023-05-05
2023-05-06,Q2 to Q2_CEC_FLM_NA_Guardians Of the Galaxy_FBIG_CVS_ENFR_L CEC FLM 061_CP22JGW_JasonWright,1522.54,not_delivering,1510.0,actions:offsite_conversion.fb_pixel_purchase,108670.0,,1.00830464,2023-05-21,210380.0,7.237095,784.0,1.942015,0.372659,3391.0,1.611845,0.448994,1.9359528848808318,EXH,2023-04-28
2023-06-10,Q2 to Q2_CEC_FLM_NA_Fast X_FBIG_CVS_ENFR_L CEC TFL 061_CP22JGW_JasonWright,266.61,not_delivering,777.0,actions:offsite_conversion.fb_pixel_purchase,30664.0,,0.34312741,2023-06-04,42883.0,6.217149,159.0,1.676792,0.370776,396.0,0.923443,0.673258,1.3984803026350117,EXH,2023-06-02
2023-06-03,Q2 to Q2_CEC_FLM_NA_Fast X_FBIG_CVS_ENFR_L CEC TFL 061_CP22JGW_JasonWright,5668.55,not_delivering,7255.0,actions:offsite_conversion.fb_pixel_purchase,303394.0,,0.78133012,2023-06-04,845716.0,6.702664,2655.0,2.135047,0.313935,5861.0,0.693022,0.967164,2.787517221830359,EXH,2023-05-26
2023-05-27,Q2 to Q2_CEC_FLM_NA_Fast X_FBIG_CVS_ENFR_L CEC TFL 061_CP22JGW_JasonWright,5149.95,not_delivering,3959.0,actions:offsite_conversion.fb_pixel_purchase,261831.0,,1.30082091,2023-06-04,741787.0,6.942626,3213.0,1.602848,0.433143,6885.0,0.928164,0.747996,2.8330755334547857,EXH,2023-05-19
2023-06-17,Q2 to Q2_CEC_FLM_NA_The Boogeyman_FBIG_CVS_ENFR_L CEC FLM 061_CP22JGW_JasonWright,1617.03,not_delivering,2068.0,actions:offsite_conversion.fb_pixel_purchase,147135.0,,0.7819294,2023-06-15,288457.0,5.605792,1110.0,1.456784,0.384806,5472.0,1.89699,0.29551,1.9604920651102729,EXH,2023-06-09
2023-06-10,Q2 to Q2_CEC_FLM_NA_The Boogeyman_FBIG_CVS_ENFR_L CEC FLM 061_CP22JGW_JasonWright,1616.18,not_delivering,2139.0,actions:offsite_conversion.fb_pixel_purchase,124874.0,,0.75557737,2023-06-15,253797.0,6.368003,942.0,1.71569,0.371163,5236.0,2.063066,0.308667,2.0324246840815543,EXH,2023-06-02
2023-06-24,Q2 to Q2_CEC_FLM_NA_Spiderman: Across The Spider Verse_FBIG_CVS_ENFR_CEC TFL 061_CP22JGW_JasonWright,399.35,not_delivering,691.0,actions:offsite_conversion.fb_pixel_purchase,51049.0,,0.57793054,2023-06-18,71689.0,5.57059,234.0,1.706624,0.32641,461.0,0.643055,0.866269,1.404317420517542,EXH,2023-06-16
2023-06-24,Q2 to Q2_CEC_FLM_NA_The Little Mermaid_FBIG_CVS_ENFR_L CEC FLM 061_CP22JGW_JasonWright,195.72,not_delivering,332.0,actions:offsite_conversion.fb_pixel_purchase,26570.0,,0.58951807,2023-06-18,32605.0,6.00276,332.0,0.589518,1.018249,793.0,2.432142,0.24681,1.2271358675197592,EXH,2023-06-16
2023-06-17,Q2 to Q2_CEC_FLM_NA_Spiderman: Across The Spider Verse_FBIG_CVS_ENFR_CEC TFL 061_CP22JGW_JasonWright,3097.48,not_delivering,4028.0,actions:offsite_conversion.fb_pixel_purchase,202936.0,,0.76898709,2023-06-18,505909.0,6.122603,2577.0,1.201971,0.50938,4232.0,0.836514,0.731919,2.4929485157882287,EXH,2023-06-09
2023-06-17,Q2 to Q2_CEC_FLM_NA_The Little Mermaid_FBIG_CVS_ENFR_L CEC FLM 061_CP22JGW_JasonWright,1491.62,not_delivering,1531.0,actions:offsite_conversion.fb_pixel_purchase,133416.0,,0.97427825,2023-06-18,245464.0,6.076736,3803.0,0.392222,1.549311,8697.0,3.543086,0.17151,1.8398392996342268,EXH,2023-06-09
2023-06-10,Q2 to Q2_CEC_FLM_NA_Spiderman: Across The Spider Verse_FBIG_CVS_ENFR_CEC TFL 061_CP22JGW_JasonWright,3260.11,not_delivering,5375.0,actions:offsite_conversion.fb_pixel_purchase,182994.0,,0.60653209,2023-06-18,517756.0,6.296615,2732.0,1.193305,0.527662,5510.0,1.064208,0.591672,2.8293605254817096,EXH,2023-06-02
2023-06-10,Q2 to Q2_CEC_FLM_NA_The Little Mermaid_FBIG_CVS_ENFR_L CEC FLM 061_CP22JGW_JasonWright,1566.78,not_delivering,2424.0,actions:offsite_conversion.fb_pixel_purchase,113412.0,,0.64636139,2023-06-18,233424.0,6.712163,2875.0,0.544967,1.231664,7982.0,3.419528,0.196289,2.058194900010581,EXH,2023-06-02
2023-06-03,Q2 to Q2_CEC_FLM_NA_Spiderman: Across The Spider Verse_FBIG_CVS_ENFR_CEC TFL 061_CP22JGW_JasonWright,1002.76,not_delivering,1523.0,actions:offsite_conversion.fb_pixel_purchase,70063.0,,0.65841103,2023-06-18,133078.0,7.53513,702.0,1.428433,0.52751,1507.0,1.132419,0.665401,1.899404821375048,EXH,2023-05-26
2023-06-03,Q2 to Q2_CEC_FLM_NA_The Little Mermaid_FBIG_CVS_ENFR_L CEC FLM 061_CP22JGW_JasonWright,1645.82,not_delivering,2006.0,actions:offsite_conversion.fb_pixel_purchase,88725.0,,0.82044865,2023-06-18,219552.0,7.496265,2894.0,0.568701,1.318139,9610.0,4.377095,0.171261,2.4745224006762467,EXH,2023-05-26
2023-05-27,Q2 to Q2_CEC_FLM_NA_The Little Mermaid_FBIG_CVS_ENFR_L CEC FLM 061_CP22JGW_JasonWright,88.36,not_delivering,74.0,actions:offsite_conversion.fb_pixel_purchase,7189.0,,1.19405405,2023-06-18,9271.0,9.530795,89.0,0.992809,0.959983,190.0,2.049401,0.465053,1.289609125052163,EXH,2023-05-19
2023-07-01,Q2 to Q2_CEC_FLM_NA_Transformers_FBIG_CVS_ENFR_L CEC TFL 061_CP22JGW_JasonWright,172.99,not_delivering,188.0,actions:offsite_conversion.fb_pixel_purchase,27097.0,,0.92015957,2023-06-25,32901.0,5.257895,404.0,0.428193,1.227926,701.0,2.130634,0.246776,1.214193453149795,EXH,2023-06-23
2023-07-01,Q2 to Q2_CEC_FLM_NA_Elemental_FBIG_CVS_ENFR_L CEC TFL 061_CP22JGW_JasonWright,881.74,not_delivering,963.0,actions:offsite_conversion.fb_pixel_purchase,90984.0,,0.91561786,2023-06-25,129962.0,6.784599,681.0,1.294772,0.523999,1706.0,1.312691,0.516846,1.4284049942847095,EXH,2023-06-23
2023-06-24,Q2 to Q2_CEC_FLM_NA_Transformers_FBIG_CVS_ENFR_L CEC TFL 061_CP22JGW_JasonWright,1368.63,not_delivering,1436.0,actions:offsite_conversion.fb_pixel_purchase,160446.0,,0.95308496,2023-06-25,303418.0,4.510708,3228.0,0.423987,1.063879,5797.0,1.910566,0.236093,1.8910910836044525,EXH,2023-06-16
2023-06-24,Q2 to Q2_CEC_FLM_NA_Elemental_FBIG_CVS_ENFR_L CEC TFL 061_CP22JGW_JasonWright,6304.44,not_delivering,6145.0,actions:offsite_conversion.fb_pixel_purchase,348251.0,,1.0259463,2023-06-25,966722.0,6.521461,4896.0,1.287672,0.506454,12567.0,1.29996,0.501666,2.775934598895624,EXH,2023-06-16
2023-06-17,Q2 to Q2_CEC_FLM_NA_Transformers_FBIG_CVS_ENFR_L CEC TFL 061_CP22JGW_JasonWright,1671.67,not_delivering,1764.0,actions:offsite_conversion.fb_pixel_purchase,152907.0,,0.94765873,2023-06-25,326758.0,5.115927,4436.0,0.376842,1.35758,8329.0,2.548981,0.200705,2.1369721464681146,EXH,2023-06-09
2023-06-17,Q2 to Q2_CEC_FLM_NA_Elemental_FBIG_CVS_ENFR_L CEC TFL 061_CP22JGW_JasonWright,1651.25,not_delivering,1823.0,actions:offsite_conversion.fb_pixel_purchase,126857.0,,0.90578716,2023-06-25,229316.0,7.200762,847.0,1.949528,0.369359,2071.0,0.903121,0.79732,1.807673206839197,EXH,2023-06-09
2023-06-10,Q2 to Q2_CEC_FLM_NA_Transformers_FBIG_CVS_ENFR_L CEC TFL 061_CP22JGW_JasonWright,501.46,not_delivering,702.0,actions:offsite_conversion.fb_pixel_purchase,43185.0,,0.71433048,2023-06-25,72511.0,6.91564,774.0,0.647881,1.067424,1594.0,2.198287,0.314592,1.6790783836980434,EXH,2023-06-02
2023-07-01,Q1 to Q2_CEC_TBR_NA_FY23 Junxion Kildonan_FBIG_CVS_EN_L CEC TBR 018_CP1ZGK3_TaniaCinquino,564.15,not_delivering,296.0,actions:offsite_conversion.fb_pixel_purchase,22035.0,,1.90591216,2023-06-30,92280.0,6.113459,136.0,4.148162,0.147378,230.0,0.249241,2.452826,4.1878829135466304,EXH,2023-06-23
2023-07-01,Q2 to Q3_CEC_BRA_N/A_Spring Movie Gift Pack Campaign_FBIG_TC_ENFR_L CEC TBR 017_CP21SGR_Stephanie Critelli,1710.77,not_delivering,1494.0,actions:landing_page_view,105542.0,,1.14509371,2023-06-30,266274.0,6.424848,1904.0,0.898514,0.715053,4589.0,1.723413,0.372798,2.5229197854882415,EXH,2023-06-23
2023-06-24,Q1 to Q2_CEC_TBR_NA_FY23 Junxion Kildonan_FBIG_CVS_EN_L CEC TBR 018_CP1ZGK3_TaniaCinquino,630.31,not_delivering,368.0,actions:offsite_conversion.fb_pixel_purchase,22216.0,,1.71279891,2023-06-30,102246.0,6.164642,143.0,4.407762,0.139859,260.0,0.254289,2.424269,4.602358660424919,EXH,2023-06-16
2023-06-24,Q2 to Q3_CEC_BRA_N/A_Spring Movie Gift Pack Campaign_FBIG_TC_ENFR_L CEC TBR 017_CP21SGR_Stephanie Critelli,1980.77,not_delivering,1603.0,actions:landing_page_view,109590.0,,1.23566438,2023-06-30,292121.0,6.780649,2042.0,0.970015,0.699025,4816.0,1.648632,0.411289,2.6655808011679896,EXH,2023-06-16
2023-06-17,Q1 to Q2_CEC_TBR_NA_FY23 Junxion Kildonan_FBIG_CVS_EN_L CEC TBR 018_CP1ZGK3_TaniaCinquino,654.18,not_delivering,445.0,actions:offsite_conversion.fb_pixel_purchase,22107.0,,1.47006742,2023-06-30,105844.0,6.180605,124.0,5.275645,0.117154,249.0,0.235252,2.627229,4.7878047677206315,EXH,2023-06-09
2023-06-17,Q2 to Q3_CEC_BRA_N/A_Spring Movie Gift Pack Campaign_FBIG_TC_ENFR_L CEC TBR 017_CP21SGR_Stephanie Critelli,2950.58,not_delivering,2476.0,actions:landing_page_view,194419.0,,1.19167205,2023-06-30,471569.0,6.256942,3068.0,0.961728,0.650594,7427.0,1.574955,0.397278,2.425529397846918,EXH,2023-06-09
2023-06-10,Q1 to Q2_CEC_TBR_NA_FY23 Junxion Kildonan_FBIG_CVS_EN_L CEC TBR 018_CP1ZGK3_TaniaCinquino,664.26,not_delivering,537.0,actions:offsite_conversion.fb_pixel_purchase,20922.0,,1.23698324,2023-06-30,105114.0,6.319425,117.0,5.677436,0.111308,275.0,0.261621,2.415491,5.024089475193576,EXH,2023-06-02
2023-06-10,Q2 to Q3_CEC_BRA_N/A_Spring Movie Gift Pack Campaign_FBIG_TC_ENFR_L CEC TBR 017_CP21SGR_Stephanie Critelli,2997.67,not_delivering,2318.0,actions:landing_page_view,179533.0,,1.29321398,2023-06-30,481346.0,6.227682,2952.0,1.015471,0.61328,7007.0,1.45571,0.427811,2.6811004105094884,EXH,2023-06-02
2023-06-03,Q1 to Q2_CEC_TBR_NA_FY23 Junxion Kildonan_FBIG_CVS_EN_L CEC TBR 018_CP1ZGK3_TaniaCinquino,663.37,not_delivering,490.0,actions:offsite_conversion.fb_pixel_purchase,24715.0,,1.35381633,2023-06-30,104700.0,6.335912,100.0,6.6337,0.095511,203.0,0.193887,3.267833,4.236293748735585,EXH,2023-05-26
2023-06-03,Q2 to Q3_CEC_BRA_N/A_Spring Movie Gift Pack Campaign_FBIG_TC_ENFR_L CEC TBR 017_CP21SGR_Stephanie Critelli,3001.48,not_delivering,2290.0,actions:landing_page_view,169608.0,,1.31068996,2023-06-30,454885.0,6.598327,2908.0,1.032146,0.639282,6545.0,1.438825,0.458591,2.6819784444129993,EXH,2023-05-26
2023-05-27,Q1 to Q2_CEC_TBR_NA_FY23 Junxion Kildonan_FBIG_CVS_EN_L CEC TBR 018_CP1ZGK3_TaniaCinquino,687.71,not_delivering,390.0,actions:offsite_conversion.fb_pixel_purchase,23928.0,,1.76335897,2023-06-30,109112.0,6.30279,101.0,6.80901,0.092565,198.0,0.181465,3.473283,4.560013373453694,EXH,2023-05-19
2023-05-27,Q2 to Q3_CEC_BRA_N/A_Spring Movie Gift Pack Campaign_FBIG_TC_ENFR_L CEC TBR 017_CP21SGR_Stephanie Critelli,3123.92,not_delivering,2079.0,actions:landing_page_view,183060.0,,1.50260702,2023-06-30,471300.0,6.628305,2816.0,1.109347,0.597496,6829.0,1.448971,0.457449,2.5745657161586366,EXH,2023-05-19
2023-05-20,Q1 to Q2_CEC_TBR_NA_FY23 Junxion Kildonan_FBIG_CVS_EN_L CEC TBR 018_CP1ZGK3_TaniaCinquino,660.68,not_delivering,371.0,actions:offsite_conversion.fb_pixel_purchase,24782.0,,1.78080863,2023-06-30,101539.0,6.506662,85.0,7.772706,0.083712,189.0,0.186135,3.495661,4.097288354450811,EXH,2023-05-12
2023-05-20,Q2 to Q3_CEC_BRA_N/A_Spring Movie Gift Pack Campaign_FBIG_TC_ENFR_L CEC TBR 017_CP21SGR_Stephanie Critelli,2696.17,not_delivering,2190.0,actions:landing_page_view,135391.0,,1.23112785,2023-06-30,386606.0,6.973948,2793.0,0.965331,0.722441,6369.0,1.647414,0.423327,2.8554778382610366,EXH,2023-05-12
2023-05-13,Q1 to Q2_CEC_TBR_NA_FY23 Junxion Kildonan_FBIG_CVS_EN_L CEC TBR 018_CP1ZGK3_TaniaCinquino,662.02,not_delivering,439.0,actions:offsite_conversion.fb_pixel_purchase,23156.0,,1.50801822,2023-06-30,103594.0,6.390525,109.0,6.073578,0.105218,233.0,0.224917,2.841288,4.473743306270513,EXH,2023-05-05
2023-05-13,Q2 to Q3_CEC_BRA_N/A_Spring Movie Gift Pack Campaign_FBIG_TC_ENFR_L CEC TBR 017_CP21SGR_Stephanie Critelli,2051.03,not_delivering,1823.0,actions:landing_page_view,124168.0,,1.12508502,2023-06-30,321717.0,6.375261,2277.0,0.90076,0.707765,5300.0,1.647411,0.386987,2.5909815733522326,EXH,2023-05-05
2023-05-06,Q1 to Q2_CEC_TBR_NA_FY23 Junxion Kildonan_FBIG_CVS_EN_L CEC TBR 018_CP1ZGK3_TaniaCinquino,660.03,not_delivering,453.0,actions:offsite_conversion.fb_pixel_purchase,20584.0,,1.45701987,2023-06-30,103558.0,6.37353,92.0,7.174239,0.088839,214.0,0.206647,3.084252,5.030994947532064,EXH,2023-04-28
2023-05-06,Q2 to Q3_CEC_BRA_N/A_Spring Movie Gift Pack Campaign_FBIG_TC_ENFR_L CEC TBR 017_CP21SGR_Stephanie Critelli,2010.22,not_delivering,2402.0,actions:landing_page_view,139939.0,,0.83689425,2023-06-30,344852.0,5.829225,2881.0,0.697751,0.835431,5826.0,1.68942,0.345043,2.464302303146371,EXH,2023-04-28
2023-04-29,Q1 to Q2_CEC_TBR_NA_FY23 Junxion Kildonan_FBIG_CVS_EN_L CEC TBR 018_CP1ZGK3_TaniaCinquino,626.99,not_delivering,421.0,actions:offsite_conversion.fb_pixel_purchase,18009.0,,1.48928741,2023-06-30,91882.0,6.823861,103.0,6.087282,0.1121,258.0,0.280795,2.430194,5.102004553278916,EXH,2023-04-21
2023-04-29,Q2 to Q3_CEC_BRA_N/A_Spring Movie Gift Pack Campaign_FBIG_TC_ENFR_L CEC TBR 017_CP21SGR_Stephanie Critelli,2088.1,not_delivering,1901.0,actions:landing_page_view,131713.0,,1.09842188,2023-06-30,338787.0,6.16346,2403.0,0.868955,0.709295,5835.0,1.722321,0.357858,2.572160682696469,EXH,2023-04-21
2023-04-22,Q1 to Q2_CEC_TBR_NA_FY23 Junxion Kildonan_FBIG_CVS_EN_L CEC TBR 018_CP1ZGK3_TaniaCinquino,639.17,not_delivering,415.0,actions:offsite_conversion.fb_pixel_purchase,17439.0,,1.54016867,2023-06-30,87849.0,7.27578,86.0,7.432209,0.097895,234.0,0.266366,2.731496,5.037502150352658,EXH,2023-04-14
2023-04-22,Q2 to Q3_CEC_BRA_N/A_Spring Movie Gift Pack Campaign_FBIG_TC_ENFR_L CEC TBR 017_CP21SGR_Stephanie Critelli,2061.93,not_delivering,1999.0,actions:landing_page_view,129303.0,,1.03148074,2023-06-30,332858.0,6.194624,2509.0,0.821813,0.753775,6460.0,1.940768,0.319184,2.5742480839578357,EXH,2023-04-14
2023-04-15,Q1 to Q2_CEC_TBR_NA_FY23 Junxion Kildonan_FBIG_CVS_EN_L CEC TBR 018_CP1ZGK3_TaniaCinquino,665.96,not_delivering,648.0,actions:offsite_conversion.fb_pixel_purchase,16718.0,,1.02771605,2023-06-30,91336.0,7.29132,111.0,5.99964,0.121529,262.0,0.286853,2.541832,5.46333293456155,EXH,2023-04-07
2023-04-15,Q2 to Q3_CEC_BRA_N/A_Spring Movie Gift Pack Campaign_FBIG_TC_ENFR_L CEC TBR 017_CP21SGR_Stephanie Critelli,2683.7,not_delivering,3004.0,actions:landing_page_view,164679.0,,0.8933755,2023-06-30,450268.0,5.960228,3657.0,0.733853,0.812183,8801.0,1.954614,0.304931,2.734216263154379,EXH,2023-04-07
2023-04-08,Q1 to Q2_CEC_TBR_NA_FY23 Junxion Kildonan_FBIG_CVS_EN_L CEC TBR 018_CP1ZGK3_TaniaCinquino,678.79,not_delivering,796.0,actions:offsite_conversion.fb_pixel_purchase,20401.0,,0.85275126,2023-06-30,99478.0,6.823519,117.0,5.801624,0.117614,267.0,0.268401,2.542285,4.876133522866526,EXH,2023-03-31
2023-04-08,Q2 to Q3_CEC_BRA_N/A_Spring Movie Gift Pack Campaign_FBIG_TC_ENFR_L CEC TBR 017_CP21SGR_Stephanie Critelli,3662.33,not_delivering,5969.0,actions:landing_page_view,161170.0,,0.61355838,2023-06-30,496464.0,7.376829,6941.0,0.527637,1.398087,17043.0,3.432877,0.214888,3.0803747595706397,EXH,2023-03-31
2023-04-01,Q1 to Q2_CEC_TBR_NA_FY23 Junxion Kildonan_FBIG_CVS_EN_L CEC TBR 018_CP1ZGK3_TaniaCinquino,671.97,not_delivering,466.0,actions:offsite_conversion.fb_pixel_purchase,19300.0,,1.44199571,2023-06-30,88186.0,7.619917,88.0,7.636023,0.099789,191.0,0.216588,3.518168,4.569222797927461,EXH,2023-03-24
2023-03-25,Q1 to Q2_CEC_TBR_NA_FY23 Junxion Kildonan_FBIG_CVS_EN_L CEC TBR 018_CP1ZGK3_TaniaCinquino,654.22,not_delivering,362.0,actions:offsite_conversion.fb_pixel_purchase,22185.0,,1.80723757,2023-06-30,94217.0,6.943758,91.0,7.189231,0.096586,181.0,0.19211,3.614475,4.246878521523552,EXH,2023-03-17
2023-03-18,Q1 to Q2_CEC_TBR_NA_FY23 Junxion Kildonan_FBIG_CVS_EN_L CEC TBR 018_CP1ZGK3_TaniaCinquino,659.36,not_delivering,256.0,actions:offsite_conversion.fb_pixel_purchase,20535.0,,2.575625,2023-06-30,93506.0,7.051526,96.0,6.868333,0.102667,183.0,0.195709,3.60306,4.553494034575116,EXH,2023-03-10
2023-03-11,Q1 to Q2_CEC_TBR_NA_FY23 Junxion Kildonan_FBIG_CVS_EN_L CEC TBR 018_CP1ZGK3_TaniaCinquino,671.12,not_delivering,311.0,actions:offsite_conversion.fb_pixel_purchase,27119.0,,2.15794212,2023-06-30,116507.0,5.760341,87.0,7.714023,0.074674,167.0,0.143339,4.018683,4.296139238172499,EXH,2023-03-03
2023-03-04,Q1 to Q2_CEC_TBR_NA_FY23 Junxion Kildonan_FBIG_CVS_EN_L CEC TBR 018_CP1ZGK3_TaniaCinquino,659.01,not_delivering,329.0,actions:offsite_conversion.fb_pixel_purchase,31473.0,,2.00306991,2023-06-30,135929.0,4.848193,113.0,5.831947,0.083132,233.0,0.171413,2.828369,4.318908270581133,EXH,2023-02-24
2023-02-25,Q1 to Q2_CEC_TBR_NA_FY23 Junxion Kildonan_FBIG_CVS_EN_L CEC TBR 018_CP1ZGK3_TaniaCinquino,651.77,not_delivering,433.0,actions:offsite_conversion.fb_pixel_purchase,33463.0,,1.50524249,2023-06-30,136868.0,4.762033,125.0,5.21416,0.091329,251.0,0.183388,2.596693,4.090129396647043,EXH,2023-02-17
2023-02-18,Q1 to Q2_CEC_TBR_NA_FY23 Junxion Kildonan_FBIG_CVS_EN_L CEC TBR 018_CP1ZGK3_TaniaCinquino,671.75,not_delivering,505.0,actions:offsite_conversion.fb_pixel_purchase,37470.0,,1.33019802,2023-06-30,147195.0,4.563674,116.0,5.790948,0.078807,220.0,0.149462,3.053409,3.9283426741393113,EXH,2023-02-10
2023-02-11,Q1 to Q2_CEC_TBR_NA_FY23 Junxion Kildonan_FBIG_CVS_EN_L CEC TBR 018_CP1ZGK3_TaniaCinquino,679.09,not_delivering,389.0,actions:offsite_conversion.fb_pixel_purchase,36893.0,,1.74573265,2023-06-30,142987.0,4.749313,123.0,5.521057,0.086022,244.0,0.170645,2.783156,3.8757216816198197,EXH,2023-02-03
2023-02-04,Q1 to Q2_CEC_TBR_NA_FY23 Junxion Kildonan_FBIG_CVS_EN_L CEC TBR 018_CP1ZGK3_TaniaCinquino,375.08,not_delivering,224.0,actions:offsite_conversion.fb_pixel_purchase,24338.0,,1.67446429,2023-06-30,73758.0,5.085279,63.0,5.953651,0.085414,128.0,0.173541,2.930313,3.030569479825787,EXH,2023-01-27
2023-07-01,Q2 to Q2_CEC_FLM_NA_The Flash_FBIG_CVS_ENFR_L CEC TFL 061_CP22JGW_JasonWright,2390.17,not_delivering,2071.0,actions:offsite_conversion.fb_pixel_purchase,164633.0,,1.15411395,2023-07-01,341869.0,6.991479,4191.0,0.57031,1.225908,7862.0,2.299711,0.304016,2.076552088584913,EXH,2023-06-23
2023-06-24,Q2 to Q2_CEC_FLM_NA_The Flash_FBIG_CVS_ENFR_L CEC TFL 061_CP22JGW_JasonWright,2421.79,not_delivering,1883.0,actions:offsite_conversion.fb_pixel_purchase,164659.0,,1.28613383,2023-07-01,369211.0,6.559366,7329.0,0.330439,1.985044,13198.0,3.57465,0.183497,2.2422764622644373,EXH,2023-06-16
2023-06-17,Q2 to Q2_CEC_FLM_NA_The Flash_FBIG_CVS_ENFR_L CEC TFL 061_CP22JGW_JasonWright,730.6,not_delivering,603.0,actions:offsite_conversion.fb_pixel_purchase,53202.0,,1.21160862,2023-07-01,92733.0,7.878533,1278.0,0.571674,1.37815,2721.0,2.934231,0.268504,1.7430359760911245,EXH,2023-06-09
2023-07-08,Q2 to Q2_CEC_A&C_NA_FY23 Event Cinema_FBIG_CVS_ENFR_L CEC TAC 023_CP21R2S_Alexandra Stewart,96.81,completed,134.0,actions:offsite_conversion.fb_pixel_purchase,8939.0,,0.72246269,2023-07-02,14183.0,6.825777,60.0,1.6135,0.423042,107.0,0.754424,0.904766,1.5866428012081888,EXH,2023-06-30
2023-07-08,Q2 to Q2_CEC_FLM_NA_Indiana Jones Studio_FBIG_CVS_ENFR_L CEC TFL 082_CP2597R_JasonWright,2144.74,not_delivering,4155.0,actions:offsite_conversion.fb_pixel_purchase,317101.0,,0.51618291,2023-07-02,464416.0,4.618144,1419.0,1.511445,0.305545,4446.0,0.957331,0.482398,1.4645680713715818,EXH,2023-06-30
2023-07-01,Q2 to Q2_CEC_A&C_NA_FY23 Event Cinema_FBIG_CVS_ENFR_L CEC TAC 023_CP21R2S_Alexandra Stewart,1101.75,completed,676.0,actions:offsite_conversion.fb_pixel_purchase,39120.0,,1.62980769,2023-07-02,137476.0,8.014126,568.0,1.939701,0.413163,1026.0,0.746312,1.07383,3.5142126789366053,EXH,2023-06-23
2023-07-01,Q2 to Q2_CEC_FLM_NA_Indiana Jones Studio_FBIG_CVS_ENFR_L CEC TFL 082_CP2597R_JasonWright,16620.27,not_delivering,13845.0,actions:offsite_conversion.fb_pixel_purchase,965463.0,,1.20045287,2023-07-02,2925527.0,5.68112,10662.0,1.558832,0.364447,36493.0,1.247399,0.455437,3.030180338345436,EXH,2023-06-23
2023-06-24,Q2 to Q2_CEC_A&C_NA_FY23 Event Cinema_FBIG_CVS_ENFR_L CEC TAC 023_CP21R2S_Alexandra Stewart,1190.52,completed,624.0,actions:offsite_conversion.fb_pixel_purchase,40435.0,,1.90788462,2023-07-02,147210.0,8.087222,748.0,1.591604,0.508118,1384.0,0.940154,0.860202,3.6406578459255594,EXH,2023-06-16
2023-06-24,Q2 to Q2_CEC_FLM_NA_Indiana Jones Studio_FBIG_CVS_ENFR_L CEC TFL 082_CP2597R_JasonWright,4819.44,not_delivering,3173.0,actions:offsite_conversion.fb_pixel_purchase,349442.0,,1.51889064,2023-07-02,677391.0,7.114709,3995.0,1.206368,0.589763,14954.0,2.207588,0.322284,1.9384933694289754,EXH,2023-06-16
2023-06-17,Q2 to Q2_CEC_A&C_NA_FY23 Event Cinema_FBIG_CVS_ENFR_L CEC TAC 023_CP21R2S_Alexandra Stewart,643.49,completed,547.0,actions:offsite_conversion.fb_pixel_purchase,26704.0,,1.17639854,2023-07-02,81058.0,7.938637,250.0,2.57396,0.308421,436.0,0.537886,1.475895,3.0354254044337927,EXH,2023-06-09
2023-06-10,Q2 to Q2_CEC_A&C_NA_FY23 Event Cinema_FBIG_CVS_ENFR_L CEC TAC 023_CP21R2S_Alexandra Stewart,469.47,completed,450.0,actions:offsite_conversion.fb_pixel_purchase,21194.0,,1.04326667,2023-07-02,59199.0,7.93037,158.0,2.971329,0.266896,320.0,0.54055,1.467094,2.7931961876002642,EXH,2023-06-02
2023-06-03,Q2 to Q2_CEC_A&C_NA_FY23 Event Cinema_FBIG_CVS_ENFR_L CEC TAC 023_CP21R2S_Alexandra Stewart,887.71,completed,669.0,actions:offsite_conversion.fb_pixel_purchase,27237.0,,1.32692078,2023-07-02,102471.0,8.663036,321.0,2.765452,0.313259,606.0,0.591387,1.464868,3.7621984800088115,EXH,2023-05-26
2023-05-27,Q2 to Q2_CEC_A&C_NA_FY23 Event Cinema_FBIG_CVS_ENFR_L CEC TAC 023_CP21R2S_Alexandra Stewart,1684.78,completed,782.0,actions:offsite_conversion.fb_pixel_purchase,42426.0,,2.15445013,2023-07-02,199415.0,8.448612,686.0,2.455948,0.344006,1389.0,0.696537,1.212945,4.70030170178664,EXH,2023-05-19
2023-05-20,Q2 to Q2_CEC_A&C_NA_FY23 Event Cinema_FBIG_CVS_ENFR_L CEC TAC 023_CP21R2S_Alexandra Stewart,827.5,completed,341.0,actions:offsite_conversion.fb_pixel_purchase,26896.0,,2.42668622,2023-07-02,80490.0,10.28078,241.0,3.43361,0.299416,399.0,0.495714,2.073935,2.992638310529447,EXH,2023-05-12
2023-05-13,Q2 to Q2_CEC_A&C_NA_FY23 Event Cinema_FBIG_CVS_ENFR_L CEC TAC 023_CP21R2S_Alexandra Stewart,338.38,completed,207.0,actions:offsite_conversion.fb_pixel_purchase,14987.0,,1.63468599,2023-07-02,44399.0,7.621343,115.0,2.942435,0.259015,216.0,0.486497,1.566574,2.962500834056182,EXH,2023-05-05
2023-05-06,Q2 to Q2_CEC_A&C_NA_FY23 Event Cinema_FBIG_CVS_ENFR_L CEC TAC 023_CP21R2S_Alexandra Stewart,578.08,completed,496.0,actions:offsite_conversion.fb_pixel_purchase,20026.0,,1.16548387,2023-07-02,65222.0,8.863267,145.0,3.986759,0.222318,278.0,0.426237,2.079424,3.256866074103665,EXH,2023-04-28
2023-04-29,Q2 to Q2_CEC_A&C_NA_FY23 Event Cinema_FBIG_CVS_ENFR_L CEC TAC 023_CP21R2S_Alexandra Stewart,2039.82,completed,827.0,actions:offsite_conversion.fb_pixel_purchase,47007.0,,2.46652963,2023-07-02,243852.0,8.364992,718.0,2.840975,0.294441,1513.0,0.620458,1.348196,5.187567809049716,EXH,2023-04-21
2023-04-22,Q2 to Q2_CEC_A&C_NA_FY23 Event Cinema_FBIG_CVS_ENFR_L CEC TAC 023_CP21R2S_Alexandra Stewart,1143.72,completed,511.0,actions:offsite_conversion.fb_pixel_purchase,35041.0,,2.23819961,2023-07-02,123869.0,9.233303,347.0,3.296023,0.280135,712.0,0.574801,1.606348,3.5349733169715476,EXH,2023-04-14
2023-04-15,Q2 to Q2_CEC_A&C_NA_FY23 Event Cinema_FBIG_CVS_ENFR_L CEC TAC 023_CP21R2S_Alexandra Stewart,818.73,completed,725.0,actions:offsite_conversion.fb_pixel_purchase,25425.0,,1.12928276,2023-07-02,101341.0,8.078961,252.0,3.248929,0.248665,507.0,0.500291,1.614852,3.985880039331367,EXH,2023-04-07
2023-04-08,Q2 to Q2_CEC_A&C_NA_FY23 Event Cinema_FBIG_CVS_ENFR_L CEC TAC 023_CP21R2S_Alexandra Stewart,875.02,completed,1006.0,actions:offsite_conversion.fb_pixel_purchase,29862.0,,0.86980119,2023-07-02,106680.0,8.202287,243.0,3.600905,0.227784,548.0,0.513686,1.596752,3.5724331926863573,EXH,2023-03-31
2023-04-01,Q2 to Q2_CEC_A&C_NA_FY23 Event Cinema_FBIG_CVS_ENFR_L CEC TAC 023_CP21R2S_Alexandra Stewart,106.25,completed,50.0,actions:offsite_conversion.fb_pixel_purchase,7061.0,,2.125,2023-07-02,11279.0,9.420161,21.0,5.059524,0.186187,56.0,0.496498,1.897321,1.5973658122079026,EXH,2023-03-24
2023-07-15,Q3 to Q3_CEC_FLM_NA_Tier 2 Ruby Gillman_FBIG_CVS_ENFR_L CEC TFL 090_CP25N1L_JasonWright,2200.57,not_delivering,3156.0,actions:offsite_conversion.fb_pixel_purchase,155433.0,,0.69726553,2023-07-14,343159.0,6.412683,1645.0,1.337733,0.47937,3683.0,1.073263,0.597494,2.207761543558961,EXH,2023-07-07
2023-07-15,Q2 to Q3_CEC_TBR_NA_FY23 Junxion Erin Mills (Now Open)_FBIG_CVS_EN_L CEC TBR 063_CP23QZX,1831.31,not_delivering,2085.0,actions:offsite_conversion.fb_pixel_purchase,81631.0,,0.87832614,2023-07-14,308385.0,5.938389,404.0,4.532946,0.131005,740.0,0.23996,2.474743,3.7777927503031936,EXH,2023-07-07
2023-07-15,Q2 to Q3_CEC_TBR_NA_FY23 Junxion Erin Mills (Now Open)_FBIG_ST_EN_L CEC TBR 063_CP23QZX,1758.32,not_delivering,2617.0,actions:link_click,93084.0,,0.67188384,2023-07-14,244612.0,7.1882,2617.0,0.671884,1.069858,2862.0,1.170016,0.614368,2.6278630054574363,EXH,2023-07-07
2023-07-08,Q3 to Q3_CEC_FLM_NA_Tier 2 Ruby Gillman_FBIG_CVS_ENFR_L CEC TFL 090_CP25N1L_JasonWright,1648.43,not_delivering,2153.0,actions:offsite_conversion.fb_pixel_purchase,130345.0,,0.76564329,2023-07-14,274951.0,5.995359,920.0,1.791772,0.334605,1900.0,0.691032,0.867595,2.1094096436380374,EXH,2023-06-30
2023-07-08,Q2 to Q3_CEC_TBR_NA_FY23 Junxion Erin Mills (Now Open)_FBIG_CVS_EN_L CEC TBR 063_CP23QZX,2425.36,not_delivering,2683.0,actions:offsite_conversion.fb_pixel_purchase,96053.0,,0.90397316,2023-07-14,430204.0,5.637697,597.0,4.06258,0.138771,1025.0,0.238259,2.366205,4.478818985351837,EXH,2023-06-30
2023-07-08,Q2 to Q3_CEC_TBR_NA_FY23 Junxion Erin Mills (Now Open)_FBIG_ST_EN_L CEC TBR 063_CP23QZX,2387.97,not_delivering,3638.0,actions:link_click,120417.0,,0.65639637,2023-07-14,376947.0,6.335029,3638.0,0.656396,0.965122,4137.0,1.097502,0.577223,3.1303470440220234,EXH,2023-06-30
2023-07-01,Q2 to Q3_CEC_TBR_NA_FY23 Junxion Erin Mills (Now Open)_FBIG_CVS_EN_L CEC TBR 063_CP23QZX,2407.13,not_delivering,1940.0,actions:offsite_conversion.fb_pixel_purchase,84108.0,,1.24078866,2023-07-14,341854.0,7.041398,444.0,5.421464,0.12988,898.0,0.262685,2.680546,4.064464735815855,EXH,2023-06-23
2023-07-01,Q2 to Q3_CEC_TBR_NA_FY23 Junxion Erin Mills (Now Open)_FBIG_ST_EN_L CEC TBR 063_CP23QZX,2431.46,not_delivering,3005.0,actions:link_click,134563.0,,0.8091381,2023-07-14,391294.0,6.213895,3005.0,0.809138,0.767965,3640.0,0.930247,0.667984,2.907887012031539,EXH,2023-06-23
2023-06-24,Q2 to Q3_CEC_TBR_NA_FY23 Junxion Erin Mills (Now Open)_FBIG_CVS_EN_L CEC TBR 063_CP23QZX,2316.73,not_delivering,1861.0,actions:offsite_conversion.fb_pixel_purchase,76120.0,,1.24488447,2023-07-14,332317.0,6.971446,443.0,5.229639,0.133306,935.0,0.281358,2.477786,4.365698896479243,EXH,2023-06-16
2023-06-24,Q2 to Q3_CEC_TBR_NA_FY23 Junxion Erin Mills (Now Open)_FBIG_ST_EN_L CEC TBR 063_CP23QZX,2339.31,not_delivering,2727.0,actions:link_click,130337.0,,0.85783278,2023-07-14,374232.0,6.250962,2727.0,0.857833,0.728692,3334.0,0.890891,0.701653,2.8712644912802965,EXH,2023-06-16
2023-06-17,Q2 to Q3_CEC_TBR_NA_FY23 Junxion Erin Mills (Now Open)_FBIG_CVS_EN_L CEC TBR 063_CP23QZX,2388.76,not_delivering,2369.0,actions:offsite_conversion.fb_pixel_purchase,81518.0,,1.00834107,2023-07-14,342982.0,6.96468,465.0,5.137118,0.135576,889.0,0.259197,2.687019,4.207438847861822,EXH,2023-06-09
2023-06-17,Q2 to Q3_CEC_TBR_NA_FY23 Junxion Erin Mills (Now Open)_FBIG_ST_EN_L CEC TBR 063_CP23QZX,2441.23,not_delivering,2618.0,actions:link_click,134986.0,,0.93247899,2023-07-14,382156.0,6.388046,2618.0,0.932479,0.685061,3300.0,0.863522,0.739767,2.8310787785399967,EXH,2023-06-09
2023-06-10,Q2 to Q3_CEC_TBR_NA_FY23 Junxion Erin Mills (Now Open)_FBIG_CVS_EN_L CEC TBR 063_CP23QZX,2419.84,not_delivering,2732.0,actions:offsite_conversion.fb_pixel_purchase,77540.0,,0.88573939,2023-07-14,331511.0,7.299426,449.0,5.389399,0.13544,869.0,0.262133,2.784626,4.2753546556615944,EXH,2023-06-02
2023-06-10,Q2 to Q3_CEC_TBR_NA_FY23 Junxion Erin Mills (Now Open)_FBIG_ST_EN_L CEC TBR 063_CP23QZX,2430.32,not_delivering,2404.0,actions:link_click,159958.0,,1.01094842,2023-07-14,485003.0,5.010938,2404.0,1.010948,0.495667,3297.0,0.67979,0.737131,3.032064666975081,EXH,2023-06-02
2023-06-03,Q2 to Q3_CEC_TBR_NA_FY23 Junxion Erin Mills (Now Open)_FBIG_CVS_EN_L CEC TBR 063_CP23QZX,2439.35,not_delivering,2395.0,actions:offsite_conversion.fb_pixel_purchase,88532.0,,1.01851775,2023-07-14,339617.0,7.18265,383.0,6.36906,0.112774,735.0,0.21642,3.318844,3.8360931640536755,EXH,2023-05-26
2023-06-03,Q2 to Q3_CEC_TBR_NA_FY23 Junxion Erin Mills (Now Open)_FBIG_ST_EN_L CEC TBR 063_CP23QZX,2441.97,not_delivering,2324.0,actions:link_click,165008.0,,1.05076162,2023-07-14,497153.0,4.911908,2324.0,1.050762,0.467462,3407.0,0.685302,0.716751,3.012902404731892,EXH,2023-05-26
2023-05-27,Q2 to Q3_CEC_TBR_NA_FY23 Junxion Erin Mills (Now Open)_FBIG_CVS_EN_L CEC TBR 063_CP23QZX,2482.44,not_delivering,2067.0,actions:offsite_conversion.fb_pixel_purchase,87996.0,,1.20098694,2023-07-14,351299.0,7.066459,438.0,5.667671,0.12468,875.0,0.249076,2.837074,3.9922155552525114,EXH,2023-05-19
2023-05-27,Q2 to Q3_CEC_TBR_NA_FY23 Junxion Erin Mills (Now Open)_FBIG_ST_EN_L CEC TBR 063_CP23QZX,2509.19,not_delivering,2365.0,actions:link_click,166661.0,,1.06096829,2023-07-14,496906.0,5.049627,2365.0,1.060968,0.475945,3706.0,0.745815,0.677062,2.9815373722706573,EXH,2023-05-19
2023-05-20,Q2 to Q3_CEC_TBR_NA_FY23 Junxion Erin Mills (Now Open)_FBIG_CVS_EN_L CEC TBR 063_CP23QZX,1289.0,not_delivering,953.0,actions:offsite_conversion.fb_pixel_purchase,42702.0,,1.35257083,2023-07-14,135383.0,9.521136,249.0,5.176707,0.183923,523.0,0.386311,2.464627,3.170413563767505,EXH,2023-05-12
2023-05-20,Q2 to Q3_CEC_TBR_NA_FY23 Junxion Erin Mills (Now Open)_FBIG_ST_EN_L CEC TBR 063_CP23QZX,1259.82,not_delivering,1443.0,actions:link_click,86107.0,,0.87305613,2023-07-14,196133.0,6.423294,1443.0,0.873056,0.735725,3287.0,1.675904,0.383274,2.2777822941224293,EXH,2023-05-12
2023-07-22,Q1 to Q2_CEC_FLM_NA_FY23 Film Always On Q2_FBIG_CVS_ENFR_L CEC TFL 060_CP22JCP_JasonWright,75.17,not_delivering,267.0,actions:offsite_conversion.fb_pixel_purchase,10080.0,,0.28153558,2023-07-16,12424.0,6.050386,491.0,0.153096,3.952028,689.0,5.545718,0.1091,1.2325396825396826,EXH,2023-07-14
2023-07-22,Q2 to Q2_CEC_FLM_NA_Indiana Jones_FBIG_CVS_ENFR_L CEC TFL 061_CP22JGW_JasonWright,380.64,not_delivering,977.0,actions:offsite_conversion.fb_pixel_purchase,71325.0,,0.38960082,2023-07-16,93874.0,4.054797,108.0,3.524444,0.115048,342.0,0.364318,1.112982,1.3161444093936208,EXH,2023-07-14
2023-07-15,Q1 to Q2_CEC_FLM_NA_FY23 Film Always On Q2_FBIG_CVS_ENFR_L CEC TFL 060_CP22JCP_JasonWright,683.6,not_delivering,672.0,actions:offsite_conversion.fb_pixel_purchase,72990.0,,1.0172619,2023-07-16,122395.0,5.585195,5071.0,0.134806,4.143143,7138.0,5.831938,0.095769,1.6768735443211398,EXH,2023-07-07
2023-07-15,Q2 to Q2_CEC_FLM_NA_Indiana Jones_FBIG_CVS_ENFR_L CEC TFL 061_CP22JGW_JasonWright,3041.77,not_delivering,5186.0,actions:offsite_conversion.fb_pixel_purchase,266105.0,,0.5865349,2023-07-16,670246.0,4.538289,1061.0,2.86689,0.1583,4150.0,0.619176,0.732957,2.518727569944195,EXH,2023-07-07
2023-07-08,Q1 to Q2_CEC_FLM_NA_FY23 Film Always On Q2_FBIG_CVS_ENFR_L CEC TFL 060_CP22JCP_JasonWright,499.51,not_delivering,622.0,actions:offsite_conversion.fb_pixel_purchase,52108.0,,0.80307074,2023-07-16,80296.0,6.220858,1467.0,0.340498,1.82699,2255.0,2.808359,0.221512,1.540953404467644,EXH,2023-06-30
2023-07-08,Q2 to Q2_CEC_FLM_NA_Indiana Jones_FBIG_CVS_ENFR_L CEC TFL 061_CP22JGW_JasonWright,2674.5,not_delivering,3653.0,actions:offsite_conversion.fb_pixel_purchase,239562.0,,0.73213797,2023-07-16,577268.0,4.63303,1334.0,2.004873,0.231089,5678.0,0.983599,0.471029,2.4096810011604513,EXH,2023-06-30
2023-07-01,Q1 to Q2_CEC_FLM_NA_FY23 Film Always On Q2_FBIG_CVS_ENFR_L CEC TFL 060_CP22JCP_JasonWright,510.12,not_delivering,431.0,actions:offsite_conversion.fb_pixel_purchase,41054.0,,1.18357309,2023-07-16,75343.0,6.770636,2661.0,0.191702,3.531848,3360.0,4.459605,0.151821,1.8352170312271643,EXH,2023-06-23
2023-06-24,Q1 to Q2_CEC_FLM_NA_FY23 Film Always On Q2_FBIG_CVS_ENFR_L CEC TFL 060_CP22JCP_JasonWright,562.63,not_delivering,420.0,actions:offsite_conversion.fb_pixel_purchase,45016.0,,1.33959524,2023-07-16,88822.0,6.334354,3473.0,0.162001,3.910067,4134.0,4.654252,0.136098,1.9731206682068598,EXH,2023-06-16
2023-06-17,Q1 to Q2_CEC_FLM_NA_FY23 Film Always On Q2_FBIG_CVS_ENFR_L CEC TFL 060_CP22JCP_JasonWright,577.69,not_delivering,600.0,actions:offsite_conversion.fb_pixel_purchase,43908.0,,0.96281667,2023-07-16,88230.0,6.547546,3352.0,0.172342,3.799161,4165.0,4.720617,0.138701,2.0094288056846135,EXH,2023-06-09
2023-06-10,Q1 to Q2_CEC_FLM_NA_FY23 Film Always On Q2_FBIG_CVS_ENFR_L CEC TFL 060_CP22JCP_JasonWright,603.68,not_delivering,906.0,actions:offsite_conversion.fb_pixel_purchase,48717.0,,0.66631347,2023-07-16,92087.0,6.55554,985.0,0.612873,1.069641,1989.0,2.159914,0.303509,1.8902436521132253,EXH,2023-06-02
2023-06-03,Q1 to Q2_CEC_FLM_NA_FY23 Film Always On Q2_FBIG_CVS_ENFR_L CEC TFL 060_CP22JCP_JasonWright,1097.82,not_delivering,1404.0,actions:offsite_conversion.fb_pixel_purchase,123185.0,,0.78192308,2023-07-16,199670.0,5.498172,321.0,3.42,0.160765,549.0,0.274954,1.999672,1.6208954012257986,EXH,2023-05-26
2023-05-27,Q1 to Q2_CEC_FLM_NA_FY23 Film Always On Q2_FBIG_CVS_ENFR_L CEC TFL 060_CP22JCP_JasonWright,2661.67,not_delivering,2937.0,actions:offsite_conversion.fb_pixel_purchase,210989.0,,0.90625468,2023-07-16,471659.0,5.643208,666.0,3.996502,0.141204,1137.0,0.241064,2.340959,2.2354672518472527,EXH,2023-05-19
2023-05-20,Q1 to Q2_CEC_FLM_NA_FY23 Film Always On Q2_FBIG_CVS_ENFR_L CEC TFL 060_CP22JCP_JasonWright,2555.91,not_delivering,2617.0,actions:offsite_conversion.fb_pixel_purchase,197741.0,,0.97665648,2023-07-16,421201.0,6.068148,824.0,3.101833,0.195631,1389.0,0.329771,1.840108,2.1300640737125835,EXH,2023-05-12
2023-05-13,Q1 to Q2_CEC_FLM_NA_FY23 Film Always On Q2_FBIG_CVS_ENFR_L CEC TFL 060_CP22JCP_JasonWright,2614.88,not_delivering,2775.0,actions:offsite_conversion.fb_pixel_purchase,158676.0,,0.9422991,2023-07-16,411071.0,6.36114,784.0,3.335306,0.190721,1292.0,0.314301,2.023901,2.590631223373415,EXH,2023-05-05
2023-05-06,Q1 to Q2_CEC_FLM_NA_FY23 Film Always On Q2_FBIG_CVS_ENFR_L CEC TFL 060_CP22JCP_JasonWright,1142.15,not_delivering,1344.0,actions:offsite_conversion.fb_pixel_purchase,65269.0,,0.84981399,2023-07-16,145202.0,7.865938,386.0,2.958938,0.265837,650.0,0.447652,1.757154,2.22467021097305,EXH,2023-04-28
2023-07-29,Q3 to Q3_CEC_FLM_NA_Tier 1 Mission Impossible_FBIG_CVS_ENFR_L CEC TFL 090_CP25N1L_JasonWright,3364.48,not_delivering,8952.0,actions:offsite_conversion.fb_pixel_purchase,288663.0,,0.37583557,2023-07-28,646542.0,5.203807,1166.0,2.885489,0.180344,2767.0,0.427969,1.215931,2.239781336714439,EXH,2023-07-21
2023-07-22,Q3 to Q3_CEC_FLM_NA_Tier 1 Mission Impossible_FBIG_CVS_ENFR_L CEC TFL 090_CP25N1L_JasonWright,4188.58,not_delivering,10076.0,actions:offsite_conversion.fb_pixel_purchase,269377.0,,0.41569869,2023-07-28,729911.0,5.73848,1843.0,2.272697,0.252497,4495.0,0.615829,0.931831,2.709626285837321,EXH,2023-07-14
2023-07-15,Q3 to Q3_CEC_FLM_NA_Tier 1 Mission Impossible_FBIG_CVS_ENFR_L CEC TFL 090_CP25N1L_JasonWright,2262.19,not_delivering,2633.0,actions:offsite_conversion.fb_pixel_purchase,163207.0,,0.85916825,2023-07-28,348747.0,6.486622,3927.0,0.576061,1.126031,8323.0,2.386544,0.2718,2.136838493446972,EXH,2023-07-07
2023-08-12,Q3 to Q3_CEC_FLM_NA_Tier 1 Oppenheimer_FBIG_CVS_ENFR_L CEC TFL 090_CP25N1L_JasonWright,527.67,not_delivering,1346.0,actions:offsite_conversion.fb_pixel_purchase,54168.0,,0.39202823,2023-08-06,85927.0,6.14091,223.0,2.366233,0.259523,845.0,0.983393,0.624462,1.586305567862945,EXH,2023-08-04
2023-08-12,Q3 to Q4_CEC_A&C_NA_FY23 Event Cinema - Met Opera On Sale_FBIG_CVS_ENFR_L CEC TAC 094_CP26HVV_Alexandra Stewart,76.71,inactive,178.0,actions:offsite_conversion.fb_pixel_purchase,7745.0,,0.43095506,2023-08-06,11887.0,6.453268,36.0,2.130833,0.302852,68.0,0.572054,1.128088,1.534796642995481,EXH,2023-08-04
2023-08-12,Q3 to Q3_CEC_FLM_NA_Tier 1 Barbie_FBIG_CVS_ENFR_L CEC TFL 090_CP25N1L_JasonWright,401.82,not_delivering,1569.0,actions:offsite_conversion.fb_pixel_purchase,58549.0,,0.25609943,2023-08-06,74275.0,5.409896,1202.0,0.334293,1.61831,2557.0,3.442612,0.157145,1.2685955353635416,EXH,2023-08-04
2023-08-05,Q3 to Q3_CEC_FLM_NA_Tier 1 Oppenheimer_FBIG_CVS_ENFR_L CEC TFL 090_CP25N1L_JasonWright,3759.88,not_delivering,7262.0,actions:offsite_conversion.fb_pixel_purchase,373694.0,,0.51774718,2023-08-06,783198.0,4.800676,2807.0,1.339466,0.358402,13232.0,1.689483,0.284151,2.095827067065567,EXH,2023-07-28
2023-08-05,Q3 to Q4_CEC_A&C_NA_FY23 Event Cinema - Met Opera On Sale_FBIG_CVS_ENFR_L CEC TAC 094_CP26HVV_Alexandra Stewart,594.9,inactive,839.0,actions:offsite_conversion.fb_pixel_purchase,32842.0,,0.7090584,2023-08-06,95838.0,6.20735,411.0,1.447445,0.428849,862.0,0.899434,0.690139,2.918153583825589,EXH,2023-07-28
2023-08-05,Q3 to Q3_CEC_FLM_NA_Tier 1 Barbie_FBIG_CVS_ENFR_L CEC TFL 090_CP25N1L_JasonWright,3143.6,not_delivering,6281.0,actions:offsite_conversion.fb_pixel_purchase,284862.0,,0.50049355,2023-08-06,597647.0,5.259961,12077.0,0.260296,2.020758,25410.0,4.251674,0.123715,2.0980229023176133,EXH,2023-07-28
2023-07-29,Q3 to Q3_CEC_FLM_NA_Tier 1 Oppenheimer_FBIG_CVS_ENFR_L CEC TFL 090_CP25N1L_JasonWright,3824.67,not_delivering,10105.0,actions:offsite_conversion.fb_pixel_purchase,401049.0,,0.37849283,2023-08-06,841784.0,4.543529,3250.0,1.176822,0.386085,17324.0,2.05801,0.220773,2.0989554892294957,EXH,2023-07-21
2023-07-29,Q3 to Q4_CEC_A&C_NA_FY23 Event Cinema - Met Opera On Sale_FBIG_CVS_ENFR_L CEC TAC 094_CP26HVV_Alexandra Stewart,623.07,inactive,1004.0,actions:offsite_conversion.fb_pixel_purchase,31411.0,,0.62058765,2023-08-06,95108.0,6.551184,330.0,1.888091,0.346974,599.0,0.62981,1.040184,3.027856483397536,EXH,2023-07-21
2023-07-29,Q3 to Q3_CEC_FLM_NA_Tier 1 Barbie_FBIG_CVS_ENFR_L CEC TFL 090_CP25N1L_JasonWright,3427.61,not_delivering,7372.0,actions:offsite_conversion.fb_pixel_purchase,316545.0,,0.46494981,2023-08-06,627115.0,5.46568,15130.0,0.226544,2.412636,30961.0,4.937053,0.110707,1.981124326715001,EXH,2023-07-21
2023-07-22,Q3 to Q3_CEC_FLM_NA_Tier 1 Oppenheimer_FBIG_CVS_ENFR_L CEC TFL 090_CP25N1L_JasonWright,1125.53,not_delivering,2751.0,actions:offsite_conversion.fb_pixel_purchase,125971.0,,0.40913486,2023-08-06,212029.0,5.308378,1271.0,0.885547,0.599446,6262.0,2.95337,0.17974,1.6831572346016146,EXH,2023-07-14
2023-07-22,Q3 to Q4_CEC_A&C_NA_FY23 Event Cinema - Met Opera On Sale_FBIG_CVS_ENFR_L CEC TAC 094_CP26HVV_Alexandra Stewart,205.32,inactive,356.0,actions:offsite_conversion.fb_pixel_purchase,12229.0,,0.57674157,2023-08-06,28510.0,7.201684,96.0,2.13875,0.336724,176.0,0.617327,1.166591,2.331343527680105,EXH,2023-07-14
2023-07-22,Q3 to Q3_CEC_FLM_NA_Tier 1 Barbie_FBIG_CVS_ENFR_L CEC TFL 090_CP25N1L_JasonWright,975.86,not_delivering,1861.0,actions:offsite_conversion.fb_pixel_purchase,76178.0,,0.52437399,2023-08-06,139220.0,7.009481,3541.0,0.275589,2.543456,6697.0,4.810372,0.145716,1.8275617632387304,EXH,2023-07-14
2023-08-12,Q3 to Q3_CEC_FLM_NA_Haunted Mansion_FBIG_CVS_ENFR_L CEC TFL 098_CP27W22_JasonWright,2988.46,not_delivering,2957.0,actions:offsite_conversion.fb_pixel_purchase,55438.0,,1.01063916,2023-08-11,379233.0,7.880274,746.0,4.005979,0.196713,2272.0,0.599104,1.315343,6.84066885529781,EXH,2023-08-04
2023-08-05,Q3 to Q3_CEC_FLM_NA_Haunted Mansion_FBIG_CVS_ENFR_L CEC TFL 098_CP27W22_JasonWright,1721.54,not_delivering,1545.0,actions:offsite_conversion.fb_pixel_purchase,42227.0,,1.11426537,2023-08-11,216318.0,7.958376,527.0,3.266679,0.243623,1602.0,0.740576,1.074619,5.122741374002415,EXH,2023-07-28
2023-08-19,Q3 to Q3_CEC_FLM_NA_Teenage Mutant Ninja Turtles_FBIG_CVS_ENFR_L CEC TFL 098_CP27W22_JasonWright,951.76,not_delivering,1340.0,actions:offsite_conversion.fb_pixel_purchase,57401.0,,0.71026866,2023-08-14,161187.0,5.904695,305.0,3.120525,0.189221,614.0,0.380924,1.550098,2.8080869671260085,EXH,2023-08-11
2023-08-12,Q3 to Q3_CEC_FLM_NA_Teenage Mutant Ninja Turtles_FBIG_CVS_ENFR_L CEC TFL 098_CP27W22_JasonWright,3472.09,not_delivering,4729.0,actions:offsite_conversion.fb_pixel_purchase,96189.0,,0.73421231,2023-08-14,526205.0,6.59836,942.0,3.68587,0.179018,1935.0,0.367727,1.794362,5.470531973510485,EXH,2023-08-04
2023-08-05,Q3 to Q3_CEC_FLM_NA_Teenage Mutant Ninja Turtles_FBIG_CVS_ENFR_L CEC TFL 098_CP27W22_JasonWright,1708.23,not_delivering,2123.0,actions:offsite_conversion.fb_pixel_purchase,63869.0,,0.80463024,2023-08-14,255369.0,6.689261,605.0,2.823521,0.236912,1336.0,0.523165,1.278615,3.998324695861842,EXH,2023-07-28
2023-08-12,Q3 to Q4_CEC_A&C_NA_FY23 Event Cinema - Met Opera_FBIG_CVS_ENFR_L CEC TAC 094_CP26HVV_Alexandra Stewart,69.15,inactive,139.0,actions:offsite_conversion.fb_pixel_purchase,6281.0,,0.49748201,2023-08-15,10260.0,6.739766,23.0,3.006522,0.224172,44.0,0.42885,1.571591,1.6334978506607227,EXH,2023-08-04
2023-08-05,Q3 to Q4_CEC_A&C_NA_FY23 Event Cinema - Met Opera_FBIG_CVS_ENFR_L CEC TAC 094_CP26HVV_Alexandra Stewart,411.32,inactive,570.0,actions:offsite_conversion.fb_pixel_purchase,21529.0,,0.72161404,2023-08-15,63476.0,6.479929,105.0,3.917333,0.165417,253.0,0.398576,1.625771,2.948395187886107,EXH,2023-07-28
2023-07-29,Q3 to Q4_CEC_A&C_NA_FY23 Event Cinema - Met Opera_FBIG_CVS_ENFR_L CEC TAC 094_CP26HVV_Alexandra Stewart,417.97,inactive,665.0,actions:offsite_conversion.fb_pixel_purchase,23392.0,,0.62852632,2023-08-15,62568.0,6.680252,113.0,3.69885,0.180604,245.0,0.391574,1.706,2.674760601915185,EXH,2023-07-21
2023-07-22,Q3 to Q4_CEC_A&C_NA_FY23 Event Cinema - Met Opera_FBIG_CVS_ENFR_L CEC TAC 094_CP26HVV_Alexandra Stewart,107.82,inactive,184.0,actions:offsite_conversion.fb_pixel_purchase,7660.0,,0.58597826,2023-08-15,14867.0,7.252304,40.0,2.6955,0.269052,77.0,0.517926,1.40026,1.9408616187989556,EXH,2023-07-14
2023-08-26,Q3 to Q3_CEC_FLM_NA_Tier 1 The Meg 2_FBIG_CVS_ENFR_L CEC TFL 090_CP25N1L_JasonWright,224.12,not_delivering,563.0,actions:offsite_conversion.fb_pixel_purchase,22753.0,,0.39808171,2023-08-20,34920.0,6.418099,182.0,1.231429,0.521191,445.0,1.274341,0.50364,1.5347426712960928,EXH,2023-08-18
2023-08-19,Q3 to Q3_CEC_FLM_NA_Tier 1 The Meg 2_FBIG_CVS_ENFR_L CEC TFL 090_CP25N1L_JasonWright,1708.78,not_delivering,3710.0,actions:offsite_conversion.fb_pixel_purchase,111171.0,,0.4605876,2023-08-20,276680.0,6.176016,1402.0,1.218816,0.506723,3353.0,1.211869,0.509627,2.4887785483624327,EXH,2023-08-11
2023-08-12,Q3 to Q3_CEC_FLM_NA_Tier 1 The Meg 2_FBIG_CVS_ENFR_L CEC TFL 090_CP25N1L_JasonWright,1768.54,not_delivering,4246.0,actions:offsite_conversion.fb_pixel_purchase,133324.0,,0.41651908,2023-08-20,286880.0,6.164738,1466.0,1.206371,0.511015,3534.0,1.231874,0.500436,2.151750622543578,EXH,2023-08-04
2023-08-05,Q3 to Q3_CEC_FLM_NA_Tier 1 The Meg 2_FBIG_CVS_ENFR_L CEC TFL 090_CP25N1L_JasonWright,340.06,not_delivering,454.0,actions:offsite_conversion.fb_pixel_purchase,35189.0,,0.74903084,2023-08-20,53206.0,6.391384,408.0,0.83348,0.766831,902.0,1.695298,0.377007,1.5120065929693938,EXH,2023-07-28
2023-09-02,Q3 to Q3_CEC_FLM_NA_Blue Beetle_FBIG_CVS_ENFR_L CEC TFL 098_CP27W22_JasonWright,311.18,not_delivering,575.0,actions:offsite_conversion.fb_pixel_purchase,22941.0,,0.54118261,2023-08-27,45100.0,6.899778,147.0,2.116871,0.325942,345.0,0.764967,0.901971,1.9659125583017305,EXH,2023-08-25
2023-09-02,Q3 to Q3_CEC_FLM_NA_Strays_FBIG_CVS_ENFR_L CEC TFL 098_CP27W22_JasonWright,259.27,not_delivering,393.0,actions:offsite_conversion.fb_pixel_purchase,12245.0,,0.6597201,2023-08-27,30247.0,8.571759,78.0,3.323974,0.257877,182.0,0.601713,1.42456,2.470151082074316,EXH,2023-08-25
2023-08-26,Q3 to Q3_CEC_FLM_NA_Blue Beetle_FBIG_CVS_ENFR_L CEC TFL 098_CP27W22_JasonWright,2395.3,not_delivering,2981.0,actions:offsite_conversion.fb_pixel_purchase,57619.0,,0.80352231,2023-08-27,349415.0,6.855172,1195.0,2.004435,0.342,2945.0,0.842837,0.813345,6.064232284489491,EXH,2023-08-18
2023-08-26,Q3 to Q3_CEC_FLM_NA_Strays_FBIG_CVS_ENFR_L CEC TFL 098_CP27W22_JasonWright,2054.37,not_delivering,1683.0,actions:offsite_conversion.fb_pixel_purchase,29834.0,,1.22065954,2023-08-27,234311.0,8.767706,495.0,4.150242,0.211258,1202.0,0.512993,1.709126,7.853824495541999,EXH,2023-08-18
2023-08-19,Q3 to Q3_CEC_FLM_NA_Blue Beetle_FBIG_CVS_ENFR_L CEC TFL 098_CP27W22_JasonWright,590.52,not_delivering,435.0,actions:offsite_conversion.fb_pixel_purchase,21953.0,,1.35751724,2023-08-27,65083.0,9.073337,346.0,1.706705,0.531629,899.0,1.381313,0.656863,2.964651756024234,EXH,2023-08-11
2023-08-19,Q3 to Q3_CEC_FLM_NA_Strays_FBIG_CVS_ENFR_L CEC TFL 098_CP27W22_JasonWright,512.36,not_delivering,264.0,actions:offsite_conversion.fb_pixel_purchase,13160.0,,1.94075758,2023-08-27,52537.0,9.752365,168.0,3.049762,0.319775,383.0,0.72901,1.337755,3.992173252279635,EXH,2023-08-11
2023-09-16,Q3 to Q3_CEC_FLM_NA_Tier 2 Equalizer 3_FBIG_CVS_ENFR_L CEC TFL 090_CP25N1L_JasonWright,522.59,not_delivering,742.0,actions:offsite_conversion.fb_pixel_purchase,64155.0,,0.70429919,2023-09-10,91124.0,5.734933,205.0,2.54922,0.224968,539.0,0.591502,0.969555,1.4203725352661523,EXH,2023-09-08
2023-09-16,Q3 to Q3_CEC_FLM_NA_Tier 1 Gran Turismo_FBIG_CVS_ENFR_L CEC TFL 090_CP25N1L_JasonWright,216.44,not_delivering,327.0,actions:offsite_conversion.fb_pixel_purchase,30118.0,,0.66189602,2023-09-10,39644.0,5.45959,42.0,5.153333,0.105943,79.0,0.199274,2.739747,1.3162892622352083,EXH,2023-09-08
2023-09-09,Q3 to Q3_CEC_FLM_NA_Tier 2 Equalizer 3_FBIG_CVS_ENFR_L CEC TFL 090_CP25N1L_JasonWright,4314.54,not_delivering,3850.0,actions:offsite_conversion.fb_pixel_purchase,231652.0,,1.12065974,2023-09-10,651391.0,6.623579,2911.0,1.48215,0.44689,8480.0,1.301829,0.50879,2.811937734187488,EXH,2023-09-01
2023-09-09,Q3 to Q3_CEC_FLM_NA_Tier 1 Gran Turismo_FBIG_CVS_ENFR_L CEC TFL 090_CP25N1L_JasonWright,1773.66,not_delivering,1789.0,actions:offsite_conversion.fb_pixel_purchase,111239.0,,0.99142538,2023-09-10,268557.0,6.604408,363.0,4.886116,0.135167,841.0,0.313155,2.108989,2.414234216416904,EXH,2023-09-01
2023-09-02,Q3 to Q3_CEC_FLM_NA_Tier 2 Equalizer 3_FBIG_CVS_ENFR_L CEC TFL 090_CP25N1L_JasonWright,1128.87,not_delivering,1073.0,actions:offsite_conversion.fb_pixel_purchase,47799.0,,1.05206897,2023-09-10,115642.0,9.761765,436.0,2.589151,0.377026,1314.0,1.136265,0.85911,2.419339316722107,EXH,2023-08-25
2023-09-02,Q3 to Q3_CEC_FLM_NA_Tier 1 Gran Turismo_FBIG_CVS_ENFR_L CEC TFL 090_CP25N1L_JasonWright,1806.76,not_delivering,2469.0,actions:offsite_conversion.fb_pixel_purchase,96500.0,,0.73177805,2023-09-10,254065.0,7.111409,452.0,3.997257,0.177907,1194.0,0.469958,1.513199,2.63279792746114,EXH,2023-08-25
2023-08-26,Q3 to Q3_CEC_FLM_NA_Tier 1 Gran Turismo_FBIG_CVS_ENFR_L CEC TFL 090_CP25N1L_JasonWright,533.13,not_delivering,794.0,actions:offsite_conversion.fb_pixel_purchase,31182.0,,0.67144836,2023-09-10,64014.0,8.328334,132.0,4.038864,0.206205,313.0,0.488956,1.703291,2.052915143351934,EXH,2023-08-18
2023-09-16,Q3 to Q4_CEC_BRA_N/A_FY23 Pulse Attendence September BOGO - Conversion_FBIG_CVS_ENFR_L CEC TBR 101_CP28V5S,15587.91,inactive,15160.0,actions:offsite_conversion.fb_pixel_purchase,1033766.0,,1.02822625,2023-09-14,2839742.0,5.489199,24310.0,0.641214,0.856064,115863.0,4.080054,0.134537,2.7469872292182176,EXH,2023-09-08
2023-09-16,Q3 to Q4_CEC_BRA_N/A_FY23 Pulse Attendence September BOGO - Site Traffic_FBIG_LPV_ENFR_L CEC TBR 101_CP28V5S,11146.27,inactive,9937.0,actions:landing_page_view,775619.0,,1.12169367,2023-09-14,1559365.0,7.147954,10244.0,1.088078,0.656934,23910.0,1.533316,0.466176,2.0104780826668764,EXH,2023-09-08
2023-09-09,Q3 to Q4_CEC_BRA_N/A_FY23 Pulse Attendence September BOGO - Conversion_FBIG_CVS_ENFR_L CEC TBR 101_CP28V5S,11749.47,inactive,9215.0,actions:offsite_conversion.fb_pixel_purchase,628192.0,,1.27503744,2023-09-14,1568288.0,7.491908,19483.0,0.603063,1.24231,94992.0,6.057051,0.123689,2.4965106209566503,EXH,2023-09-01
2023-09-09,Q3 to Q4_CEC_BRA_N/A_FY23 Pulse Attendence September BOGO - Site Traffic_FBIG_LPV_ENFR_L CEC TBR 101_CP28V5S,7721.65,inactive,9903.0,actions:landing_page_view,487481.0,,0.77972837,2023-09-14,927457.0,8.325615,9637.0,0.80125,1.039078,23404.0,2.523459,0.329929,1.9025500481044388,EXH,2023-09-01
2023-09-23,Q3 to Q3_CEC_FLM_NA_Tier 2 Nun 2_FBIG_CVS_ENFR_L CEC TFL 090_CP25N1L_JasonWright,493.52,not_delivering,566.0,actions:offsite_conversion.fb_pixel_purchase,39368.0,,0.87194346,2023-09-17,65575.0,7.526039,275.0,1.794618,0.419367,705.0,1.075105,0.700028,1.6656929485876855,EXH,2023-09-15
2023-09-23,Q3 to Q3_CEC_FLM_NA_Tier 2 My Big Fat Greek Wedding 3_FBIG_CVS_ENFR_L CEC TFL 090_CP25N1L_JasonWright,342.14,not_delivering,449.0,actions:offsite_conversion.fb_pixel_purchase,38557.0,,0.76200445,2023-09-17,56948.0,6.007937,225.0,1.520622,0.395097,734.0,1.288895,0.466131,1.4769821303524653,EXH,2023-09-15
2023-09-16,Q3 to Q3_CEC_FLM_NA_Tier 2 Nun 2_FBIG_CVS_ENFR_L CEC TFL 090_CP25N1L_JasonWright,4140.85,not_delivering,2811.0,actions:offsite_conversion.fb_pixel_purchase,146592.0,,1.47308787,2023-09-17,463162.0,8.940392,2029.0,2.040833,0.438076,5788.0,1.249671,0.71542,3.1595312158917266,EXH,2023-09-08
2023-09-16,Q3 to Q3_CEC_FLM_NA_Tier 2 My Big Fat Greek Wedding 3_FBIG_CVS_ENFR_L CEC TFL 090_CP25N1L_JasonWright,2857.53,not_delivering,2068.0,actions:offsite_conversion.fb_pixel_purchase,133013.0,,1.38178433,2023-09-17,356354.0,8.018796,1881.0,1.519155,0.527846,5931.0,1.664356,0.481796,2.6790915173704826,EXH,2023-09-08
2023-09-09,Q3 to Q3_CEC_FLM_NA_Tier 2 Nun 2_FBIG_CVS_ENFR_L CEC TFL 090_CP25N1L_JasonWright,946.63,not_delivering,658.0,actions:offsite_conversion.fb_pixel_purchase,46981.0,,1.43864742,2023-09-17,90309.0,10.482122,381.0,2.484593,0.421885,1180.0,1.306625,0.802229,1.9222451629382091,EXH,2023-09-01
2023-09-09,Q3 to Q3_CEC_FLM_NA_Tier 2 My Big Fat Greek Wedding 3_FBIG_CVS_ENFR_L CEC TFL 090_CP25N1L_JasonWright,649.33,not_delivering,496.0,actions:offsite_conversion.fb_pixel_purchase,38693.0,,1.30913306,2023-09-17,66587.0,9.751603,193.0,3.364404,0.289846,473.0,0.710349,1.372791,1.7209055901584265,EXH,2023-09-01
2023-09-30,Q3 to Q4_CEC_A&C_NA_FY23 Event Cinema - Anime_FBIG_CVS_ENFR_L CEC TAC 094_CP26HVV_Alexandra Stewart,637.49,completed,436.0,actions:offsite_conversion.fb_pixel_purchase,44898.0,,1.46213303,2023-09-27,105610.0,6.036266,911.0,0.699769,0.862608,1570.0,1.486602,0.406045,2.3522205888903738,EXH,2023-09-22
2023-09-23,Q3 to Q4_CEC_A&C_NA_FY23 Event Cinema - Anime_FBIG_CVS_ENFR_L CEC TAC 094_CP26HVV_Alexandra Stewart,894.89,completed,663.0,actions:offsite_conversion.fb_pixel_purchase,42495.0,,1.34975867,2023-09-27,123778.0,7.229799,961.0,0.931207,0.77639,1618.0,1.307179,0.553084,2.9127662077891516,EXH,2023-09-15
2023-09-02,Q3 to Q4_CEC_A&C_NA_FY23 Event Cinema - Anime_FBIG_CVS_ENFR_L CEC TAC 094_CP26HVV_Alexandra Stewart,270.59,completed,653.0,actions:offsite_conversion.fb_pixel_purchase,27152.0,,0.41437979,2023-09-27,50905.0,5.315588,231.0,1.171385,0.453786,569.0,1.117768,0.475554,1.8748158515026518,EXH,2023-08-25
2023-08-26,Q3 to Q4_CEC_A&C_NA_FY23 Event Cinema - Anime_FBIG_CVS_ENFR_L CEC TAC 094_CP26HVV_Alexandra Stewart,411.12,completed,1220.0,actions:offsite_conversion.fb_pixel_purchase,37999.0,,0.33698361,2023-09-27,77749.0,5.287785,287.0,1.432474,0.369137,667.0,0.857889,0.616372,2.0460801600042107,EXH,2023-08-18
2023-08-19,Q3 to Q4_CEC_A&C_NA_FY23 Event Cinema - Anime_FBIG_CVS_ENFR_L CEC TAC 094_CP26HVV_Alexandra Stewart,399.49,completed,1123.0,actions:offsite_conversion.fb_pixel_purchase,33744.0,,0.35573464,2023-09-27,71777.0,5.56571,196.0,2.038214,0.273068,422.0,0.587932,0.946659,2.1271040777619725,EXH,2023-08-11
2023-08-12,Q3 to Q4_CEC_A&C_NA_FY23 Event Cinema - Anime_FBIG_CVS_ENFR_L CEC TAC 094_CP26HVV_Alexandra Stewart,207.9,completed,684.0,actions:offsite_conversion.fb_pixel_purchase,20354.0,,0.30394737,2023-09-27,39033.0,5.326262,67.0,3.102985,0.17165,136.0,0.348423,1.528676,1.9177065932986146,EXH,2023-08-04
2023-07-29,Q3 to Q4_CEC_A&C_NA_FY23 Event Cinema - Anime_FBIG_CVS_ENFR_L CEC TAC 094_CP26HVV_Alexandra Stewart,265.48,completed,1430.0,actions:offsite_conversion.fb_pixel_purchase,34320.0,,0.18565035,2023-09-27,58486.0,4.539206,74.0,3.587568,0.126526,181.0,0.309476,1.46674,1.7041375291375291,EXH,2023-07-21
2023-07-22,Q3 to Q4_CEC_A&C_NA_FY23 Event Cinema - Anime_FBIG_CVS_ENFR_L CEC TAC 094_CP26HVV_Alexandra Stewart,348.01,completed,1609.0,actions:offsite_conversion.fb_pixel_purchase,37690.0,,0.21628962,2023-09-27,73922.0,4.7078,155.0,2.245226,0.20968,361.0,0.488353,0.964017,1.9613159989387106,EXH,2023-07-14
2023-07-15,Q3 to Q4_CEC_A&C_NA_FY23 Event Cinema - Anime_FBIG_CVS_ENFR_L CEC TAC 094_CP26HVV_Alexandra Stewart,133.03,completed,352.0,actions:offsite_conversion.fb_pixel_purchase,16424.0,,0.37792614,2023-09-27,26214.0,5.074769,100.0,1.3303,0.381476,285.0,1.087205,0.466772,1.5960789089137848,EXH,2023-07-07
2023-09-30,Q3 to Q4_CEC_A&C_NA_FY23 Event Cinema - Concert Single Tile_FBIG_CVS_ENFR_L CEC TAC 094_CP26HVV_Alexandra Stewart,426.41,completed,140.0,actions:offsite_conversion.fb_pixel_purchase,13666.0,,3.04578571,2023-09-30,45622.0,9.346587,258.0,1.652752,0.565517,558.0,1.223094,0.764176,3.338357968681399,EXH,2023-09-22
2023-09-30,Q3 to Q4_CEC_A&C_NA_FY23 Event Cinema - Combined A&C_FBIG_CVS_ENFR_L CEC TAC 094_CP26HVV_Alexandra Stewart,943.98,completed,255.0,actions:offsite_conversion.fb_pixel_purchase,24799.0,,3.70188235,2023-09-30,106592.0,8.856012,404.0,2.336584,0.379015,1012.0,0.949415,0.932787,4.298237832170652,EXH,2023-09-22
2023-09-30,Q3 to Q3_CEC_FLM_NA_FY23 Film Always On Q3_FBIG_CVS_ENFR_L CEC TFL 093_CP25WZL,1099.01,not_delivering,723.0,actions:offsite_conversion.fb_pixel_purchase,51478.0,,1.52006916,2023-09-30,133236.0,8.248596,299.0,3.675619,0.224414,722.0,0.541896,1.522175,2.5882124402657447,EXH,2023-09-22
2023-09-23,Q3 to Q4_CEC_A&C_NA_FY23 Event Cinema - Concert Single Tile_FBIG_CVS_ENFR_L CEC TAC 094_CP26HVV_Alexandra Stewart,463.91,completed,191.0,actions:offsite_conversion.fb_pixel_purchase,15883.0,,2.42884817,2023-09-30,51101.0,9.078296,282.0,1.645071,0.551848,610.0,1.193714,0.760508,3.2173392935843355,EXH,2023-09-15
2023-09-23,Q3 to Q4_CEC_A&C_NA_FY23 Event Cinema - Combined A&C_FBIG_CVS_ENFR_L CEC TAC 094_CP26HVV_Alexandra Stewart,970.06,completed,321.0,actions:offsite_conversion.fb_pixel_purchase,28549.0,,3.02199377,2023-09-30,110073.0,8.812879,436.0,2.224908,0.396101,1088.0,0.988435,0.891599,3.8555816315807907,EXH,2023-09-15
2023-09-23,Q3 to Q3_CEC_FLM_NA_FY23 Film Always On Q3_FBIG_CVS_ENFR_L CEC TFL 093_CP25WZL,1215.33,not_delivering,1138.0,actions:offsite_conversion.fb_pixel_purchase,59178.0,,1.06795255,2023-09-30,171777.0,7.075045,349.0,3.482321,0.20317,977.0,0.568761,1.243941,2.902717225996147,EXH,2023-09-15
2023-09-16,Q3 to Q4_CEC_A&C_NA_FY23 Event Cinema - Concert Single Tile_FBIG_CVS_ENFR_L CEC TAC 094_CP26HVV_Alexandra Stewart,472.96,completed,262.0,actions:offsite_conversion.fb_pixel_purchase,18129.0,,1.80519084,2023-09-30,53426.0,8.852619,314.0,1.506242,0.587729,661.0,1.237225,0.715522,2.946991008880799,EXH,2023-09-08
2023-09-16,Q3 to Q4_CEC_A&C_NA_FY23 Event Cinema - Combined A&C_FBIG_CVS_ENFR_L CEC TAC 094_CP26HVV_Alexandra Stewart,980.12,completed,372.0,actions:offsite_conversion.fb_pixel_purchase,27945.0,,2.63473118,2023-09-30,99762.0,9.824583,477.0,2.054759,0.478138,1207.0,1.20988,0.81203,3.569940955448202,EXH,2023-09-08
2023-09-16,Q3 to Q3_CEC_FLM_NA_FY23 Film Always On Q3_FBIG_CVS_ENFR_L CEC TFL 093_CP25WZL,1244.2,not_delivering,1273.0,actions:offsite_conversion.fb_pixel_purchase,82000.0,,0.97737628,2023-09-30,177954.0,6.991694,305.0,4.079344,0.171393,729.0,0.409656,1.706722,2.170170731707317,EXH,2023-09-08
2023-09-09,Q3 to Q4_CEC_A&C_NA_FY23 Event Cinema - Concert Single Tile_FBIG_CVS_ENFR_L CEC TAC 094_CP26HVV_Alexandra Stewart,486.09,completed,339.0,actions:offsite_conversion.fb_pixel_purchase,18070.0,,1.43389381,2023-09-30,60395.0,8.048514,321.0,1.514299,0.531501,642.0,1.063002,0.75715,3.342280022136137,EXH,2023-09-01
2023-09-09,Q3 to Q4_CEC_A&C_NA_FY23 Event Cinema - Combined A&C_FBIG_CVS_ENFR_L CEC TAC 094_CP26HVV_Alexandra Stewart,345.09,completed,141.0,actions:offsite_conversion.fb_pixel_purchase,12600.0,,2.44744681,2023-09-30,30921.0,11.160376,152.0,2.270329,0.491575,357.0,1.154555,0.966639,2.454047619047619,EXH,2023-09-01
2023-09-09,Q3 to Q3_CEC_FLM_NA_FY23 Film Always On Q3_FBIG_CVS_ENFR_L CEC TFL 093_CP25WZL,1266.89,not_delivering,1220.0,actions:offsite_conversion.fb_pixel_purchase,79079.0,,1.03843443,2023-09-30,178329.0,7.104229,403.0,3.143648,0.225987,1007.0,0.564687,1.258083,2.2550740398841667,EXH,2023-09-01
2023-09-02,Q3 to Q4_CEC_A&C_NA_FY23 Event Cinema - Concert Single Tile_FBIG_CVS_ENFR_L CEC TAC 094_CP26HVV_Alexandra Stewart,480.8,completed,451.0,actions:offsite_conversion.fb_pixel_purchase,16814.0,,1.06607539,2023-09-30,59993.0,8.014268,182.0,2.641758,0.303369,372.0,0.620072,1.292473,3.568038539312478,EXH,2023-08-25
2023-09-02,Q3 to Q3_CEC_FLM_NA_FY23 Film Always On Q3_FBIG_CVS_ENFR_L CEC TFL 093_CP25WZL,1254.7,not_delivering,1828.0,actions:offsite_conversion.fb_pixel_purchase,87963.0,,0.68637856,2023-09-30,189697.0,6.614232,608.0,2.063651,0.320511,1248.0,0.657891,1.005369,2.156554460398122,EXH,2023-08-25
2023-08-26,Q3 to Q4_CEC_A&C_NA_FY23 Event Cinema - Concert Single Tile_FBIG_CVS_ENFR_L CEC TAC 094_CP26HVV_Alexandra Stewart,493.6,completed,782.0,actions:offsite_conversion.fb_pixel_purchase,18157.0,,0.63120205,2023-09-30,61207.0,8.064437,195.0,2.531282,0.318591,419.0,0.684562,1.178043,3.3709863964311286,EXH,2023-08-18
2023-08-26,Q3 to Q3_CEC_FLM_NA_FY23 Film Always On Q3_FBIG_CVS_ENFR_L CEC TFL 093_CP25WZL,1280.23,not_delivering,3159.0,actions:offsite_conversion.fb_pixel_purchase,78199.0,,0.40526432,2023-09-30,201050.0,6.367719,510.0,2.510255,0.253668,989.0,0.491917,1.294469,2.571004744306193,EXH,2023-08-18
2023-08-19,Q3 to Q4_CEC_A&C_NA_FY23 Event Cinema - Concert Single Tile_FBIG_CVS_ENFR_L CEC TAC 094_CP26HVV_Alexandra Stewart,478.16,completed,553.0,actions:offsite_conversion.fb_pixel_purchase,14541.0,,0.86466546,2023-09-30,52280.0,9.146136,153.0,3.125229,0.292655,336.0,0.642693,1.423095,3.595351076267107,EXH,2023-08-11
2023-08-19,Q3 to Q3_CEC_FLM_NA_FY23 Film Always On Q3_FBIG_CVS_ENFR_L CEC TFL 093_CP25WZL,1266.29,not_delivering,2863.0,actions:offsite_conversion.fb_pixel_purchase,77822.0,,0.4422948,2023-09-30,187628.0,6.748939,338.0,3.74642,0.180144,705.0,0.375743,1.796156,2.4109891804374084,EXH,2023-08-11
2023-08-12,Q3 to Q3_CEC_FLM_NA_FY23 Film Always On Q3_FBIG_CVS_ENFR_L CEC TFL 093_CP25WZL,1275.6,not_delivering,3379.0,actions:offsite_conversion.fb_pixel_purchase,92685.0,,0.37750814,2023-09-30,211621.0,6.027757,584.0,2.184247,0.275965,1176.0,0.55571,1.084694,2.2832281383179587,EXH,2023-08-04
2023-08-05,Q3 to Q3_CEC_FLM_NA_FY23 Film Always On Q3_FBIG_CVS_ENFR_L CEC TFL 093_CP25WZL,1283.34,not_delivering,2714.0,actions:offsite_conversion.fb_pixel_purchase,121772.0,,0.47285925,2023-09-30,226930.0,5.655224,1782.0,0.720168,0.785264,3559.0,1.568325,0.36059,1.8635646946752948,EXH,2023-07-28
2023-07-29,Q3 to Q3_CEC_FLM_NA_FY23 Film Always On Q3_FBIG_CVS_ENFR_L CEC TFL 093_CP25WZL,1300.89,not_delivering,2890.0,actions:offsite_conversion.fb_pixel_purchase,121970.0,,0.45013495,2023-09-30,226141.0,5.752561,4609.0,0.28225,2.038109,8813.0,3.897126,0.14761,1.85407067311634,EXH,2023-07-21
2023-07-22,Q3 to Q4_CEC_A&C_NA_FY23 Event Cinema - Combined A&C_FBIG_CVS_ENFR_L CEC TAC 094_CP26HVV_Alexandra Stewart,249.64,completed,458.0,actions:offsite_conversion.fb_pixel_purchase,13784.0,,0.5450655,2023-09-30,36194.0,6.897276,71.0,3.516056,0.196165,125.0,0.345361,1.99712,2.6257980266976206,EXH,2023-07-14
2023-07-22,Q3 to Q3_CEC_FLM_NA_FY23 Film Always On Q3_FBIG_CVS_ENFR_L CEC TFL 093_CP25WZL,1098.25,not_delivering,2048.0,actions:offsite_conversion.fb_pixel_purchase,89188.0,,0.53625488,2023-09-30,172951.0,6.350064,2768.0,0.396767,1.600453,4520.0,2.613457,0.242976,1.9391734314033278,EXH,2023-07-14
2023-07-15,Q3 to Q4_CEC_A&C_NA_FY23 Event Cinema - Combined A&C_FBIG_CVS_ENFR_L CEC TAC 094_CP26HVV_Alexandra Stewart,80.11,completed,111.0,actions:offsite_conversion.fb_pixel_purchase,5865.0,,0.72171171,2023-09-30,10621.0,7.542604,41.0,1.953902,0.386028,76.0,0.715564,1.054079,1.8109121909633419,EXH,2023-07-07
2023-10-07,Q3 to Q3_CEC_FLM_NA_Expendables 4_FBIG_CVS_ENFR_L CEC TFL 098_CP27W22_JasonWright,318.89,not_delivering,249.0,actions:offsite_conversion.fb_pixel_purchase,19599.0,,1.28068273,2023-10-01,40949.0,7.787492,179.0,1.781508,0.437129,517.0,1.262546,0.616809,2.089341292923108,EXH,2023-09-29
2023-09-30,Q3 to Q3_CEC_FLM_NA_Expendables 4_FBIG_CVS_ENFR_L CEC TFL 098_CP27W22_JasonWright,2726.96,not_delivering,1035.0,actions:offsite_conversion.fb_pixel_purchase,45740.0,,2.63474396,2023-10-01,284348.0,9.59022,1464.0,1.862678,0.514862,4677.0,1.644816,0.583058,6.216615653694797,EXH,2023-09-22
2023-09-23,Q3 to Q3_CEC_FLM_NA_Expendables 4_FBIG_CVS_ENFR_L CEC TFL 098_CP27W22_JasonWright,722.13,not_delivering,202.0,actions:offsite_conversion.fb_pixel_purchase,16451.0,,3.57490099,2023-10-01,54949.0,13.141822,397.0,1.818967,0.722488,1343.0,2.444085,0.537699,3.3401616922983406,EXH,2023-09-15
2023-10-07,Q3 to Q3_CEC_FLM_NA_Paw Patrol_FBIG_CVS_ENFR_L CEC TFL 098_CP27W22_JasonWright,3420.79,not_delivering,831.0,actions:offsite_conversion.fb_pixel_purchase,41630.0,,4.11647413,2023-10-07,375902.0,9.100218,1024.0,3.340615,0.272411,2531.0,0.673314,1.351557,9.029594042757626,EXH,2023-09-29
2023-09-30,Q3 to Q3_CEC_FLM_NA_Paw Patrol_FBIG_CVS_ENFR_L CEC TFL 098_CP27W22_JasonWright,1053.7,not_delivering,277.0,actions:offsite_conversion.fb_pixel_purchase,15585.0,,3.80397112,2023-10-07,84865.0,12.41619,304.0,3.466118,0.358216,866.0,1.020444,1.216744,5.44529996791787,EXH,2023-09-22
2023-10-14,Q4 to Q4_CEC_FLM_NA_FY23 Q4 Film Multi Title (Tier 2) - Saw X_FBIG_CVS_ENFR_L CEC TFL 112_CP29LHW,451.89,inactive,171.0,actions:offsite_conversion.fb_pixel_purchase,13512.0,,2.64263158,2023-10-09,45879.0,9.849604,138.0,3.274565,0.300791,408.0,0.889296,1.107574,3.395426287744227,EXH,2023-10-06
2023-10-07,Q4 to Q4_CEC_FLM_NA_FY23 Q4 Film Multi Title (Tier 2) - Saw X_FBIG_CVS_ENFR_L CEC TFL 112_CP29LHW,1756.56,inactive,666.0,actions:offsite_conversion.fb_pixel_purchase,20449.0,,2.63747748,2023-10-09,175528.0,10.007292,532.0,3.301805,0.303086,1819.0,1.036302,0.965673,8.583696024255465,EXH,2023-09-29
2023-09-30,Q4 to Q4_CEC_FLM_NA_FY23 Q4 Film Multi Title (Tier 2) - Saw X_FBIG_CVS_ENFR_L CEC TFL 112_CP29LHW,485.89,inactive,176.0,actions:offsite_conversion.fb_pixel_purchase,9967.0,,2.76073864,2023-10-09,37525.0,12.948434,92.0,5.281413,0.24517,411.0,1.09527,1.182214,3.7649242500250826,EXH,2023-09-22
2023-10-21,Q4 to Q4_CEC_FLM_NA_FY23 Q4 Film Multi Title (Tier 2) - The Exorcist Believer_FBIG_CVS_ENFR_L CEC TFL 112_CP29LHW,1253.62,inactive,245.0,actions:offsite_conversion.fb_pixel_purchase,31215.0,,5.11681633,2023-10-16,123227.0,10.173257,334.0,3.753353,0.271045,1270.0,1.030618,0.987102,3.9476854076565755,EXH,2023-10-13
2023-10-14,Q4 to Q4_CEC_FLM_NA_FY23 Q4 Film Multi Title (Tier 2) - The Exorcist Believer_FBIG_CVS_ENFR_L CEC TFL 112_CP29LHW,4772.2,inactive,853.0,actions:offsite_conversion.fb_pixel_purchase,40544.0,,5.59460727,2023-10-16,414307.0,11.518512,1328.0,3.593524,0.320535,5286.0,1.275865,0.9028,10.218700670876085,EXH,2023-10-06
2023-10-07,Q4 to Q4_CEC_FLM_NA_FY23 Q4 Film Multi Title (Tier 2) - The Exorcist Believer_FBIG_CVS_ENFR_L CEC TFL 112_CP29LHW,1046.82,inactive,172.0,actions:offsite_conversion.fb_pixel_purchase,17085.0,,6.08616279,2023-10-16,73141.0,14.312356,345.0,3.034261,0.471692,1576.0,2.154742,0.664226,4.2810067310506295,EXH,2023-09-29
2023-11-04,Q4 to Q4_CEC_TBR_N/A_FY23 Q4 Community Day_FBIG_TC_ENFR_L CEC TBR 117_CP2B37K,13146.97,inactive,44174.0,actions:landing_page_view,1085265.0,,0.29761783,2023-11-03,2754524.0,4.772865,47037.0,0.279503,1.707627,91342.0,3.316072,0.143931,2.538111889722787,EXH,2023-10-27
2023-10-28,Q4 to Q4_CEC_TBR_N/A_FY23 Q4 Community Day_FBIG_TC_ENFR_L CEC TBR 117_CP2B37K,14782.98,inactive,57314.0,actions:landing_page_view,851270.0,,0.25792965,2023-11-03,2570369.0,5.751307,67777.0,0.218112,2.636859,141761.0,5.5152,0.104281,3.019452112725692,EXH,2023-10-20
2023-10-21,Q4 to Q4_CEC_TBR_N/A_FY23 Q4 Community Day_FBIG_TC_ENFR_L CEC TBR 117_CP2B37K,5640.23,inactive,27958.0,actions:landing_page_view,362831.0,,0.20173939,2023-11-03,743959.0,7.581372,30764.0,0.183339,4.135174,70625.0,9.493131,0.079862,2.0504284363794714,EXH,2023-10-13
2023-11-11,Q4 to Q4_CEC_FLM_NA_FY23 Q4 Film Multi Title (Tier 2) - Five Nights at Freddy's_FBIG_CVS_ENFR_L CEC TFL 112_CP29LHW,403.05,inactive,119.0,actions:offsite_conversion.fb_pixel_purchase,14325.0,,3.38697479,2023-11-06,49096.0,8.209426,103.0,3.913107,0.209793,324.0,0.659932,1.243981,3.4272949389179757,EXH,2023-11-03
2023-11-04,Q4 to Q4_CEC_FLM_NA_FY23 Q4 Film Multi Title (Tier 2) - Five Nights at Freddy's_FBIG_CVS_ENFR_L CEC TFL 112_CP29LHW,1508.27,inactive,480.0,actions:offsite_conversion.fb_pixel_purchase,20920.0,,3.14222917,2023-11-06,155949.0,9.671559,416.0,3.625649,0.266754,1278.0,0.819499,1.18018,7.454541108986616,EXH,2023-10-27
2023-10-28,Q4 to Q4_CEC_FLM_NA_FY23 Q4 Film Multi Title (Tier 2) - Five Nights at Freddy's_FBIG_CVS_ENFR_L CEC TFL 112_CP29LHW,446.19,inactive,181.0,actions:offsite_conversion.fb_pixel_purchase,8601.0,,2.46513812,2023-11-06,35381.0,12.611006,116.0,3.846466,0.32786,351.0,0.992058,1.271197,4.113591442855482,EXH,2023-10-20
2023-11-18,Q1 to Q4_CEC_BRA_N/A_Masterbrand Cineplex - Saliency_FBIG_CVS_ENFR_L CEC TBR 015_CP20C7C_Stephanie Critelli,1816.32,inactive,1004.0,actions:offsite_conversion.fb_pixel_purchase,136975.0,,1.80908367,2023-11-15,256643.0,7.077224,664.0,2.735422,0.258725,3723.0,1.450653,0.487865,1.87364847599927,EXH,2023-11-10
2023-11-18,Q1 to Q4_CEC_BRA_N/A_Masterbrand Cineplex - Awareness_FBIG_TC_ENFR_L CEC TBR 015_CP20C7C_Stephanie Critelli,2818.39,completed,1923.0,actions:landing_page_view,214956.0,,1.46562142,2023-11-15,355276.0,7.932959,2861.0,0.985107,0.805289,4761.0,1.340085,0.591974,1.6527847559500548,EXH,2023-11-10
2023-11-18,Q1 to Q4_CEC_BRA_N/A_Masterbrand Cineplex - Loyalty_FBIG_CVS_ENFR_L CEC TBR 015_CP20C7C_Stephanie Critelli,1098.14,inactive,501.0,actions:offsite_conversion.fb_pixel_purchase,55119.0,,2.19189621,2023-11-15,102622.0,10.700824,151.0,7.27245,0.147142,694.0,0.676268,1.582334,1.8618262305194215,EXH,2023-11-10
2023-11-11,Q1 to Q4_CEC_BRA_N/A_Masterbrand Cineplex - Saliency_FBIG_CVS_ENFR_L CEC TBR 015_CP20C7C_Stephanie Critelli,3164.47,inactive,1636.0,actions:offsite_conversion.fb_pixel_purchase,193597.0,,1.93427262,2023-11-15,438133.0,7.222624,1304.0,2.426741,0.297627,6825.0,1.557746,0.463659,2.2631187466747935,EXH,2023-11-03
2023-11-11,Q1 to Q4_CEC_BRA_N/A_Masterbrand Cineplex - Awareness_FBIG_TC_ENFR_L CEC TBR 015_CP20C7C_Stephanie Critelli,4881.7,completed,3294.0,actions:landing_page_view,336637.0,,1.48199757,2023-11-15,650337.0,7.506416,5243.0,0.931089,0.806197,8396.0,1.291023,0.581432,1.9318642929921548,EXH,2023-11-03
2023-11-11,Q1 to Q4_CEC_BRA_N/A_Masterbrand Cineplex - Loyalty_FBIG_CVS_ENFR_L CEC TBR 015_CP20C7C_Stephanie Critelli,1905.06,inactive,1041.0,actions:offsite_conversion.fb_pixel_purchase,81608.0,,1.83002882,2023-11-15,172701.0,11.030973,278.0,6.852734,0.160972,1099.0,0.63636,1.733449,2.1162263503578083,EXH,2023-11-03
2023-11-04,Q1 to Q4_CEC_BRA_N/A_Masterbrand Cineplex - Saliency_FBIG_CVS_ENFR_L CEC TBR 015_CP20C7C_Stephanie Critelli,2754.93,inactive,2031.0,actions:offsite_conversion.fb_pixel_purchase,176397.0,,1.35644018,2023-11-15,388825.0,7.08527,1127.0,2.444481,0.289848,6870.0,1.766862,0.401009,2.2042608434383806,EXH,2023-10-27
2023-11-04,Q1 to Q4_CEC_BRA_N/A_Masterbrand Cineplex - Awareness_FBIG_TC_ENFR_L CEC TBR 015_CP20C7C_Stephanie Critelli,4574.72,completed,3179.0,actions:landing_page_view,353175.0,,1.43904372,2023-11-15,676954.0,6.7578,5079.0,0.900713,0.750273,8741.0,1.291225,0.523363,1.9167664755432858,EXH,2023-10-27
2023-11-04,Q1 to Q4_CEC_BRA_N/A_Masterbrand Cineplex - Loyalty_FBIG_CVS_ENFR_L CEC TBR 015_CP20C7C_Stephanie Critelli,1685.76,inactive,1194.0,actions:offsite_conversion.fb_pixel_purchase,75491.0,,1.4118593,2023-11-15,157667.0,10.691901,198.0,8.513939,0.125581,773.0,0.490274,2.180802,2.088553602416182,EXH,2023-10-27
2023-10-28,Q1 to Q4_CEC_BRA_N/A_Masterbrand Cineplex - Saliency_FBIG_CVS_ENFR_L CEC TBR 015_CP20C7C_Stephanie Critelli,1201.99,inactive,1066.0,actions:offsite_conversion.fb_pixel_purchase,84102.0,,1.12757036,2023-11-15,158883.0,7.565252,298.0,4.033523,0.187559,1345.0,0.846535,0.893673,1.8891702932153813,EXH,2023-10-20
2023-10-28,Q1 to Q4_CEC_BRA_N/A_Masterbrand Cineplex - Awareness_FBIG_TC_ENFR_L CEC TBR 015_CP20C7C_Stephanie Critelli,4002.32,completed,3171.0,actions:landing_page_view,325502.0,,1.26216336,2023-11-15,626765.0,6.385679,4146.0,0.965345,0.661492,6609.0,1.054462,0.605586,1.925533483665231,EXH,2023-10-20
2023-10-28,Q1 to Q4_CEC_BRA_N/A_Masterbrand Cineplex - Loyalty_FBIG_CVS_ENFR_L CEC TBR 015_CP20C7C_Stephanie Critelli,780.62,inactive,480.0,actions:offsite_conversion.fb_pixel_purchase,53831.0,,1.62629167,2023-11-15,128538.0,6.073068,129.0,6.051318,0.100359,377.0,0.293298,2.07061,2.3878062826252533,EXH,2023-10-20
2023-10-21,Q1 to Q4_CEC_BRA_N/A_Masterbrand Cineplex - Saliency_FBIG_CVS_ENFR_L CEC TBR 015_CP20C7C_Stephanie Critelli,2169.01,inactive,1260.0,actions:offsite_conversion.fb_pixel_purchase,113198.0,,1.72143651,2023-11-15,294671.0,7.360785,435.0,4.98623,0.147622,1691.0,0.57386,1.282679,2.6031466987049243,EXH,2023-10-13
2023-10-21,Q1 to Q4_CEC_BRA_N/A_Masterbrand Cineplex - Awareness_FBIG_TC_ENFR_L CEC TBR 015_CP20C7C_Stephanie Critelli,4140.54,completed,3384.0,actions:landing_page_view,304443.0,,1.22356383,2023-11-15,611087.0,6.775696,4441.0,0.932344,0.726738,6256.0,1.023749,0.661851,2.0072295963448004,EXH,2023-10-13
2023-10-21,Q1 to Q4_CEC_BRA_N/A_Masterbrand Cineplex - Loyalty_FBIG_CVS_ENFR_L CEC TBR 015_CP20C7C_Stephanie Critelli,1351.82,inactive,180.0,actions:offsite_conversion.fb_pixel_purchase,75901.0,,7.51011111,2023-11-15,324700.0,4.163289,206.0,6.562233,0.063443,550.0,0.169387,2.457855,4.277941002094834,EXH,2023-10-13
2023-10-14,Q1 to Q4_CEC_BRA_N/A_Masterbrand Cineplex - Saliency_FBIG_CVS_ENFR_L CEC TBR 015_CP20C7C_Stephanie Critelli,2206.28,inactive,1316.0,actions:offsite_conversion.fb_pixel_purchase,106673.0,,1.67650456,2023-11-15,297491.0,7.416292,426.0,5.179061,0.143198,1723.0,0.579177,1.280488,2.7888125392554817,EXH,2023-10-06
2023-10-14,Q1 to Q4_CEC_BRA_N/A_Masterbrand Cineplex - Awareness_FBIG_TC_ENFR_L CEC TBR 015_CP20C7C_Stephanie Critelli,4201.14,completed,3019.0,actions:landing_page_view,268449.0,,1.39156674,2023-11-15,577047.0,7.280412,4767.0,0.881296,0.826103,7034.0,1.218965,0.597262,2.1495591341372102,EXH,2023-10-06
2023-10-14,Q1 to Q4_CEC_BRA_N/A_Masterbrand Cineplex - Loyalty_FBIG_CVS_ENFR_L CEC TBR 015_CP20C7C_Stephanie Critelli,1366.1,inactive,207.0,actions:offsite_conversion.fb_pixel_purchase,85002.0,,6.59951691,2023-11-15,336868.0,4.055298,248.0,5.508468,0.073619,553.0,0.164159,2.470344,3.9630596927131125,EXH,2023-10-06
2023-10-07,Q1 to Q4_CEC_BRA_N/A_Masterbrand Cineplex - Saliency_FBIG_CVS_ENFR_L CEC TBR 015_CP20C7C_Stephanie Critelli,2238.0,inactive,1344.0,actions:offsite_conversion.fb_pixel_purchase,117939.0,,1.66517857,2023-11-15,337151.0,6.637975,554.0,4.039711,0.164318,2030.0,0.602104,1.102463,2.858689661604728,EXH,2023-09-29
2023-10-07,Q1 to Q4_CEC_BRA_N/A_Masterbrand Cineplex - Awareness_FBIG_TC_ENFR_L CEC TBR 015_CP20C7C_Stephanie Critelli,4208.78,completed,3054.0,actions:landing_page_view,299594.0,,1.3781205,2023-11-15,615151.0,6.841865,4829.0,0.871563,0.785011,7573.0,1.23108,0.555761,2.0532821084534403,EXH,2023-09-29
2023-10-07,Q1 to Q4_CEC_BRA_N/A_Masterbrand Cineplex - Loyalty_FBIG_CVS_ENFR_L CEC TBR 015_CP20C7C_Stephanie Critelli,1383.05,inactive,241.0,actions:offsite_conversion.fb_pixel_purchase,69666.0,,5.73879668,2023-11-15,344798.0,4.011189,310.0,4.461452,0.089908,708.0,0.205338,1.95346,4.949300950248328,EXH,2023-09-29
2023-09-30,Q1 to Q4_CEC_BRA_N/A_Masterbrand Cineplex - Saliency_FBIG_CVS_ENFR_L CEC TBR 015_CP20C7C_Stephanie Critelli,2258.34,inactive,1189.0,actions:offsite_conversion.fb_pixel_purchase,130422.0,,1.89936081,2023-11-15,330314.0,6.836949,533.0,4.237036,0.161362,2215.0,0.670574,1.019567,2.532655533575624,EXH,2023-09-22
2023-09-30,Q1 to Q4_CEC_BRA_N/A_Masterbrand Cineplex - Awareness_FBIG_TC_ENFR_L CEC TBR 015_CP20C7C_Stephanie Critelli,4169.12,completed,2698.0,actions:landing_page_view,256764.0,,1.54526316,2023-11-15,534868.0,7.794671,4186.0,0.995968,0.782623,6775.0,1.266668,0.615368,2.0831113395958933,EXH,2023-09-22
2023-09-30,Q1 to Q4_CEC_BRA_N/A_Masterbrand Cineplex - Loyalty_FBIG_CVS_ENFR_L CEC TBR 015_CP20C7C_Stephanie Critelli,1403.05,inactive,260.0,actions:offsite_conversion.fb_pixel_purchase,65137.0,,5.39634615,2023-11-15,314047.0,4.467643,311.0,4.511415,0.09903,747.0,0.237862,1.878246,4.821330426639237,EXH,2023-09-22
2023-09-23,Q1 to Q4_CEC_BRA_N/A_Masterbrand Cineplex - Saliency_FBIG_CVS_ENFR_L CEC TBR 015_CP20C7C_Stephanie Critelli,2247.04,inactive,1157.0,actions:offsite_conversion.fb_pixel_purchase,128911.0,,1.94212619,2023-11-15,342826.0,6.554462,608.0,3.695789,0.177349,2768.0,0.807407,0.811792,2.6594006717813063,EXH,2023-09-15
2023-09-23,Q1 to Q4_CEC_BRA_N/A_Masterbrand Cineplex - Awareness_FBIG_TC_ENFR_L CEC TBR 015_CP20C7C_Stephanie Critelli,4154.94,completed,2736.0,actions:landing_page_view,271111.0,,1.51861842,2023-11-15,555079.0,7.485313,4389.0,0.946671,0.790698,7293.0,1.313867,0.569716,2.047423380091549,EXH,2023-09-15
2023-09-23,Q1 to Q4_CEC_BRA_N/A_Masterbrand Cineplex - Loyalty_FBIG_CVS_ENFR_L CEC TBR 015_CP20C7C_Stephanie Critelli,1388.98,inactive,359.0,actions:offsite_conversion.fb_pixel_purchase,68464.0,,3.86902507,2023-11-15,311459.0,4.459592,342.0,4.061345,0.109806,883.0,0.283504,1.573024,4.549237555503622,EXH,2023-09-15
2023-09-16,Q1 to Q4_CEC_BRA_N/A_Masterbrand Cineplex - Saliency_FBIG_CVS_ENFR_L CEC TBR 015_CP20C7C_Stephanie Critelli,2270.31,inactive,1970.0,actions:offsite_conversion.fb_pixel_purchase,161806.0,,1.15244162,2023-11-15,379532.0,5.981867,520.0,4.365981,0.137011,1823.0,0.480328,1.24537,2.345599050715054,EXH,2023-09-08
2023-09-16,Q1 to Q4_CEC_BRA_N/A_Masterbrand Cineplex - Awareness_FBIG_TC_ENFR_L CEC TBR 015_CP20C7C_Stephanie Critelli,4173.64,completed,2872.0,actions:landing_page_view,273926.0,,1.45321727,2023-11-15,538097.0,7.756297,4555.0,0.916277,0.846502,7347.0,1.365367,0.568074,1.9643881924315325,EXH,2023-09-08
2023-09-16,Q1 to Q4_CEC_BRA_N/A_Masterbrand Cineplex - Loyalty_FBIG_CVS_ENFR_L CEC TBR 015_CP20C7C_Stephanie Critelli,1393.11,inactive,470.0,actions:offsite_conversion.fb_pixel_purchase,81431.0,,2.96406383,2023-11-15,314619.0,4.427927,288.0,4.837188,0.091539,739.0,0.234887,1.885129,3.8636268742862057,EXH,2023-09-08
2023-09-09,Q1 to Q4_CEC_BRA_N/A_Masterbrand Cineplex - Saliency_FBIG_CVS_ENFR_L CEC TBR 015_CP20C7C_Stephanie Critelli,2280.46,inactive,2213.0,actions:offsite_conversion.fb_pixel_purchase,175352.0,,1.03048351,2023-11-15,397107.0,5.742684,697.0,3.271822,0.175519,2771.0,0.697797,0.822974,2.2646277202427116,EXH,2023-09-01
2023-09-09,Q1 to Q4_CEC_BRA_N/A_Masterbrand Cineplex - Awareness_FBIG_TC_ENFR_L CEC TBR 015_CP20C7C_Stephanie Critelli,4150.36,completed,3087.0,actions:landing_page_view,297336.0,,1.34446388,2023-11-15,589938.0,7.035248,4814.0,0.862144,0.816018,8411.0,1.425743,0.493444,1.9840786181289853,EXH,2023-09-01
2023-09-09,Q1 to Q4_CEC_BRA_N/A_Masterbrand Cineplex - Loyalty_FBIG_CVS_ENFR_L CEC TBR 015_CP20C7C_Stephanie Critelli,1415.46,inactive,792.0,actions:offsite_conversion.fb_pixel_purchase,88779.0,,1.78719697,2023-11-15,344210.0,4.112199,340.0,4.163118,0.098777,856.0,0.248685,1.653575,3.8771556336521025,EXH,2023-09-01
2023-09-02,Q1 to Q4_CEC_BRA_N/A_Masterbrand Cineplex - Saliency_FBIG_CVS_ENFR_L CEC TBR 015_CP20C7C_Stephanie Critelli,2227.63,inactive,2817.0,actions:offsite_conversion.fb_pixel_purchase,159467.0,,0.79078097,2023-11-15,377391.0,5.902711,764.0,2.915746,0.202443,2973.0,0.787777,0.749287,2.366577411000395,EXH,2023-08-25
2023-09-02,Q1 to Q4_CEC_BRA_N/A_Masterbrand Cineplex - Awareness_FBIG_TC_ENFR_L CEC TBR 015_CP20C7C_Stephanie Critelli,4187.82,completed,3244.0,actions:landing_page_view,363651.0,,1.29094328,2023-11-15,633902.0,6.606416,4870.0,0.859922,0.768258,9002.0,1.420093,0.46521,1.7431603377964038,EXH,2023-08-25
2023-09-02,Q1 to Q4_CEC_BRA_N/A_Masterbrand Cineplex - Loyalty_FBIG_CVS_ENFR_L CEC TBR 015_CP20C7C_Stephanie Critelli,1362.29,inactive,837.0,actions:offsite_conversion.fb_pixel_purchase,89333.0,,1.62758662,2023-11-15,349036.0,3.903007,314.0,4.338503,0.089962,810.0,0.232068,1.68184,3.907133981843216,EXH,2023-08-25
2023-08-26,Q1 to Q4_CEC_BRA_N/A_Masterbrand Cineplex - Saliency_FBIG_CVS_ENFR_L CEC TBR 015_CP20C7C_Stephanie Critelli,2278.54,inactive,3832.0,actions:offsite_conversion.fb_pixel_purchase,148978.0,,0.59460856,2023-11-15,369500.0,6.166549,647.0,3.5217,0.175101,2270.0,0.614344,1.003762,2.4802319805608883,EXH,2023-08-18
2023-08-26,Q1 to Q4_CEC_BRA_N/A_Masterbrand Cineplex - Awareness_FBIG_TC_ENFR_L CEC TBR 015_CP20C7C_Stephanie Critelli,4226.58,completed,3183.0,actions:landing_page_view,340977.0,,1.32786051,2023-11-15,647443.0,6.528111,4965.0,0.851275,0.766863,9561.0,1.476732,0.442065,1.8987878947846921,EXH,2023-08-18
2023-08-26,Q1 to Q4_CEC_BRA_N/A_Masterbrand Cineplex - Loyalty_FBIG_CVS_ENFR_L CEC TBR 015_CP20C7C_Stephanie Critelli,1398.27,inactive,1067.0,actions:offsite_conversion.fb_pixel_purchase,85300.0,,1.3104686,2023-11-15,369632.0,3.782871,316.0,4.424905,0.08549,713.0,0.192895,1.961108,4.333317702227433,EXH,2023-08-18
2023-08-19,Q1 to Q4_CEC_BRA_N/A_Masterbrand Cineplex - Saliency_FBIG_CVS_ENFR_L CEC TBR 015_CP20C7C_Stephanie Critelli,2211.55,inactive,3139.0,actions:offsite_conversion.fb_pixel_purchase,127738.0,,0.70453966,2023-11-15,361787.0,6.112851,522.0,4.236686,0.144284,1806.0,0.499189,1.224557,2.8322582160359486,EXH,2023-08-11
2023-08-19,Q1 to Q4_CEC_BRA_N/A_Masterbrand Cineplex - Awareness_FBIG_TC_ENFR_L CEC TBR 015_CP20C7C_Stephanie Critelli,4177.41,completed,3322.0,actions:landing_page_view,335879.0,,1.25749849,2023-11-15,645179.0,6.474808,5322.0,0.784932,0.824887,9671.0,1.498964,0.431952,1.9208673361537936,EXH,2023-08-11
2023-08-19,Q1 to Q4_CEC_BRA_N/A_Masterbrand Cineplex - Loyalty_FBIG_CVS_ENFR_L CEC TBR 015_CP20C7C_Stephanie Critelli,1355.48,inactive,720.0,actions:offsite_conversion.fb_pixel_purchase,75982.0,,1.88261111,2023-11-15,359006.0,3.775647,330.0,4.107515,0.09192,751.0,0.209189,1.8049,4.724882208944224,EXH,2023-08-11
2023-08-12,Q1 to Q4_CEC_BRA_N/A_Masterbrand Cineplex - Saliency_FBIG_CVS_ENFR_L CEC TBR 015_CP20C7C_Stephanie Critelli,2231.97,inactive,4024.0,actions:offsite_conversion.fb_pixel_purchase,145706.0,,0.55466451,2023-11-15,385351.0,5.792044,530.0,4.211264,0.137537,1652.0,0.4287,1.351071,2.644716072090374,EXH,2023-08-04
2023-08-12,Q1 to Q4_CEC_BRA_N/A_Masterbrand Cineplex - Awareness_FBIG_TC_ENFR_L CEC TBR 015_CP20C7C_Stephanie Critelli,4193.95,completed,3234.0,actions:landing_page_view,349664.0,,1.29683055,2023-11-15,680517.0,6.162888,5081.0,0.825418,0.746638,9610.0,1.412162,0.436415,1.9462026402489248,EXH,2023-08-04
2023-08-12,Q1 to Q4_CEC_BRA_N/A_Masterbrand Cineplex - Loyalty_FBIG_CVS_ENFR_L CEC TBR 015_CP20C7C_Stephanie Critelli,1359.6,inactive,1018.0,actions:offsite_conversion.fb_pixel_purchase,65029.0,,1.33555992,2023-11-15,341116.0,3.985741,267.0,5.092135,0.078272,596.0,0.174721,2.281208,5.245598117762844,EXH,2023-08-04
2023-08-05,Q1 to Q4_CEC_BRA_N/A_Masterbrand Cineplex - Saliency_FBIG_CVS_ENFR_L CEC TBR 015_CP20C7C_Stephanie Critelli,2234.79,inactive,3828.0,actions:offsite_conversion.fb_pixel_purchase,170365.0,,0.58380094,2023-11-15,396890.0,5.630754,558.0,4.005,0.140593,1432.0,0.360805,1.560608,2.3296451735978634,EXH,2023-07-28
2023-08-05,Q1 to Q4_CEC_BRA_N/A_Masterbrand Cineplex - Awareness_FBIG_TC_ENFR_L CEC TBR 015_CP20C7C_Stephanie Critelli,4256.19,completed,3396.0,actions:landing_page_view,363446.0,,1.25329505,2023-11-15,704867.0,6.038288,5447.0,0.781382,0.77277,10540.0,1.495318,0.403813,1.9393995256516787,EXH,2023-07-28
2023-08-05,Q1 to Q4_CEC_BRA_N/A_Masterbrand Cineplex - Loyalty_FBIG_CVS_ENFR_L CEC TBR 015_CP20C7C_Stephanie Critelli,1376.52,inactive,1163.0,actions:offsite_conversion.fb_pixel_purchase,73297.0,,1.18359415,2023-11-15,339559.0,4.053846,251.0,5.484143,0.073919,644.0,0.189658,2.137453,4.632645265154099,EXH,2023-07-28
2023-07-29,Q1 to Q4_CEC_BRA_N/A_Masterbrand Cineplex - Saliency_FBIG_CVS_ENFR_L CEC TBR 015_CP20C7C_Stephanie Critelli,2244.82,inactive,4723.0,actions:offsite_conversion.fb_pixel_purchase,180253.0,,0.47529536,2023-11-15,405703.0,5.533161,550.0,4.081491,0.135567,1338.0,0.329798,1.677743,2.2507420126156013,EXH,2023-07-21
2023-07-29,Q1 to Q4_CEC_BRA_N/A_Masterbrand Cineplex - Awareness_FBIG_TC_ENFR_L CEC TBR 015_CP20C7C_Stephanie Critelli,4146.84,completed,3178.0,actions:landing_page_view,345580.0,,1.3048584,2023-11-15,633083.0,6.550231,5079.0,0.816468,0.802264,10080.0,1.592208,0.411393,1.831943399502286,EXH,2023-07-21
2023-07-29,Q1 to Q4_CEC_BRA_N/A_Masterbrand Cineplex - Loyalty_FBIG_CVS_ENFR_L CEC TBR 015_CP20C7C_Stephanie Critelli,1384.12,inactive,1552.0,actions:offsite_conversion.fb_pixel_purchase,72960.0,,0.8918299,2023-11-15,343980.0,4.023839,322.0,4.298509,0.09361,642.0,0.186639,2.15595,4.714638157894737,EXH,2023-07-21
2023-07-22,Q1 to Q4_CEC_BRA_N/A_Masterbrand Cineplex - Saliency_FBIG_CVS_ENFR_L CEC TBR 015_CP20C7C_Stephanie Critelli,2278.37,inactive,4186.0,actions:offsite_conversion.fb_pixel_purchase,145936.0,,0.54428333,2023-11-15,374306.0,6.086918,510.0,4.467392,0.136252,1107.0,0.295747,2.058148,2.5648640499945183,EXH,2023-07-14
2023-07-22,Q1 to Q4_CEC_BRA_N/A_Masterbrand Cineplex - Awareness_FBIG_TC_ENFR_L CEC TBR 015_CP20C7C_Stephanie Critelli,4173.23,completed,3583.0,actions:landing_page_view,348482.0,,1.16473067,2023-11-15,637405.0,6.547219,5544.0,0.752747,0.869777,10958.0,1.719158,0.380839,1.829090168215288,EXH,2023-07-14
2023-07-22,Q1 to Q4_CEC_BRA_N/A_Masterbrand Cineplex - Loyalty_FBIG_CVS_ENFR_L CEC TBR 015_CP20C7C_Stephanie Critelli,1399.24,inactive,1240.0,actions:offsite_conversion.fb_pixel_purchase,98924.0,,1.12841935,2023-11-15,376334.0,3.71808,321.0,4.359003,0.085297,606.0,0.161027,2.308977,3.804273988112086,EXH,2023-07-14
2023-07-15,Q1 to Q4_CEC_BRA_N/A_Masterbrand Cineplex - Saliency_FBIG_CVS_ENFR_L CEC TBR 015_CP20C7C_Stephanie Critelli,1539.52,inactive,1636.0,actions:offsite_conversion.fb_pixel_purchase,101536.0,,0.94102689,2023-11-15,229583.0,6.705723,570.0,2.700912,0.248276,1153.0,0.502215,1.33523,2.2610995115033092,EXH,2023-07-07
2023-07-15,Q1 to Q4_CEC_BRA_N/A_Masterbrand Cineplex - Awareness_FBIG_TC_ENFR_L CEC TBR 015_CP20C7C_Stephanie Critelli,2756.03,completed,2190.0,actions:landing_page_view,251757.0,,1.25846119,2023-11-15,410796.0,6.708999,3441.0,0.800939,0.837642,6835.0,1.663843,0.403223,1.6317162978586495,EXH,2023-07-07
2023-07-15,Q1 to Q4_CEC_BRA_N/A_Masterbrand Cineplex - Loyalty_FBIG_CVS_ENFR_L CEC TBR 015_CP20C7C_Stephanie Critelli,951.16,inactive,387.0,actions:offsite_conversion.fb_pixel_purchase,61231.0,,2.45777778,2023-11-15,190718.0,4.987259,302.0,3.149536,0.158349,622.0,0.326136,1.529196,3.1147294670999983,EXH,2023-07-07
2023-07-01,Q1 to Q4_CEC_BRA_N/A_Masterbrand Cineplex - Saliency_FBIG_CVS_ENFR_L CEC TBR 015_CP20C7C_Stephanie Critelli,1880.19,inactive,985.0,actions:offsite_conversion.fb_pixel_purchase,110319.0,,1.90882234,2023-11-15,264163.0,7.117537,585.0,3.214,0.221454,1309.0,0.495527,1.436356,2.394537658970803,EXH,2023-06-23
2023-07-01,Q1 to Q4_CEC_BRA_N/A_Masterbrand Cineplex - Awareness_FBIG_TC_ENFR_L CEC TBR 015_CP20C7C_Stephanie Critelli,3576.75,completed,2284.0,actions:landing_page_view,247700.0,,1.56600263,2023-11-15,445150.0,8.034932,3717.0,0.962268,0.834999,7172.0,1.611142,0.49871,1.7971336293903917,EXH,2023-06-23
2023-07-01,Q1 to Q4_CEC_BRA_N/A_Masterbrand Cineplex - Loyalty_FBIG_CVS_ENFR_L CEC TBR 015_CP20C7C_Stephanie Critelli,1193.5,inactive,243.0,actions:offsite_conversion.fb_pixel_purchase,70008.0,,4.91152263,2023-11-15,154529.0,7.723469,224.0,5.328125,0.144957,696.0,0.450401,1.714799,2.2073048794423493,EXH,2023-06-23
2023-06-24,Q1 to Q4_CEC_BRA_N/A_Masterbrand Cineplex - Saliency_FBIG_CVS_ENFR_L CEC TBR 015_CP20C7C_Stephanie Critelli,2192.62,inactive,1311.0,actions:offsite_conversion.fb_pixel_purchase,138430.0,,1.67247902,2023-11-15,328317.0,6.678363,879.0,2.494448,0.267729,1938.0,0.590283,1.131383,2.371718558116015,EXH,2023-06-16
2023-06-24,Q1 to Q4_CEC_BRA_N/A_Masterbrand Cineplex - Awareness_FBIG_TC_ENFR_L CEC TBR 015_CP20C7C_Stephanie Critelli,4088.2,completed,2550.0,actions:landing_page_view,278858.0,,1.60321569,2023-11-15,509516.0,8.023693,4120.0,0.992282,0.808611,7641.0,1.499659,0.535035,1.8271521706388199,EXH,2023-06-16
2023-06-24,Q1 to Q4_CEC_BRA_N/A_Masterbrand Cineplex - Loyalty_FBIG_CVS_ENFR_L CEC TBR 015_CP20C7C_Stephanie Critelli,1393.96,inactive,252.0,actions:offsite_conversion.fb_pixel_purchase,81419.0,,5.5315873,2023-11-15,170587.0,8.171549,302.0,4.615762,0.177036,951.0,0.557487,1.465783,2.0951743450545943,EXH,2023-06-16
2023-06-17,Q1 to Q4_CEC_BRA_N/A_Masterbrand Cineplex - Saliency_FBIG_CVS_ENFR_L CEC TBR 015_CP20C7C_Stephanie Critelli,2273.44,inactive,1701.0,actions:offsite_conversion.fb_pixel_purchase,153709.0,,1.33653145,2023-11-15,349577.0,6.503403,1044.0,2.177625,0.298647,3065.0,0.876774,0.741742,2.274278018853808,EXH,2023-06-09
2023-06-17,Q1 to Q4_CEC_BRA_N/A_Masterbrand Cineplex - Awareness_FBIG_TC_ENFR_L CEC TBR 015_CP20C7C_Stephanie Critelli,4213.34,completed,2411.0,actions:landing_page_view,291416.0,,1.74754873,2023-11-15,550007.0,7.660521,4216.0,0.999369,0.766536,7579.0,1.377982,0.555923,1.8873603371125813,EXH,2023-06-09
2023-06-17,Q1 to Q4_CEC_BRA_N/A_Masterbrand Cineplex - Loyalty_FBIG_CVS_ENFR_L CEC TBR 015_CP20C7C_Stephanie Critelli,1422.21,inactive,336.0,actions:offsite_conversion.fb_pixel_purchase,87673.0,,4.23276786,2023-11-15,199895.0,7.114785,386.0,3.684482,0.193101,1268.0,0.634333,1.121617,2.2800063873712544,EXH,2023-06-09
2023-06-10,Q1 to Q4_CEC_BRA_N/A_Masterbrand Cineplex - Saliency_FBIG_CVS_ENFR_L CEC TBR 015_CP20C7C_Stephanie Critelli,2324.83,inactive,2024.0,actions:offsite_conversion.fb_pixel_purchase,160845.0,,1.14863142,2023-11-15,370141.0,6.280931,783.0,2.969132,0.211541,3224.0,0.871019,0.721101,2.3012278902048555,EXH,2023-06-02
2023-06-10,Q1 to Q4_CEC_BRA_N/A_Masterbrand Cineplex - Awareness_FBIG_TC_ENFR_L CEC TBR 015_CP20C7C_Stephanie Critelli,4249.48,completed,2674.0,actions:landing_page_view,284768.0,,1.58918474,2023-11-15,507628.0,8.371248,4569.0,0.930068,0.900069,7890.0,1.554288,0.538591,1.782601977750309,EXH,2023-06-02
2023-06-10,Q1 to Q4_CEC_BRA_N/A_Masterbrand Cineplex - Loyalty_FBIG_CVS_ENFR_L CEC TBR 015_CP20C7C_Stephanie Critelli,1439.28,inactive,389.0,actions:offsite_conversion.fb_pixel_purchase,91969.0,,3.69994859,2023-11-15,194073.0,7.416178,365.0,3.943233,0.188074,1768.0,0.910997,0.814072,2.1102001761463103,EXH,2023-06-02
2023-06-03,Q1 to Q4_CEC_BRA_N/A_Masterbrand Cineplex - Saliency_FBIG_CVS_ENFR_L CEC TBR 015_CP20C7C_Stephanie Critelli,2333.47,inactive,2029.0,actions:offsite_conversion.fb_pixel_purchase,137248.0,,1.15005914,2023-11-15,364711.0,6.398134,502.0,4.648347,0.137643,1472.0,0.403607,1.585238,2.657313767778037,EXH,2023-05-26
2023-06-03,Q1 to Q4_CEC_BRA_N/A_Masterbrand Cineplex - Awareness_FBIG_TC_ENFR_L CEC TBR 015_CP20C7C_Stephanie Critelli,4323.66,completed,2513.0,actions:landing_page_view,266853.0,,1.72051731,2023-11-15,511475.0,8.453316,4485.0,0.964027,0.876876,7036.0,1.375629,0.614505,1.9166919614919076,EXH,2023-05-26
2023-06-03,Q1 to Q4_CEC_BRA_N/A_Masterbrand Cineplex - Loyalty_FBIG_CVS_ENFR_L CEC TBR 015_CP20C7C_Stephanie Critelli,1458.06,inactive,512.0,actions:offsite_conversion.fb_pixel_purchase,112806.0,,2.84777344,2023-11-15,316403.0,4.608237,307.0,4.749381,0.097028,792.0,0.250314,1.840985,2.8048419410315053,EXH,2023-05-26
2023-05-27,Q1 to Q4_CEC_BRA_N/A_Masterbrand Cineplex - Saliency_FBIG_CVS_ENFR_L CEC TBR 015_CP20C7C_Stephanie Critelli,2397.78,inactive,1761.0,actions:offsite_conversion.fb_pixel_purchase,128227.0,,1.36160136,2023-11-15,350540.0,6.840246,528.0,4.54125,0.150625,1240.0,0.35374,1.933694,2.7337456229967168,EXH,2023-05-19
2023-05-27,Q1 to Q4_CEC_BRA_N/A_Masterbrand Cineplex - Awareness_FBIG_TC_ENFR_L CEC TBR 015_CP20C7C_Stephanie Critelli,4433.11,completed,2327.0,actions:landing_page_view,270526.0,,1.9050752,2023-11-15,515834.0,8.594063,4373.0,1.013746,0.847753,6988.0,1.354699,0.634389,1.9067816032470077,EXH,2023-05-19
2023-05-27,Q1 to Q4_CEC_BRA_N/A_Masterbrand Cineplex - Loyalty_FBIG_CVS_ENFR_L CEC TBR 015_CP20C7C_Stephanie Critelli,1471.1,inactive,372.0,actions:offsite_conversion.fb_pixel_purchase,110422.0,,3.95456989,2023-11-15,311263.0,4.726228,314.0,4.685032,0.100879,701.0,0.225211,2.098573,2.818849504627701,EXH,2023-05-19
2023-05-20,Q1 to Q4_CEC_BRA_N/A_Masterbrand Cineplex - Saliency_FBIG_CVS_ENFR_L CEC TBR 015_CP20C7C_Stephanie Critelli,2287.3,inactive,1590.0,actions:offsite_conversion.fb_pixel_purchase,115744.0,,1.43855346,2023-11-15,299538.0,7.636093,402.0,5.689801,0.134207,977.0,0.326169,2.341146,2.5879354437379045,EXH,2023-05-12
2023-05-20,Q1 to Q4_CEC_BRA_N/A_Masterbrand Cineplex - Awareness_FBIG_TC_ENFR_L CEC TBR 015_CP20C7C_Stephanie Critelli,4217.41,completed,2354.0,actions:landing_page_view,256450.0,,1.79159303,2023-11-15,475881.0,8.862321,4206.0,1.002713,0.883834,7239.0,1.521179,0.582596,1.8556482745174498,EXH,2023-05-12
2023-05-20,Q1 to Q4_CEC_BRA_N/A_Masterbrand Cineplex - Loyalty_FBIG_CVS_ENFR_L CEC TBR 015_CP20C7C_Stephanie Critelli,1414.27,inactive,384.0,actions:offsite_conversion.fb_pixel_purchase,111916.0,,3.68299479,2023-11-15,315929.0,4.476544,311.0,4.547492,0.09844,759.0,0.240244,1.863333,2.8229118267271884,EXH,2023-05-12
2023-05-13,Q1 to Q4_CEC_BRA_N/A_Masterbrand Cineplex - Saliency_FBIG_CVS_ENFR_L CEC TBR 015_CP20C7C_Stephanie Critelli,2345.13,inactive,1722.0,actions:offsite_conversion.fb_pixel_purchase,126666.0,,1.36186411,2023-11-15,344030.0,6.816644,455.0,5.154132,0.132256,1191.0,0.346191,1.969043,2.7160406107400563,EXH,2023-05-05
2023-05-13,Q1 to Q4_CEC_BRA_N/A_Masterbrand Cineplex - Awareness_FBIG_TC_ENFR_L CEC TBR 015_CP20C7C_Stephanie Critelli,4356.71,completed,2394.0,actions:landing_page_view,266182.0,,1.81984545,2023-11-15,519796.0,8.381577,4436.0,0.982126,0.853412,7357.0,1.415363,0.592186,1.952784185256704,EXH,2023-05-05
2023-05-13,Q1 to Q4_CEC_BRA_N/A_Masterbrand Cineplex - Loyalty_FBIG_CVS_ENFR_L CEC TBR 015_CP20C7C_Stephanie Critelli,1425.29,inactive,394.0,actions:offsite_conversion.fb_pixel_purchase,112844.0,,3.61748731,2023-11-15,327548.0,4.351393,351.0,4.060655,0.10716,712.0,0.217373,2.001812,2.9026620821665308,EXH,2023-05-05
2023-05-06,Q1 to Q4_CEC_BRA_N/A_Masterbrand Cineplex - Saliency_FBIG_CVS_ENFR_L CEC TBR 015_CP20C7C_Stephanie Critelli,2294.42,inactive,2065.0,actions:offsite_conversion.fb_pixel_purchase,133262.0,,1.11109927,2023-11-15,342570.0,6.697668,465.0,4.934237,0.135739,1157.0,0.337741,1.983077,2.5706502979093817,EXH,2023-04-28
2023-05-06,Q1 to Q4_CEC_BRA_N/A_Masterbrand Cineplex - Awareness_FBIG_TC_ENFR_L CEC TBR 015_CP20C7C_Stephanie Critelli,4301.56,completed,2595.0,actions:landing_page_view,277568.0,,1.65763391,2023-11-15,529947.0,8.116963,4717.0,0.911927,0.890089,7490.0,1.413349,0.574307,1.9092510664053493,EXH,2023-04-28
2023-05-06,Q1 to Q4_CEC_BRA_N/A_Masterbrand Cineplex - Loyalty_FBIG_CVS_ENFR_L CEC TBR 015_CP20C7C_Stephanie Critelli,1405.86,inactive,455.0,actions:offsite_conversion.fb_pixel_purchase,121517.0,,3.0898022,2023-11-15,325743.0,4.315856,292.0,4.814589,0.089641,680.0,0.208754,2.067441,2.6806372770888025,EXH,2023-04-28
2023-04-29,Q1 to Q4_CEC_BRA_N/A_Masterbrand Cineplex - Saliency_FBIG_CVS_ENFR_L CEC TBR 015_CP20C7C_Stephanie Critelli,2230.0,inactive,2077.0,actions:offsite_conversion.fb_pixel_purchase,118218.0,,1.07366394,2023-11-15,315926.0,7.058615,432.0,5.162037,0.136741,1191.0,0.376987,1.872376,2.672401833900083,EXH,2023-04-21
2023-04-29,Q1 to Q4_CEC_BRA_N/A_Masterbrand Cineplex - Awareness_FBIG_TC_ENFR_L CEC TBR 015_CP20C7C_Stephanie Critelli,4394.41,completed,2542.0,actions:landing_page_view,263748.0,,1.72872148,2023-11-15,532265.0,8.256057,4469.0,0.983309,0.839619,6910.0,1.298226,0.635949,2.0180816536997437,EXH,2023-04-21
2023-04-29,Q1 to Q4_CEC_BRA_N/A_Masterbrand Cineplex - Loyalty_FBIG_CVS_ENFR_L CEC TBR 015_CP20C7C_Stephanie Critelli,1461.67,inactive,382.0,actions:offsite_conversion.fb_pixel_purchase,118067.0,,3.82636126,2023-11-15,320271.0,4.563854,348.0,4.200201,0.108658,871.0,0.271957,1.678152,2.7126208000542067,EXH,2023-04-21
2023-04-22,Q1 to Q4_CEC_BRA_N/A_Masterbrand Cineplex - Saliency_FBIG_CVS_ENFR_L CEC TBR 015_CP20C7C_Stephanie Critelli,2244.15,inactive,2049.0,actions:offsite_conversion.fb_pixel_purchase,114324.0,,1.09524158,2023-11-15,293283.0,7.651824,400.0,5.610375,0.136387,1040.0,0.354606,2.157837,2.565366852104545,EXH,2023-04-14
2023-04-22,Q1 to Q4_CEC_BRA_N/A_Masterbrand Cineplex - Awareness_FBIG_TC_ENFR_L CEC TBR 015_CP20C7C_Stephanie Critelli,4344.6,completed,2626.0,actions:landing_page_view,239942.0,,1.65445545,2023-11-15,456451.0,9.518218,4700.0,0.924383,1.029683,7314.0,1.602363,0.594011,1.9023388985671537,EXH,2023-04-14
2023-04-22,Q1 to Q4_CEC_BRA_N/A_Masterbrand Cineplex - Loyalty_FBIG_CVS_ENFR_L CEC TBR 015_CP20C7C_Stephanie Critelli,1429.52,inactive,351.0,actions:offsite_conversion.fb_pixel_purchase,128301.0,,4.07270655,2023-11-15,289376.0,4.940009,320.0,4.46725,0.110583,839.0,0.289934,1.703838,2.2554461773485786,EXH,2023-04-14
2023-04-15,Q1 to Q4_CEC_BRA_N/A_Masterbrand Cineplex - Saliency_FBIG_CVS_ENFR_L CEC TBR 015_CP20C7C_Stephanie Critelli,459.54,inactive,590.0,actions:offsite_conversion.fb_pixel_purchase,27285.0,,0.77888136,2023-11-15,52396.0,8.770517,75.0,6.1272,0.143141,196.0,0.374074,2.344592,1.9203225215319772,EXH,2023-04-07
2023-04-15,Q1 to Q4_CEC_BRA_N/A_Masterbrand Cineplex - Awareness_FBIG_TC_ENFR_L CEC TBR 015_CP20C7C_Stephanie Critelli,867.62,completed,507.0,actions:landing_page_view,67345.0,,1.71128205,2023-11-15,85446.0,10.154015,974.0,0.89078,1.139901,1586.0,1.856143,0.547049,1.2687801618531442,EXH,2023-04-07
2023-04-15,Q1 to Q4_CEC_BRA_N/A_Masterbrand Cineplex - Loyalty_FBIG_CVS_ENFR_L CEC TBR 015_CP20C7C_Stephanie Critelli,274.23,inactive,94.0,actions:offsite_conversion.fb_pixel_purchase,43483.0,,2.91734043,2023-11-15,64614.0,4.244127,37.0,7.411622,0.057263,81.0,0.12536,3.385556,1.485960030356691,EXH,2023-04-07
2023-04-01,Q1 to Q4_CEC_BRA_N/A_Masterbrand Cineplex - Saliency_FBIG_CVS_ENFR_L CEC TBR 015_CP20C7C_Stephanie Critelli,2709.66,inactive,2012.0,actions:offsite_conversion.fb_pixel_purchase,160904.0,,1.3467495,2023-11-15,423361.0,6.400353,426.0,6.360704,0.100623,1100.0,0.259826,2.463327,2.6311403072639585,EXH,2023-03-24
2023-04-01,Q1 to Q4_CEC_BRA_N/A_Masterbrand Cineplex - Awareness_FBIG_TC_ENFR_L CEC TBR 015_CP20C7C_Stephanie Critelli,6255.5,completed,2767.0,actions:landing_page_view,297094.0,,2.26075172,2023-11-15,619160.0,10.103204,5669.0,1.103457,0.915595,8342.0,1.347309,0.74988,2.08405420506641,EXH,2023-03-24
2023-04-01,Q1 to Q4_CEC_BRA_N/A_Masterbrand Cineplex - Loyalty_FBIG_CVS_ENFR_L CEC TBR 015_CP20C7C_Stephanie Critelli,654.26,inactive,180.0,actions:offsite_conversion.fb_pixel_purchase,59133.0,,3.63477778,2023-11-15,126694.0,5.164096,100.0,6.5426,0.07893,226.0,0.178383,2.894956,2.1425261698205738,EXH,2023-03-24
2023-03-25,Q1 to Q4_CEC_BRA_N/A_Masterbrand Cineplex - Saliency_FBIG_CVS_ENFR_L CEC TBR 015_CP20C7C_Stephanie Critelli,3172.51,inactive,1899.0,actions:offsite_conversion.fb_pixel_purchase,188420.0,,1.67062138,2023-11-15,489259.0,6.484316,579.0,5.479292,0.118342,1606.0,0.328252,1.975411,2.5966404840250505,EXH,2023-03-17
2023-03-25,Q1 to Q4_CEC_BRA_N/A_Masterbrand Cineplex - Awareness_FBIG_TC_ENFR_L CEC TBR 015_CP20C7C_Stephanie Critelli,7324.79,completed,3431.0,actions:landing_page_view,359433.0,,2.13488487,2023-11-15,763929.0,9.588313,6755.0,1.084351,0.884244,10052.0,1.315829,0.72869,2.125372461627063,EXH,2023-03-17
2023-03-25,Q1 to Q4_CEC_BRA_N/A_Masterbrand Cineplex - Loyalty_FBIG_CVS_ENFR_L CEC TBR 015_CP20C7C_Stephanie Critelli,743.35,inactive,163.0,actions:offsite_conversion.fb_pixel_purchase,64092.0,,4.56042945,2023-11-15,147597.0,5.036349,111.0,6.696847,0.075205,314.0,0.212741,2.367357,2.3028927167197155,EXH,2023-03-17
2023-03-18,Q1 to Q4_CEC_BRA_N/A_Masterbrand Cineplex - Saliency_FBIG_CVS_ENFR_L CEC TBR 015_CP20C7C_Stephanie Critelli,3135.65,inactive,1190.0,actions:offsite_conversion.fb_pixel_purchase,159270.0,,2.635,2023-11-15,462021.0,6.786813,593.0,5.287774,0.128349,1396.0,0.302151,2.246168,2.9008664531926915,EXH,2023-03-10
2023-03-18,Q1 to Q4_CEC_BRA_N/A_Masterbrand Cineplex - Awareness_FBIG_TC_ENFR_L CEC TBR 015_CP20C7C_Stephanie Critelli,7255.08,completed,3438.0,actions:landing_page_view,362507.0,,2.11026178,2023-11-15,812447.0,8.929912,6612.0,1.09726,0.813838,10151.0,1.249435,0.714716,2.241189825299925,EXH,2023-03-10
2023-03-18,Q1 to Q4_CEC_BRA_N/A_Masterbrand Cineplex - Loyalty_FBIG_CVS_ENFR_L CEC TBR 015_CP20C7C_Stephanie Critelli,754.84,inactive,174.0,actions:offsite_conversion.fb_pixel_purchase,56625.0,,4.33816092,2023-11-15,144433.0,5.226229,153.0,4.933595,0.105931,319.0,0.220864,2.36627,2.550693156732892,EXH,2023-03-10
2023-03-11,Q1 to Q4_CEC_BRA_N/A_Masterbrand Cineplex - Saliency_FBIG_CVS_ENFR_L CEC TBR 015_CP20C7C_Stephanie Critelli,3218.76,inactive,1468.0,actions:offsite_conversion.fb_pixel_purchase,186654.0,,2.1926158,2023-11-15,492723.0,6.532595,663.0,4.854842,0.134558,1741.0,0.353343,1.8488,2.6397666270211193,EXH,2023-03-03
2023-03-11,Q1 to Q4_CEC_BRA_N/A_Masterbrand Cineplex - Awareness_FBIG_TC_ENFR_L CEC TBR 015_CP20C7C_Stephanie Critelli,7335.81,completed,3597.0,actions:landing_page_view,372595.0,,2.03942452,2023-11-15,801643.0,9.150969,6689.0,1.096698,0.834411,10393.0,1.296462,0.705841,2.1515130369435984,EXH,2023-03-03
2023-03-11,Q1 to Q4_CEC_BRA_N/A_Masterbrand Cineplex - Loyalty_FBIG_CVS_ENFR_L CEC TBR 015_CP20C7C_Stephanie Critelli,760.35,inactive,177.0,actions:offsite_conversion.fb_pixel_purchase,80560.0,,4.29576271,2023-11-15,174296.0,4.362406,165.0,4.608182,0.094667,374.0,0.214578,2.033021,2.1635551142005958,EXH,2023-03-03
2023-03-04,Q1 to Q4_CEC_BRA_N/A_Masterbrand Cineplex - Saliency_FBIG_CVS_ENFR_L CEC TBR 015_CP20C7C_Stephanie Critelli,3188.19,inactive,1607.0,actions:offsite_conversion.fb_pixel_purchase,168370.0,,1.98393902,2023-11-15,484108.0,6.5857,726.0,4.391446,0.149967,1939.0,0.40053,1.644244,2.875262814040506,EXH,2023-02-24
2023-03-04,Q1 to Q4_CEC_BRA_N/A_Masterbrand Cineplex - Awareness_FBIG_TC_ENFR_L CEC TBR 015_CP20C7C_Stephanie Critelli,7295.72,completed,3795.0,actions:landing_page_view,343267.0,,1.92245586,2023-11-15,823957.0,8.854491,6961.0,1.048085,0.844826,10631.0,1.290237,0.686268,2.4003385120037755,EXH,2023-02-24
2023-03-04,Q1 to Q4_CEC_BRA_N/A_Masterbrand Cineplex - Loyalty_FBIG_CVS_ENFR_L CEC TBR 015_CP20C7C_Stephanie Critelli,752.0,inactive,168.0,actions:offsite_conversion.fb_pixel_purchase,80597.0,,4.47619048,2023-11-15,200857.0,3.743957,170.0,4.423529,0.084637,378.0,0.188194,1.989418,2.4921150911324244,EXH,2023-02-24
2023-02-25,Q1 to Q4_CEC_BRA_N/A_Masterbrand Cineplex - Saliency_FBIG_CVS_ENFR_L CEC TBR 015_CP20C7C_Stephanie Critelli,3158.54,inactive,2784.0,actions:offsite_conversion.fb_pixel_purchase,184405.0,,1.13453305,2023-11-15,442259.0,7.141833,575.0,5.493113,0.130014,1512.0,0.341881,2.088981,2.3983026490604917,EXH,2023-02-17
2023-02-25,Q1 to Q4_CEC_BRA_N/A_Masterbrand Cineplex - Awareness_FBIG_TC_ENFR_L CEC TBR 015_CP20C7C_Stephanie Critelli,7296.53,completed,3717.0,actions:landing_page_view,369541.0,,1.96301587,2023-11-15,865820.0,8.427306,6826.0,1.068932,0.788386,12708.0,1.467742,0.574168,2.342960591652888,EXH,2023-02-17
2023-02-25,Q1 to Q4_CEC_BRA_N/A_Masterbrand Cineplex - Loyalty_FBIG_CVS_ENFR_L CEC TBR 015_CP20C7C_Stephanie Critelli,797.84,inactive,344.0,actions:offsite_conversion.fb_pixel_purchase,100351.0,,2.31930233,2023-11-15,191453.0,4.167289,136.0,5.866471,0.071036,318.0,0.166098,2.508931,1.9078335043995576,EXH,2023-02-17
2023-02-18,Q1 to Q4_CEC_BRA_N/A_Masterbrand Cineplex - Saliency_FBIG_CVS_ENFR_L CEC TBR 015_CP20C7C_Stephanie Critelli,616.64,inactive,788.0,actions:offsite_conversion.fb_pixel_purchase,45455.0,,0.78253807,2023-11-15,71852.0,8.582085,117.0,5.270427,0.162835,222.0,0.308968,2.777658,1.5807281927180727,EXH,2023-02-10
2023-02-18,Q1 to Q4_CEC_BRA_N/A_Masterbrand Cineplex - Awareness_FBIG_TC_ENFR_L CEC TBR 015_CP20C7C_Stephanie Critelli,1435.88,completed,647.0,actions:landing_page_view,116321.0,,2.21928903,2023-11-15,160315.0,8.956617,1158.0,1.239965,0.722328,2652.0,1.654243,0.541433,1.378212016746761,EXH,2023-02-10
2023-02-18,Q1 to Q4_CEC_BRA_N/A_Masterbrand Cineplex - Loyalty_FBIG_CVS_ENFR_L CEC TBR 015_CP20C7C_Stephanie Critelli,137.36,inactive,91.0,actions:offsite_conversion.fb_pixel_purchase,31029.0,,1.50945055,2023-11-15,41607.0,3.301368,19.0,7.229474,0.045665,45.0,0.108155,3.052444,1.340906893551194,EXH,2023-02-10
2023-11-18,Q4 to Q4_CEC_GAM_N/A_FY23 Q4 Gaming Xscape Bonus Credit Offer_FBIG_TC_ENFR_L CEC TGA 119_CP2B0T8,9750.04,not_delivering,9611.0,actions:link_click,712077.0,,1.01446676,2023-11-16,2151188.0,4.532398,9611.0,1.014467,0.446776,14116.0,0.656196,0.690708,3.0210047508907043,EXH,2023-11-10
2023-11-11,Q4 to Q4_CEC_GAM_N/A_FY23 Q4 Gaming Xscape Bonus Credit Offer_FBIG_TC_ENFR_L CEC TGA 119_CP2B0T8,13825.42,not_delivering,13973.0,actions:link_click,855430.0,,0.9894382,2023-11-16,3073641.0,4.498059,13973.0,0.989438,0.454607,20865.0,0.678837,0.662613,3.5930947009106533,EXH,2023-11-03
2023-11-04,Q4 to Q4_CEC_GAM_N/A_FY23 Q4 Gaming Xscape Bonus Credit Offer_FBIG_TC_ENFR_L CEC TGA 119_CP2B0T8,13981.88,not_delivering,13940.0,actions:link_click,853852.0,,1.0030043,2023-11-16,2969883.0,4.707889,13940.0,1.003004,0.469379,21769.0,0.732992,0.642284,3.478217536528579,EXH,2023-10-27
2023-10-28,Q4 to Q4_CEC_GAM_N/A_FY23 Q4 Gaming Xscape Bonus Credit Offer_FBIG_TC_ENFR_L CEC TGA 119_CP2B0T8,11883.43,not_delivering,11784.0,actions:link_click,647963.0,,1.00843771,2023-11-16,2135264.0,5.565321,11784.0,1.008438,0.551876,19459.0,0.911316,0.610691,3.2953486541669816,EXH,2023-10-20
2023-10-21,Q4 to Q4_CEC_GAM_N/A_FY23 Q4 Gaming Xscape Bonus Credit Offer_FBIG_TC_ENFR_L CEC TGA 119_CP2B0T8,3386.32,not_delivering,3911.0,actions:link_click,297478.0,,0.86584505,2023-11-16,761020.0,4.449712,3911.0,0.865845,0.513916,9816.0,1.289848,0.34498,2.558239600911664,EXH,2023-10-13
2023-12-02,Q4 to Q4_CEC_FLM_NA_FY23 Q4 Film Multi Title (Tier 1) - The Marvels_FBIG_CVS_ENFR_L CEC TFL 112_CP29LHW,857.91,inactive,269.0,actions:offsite_conversion.fb_pixel_purchase,77498.0,,3.18925651,2023-11-27,121304.0,7.072397,346.0,2.479509,0.285234,2657.0,2.190365,0.322887,1.5652532968592738,EXH,2023-11-24
2023-11-25,Q4 to Q4_CEC_FLM_NA_FY23 Q4 Film Multi Title (Tier 1) - The Marvels_FBIG_CVS_ENFR_L CEC TFL 112_CP29LHW,3204.28,inactive,1095.0,actions:offsite_conversion.fb_pixel_purchase,158315.0,,2.92628311,2023-11-27,399367.0,8.023397,1125.0,2.848249,0.281696,8365.0,2.094565,0.383058,2.52260998641948,EXH,2023-11-17
2023-11-18,Q4 to Q4_CEC_FLM_NA_FY23 Q4 Film Multi Title (Tier 1) - The Marvels_FBIG_CVS_ENFR_L CEC TFL 112_CP29LHW,3320.67,inactive,1431.0,actions:offsite_conversion.fb_pixel_purchase,111577.0,,2.32052411,2023-11-27,353497.0,9.393771,850.0,3.906671,0.240455,5966.0,1.687709,0.556599,3.168188784426898,EXH,2023-11-10
2023-11-11,Q4 to Q4_CEC_FLM_NA_FY23 Q4 Film Multi Title (Tier 1) - The Marvels_FBIG_CVS_ENFR_L CEC TFL 112_CP29LHW,868.56,inactive,389.0,actions:offsite_conversion.fb_pixel_purchase,24955.0,,2.23280206,2023-11-27,65401.0,13.280531,216.0,4.021111,0.33027,983.0,1.503035,0.883581,2.620757363253857,EXH,2023-11-03
2023-12-02,Q4 to Q4_CEC_FLM_NA_FY23 Q4 Film Multi Title (Tier 2) - Wish_FBIG_CVS_ENFR_L CEC TFL 112_CP29LHW,3847.71,inactive,938.0,actions:offsite_conversion.fb_pixel_purchase,53214.0,,4.10203625,2023-12-02,267047.0,14.408363,766.0,5.02312,0.286841,2455.0,0.919314,1.567295,5.018359830119893,EXH,2023-11-24
2023-12-02,Q4 to Q4_CEC_FLM_NA_FY23 Q4 Film Multi Title (Tier 2) - Napoleon_FBIG_CVS_ENFR_L CEC TFL 112_CP29LHW,2713.07,inactive,805.0,actions:offsite_conversion.fb_pixel_purchase,44046.0,,3.37027329,2023-12-02,219664.0,12.351,484.0,5.605517,0.220337,1467.0,0.667838,1.8494,4.987149797938518,EXH,2023-11-24
2023-12-02,Q4 to Q4_CEC_A&C_NA_Q4 FY23 Event Cinema – Concert_FBIG_CVS_ENFR_L CEC TAC 109_CP29R1Q_Alexandra Stewart,1839.99,completed,102.0,actions:offsite_conversion.fb_pixel_purchase,12339.0,,18.03911765,2023-12-02,77726.0,23.672774,786.0,2.340954,1.011245,1488.0,1.914417,1.236552,6.299213874706216,EXH,2023-11-24
2023-11-25,Q4 to Q4_CEC_FLM_NA_FY23 Q4 Film Multi Title (Tier 2) - Wish_FBIG_CVS_ENFR_L CEC TFL 112_CP29LHW,2214.41,inactive,555.0,actions:offsite_conversion.fb_pixel_purchase,22597.0,,3.98992793,2023-12-02,114474.0,19.344218,443.0,4.998668,0.386987,1315.0,1.148732,1.683962,5.065893702703899,EXH,2023-11-17
2023-11-25,Q4 to Q4_CEC_FLM_NA_FY23 Q4 Film Multi Title (Tier 2) - Napoleon_FBIG_CVS_ENFR_L CEC TFL 112_CP29LHW,1665.12,inactive,404.0,actions:offsite_conversion.fb_pixel_purchase,20098.0,,4.12158416,2023-12-02,94901.0,17.545864,241.0,6.909212,0.253949,659.0,0.694408,2.526737,4.721912628122201,EXH,2023-11-17
2023-12-09,Q4 to Q4_CEC_FLM_NA_FY23 Q4 Film Multi Title (Tier 1) - Trolls Band Together_FBIG_CVS_ENFR_L CEC TFL 112_CP29LHW,405.92,inactive,143.0,actions:offsite_conversion.fb_pixel_purchase,21962.0,,2.8386014,2023-12-04,44764.0,9.068001,116.0,3.49931,0.259137,295.0,0.659012,1.376,2.038247882706493,EXH,2023-12-01
2023-12-09,Q4 to Q4_CEC_FLM_NA_FY23 Q4 Film Multi Title (Tier 1) - Hunger Games BOSS_FBIG_CVS_ENFR_L CEC TFL 112_CP29LHW,703.21,inactive,362.0,actions:offsite_conversion.fb_pixel_purchase,59681.0,,1.94256906,2023-12-04,94594.0,7.433981,551.0,1.276243,0.582489,2055.0,2.172442,0.342195,1.5849935490357066,EXH,2023-12-01
2023-12-02,Q4 to Q4_CEC_FLM_NA_FY23 Q4 Film Multi Title (Tier 1) - Trolls Band Together_FBIG_CVS_ENFR_L CEC TFL 112_CP29LHW,1514.02,inactive,467.0,actions:offsite_conversion.fb_pixel_purchase,62986.0,,3.24201285,2023-12-04,153078.0,9.890513,601.0,2.519168,0.39261,1725.0,1.126876,0.877693,2.4303496014987456,EXH,2023-11-24
2023-12-02,Q4 to Q4_CEC_FLM_NA_FY23 Q4 Film Multi Title (Tier 1) - Hunger Games BOSS_FBIG_CVS_ENFR_L CEC TFL 112_CP29LHW,2544.33,inactive,704.0,actions:offsite_conversion.fb_pixel_purchase,138169.0,,3.61410511,2023-12-04,284966.0,8.928539,2460.0,1.03428,0.863261,8286.0,2.907715,0.307064,2.0624452663043087,EXH,2023-11-24
2023-11-25,Q4 to Q4_CEC_FLM_NA_FY23 Q4 Film Multi Title (Tier 1) - Trolls Band Together_FBIG_CVS_ENFR_L CEC TFL 112_CP29LHW,1554.8,inactive,548.0,actions:offsite_conversion.fb_pixel_purchase,55275.0,,2.83722628,2023-12-04,140713.0,11.049441,819.0,1.898413,0.582036,2031.0,1.443363,0.765534,2.5456897331524195,EXH,2023-11-17
2023-11-25,Q4 to Q4_CEC_FLM_NA_FY23 Q4 Film Multi Title (Tier 1) - Hunger Games BOSS_FBIG_CVS_ENFR_L CEC TFL 112_CP29LHW,2653.77,inactive,897.0,actions:offsite_conversion.fb_pixel_purchase,98847.0,,2.95849498,2023-12-04,232113.0,11.433095,1366.0,1.942731,0.588506,5244.0,2.259244,0.506058,2.3482048013596772,EXH,2023-11-17
2023-11-18,Q4 to Q4_CEC_FLM_NA_FY23 Q4 Film Multi Title (Tier 1) - Trolls Band Together_FBIG_CVS_ENFR_L CEC TFL 112_CP29LHW,454.42,inactive,179.0,actions:offsite_conversion.fb_pixel_purchase,14664.0,,2.53865922,2023-12-04,31205.0,14.56241,182.0,2.496813,0.58324,383.0,1.227367,1.186475,2.128000545553737,EXH,2023-11-10
2023-11-18,Q4 to Q4_CEC_FLM_NA_FY23 Q4 Film Multi Title (Tier 1) - Hunger Games BOSS_FBIG_CVS_ENFR_L CEC TFL 112_CP29LHW,778.31,inactive,320.0,actions:offsite_conversion.fb_pixel_purchase,24099.0,,2.43221875,2023-12-04,53177.0,14.636215,275.0,2.830218,0.517141,972.0,1.827858,0.80073,2.2066060832399685,EXH,2023-11-10
2023-12-09,Q4 to Q4_CEC_A&C_NA_Q4 FY23 Event Cinema – Met Opera_FBIG_CVS_ENFR_L CEC TAC 109_CP29R1Q_Alexandra Stewart,2601.88,completed,293.0,actions:offsite_conversion.fb_pixel_purchase,32484.0,,8.88013652,2023-12-08,174874.0,14.878598,538.0,4.836208,0.30765,1061.0,0.606723,2.45229,5.38338874522842,EXH,2023-12-01
2023-12-02,Q4 to Q4_CEC_A&C_NA_Q4 FY23 Event Cinema – Met Opera_FBIG_CVS_ENFR_L CEC TAC 109_CP29R1Q_Alexandra Stewart,1632.9,completed,189.0,actions:offsite_conversion.fb_pixel_purchase,21745.0,,8.63968254,2023-12-08,95729.0,17.057527,283.0,5.769965,0.295626,554.0,0.578717,2.947473,4.4023453667509775,EXH,2023-11-24
2023-11-25,Q4 to Q4_CEC_A&C_NA_Q4 FY23 Event Cinema – Met Opera_FBIG_CVS_ENFR_L CEC TAC 109_CP29R1Q_Alexandra Stewart,303.29,completed,54.0,actions:offsite_conversion.fb_pixel_purchase,7485.0,,5.61648148,2023-12-08,18418.0,16.467043,57.0,5.320877,0.30948,121.0,0.656966,2.506529,2.4606546426185703,EXH,2023-11-17
2023-11-18,Q4 to Q4_CEC_A&C_NA_Q4 FY23 Event Cinema – Met Opera_FBIG_CVS_ENFR_L CEC TAC 109_CP29R1Q_Alexandra Stewart,859.1,completed,116.0,actions:offsite_conversion.fb_pixel_purchase,12466.0,,7.40603448,2023-12-08,52234.0,16.447142,147.0,5.844218,0.281426,287.0,0.549451,2.99338,4.19011711856249,EXH,2023-11-10
2023-10-21,Q4 to Q4_CEC_A&C_NA_Q4 FY23 Event Cinema – Met Opera_FBIG_CVS_ENFR_L CEC TAC 109_CP29R1Q_Alexandra Stewart,641.38,completed,115.0,actions:offsite_conversion.fb_pixel_purchase,11360.0,,5.57721739,2023-12-08,49703.0,12.904251,165.0,3.887152,0.331972,554.0,1.114621,1.157726,4.375264084507042,EXH,2023-10-13
2023-10-14,Q4 to Q4_CEC_A&C_NA_Q4 FY23 Event Cinema – Met Opera_FBIG_CVS_ENFR_L CEC TAC 109_CP29R1Q_Alexandra Stewart,423.36,completed,45.0,actions:offsite_conversion.fb_pixel_purchase,7518.0,,9.408,2023-12-08,29566.0,14.31915,121.0,3.498843,0.409254,413.0,1.396875,1.025085,3.9326948656557597,EXH,2023-10-06
2023-12-16,Q3 to Q4_CEC_BRA_N/A_FY23 Pulse Attendence 2x Scene + Points - Conversion_FBIG_CVS_ENFR_L CEC TBR 101_CP28V5S,1514.03,inactive,615.0,actions:offsite_conversion.fb_pixel_purchase,111021.0,,2.4618374,2023-12-10,178975.0,8.45945,424.0,3.570825,0.236905,1604.0,0.896215,0.943909,1.6120823988254473,EXH,2023-12-08
2023-12-16,Q3 to Q4_CEC_BRA_N/A_FY23 Pulse Attendence 2x Scene + Points - Site Traffic_FBIG_LPV_ENFR_L CEC TBR 101_CP28V5S,932.99,inactive,578.0,actions:landing_page_view,115974.0,,1.61416955,2023-12-10,150056.0,6.217612,749.0,1.245648,0.499147,1144.0,0.762382,0.815551,1.2938762136340904,EXH,2023-12-08
2023-12-09,Q3 to Q4_CEC_BRA_N/A_FY23 Pulse Attendence 2x Scene + Points - Conversion_FBIG_CVS_ENFR_L CEC TBR 101_CP28V5S,6525.94,inactive,1447.0,actions:offsite_conversion.fb_pixel_purchase,191737.0,,4.50997927,2023-12-10,582692.0,11.199639,1996.0,3.269509,0.342548,5973.0,1.02507,1.092573,3.0390169868100574,EXH,2023-12-01
2023-12-09,Q3 to Q4_CEC_BRA_N/A_FY23 Pulse Attendence 2x Scene + Points - Site Traffic_FBIG_LPV_ENFR_L CEC TBR 101_CP28V5S,3783.99,inactive,1904.0,actions:landing_page_view,289700.0,,1.98738971,2023-12-10,535898.0,7.061027,2848.0,1.328648,0.531444,4380.0,0.81732,0.863925,1.8498377632033138,EXH,2023-12-01
2023-12-23,Q4 to Q4_CEC_A&C_NA_Q4 FY23 Event Cinema – A&C_FBIG_CVS_ENFR_L CEC TAC 109_CP29R1Q_Alexandra Stewart,400.77,completed,83.0,actions:offsite_conversion.fb_pixel_purchase,20203.0,,4.82855422,2023-12-17,36323.0,11.033505,142.0,2.822324,0.390937,286.0,0.78738,1.401294,1.7979013017868632,EXH,2023-12-15
2023-12-16,Q4 to Q4_CEC_A&C_NA_Q4 FY23 Event Cinema – A&C_FBIG_CVS_ENFR_L CEC TAC 109_CP29R1Q_Alexandra Stewart,2718.41,completed,417.0,actions:offsite_conversion.fb_pixel_purchase,45010.0,,6.51896882,2023-12-17,221757.0,12.258508,830.0,3.275193,0.374284,1966.0,0.886556,1.382711,4.926838480337703,EXH,2023-12-08
2023-12-09,Q4 to Q4_CEC_A&C_NA_Q4 FY23 Event Cinema – A&C_FBIG_CVS_ENFR_L CEC TAC 109_CP29R1Q_Alexandra Stewart,2245.35,completed,208.0,actions:offsite_conversion.fb_pixel_purchase,40455.0,,10.79495192,2023-12-17,160977.0,13.948266,866.0,2.592783,0.537965,2093.0,1.300186,1.07279,3.9791620318872822,EXH,2023-12-01
2023-12-02,Q4 to Q4_CEC_A&C_NA_Q4 FY23 Event Cinema – A&C_FBIG_CVS_ENFR_L CEC TAC 109_CP29R1Q_Alexandra Stewart,623.87,completed,120.0,actions:offsite_conversion.fb_pixel_purchase,18993.0,,5.19891667,2023-12-17,44564.0,13.999417,189.0,3.300899,0.424109,413.0,0.926757,1.510581,2.346338124572211,EXH,2023-11-24
2023-11-25,Q4 to Q4_CEC_A&C_NA_Q4 FY23 Event Cinema – A&C_FBIG_CVS_ENFR_L CEC TAC 109_CP29R1Q_Alexandra Stewart,1953.84,completed,408.0,actions:offsite_conversion.fb_pixel_purchase,33888.0,,4.78882353,2023-12-17,140402.0,13.916041,643.0,3.038631,0.457971,1406.0,1.00141,1.389644,4.14311850802644,EXH,2023-11-17
2023-11-18,Q4 to Q4_CEC_A&C_NA_Q4 FY23 Event Cinema – A&C_FBIG_CVS_ENFR_L CEC TAC 109_CP29R1Q_Alexandra Stewart,1052.57,completed,172.0,actions:offsite_conversion.fb_pixel_purchase,27419.0,,6.11959302,2023-12-17,85807.0,12.266715,503.0,2.092584,0.586199,1177.0,1.371683,0.894282,3.1294722637587076,EXH,2023-11-10
2023-11-04,Q4 to Q4_CEC_A&C_NA_Q4 FY23 Event Cinema – A&C_FBIG_CVS_ENFR_L CEC TAC 109_CP29R1Q_Alexandra Stewart,214.84,completed,82.0,actions:offsite_conversion.fb_pixel_purchase,10273.0,,2.62,2023-12-17,20397.0,10.532922,58.0,3.704138,0.284356,124.0,0.607933,1.732581,1.9854959602842401,EXH,2023-10-27
2023-10-28,Q4 to Q4_CEC_A&C_NA_Q4 FY23 Event Cinema – A&C_FBIG_CVS_ENFR_L CEC TAC 109_CP29R1Q_Alexandra Stewart,1263.63,completed,482.0,actions:offsite_conversion.fb_pixel_purchase,25338.0,,2.621639,2023-12-17,108548.0,11.641209,319.0,3.961223,0.293879,690.0,0.635663,1.831348,4.284000315731313,EXH,2023-10-20
2023-10-21,Q4 to Q4_CEC_A&C_NA_Q4 FY23 Event Cinema – A&C_FBIG_CVS_ENFR_L CEC TAC 109_CP29R1Q_Alexandra Stewart,1235.74,completed,310.0,actions:offsite_conversion.fb_pixel_purchase,28031.0,,3.98625806,2023-12-17,119940.0,10.302985,388.0,3.184897,0.323495,879.0,0.732866,1.405848,4.2788341479076735,EXH,2023-10-13
2023-10-14,Q4 to Q4_CEC_A&C_NA_Q4 FY23 Event Cinema – A&C_FBIG_CVS_ENFR_L CEC TAC 109_CP29R1Q_Alexandra Stewart,1154.94,completed,369.0,actions:offsite_conversion.fb_pixel_purchase,24734.0,,3.1299187,2023-12-17,117673.0,9.814826,430.0,2.685907,0.365419,994.0,0.844714,1.161911,4.7575402280261985,EXH,2023-10-06
2023-10-07,Q4 to Q4_CEC_A&C_NA_Q4 FY23 Event Cinema – A&C_FBIG_CVS_ENFR_L CEC TAC 109_CP29R1Q_Alexandra Stewart,381.04,completed,104.0,actions:offsite_conversion.fb_pixel_purchase,11326.0,,3.66384615,2023-12-17,34245.0,11.12688,128.0,2.976875,0.373777,314.0,0.916922,1.213503,3.023574077344164,EXH,2023-09-29
2023-12-30,Q4 to Q4_CEC_FLM_NA_FY23 Q4 Film Multi Title (Tier 2) - Wonka_FBIG_CVS_ENFR_L CEC TFL 112_CP29LHW,3539.92,inactive,1076.0,actions:offsite_conversion.fb_pixel_purchase,121369.0,,3.28988848,2023-12-25,408117.0,8.673787,928.0,3.814569,0.227386,1880.0,0.460652,1.882936,3.362613187881584,EXH,2023-12-22
2023-12-23,Q4 to Q4_CEC_FLM_NA_FY23 Q4 Film Multi Title (Tier 2) - Wonka_FBIG_CVS_ENFR_L CEC TFL 112_CP29LHW,10793.38,inactive,1824.0,actions:offsite_conversion.fb_pixel_purchase,153490.0,,5.91742325,2023-12-25,1091031.0,9.892826,3522.0,3.06456,0.322814,8151.0,0.747092,1.324179,7.108156883184573,EXH,2023-12-15
2023-12-16,Q4 to Q4_CEC_FLM_NA_FY23 Q4 Film Multi Title (Tier 2) - Wonka_FBIG_CVS_ENFR_L CEC TFL 112_CP29LHW,1162.93,inactive,243.0,actions:offsite_conversion.fb_pixel_purchase,26528.0,,4.78572016,2023-12-25,86528.0,13.439927,405.0,2.871432,0.468057,1087.0,1.256241,1.069853,3.261761158021713,EXH,2023-12-08
2024-01-06,Q4 to Q4_CEC_FLM_NA_FY24 Q4 Film Always ON_FBIG_CVS_ENFR_L CEC TFL 110_CP29LBF,322.53,not_delivering,252.0,actions:offsite_conversion.fb_pixel_purchase,28328.0,,1.27988095,2023-12-31,38052.0,8.476033,537.0,0.600615,1.411227,1199.0,3.150951,0.268999,1.3432646145156735,EXH,2023-12-29
2024-01-06,Q2 to Q4_CEC_TGP_NA_FY23 AO EXH Groups & Event_FBIG_TC_FR_L CEC TGP 073_CP24GQX,41.7,completed,19.0,actions:landing_page_view,4784.0,,2.19473684,2023-12-31,6606.0,6.312443,34.0,1.226471,0.514684,57.0,0.862852,0.731579,1.3808528428093645,EXH,2023-12-29
2024-01-06,Q2 to Q4_CEC_TGP_NA_FY23 AO EXH Groups & Event_FBIG_TC_EN_L CEC TGP 073_CP24GQX,178.11,completed,137.0,actions:landing_page_view,36644.0,,1.30007299,2023-12-31,45298.0,3.931962,208.0,0.856298,0.459181,356.0,0.785907,0.500309,1.2361641742167886,EXH,2023-12-29
2024-01-06,Q4 to Q4_CEC_BRA_N/A_Ultra AVX Brand - Conversion_FBIG_CVS_ENFR_L CEC TBR 119_CP2C2VZ,517.29,not_delivering,223.0,actions:offsite_conversion.fb_pixel_purchase,41812.0,,2.3196861,2023-12-31,75334.0,6.866621,108.0,4.789722,0.143362,208.0,0.276104,2.486971,1.8017315603176123,EXH,2023-12-29
2024-01-06,Q4 to Q4_CEC_BRA_N/A_Ultra AVX Brand - Traffic_FBIG_TC_ENFR_L CEC TBR 119_CP2C2VZ,593.61,not_delivering,316.0,actions:landing_page_view,69820.0,,1.87851266,2023-12-31,94377.0,6.289774,700.0,0.848014,0.741706,952.0,1.00872,0.62354,1.351718705242051,EXH,2023-12-29
2024-01-06,Q3 to Q4_CEC_TBR_NA_FY23 Junxion AO - Kildonan_FBIG_CVS_EN_L CEC TBR 085_CP25JH2,82.32,not_delivering,17.0,actions:offsite_conversion.fb_pixel_purchase,5684.0,,4.84235294,2023-12-31,11618.0,7.085557,20.0,4.116,0.172147,26.0,0.223791,3.166154,2.0439831104855735,EXH,2023-12-29
2024-01-06,Q4 to Q4_CEC_PPP_N/A_Prepaid B2C Holiday Campaign_FBIG_TC_ENFR_L CEC TPP 103_CP2CG80,1141.33,not_delivering,2266.0,actions:link_click,572977.0,,0.50367608,2023-12-31,768848.0,1.484468,2266.0,0.503676,0.294727,4036.0,0.524941,0.282787,1.341847927578245,EXH,2023-12-29
2024-01-06,Q3 to Q4_CEC_TBR_NA_FY23 Junxion AO - Erin Mills_FBIG_CVS_EN_L CEC TBR 085_CP25JH2,31.85,not_delivering,15.0,actions:offsite_conversion.fb_pixel_purchase,2252.0,,2.12333333,2023-12-31,3110.0,10.241158,6.0,5.308333,0.192926,9.0,0.289389,3.538889,1.380994671403197,EXH,2023-12-29
2023-12-30,Q4 to Q4_CEC_FLM_NA_FY24 Q4 Film Always ON_FBIG_CVS_ENFR_L CEC TFL 110_CP29LBF,2570.97,not_delivering,1057.0,actions:offsite_conversion.fb_pixel_purchase,112992.0,,2.43232734,2023-12-31,258085.0,9.961718,2656.0,0.967986,1.029118,6110.0,2.367437,0.420781,2.284099759274993,EXH,2023-12-22
2023-12-30,Q2 to Q4_CEC_TGP_NA_FY23 AO EXH Groups & Event_FBIG_TC_FR_L CEC TGP 073_CP24GQX,328.71,completed,118.0,actions:landing_page_view,16816.0,,2.78567797,2023-12-31,47773.0,6.880665,295.0,1.114271,0.617504,476.0,0.996379,0.690567,2.8409253092293056,EXH,2023-12-22
2023-12-30,Q2 to Q4_CEC_TGP_NA_FY23 AO EXH Groups & Event_FBIG_TC_EN_L CEC TGP 073_CP24GQX,1361.99,completed,1023.0,actions:landing_page_view,140659.0,,1.33136852,2023-12-31,287118.0,4.743659,1738.0,0.783654,0.605326,2617.0,0.911472,0.520439,2.0412344748647437,EXH,2023-12-22
2023-12-30,Q4 to Q4_CEC_BRA_N/A_Ultra AVX Brand - Conversion_FBIG_CVS_ENFR_L CEC TBR 119_CP2C2VZ,3893.01,not_delivering,1479.0,actions:offsite_conversion.fb_pixel_purchase,115043.0,,2.63219067,2023-12-31,484884.0,8.028745,555.0,7.014432,0.11446,1001.0,0.206441,3.889121,4.214806637518145,EXH,2023-12-22
2023-12-30,Q4 to Q4_CEC_BRA_N/A_Ultra AVX Brand - Traffic_FBIG_TC_ENFR_L CEC TBR 119_CP2C2VZ,4167.31,not_delivering,1931.0,actions:landing_page_view,218822.0,,2.15810979,2023-12-31,672556.0,6.196228,4265.0,0.977095,0.634148,5851.0,0.869965,0.712239,3.0735300838124138,EXH,2023-12-22
2023-12-30,Q3 to Q4_CEC_TBR_NA_FY23 Junxion AO - Kildonan_FBIG_CVS_EN_L CEC TBR 085_CP25JH2,586.09,not_delivering,202.0,actions:offsite_conversion.fb_pixel_purchase,11520.0,,2.90143564,2023-12-31,65097.0,9.003333,60.0,9.768167,0.09217,113.0,0.173587,5.186637,5.65078125,EXH,2023-12-22
2023-12-30,Q4 to Q4_CEC_PPP_N/A_Prepaid B2C Holiday Campaign_FBIG_TC_ENFR_L CEC TPP 103_CP2CG80,8535.15,not_delivering,16893.0,actions:link_click,1509645.0,,0.50524774,2023-12-31,5342544.0,1.597582,16893.0,0.505248,0.316198,30557.0,0.571956,0.279319,3.5389406118657036,EXH,2023-12-22
2023-12-30,Q3 to Q4_CEC_TBR_NA_FY23 Junxion AO - Erin Mills_FBIG_CVS_EN_L CEC TBR 085_CP25JH2,644.53,not_delivering,265.0,actions:offsite_conversion.fb_pixel_purchase,15052.0,,2.43218868,2023-12-31,49242.0,13.08903,57.0,11.307544,0.115755,81.0,0.164494,7.95716,3.2714589423332447,EXH,2023-12-22
2023-12-23,Q4 to Q4_CEC_FLM_NA_FY24 Q4 Film Always ON_FBIG_CVS_ENFR_L CEC TFL 110_CP29LBF,2667.1,not_delivering,743.0,actions:offsite_conversion.fb_pixel_purchase,110234.0,,3.58963661,2023-12-31,280193.0,9.518796,2716.0,0.981996,0.969332,6428.0,2.294133,0.414919,2.5418019848685525,EXH,2023-12-15
2023-12-23,Q2 to Q4_CEC_TGP_NA_FY23 AO EXH Groups & Event_FBIG_TC_FR_L CEC TGP 073_CP24GQX,339.92,completed,86.0,actions:landing_page_view,19848.0,,3.95255814,2023-12-31,41284.0,8.233698,292.0,1.16411,0.707296,468.0,1.133611,0.726325,2.0800080612656187,EXH,2023-12-15
2023-12-23,Q2 to Q4_CEC_TGP_NA_FY23 AO EXH Groups & Event_FBIG_TC_EN_L CEC TGP 073_CP24GQX,1388.22,completed,938.0,actions:landing_page_view,134585.0,,1.47997868,2023-12-31,246128.0,5.640236,1508.0,0.92057,0.612689,2229.0,0.905626,0.622799,1.8287922130995282,EXH,2023-12-15
2023-12-23,Q4 to Q4_CEC_BRA_N/A_Ultra AVX Brand - Conversion_FBIG_CVS_ENFR_L CEC TBR 119_CP2C2VZ,4060.82,not_delivering,1227.0,actions:offsite_conversion.fb_pixel_purchase,118478.0,,3.30955175,2023-12-31,493800.0,8.223613,546.0,7.437399,0.110571,1080.0,0.218712,3.760019,4.167862387953882,EXH,2023-12-15
2023-12-23,Q4 to Q4_CEC_BRA_N/A_Ultra AVX Brand - Traffic_FBIG_TC_ENFR_L CEC TBR 119_CP2C2VZ,4092.42,not_delivering,1809.0,actions:landing_page_view,205525.0,,2.26225539,2023-12-31,584368.0,7.003156,3600.0,1.136783,0.61605,5175.0,0.885572,0.790806,2.843294003162632,EXH,2023-12-15
2023-12-23,Q3 to Q4_CEC_TBR_NA_FY23 Junxion AO - Kildonan_FBIG_CVS_EN_L CEC TBR 085_CP25JH2,599.49,not_delivering,172.0,actions:offsite_conversion.fb_pixel_purchase,10727.0,,3.48540698,2023-12-31,63552.0,9.433063,88.0,6.812386,0.138469,141.0,0.221866,4.251702,5.924489605667941,EXH,2023-12-15
2023-12-23,Q4 to Q4_CEC_PPP_N/A_Prepaid B2C Holiday Campaign_FBIG_TC_ENFR_L CEC TPP 103_CP2CG80,8852.32,not_delivering,17007.0,actions:link_click,1468522.0,,0.52051038,2023-12-31,4649615.0,1.903882,17007.0,0.52051,0.365772,30908.0,0.664743,0.286409,3.166186819128348,EXH,2023-12-15
2023-12-23,Q3 to Q4_CEC_TBR_NA_FY23 Junxion AO - Erin Mills_FBIG_CVS_EN_L CEC TBR 085_CP25JH2,660.51,not_delivering,204.0,actions:offsite_conversion.fb_pixel_purchase,14401.0,,3.23779412,2023-12-31,47997.0,13.761485,77.0,8.578052,0.160427,114.0,0.237515,5.793947,3.332893549059093,EXH,2023-12-15
2023-12-16,Q4 to Q4_CEC_FLM_NA_FY24 Q4 Film Always ON_FBIG_CVS_ENFR_L CEC TFL 110_CP29LBF,2683.18,not_delivering,896.0,actions:offsite_conversion.fb_pixel_purchase,110316.0,,2.99462054,2023-12-31,285219.0,9.407438,2344.0,1.144701,0.821825,6440.0,2.257914,0.416643,2.585472642227782,EXH,2023-12-08
2023-12-16,Q2 to Q4_CEC_TGP_NA_FY23 AO EXH Groups & Event_FBIG_TC_FR_L CEC TGP 073_CP24GQX,338.94,completed,174.0,actions:landing_page_view,25981.0,,1.94793103,2023-12-31,46116.0,7.349727,408.0,0.830735,0.884725,691.0,1.498395,0.490507,1.7749894153419807,EXH,2023-12-08
2023-12-16,Q2 to Q4_CEC_TGP_NA_FY23 AO EXH Groups & Event_FBIG_TC_EN_L CEC TGP 073_CP24GQX,1378.49,completed,1037.0,actions:landing_page_view,126580.0,,1.32930569,2023-12-31,227928.0,6.047919,1508.0,0.914118,0.661612,2202.0,0.966095,0.626017,1.800663611945015,EXH,2023-12-08
2023-12-16,Q4 to Q4_CEC_BRA_N/A_Ultra AVX Brand - Conversion_FBIG_CVS_ENFR_L CEC TBR 119_CP2C2VZ,4011.38,not_delivering,1219.0,actions:offsite_conversion.fb_pixel_purchase,102645.0,,3.2907137,2023-12-31,443675.0,9.041258,539.0,7.442263,0.121485,1078.0,0.242971,3.721132,4.322421939695065,EXH,2023-12-08
2023-12-16,Q4 to Q4_CEC_BRA_N/A_Ultra AVX Brand - Traffic_FBIG_TC_ENFR_L CEC TBR 119_CP2C2VZ,4061.42,not_delivering,2120.0,actions:landing_page_view,242417.0,,1.91576415,2023-12-31,515245.0,7.882503,3900.0,1.04139,0.756921,5124.0,0.994478,0.792627,2.1254491227925434,EXH,2023-12-08
2023-12-16,Q3 to Q4_CEC_TBR_NA_FY23 Junxion AO - Kildonan_FBIG_CVS_EN_L CEC TBR 085_CP25JH2,596.87,not_delivering,136.0,actions:offsite_conversion.fb_pixel_purchase,10388.0,,4.38875,2023-12-31,60317.0,9.895552,72.0,8.289861,0.119369,113.0,0.187344,5.282035,5.80641124374278,EXH,2023-12-08
2023-12-16,Q4 to Q4_CEC_PPP_N/A_Prepaid B2C Holiday Campaign_FBIG_TC_ENFR_L CEC TPP 103_CP2CG80,8935.75,not_delivering,16517.0,actions:link_click,1370069.0,,0.54100321,2023-12-31,4796871.0,1.862829,16517.0,0.541003,0.344329,29822.0,0.621697,0.299636,3.5011893561565146,EXH,2023-12-08
2023-12-16,Q3 to Q4_CEC_TBR_NA_FY23 Junxion AO - Erin Mills_FBIG_CVS_EN_L CEC TBR 085_CP25JH2,654.16,not_delivering,197.0,actions:offsite_conversion.fb_pixel_purchase,14274.0,,3.32060914,2023-12-31,48524.0,13.481164,60.0,10.902667,0.12365,96.0,0.19784,6.814167,3.3994675634019895,EXH,2023-12-08
2023-12-09,Q4 to Q4_CEC_FLM_NA_FY24 Q4 Film Always ON_FBIG_CVS_ENFR_L CEC TFL 110_CP29LBF,2722.57,not_delivering,922.0,actions:offsite_conversion.fb_pixel_purchase,149340.0,,2.95289588,2023-12-31,346924.0,7.847742,2668.0,1.020454,0.769045,8764.0,2.526202,0.310654,2.3230480782107943,EXH,2023-12-01
2023-12-09,Q2 to Q4_CEC_TGP_NA_FY23 AO EXH Groups & Event_FBIG_TC_FR_L CEC TGP 073_CP24GQX,343.04,completed,312.0,actions:landing_page_view,29229.0,,1.09948718,2023-12-31,53132.0,6.456373,434.0,0.790415,0.816834,743.0,1.398404,0.461696,1.8177837079612713,EXH,2023-12-01
2023-12-09,Q2 to Q4_CEC_TGP_NA_FY23 AO EXH Groups & Event_FBIG_TC_EN_L CEC TGP 073_CP24GQX,1387.52,completed,1386.0,actions:landing_page_view,139542.0,,1.00109668,2023-12-31,236755.0,5.860573,1706.0,0.813318,0.720576,2483.0,1.048763,0.558808,1.696657637127173,EXH,2023-12-01
2023-12-09,Q4 to Q4_CEC_BRA_N/A_Ultra AVX Brand - Conversion_FBIG_CVS_ENFR_L CEC TBR 119_CP2C2VZ,4179.03,not_delivering,1595.0,actions:offsite_conversion.fb_pixel_purchase,97602.0,,2.6200815,2023-12-31,412439.0,10.13248,543.0,7.696188,0.131656,1154.0,0.279799,3.621343,4.225722833548493,EXH,2023-12-01
2023-12-09,Q4 to Q4_CEC_BRA_N/A_Ultra AVX Brand - Traffic_FBIG_TC_ENFR_L CEC TBR 119_CP2C2VZ,4068.85,not_delivering,3016.0,actions:landing_page_view,212784.0,,1.3490882,2023-12-31,475992.0,8.548148,4682.0,0.869041,0.98363,6212.0,1.305064,0.654998,2.23697270471464,EXH,2023-12-01
2023-12-09,Q3 to Q4_CEC_TBR_NA_FY23 Junxion AO - Kildonan_FBIG_CVS_EN_L CEC TBR 085_CP25JH2,605.29,not_delivering,191.0,actions:offsite_conversion.fb_pixel_purchase,10406.0,,3.16905759,2023-12-31,58018.0,10.432797,68.0,8.901324,0.117205,103.0,0.177531,5.876602,5.575437247741688,EXH,2023-12-01
2023-12-09,Q4 to Q4_CEC_PPP_N/A_Prepaid B2C Holiday Campaign_FBIG_TC_ENFR_L CEC TPP 103_CP2CG80,8937.37,not_delivering,19258.0,actions:link_click,1490189.0,,0.46408609,2023-12-31,4706279.0,1.899031,19258.0,0.464086,0.409198,35688.0,0.758306,0.250431,3.1581759092303057,EXH,2023-12-01
2023-12-09,Q3 to Q4_CEC_TBR_NA_FY23 Junxion AO - Erin Mills_FBIG_CVS_EN_L CEC TBR 085_CP25JH2,665.73,not_delivering,278.0,actions:offsite_conversion.fb_pixel_purchase,16644.0,,2.39471223,2023-12-31,50394.0,13.210501,57.0,11.679474,0.113109,81.0,0.160733,8.218889,3.0277577505407356,EXH,2023-12-01
2023-12-02,Q4 to Q4_CEC_FLM_NA_FY24 Q4 Film Always ON_FBIG_CVS_ENFR_L CEC TFL 110_CP29LBF,2526.48,not_delivering,844.0,actions:offsite_conversion.fb_pixel_purchase,109112.0,,2.99345972,2023-12-31,248702.0,10.158664,999.0,2.529009,0.401686,2537.0,1.020096,0.995853,2.279327663318425,EXH,2023-11-24
2023-12-02,Q2 to Q4_CEC_TGP_NA_FY23 AO EXH Groups & Event_FBIG_TC_FR_L CEC TGP 073_CP24GQX,348.57,completed,333.0,actions:landing_page_view,25247.0,,1.04675676,2023-12-31,43898.0,7.940453,436.0,0.799472,0.993212,778.0,1.77229,0.448033,1.7387412365825643,EXH,2023-11-24
2023-12-02,Q2 to Q4_CEC_TGP_NA_FY23 AO EXH Groups & Event_FBIG_TC_EN_L CEC TGP 073_CP24GQX,1415.18,completed,1489.0,actions:landing_page_view,126355.0,,0.9504231,2023-12-31,212379.0,6.663465,1750.0,0.808674,0.823999,2532.0,1.192208,0.558918,1.6808119979423055,EXH,2023-11-24
2023-12-02,Q4 to Q4_CEC_BRA_N/A_Ultra AVX Brand - Conversion_FBIG_CVS_ENFR_L CEC TBR 119_CP2C2VZ,4112.72,not_delivering,1391.0,actions:offsite_conversion.fb_pixel_purchase,88208.0,,2.95666427,2023-12-31,344240.0,11.947246,442.0,9.304796,0.128399,1073.0,0.311701,3.832917,3.902593869036822,EXH,2023-11-24
2023-12-02,Q4 to Q4_CEC_BRA_N/A_Ultra AVX Brand - Traffic_FBIG_TC_ENFR_L CEC TBR 119_CP2C2VZ,4183.39,not_delivering,2611.0,actions:landing_page_view,190641.0,,1.60221754,2023-12-31,424161.0,9.862741,3999.0,1.046109,0.942802,5475.0,1.290783,0.76409,2.2249201378507246,EXH,2023-11-24
2023-12-02,Q3 to Q4_CEC_TBR_NA_FY23 Junxion AO - Kildonan_FBIG_CVS_EN_L CEC TBR 085_CP25JH2,606.1,not_delivering,155.0,actions:offsite_conversion.fb_pixel_purchase,9543.0,,3.91032258,2023-12-31,51137.0,11.852475,53.0,11.435849,0.103643,97.0,0.189687,6.248454,5.358587446295714,EXH,2023-11-24
2023-12-02,Q4 to Q4_CEC_PPP_N/A_Prepaid B2C Holiday Campaign_FBIG_TC_ENFR_L CEC TPP 103_CP2CG80,8658.95,not_delivering,19658.0,actions:link_click,1380658.0,,0.4404797,2023-12-31,4748223.0,1.823619,19658.0,0.44048,0.414008,36053.0,0.759295,0.240173,3.4391015008785666,EXH,2023-11-24
2023-12-02,Q3 to Q4_CEC_TBR_NA_FY23 Junxion AO - Erin Mills_FBIG_CVS_EN_L CEC TBR 085_CP25JH2,667.29,not_delivering,242.0,actions:offsite_conversion.fb_pixel_purchase,13668.0,,2.75739669,2023-12-31,42057.0,15.866324,51.0,13.084118,0.121264,96.0,0.228262,6.950938,3.0770412642669007,EXH,2023-11-24
2023-11-25,Q4 to Q4_CEC_FLM_NA_FY24 Q4 Film Always ON_FBIG_CVS_ENFR_L CEC TFL 110_CP29LBF,2445.76,not_delivering,1001.0,actions:offsite_conversion.fb_pixel_purchase,85392.0,,2.44331668,2023-12-31,225632.0,10.839597,599.0,4.083072,0.265477,1305.0,0.578375,1.874146,2.6423084129660857,EXH,2023-11-17
2023-11-25,Q2 to Q4_CEC_TGP_NA_FY23 AO EXH Groups & Event_FBIG_TC_FR_L CEC TGP 073_CP24GQX,346.75,completed,328.0,actions:landing_page_view,20821.0,,1.05716463,2023-12-31,38686.0,8.963191,419.0,0.827566,1.083079,735.0,1.899912,0.471769,1.8580279525479084,EXH,2023-11-17
2023-11-25,Q2 to Q4_CEC_TGP_NA_FY23 AO EXH Groups & Event_FBIG_TC_EN_L CEC TGP 073_CP24GQX,1396.33,completed,1524.0,actions:landing_page_view,115657.0,,0.91622703,2023-12-31,207012.0,6.745165,1786.0,0.78182,0.862752,2683.0,1.29606,0.520436,1.7898786930319825,EXH,2023-11-17
2023-11-25,Q4 to Q4_CEC_BRA_N/A_Ultra AVX Brand - Conversion_FBIG_CVS_ENFR_L CEC TBR 119_CP2C2VZ,4177.2,not_delivering,1285.0,actions:offsite_conversion.fb_pixel_purchase,75493.0,,3.2507393,2023-12-31,309666.0,13.489372,391.0,10.683376,0.126265,982.0,0.317116,4.253768,4.101916734001828,EXH,2023-11-17
2023-11-25,Q4 to Q4_CEC_BRA_N/A_Ultra AVX Brand - Traffic_FBIG_TC_ENFR_L CEC TBR 119_CP2C2VZ,4083.2,not_delivering,2507.0,actions:landing_page_view,172309.0,,1.62871959,2023-12-31,390046.0,10.468509,3891.0,1.049396,0.997575,5774.0,1.480338,0.70717,2.2636426419978064,EXH,2023-11-17
2023-11-25,Q3 to Q4_CEC_TBR_NA_FY23 Junxion AO - Kildonan_FBIG_CVS_EN_L CEC TBR 085_CP25JH2,488.18,not_delivering,111.0,actions:offsite_conversion.fb_pixel_purchase,8253.0,,4.39801802,2023-12-31,36826.0,13.256395,36.0,13.560556,0.097757,73.0,0.19823,6.687397,4.46213498121895,EXH,2023-11-17
2023-11-25,Q4 to Q4_CEC_PPP_N/A_Prepaid B2C Holiday Campaign_FBIG_TC_ENFR_L CEC TPP 103_CP2CG80,8067.28,not_delivering,20705.0,actions:link_click,1152064.0,,0.38962956,2023-12-31,4688973.0,1.720479,20705.0,0.38963,0.441568,39452.0,0.841378,0.204483,4.070062947891784,EXH,2023-11-17
2023-11-25,Q3 to Q4_CEC_TBR_NA_FY23 Junxion AO - Erin Mills_FBIG_CVS_EN_L CEC TBR 085_CP25JH2,532.11,not_delivering,155.0,actions:offsite_conversion.fb_pixel_purchase,8901.0,,3.43296774,2023-12-31,28368.0,18.757403,36.0,14.780833,0.126904,72.0,0.253807,7.390417,3.1870576339737107,EXH,2023-11-17
2023-11-18,Q4 to Q4_CEC_FLM_NA_FY24 Q4 Film Always ON_FBIG_CVS_ENFR_L CEC TFL 110_CP29LBF,2457.02,not_delivering,1161.0,actions:offsite_conversion.fb_pixel_purchase,88975.0,,2.1162963,2023-12-31,264372.0,9.293798,720.0,3.412528,0.272344,1510.0,0.571165,1.627166,2.971306546782804,EXH,2023-11-10
2023-11-18,Q2 to Q4_CEC_TGP_NA_FY23 AO EXH Groups & Event_FBIG_TC_FR_L CEC TGP 073_CP24GQX,348.11,completed,319.0,actions:landing_page_view,28168.0,,1.09125392,2023-12-31,46820.0,7.43507,442.0,0.787579,0.944041,779.0,1.663819,0.446868,1.662169838114172,EXH,2023-11-10
2023-11-18,Q2 to Q4_CEC_TGP_NA_FY23 AO EXH Groups & Event_FBIG_TC_EN_L CEC TGP 073_CP24GQX,1395.51,completed,1724.0,actions:landing_page_view,137683.0,,0.80946056,2023-12-31,231640.0,6.024478,2072.0,0.673509,0.894491,3099.0,1.337852,0.45031,1.6824154034993426,EXH,2023-11-10
2023-11-18,Q4 to Q4_CEC_BRA_N/A_Ultra AVX Brand - Conversion_FBIG_CVS_ENFR_L CEC TBR 119_CP2C2VZ,4233.28,not_delivering,1477.0,actions:offsite_conversion.fb_pixel_purchase,80086.0,,2.86613406,2023-12-31,387783.0,10.916621,529.0,8.00242,0.136417,1184.0,0.305325,3.575405,4.842082261568813,EXH,2023-11-10
2023-11-18,Q4 to Q4_CEC_BRA_N/A_Ultra AVX Brand - Traffic_FBIG_TC_ENFR_L CEC TBR 119_CP2C2VZ,4095.19,not_delivering,3060.0,actions:landing_page_view,215023.0,,1.33829739,2023-12-31,468635.0,8.738549,4563.0,0.897478,0.973679,7707.0,1.644563,0.53136,2.1794645223999294,EXH,2023-11-10
2023-11-18,Q4 to Q4_CEC_PPP_N/A_Prepaid B2C Holiday Campaign_FBIG_TC_ENFR_L CEC TPP 103_CP2CG80,1888.13,not_delivering,6433.0,actions:link_click,622193.0,,0.29350692,2023-12-31,1359461.0,1.388881,6433.0,0.293507,0.473202,11825.0,0.86983,0.159673,2.184950650360901,EXH,2023-11-10
2023-11-11,Q4 to Q4_CEC_FLM_NA_FY24 Q4 Film Always ON_FBIG_CVS_ENFR_L CEC TFL 110_CP29LBF,2416.09,not_delivering,1192.0,actions:offsite_conversion.fb_pixel_purchase,86875.0,,2.02692114,2023-12-31,285946.0,8.449462,1061.0,2.277182,0.371049,2373.0,0.829877,1.018158,3.291464748201439,EXH,2023-11-03
2023-11-11,Q2 to Q4_CEC_TGP_NA_FY23 AO EXH Groups & Event_FBIG_TC_FR_L CEC TGP 073_CP24GQX,348.66,completed,209.0,actions:landing_page_view,24121.0,,1.66822967,2023-12-31,52238.0,6.674452,293.0,1.189966,0.560894,541.0,1.035645,0.644473,2.1656647734339374,EXH,2023-11-03
2023-11-11,Q2 to Q4_CEC_TGP_NA_FY23 AO EXH Groups & Event_FBIG_TC_EN_L CEC TGP 073_CP24GQX,1390.51,completed,846.0,actions:landing_page_view,98821.0,,1.64362884,2023-12-31,210922.0,6.592532,1171.0,1.187455,0.555182,1865.0,0.884213,0.745582,2.1343843919814613,EXH,2023-11-03
2023-11-11,Q4 to Q4_CEC_BRA_N/A_Ultra AVX Brand - Conversion_FBIG_CVS_ENFR_L CEC TBR 119_CP2C2VZ,2715.17,not_delivering,817.0,actions:offsite_conversion.fb_pixel_purchase,54650.0,,3.32334149,2023-12-31,244971.0,11.083638,335.0,8.104985,0.136751,957.0,0.390658,2.837168,4.482543458371454,EXH,2023-11-03
2023-11-11,Q4 to Q4_CEC_BRA_N/A_Ultra AVX Brand - Traffic_FBIG_TC_ENFR_L CEC TBR 119_CP2C2VZ,2554.44,not_delivering,2177.0,actions:landing_page_view,130339.0,,1.17337621,2023-12-31,273678.0,9.333743,3287.0,0.777134,1.201046,6144.0,2.244974,0.415762,2.0997399090065136,EXH,2023-11-03
2023-11-04,Q4 to Q4_CEC_FLM_NA_FY24 Q4 Film Always ON_FBIG_CVS_ENFR_L CEC TFL 110_CP29LBF,2351.27,not_delivering,1647.0,actions:offsite_conversion.fb_pixel_purchase,98807.0,,1.42760777,2023-12-31,275855.0,8.523572,1022.0,2.300656,0.370484,2544.0,0.922224,0.924241,2.7918568522473106,EXH,2023-10-27
2023-11-04,Q2 to Q4_CEC_TGP_NA_FY23 AO EXH Groups & Event_FBIG_TC_FR_L CEC TGP 073_CP24GQX,352.28,completed,242.0,actions:landing_page_view,26118.0,,1.45570248,2023-12-31,53371.0,6.600588,343.0,1.027055,0.642671,732.0,1.371531,0.481257,2.0434566199555864,EXH,2023-10-27
2023-11-04,Q2 to Q4_CEC_TGP_NA_FY23 AO EXH Groups & Event_FBIG_TC_EN_L CEC TGP 073_CP24GQX,1408.41,completed,920.0,actions:landing_page_view,110229.0,,1.53088043,2023-12-31,228754.0,6.156876,1299.0,1.084226,0.567859,2067.0,0.903591,0.681379,2.0752615010568904,EXH,2023-10-27
2023-10-28,Q4 to Q4_CEC_FLM_NA_FY24 Q4 Film Always ON_FBIG_CVS_ENFR_L CEC TFL 110_CP29LBF,2398.61,not_delivering,1826.0,actions:offsite_conversion.fb_pixel_purchase,76557.0,,1.31358708,2023-12-31,249931.0,9.597089,940.0,2.551713,0.376104,2553.0,1.021482,0.939526,3.264639418994997,EXH,2023-10-20
2023-10-28,Q2 to Q4_CEC_TGP_NA_FY23 AO EXH Groups & Event_FBIG_TC_FR_L CEC TGP 073_CP24GQX,336.55,completed,210.0,actions:landing_page_view,24423.0,,1.60261905,2023-12-31,48191.0,6.983669,300.0,1.121833,0.622523,793.0,1.645535,0.424401,1.9731810178929698,EXH,2023-10-20
2023-10-28,Q2 to Q4_CEC_TGP_NA_FY23 AO EXH Groups & Event_FBIG_TC_EN_L CEC TGP 073_CP24GQX,1360.01,completed,833.0,actions:landing_page_view,103240.0,,1.63266507,2023-12-31,210271.0,6.467891,1165.0,1.167391,0.554047,1913.0,0.909778,0.71093,2.0367202634637738,EXH,2023-10-20
2023-10-21,Q4 to Q4_CEC_FLM_NA_FY24 Q4 Film Always ON_FBIG_CVS_ENFR_L CEC TFL 110_CP29LBF,2400.49,not_delivering,1398.0,actions:offsite_conversion.fb_pixel_purchase,83853.0,,1.7170887,2023-12-31,260388.0,9.218896,851.0,2.820787,0.32682,2361.0,0.906724,1.016726,3.105291402812064,EXH,2023-10-13
2023-10-21,Q2 to Q4_CEC_TGP_NA_FY23 AO EXH Groups & Event_FBIG_TC_FR_L CEC TGP 073_CP24GQX,348.64,completed,225.0,actions:landing_page_view,23746.0,,1.54951111,2023-12-31,49871.0,6.990836,333.0,1.046967,0.667723,739.0,1.481823,0.471773,2.100185294365367,EXH,2023-10-13
2023-10-21,Q2 to Q4_CEC_TGP_NA_FY23 AO EXH Groups & Event_FBIG_TC_EN_L CEC TGP 073_CP24GQX,1397.83,completed,867.0,actions:landing_page_view,123336.0,,1.61226067,2023-12-31,266794.0,5.239361,1181.0,1.183599,0.442664,1639.0,0.614332,0.852855,2.163147823830836,EXH,2023-10-13
2023-10-21,Q3 to Q4_CEC_TBR_NA_FY23 Junxion AO - Kildonan_FBIG_CVS_EN_L CEC TBR 085_CP25JH2,217.48,not_delivering,65.0,actions:offsite_conversion.fb_pixel_purchase,9226.0,,3.34584615,2023-12-31,33319.0,6.527207,25.0,8.6992,0.075032,65.0,0.195084,3.345846,3.611424235855192,EXH,2023-10-13
2023-10-21,Q3 to Q4_CEC_TBR_NA_FY23 Junxion AO - Erin Mills_FBIG_CVS_EN_L CEC TBR 085_CP25JH2,235.56,not_delivering,101.0,actions:offsite_conversion.fb_pixel_purchase,9240.0,,2.33227723,2023-12-31,28065.0,8.393373,36.0,6.543333,0.128274,85.0,0.302868,2.771294,3.0373376623376624,EXH,2023-10-13
2023-10-14,Q4 to Q4_CEC_FLM_NA_FY24 Q4 Film Always ON_FBIG_CVS_ENFR_L CEC TFL 110_CP29LBF,2501.84,not_delivering,2014.0,actions:offsite_conversion.fb_pixel_purchase,81498.0,,1.24222443,2023-12-31,304571.0,8.214308,871.0,2.872377,0.285976,2235.0,0.733819,1.119392,3.7371591940906526,EXH,2023-10-06
2023-10-14,Q2 to Q4_CEC_TGP_NA_FY23 AO EXH Groups & Event_FBIG_TC_FR_L CEC TGP 073_CP24GQX,357.54,completed,223.0,actions:landing_page_view,20379.0,,1.60331839,2023-12-31,50332.0,7.103632,349.0,1.02447,0.693396,751.0,1.492093,0.476085,2.4697973403994307,EXH,2023-10-06
2023-10-14,Q2 to Q4_CEC_TGP_NA_FY23 AO EXH Groups & Event_FBIG_TC_EN_L CEC TGP 073_CP24GQX,1429.01,completed,923.0,actions:landing_page_view,90923.0,,1.54822319,2023-12-31,217105.0,6.582115,1348.0,1.060096,0.620898,2015.0,0.928122,0.709186,2.387789668180768,EXH,2023-10-06
2023-10-14,Q3 to Q4_CEC_TBR_NA_FY23 Junxion AO - Kildonan_FBIG_CVS_EN_L CEC TBR 085_CP25JH2,356.06,not_delivering,128.0,actions:offsite_conversion.fb_pixel_purchase,10432.0,,2.78171875,2023-12-31,50260.0,7.084361,41.0,8.68439,0.081576,101.0,0.200955,3.525347,4.817868098159509,EXH,2023-10-06
2023-10-14,Q3 to Q4_CEC_TBR_NA_FY23 Junxion AO - Erin Mills_FBIG_CVS_EN_L CEC TBR 085_CP25JH2,385.9,not_delivering,269.0,actions:offsite_conversion.fb_pixel_purchase,11655.0,,1.43457249,2023-12-31,44134.0,8.743826,66.0,5.84697,0.149545,165.0,0.373861,2.338788,3.786700986700987,EXH,2023-10-06
2023-10-07,Q4 to Q4_CEC_FLM_NA_FY24 Q4 Film Always ON_FBIG_CVS_ENFR_L CEC TFL 110_CP29LBF,2555.37,not_delivering,1866.0,actions:offsite_conversion.fb_pixel_purchase,69667.0,,1.3694373,2023-12-31,282211.0,9.054821,880.0,2.90383,0.311823,2365.0,0.838025,1.080495,4.050856215998967,EXH,2023-09-29
2023-10-07,Q2 to Q4_CEC_TGP_NA_FY23 AO EXH Groups & Event_FBIG_TC_FR_L CEC TGP 073_CP24GQX,359.52,completed,249.0,actions:landing_page_view,25244.0,,1.44385542,2023-12-31,58170.0,6.180505,354.0,1.015593,0.608561,732.0,1.258381,0.491148,2.3043099350340674,EXH,2023-09-29
2023-10-07,Q2 to Q4_CEC_TGP_NA_FY23 AO EXH Groups & Event_FBIG_TC_EN_L CEC TGP 073_CP24GQX,1432.3,completed,1018.0,actions:landing_page_view,122111.0,,1.40697446,2023-12-31,282167.0,5.076072,1334.0,1.073688,0.47277,1847.0,0.654577,0.775474,2.3107418660071573,EXH,2023-09-29
2023-10-07,Q3 to Q4_CEC_TBR_NA_FY23 Junxion AO - Kildonan_FBIG_CVS_EN_L CEC TBR 085_CP25JH2,353.8,not_delivering,132.0,actions:offsite_conversion.fb_pixel_purchase,10759.0,,2.68030303,2023-12-31,52930.0,6.6843,55.0,6.432727,0.103911,127.0,0.23994,2.785827,4.919602193512408,EXH,2023-09-29
2023-10-07,Q3 to Q4_CEC_TBR_NA_FY23 Junxion AO - Erin Mills_FBIG_CVS_EN_L CEC TBR 085_CP25JH2,385.19,not_delivering,331.0,actions:offsite_conversion.fb_pixel_purchase,12980.0,,1.16371601,2023-12-31,45702.0,8.428296,68.0,5.664559,0.14879,168.0,0.367599,2.292798,3.52095531587057,EXH,2023-09-29
2023-09-30,Q2 to Q4_CEC_TGP_NA_FY23 AO EXH Groups & Event_FBIG_TC_FR_L CEC TGP 073_CP24GQX,339.04,completed,250.0,actions:landing_page_view,23748.0,,1.35616,2023-12-31,49317.0,6.874709,348.0,0.974253,0.705639,680.0,1.378835,0.498588,2.076680141485599,EXH,2023-09-22
2023-09-30,Q2 to Q4_CEC_TGP_NA_FY23 AO EXH Groups & Event_FBIG_TC_EN_L CEC TGP 073_CP24GQX,1339.25,completed,811.0,actions:landing_page_view,100691.0,,1.65135635,2023-12-31,231052.0,5.796314,1082.0,1.237754,0.468293,1608.0,0.695947,0.832867,2.294663872640057,EXH,2023-09-22
2023-09-30,Q3 to Q4_CEC_TBR_NA_FY23 Junxion AO - Kildonan_FBIG_CVS_EN_L CEC TBR 085_CP25JH2,360.97,not_delivering,129.0,actions:offsite_conversion.fb_pixel_purchase,12444.0,,2.79821705,2023-12-31,52379.0,6.891502,56.0,6.445893,0.106913,125.0,0.238645,2.88776,4.209177113468338,EXH,2023-09-22
2023-09-30,Q3 to Q4_CEC_TBR_NA_FY23 Junxion AO - Erin Mills_FBIG_CVS_EN_L CEC TBR 085_CP25JH2,391.67,not_delivering,248.0,actions:offsite_conversion.fb_pixel_purchase,13258.0,,1.57931452,2023-12-31,43305.0,9.044452,47.0,8.333404,0.108533,142.0,0.327907,2.758239,3.2663297631618646,EXH,2023-09-22
2023-09-23,Q2 to Q4_CEC_TGP_NA_FY23 AO EXH Groups & Event_FBIG_TC_FR_L CEC TGP 073_CP24GQX,246.08,completed,170.0,actions:landing_page_view,21791.0,,1.44752941,2023-12-31,42536.0,5.785217,228.0,1.079298,0.536017,485.0,1.140211,0.507381,1.951998531503832,EXH,2023-09-15
2023-09-23,Q2 to Q4_CEC_TGP_NA_FY23 AO EXH Groups & Event_FBIG_TC_EN_L CEC TGP 073_CP24GQX,977.61,completed,637.0,actions:landing_page_view,89369.0,,1.53470958,2023-12-31,185376.0,5.27366,894.0,1.093523,0.482263,1526.0,0.823192,0.640636,2.0742763150533183,EXH,2023-09-15
2023-09-23,Q3 to Q4_CEC_TBR_NA_FY23 Junxion AO - Kildonan_FBIG_CVS_EN_L CEC TBR 085_CP25JH2,362.41,not_delivering,146.0,actions:offsite_conversion.fb_pixel_purchase,11911.0,,2.48226027,2023-12-31,52963.0,6.842702,42.0,8.62881,0.079301,100.0,0.188811,3.6241,4.446562001511208,EXH,2023-09-15
2023-09-23,Q3 to Q4_CEC_TBR_NA_FY23 Junxion AO - Erin Mills_FBIG_CVS_EN_L CEC TBR 085_CP25JH2,388.9,not_delivering,248.0,actions:offsite_conversion.fb_pixel_purchase,13441.0,,1.56814516,2023-12-31,45917.0,8.46963,36.0,10.802778,0.078402,135.0,0.294009,2.880741,3.416189271631575,EXH,2023-09-15
2023-09-16,Q2 to Q4_CEC_TGP_NA_FY23 AO EXH Groups & Event_FBIG_TC_FR_L CEC TGP 073_CP24GQX,249.61,completed,185.0,actions:landing_page_view,20845.0,,1.34924324,2023-12-31,43678.0,5.714776,254.0,0.982717,0.581528,577.0,1.321031,0.4326,2.095370592468218,EXH,2023-09-08
2023-09-16,Q2 to Q4_CEC_TGP_NA_FY23 AO EXH Groups & Event_FBIG_TC_EN_L CEC TGP 073_CP24GQX,991.97,completed,688.0,actions:landing_page_view,80086.0,,1.44181686,2023-12-31,174052.0,5.699274,888.0,1.117083,0.510192,1645.0,0.94512,0.603021,2.1733136877856305,EXH,2023-09-08
2023-09-16,Q3 to Q4_CEC_TBR_NA_FY23 Junxion AO - Kildonan_FBIG_CVS_EN_L CEC TBR 085_CP25JH2,362.53,not_delivering,267.0,actions:offsite_conversion.fb_pixel_purchase,15350.0,,1.35779026,2023-12-31,60517.0,5.990548,72.0,5.035139,0.118975,123.0,0.203249,2.947398,3.942475570032573,EXH,2023-09-08
2023-09-16,Q3 to Q4_CEC_TBR_NA_FY23 Junxion AO - Erin Mills_FBIG_CVS_EN_L CEC TBR 085_CP25JH2,390.43,not_delivering,427.0,actions:offsite_conversion.fb_pixel_purchase,23940.0,,0.91435597,2023-12-31,55248.0,7.066862,60.0,6.507167,0.108601,122.0,0.220822,3.200246,2.3077694235588972,EXH,2023-09-08
2023-09-09,Q2 to Q4_CEC_TGP_NA_FY23 AO EXH Groups & Event_FBIG_TC_FR_L CEC TGP 073_CP24GQX,246.91,completed,179.0,actions:landing_page_view,18483.0,,1.37938547,2023-12-31,38758.0,6.370556,272.0,0.907757,0.701791,614.0,1.584189,0.402134,2.096953957690851,EXH,2023-09-01
2023-09-09,Q2 to Q4_CEC_TGP_NA_FY23 AO EXH Groups & Event_FBIG_TC_EN_L CEC TGP 073_CP24GQX,979.98,completed,693.0,actions:landing_page_view,73882.0,,1.41411255,2023-12-31,145979.0,6.713157,958.0,1.022944,0.656259,1684.0,1.153591,0.581936,1.97583985273815,EXH,2023-09-01
2023-09-09,Q3 to Q4_CEC_TBR_NA_FY23 Junxion AO - Kildonan_FBIG_CVS_EN_L CEC TBR 085_CP25JH2,364.76,not_delivering,371.0,actions:offsite_conversion.fb_pixel_purchase,16848.0,,0.98318059,2023-12-31,67652.0,5.391711,59.0,6.182373,0.087211,114.0,0.168509,3.199649,4.015432098765432,EXH,2023-09-01
2023-09-09,Q3 to Q4_CEC_TBR_NA_FY23 Junxion AO - Erin Mills_FBIG_CVS_EN_L CEC TBR 085_CP25JH2,393.52,not_delivering,538.0,actions:offsite_conversion.fb_pixel_purchase,24861.0,,0.73144981,2023-12-31,60199.0,6.536986,51.0,7.716078,0.084719,118.0,0.196017,3.334915,2.4214231125055306,EXH,2023-09-01
2023-09-02,Q2 to Q4_CEC_TGP_NA_FY23 AO EXH Groups & Event_FBIG_TC_FR_L CEC TGP 073_CP24GQX,244.33,completed,231.0,actions:landing_page_view,21753.0,,1.05770563,2023-12-31,35779.0,6.828866,320.0,0.763531,0.894379,896.0,2.504262,0.27269,1.6447846274077138,EXH,2023-08-25
2023-09-02,Q2 to Q4_CEC_TGP_NA_FY23 AO EXH Groups & Event_FBIG_TC_EN_L CEC TGP 073_CP24GQX,961.33,completed,864.0,actions:landing_page_view,66999.0,,1.11265046,2023-12-31,114197.0,8.418172,1300.0,0.739485,1.138384,2191.0,1.918614,0.438763,1.7044582754966493,EXH,2023-08-25
2023-09-02,Q3 to Q4_CEC_TBR_NA_FY23 Junxion AO - Kildonan_FBIG_CVS_EN_L CEC TBR 085_CP25JH2,358.31,not_delivering,335.0,actions:offsite_conversion.fb_pixel_purchase,14230.0,,1.06958209,2023-12-31,57122.0,6.272715,69.0,5.192899,0.120794,149.0,0.260845,2.404765,4.0141953619114545,EXH,2023-08-25
2023-09-02,Q3 to Q4_CEC_TBR_NA_FY23 Junxion AO - Erin Mills_FBIG_CVS_EN_L CEC TBR 085_CP25JH2,388.62,not_delivering,579.0,actions:offsite_conversion.fb_pixel_purchase,21225.0,,0.67119171,2023-12-31,56958.0,6.822922,56.0,6.939643,0.098318,140.0,0.245795,2.775857,2.683533568904594,EXH,2023-08-25
2023-08-26,Q2 to Q4_CEC_TGP_NA_FY23 AO EXH Groups & Event_FBIG_TC_FR_L CEC TGP 073_CP24GQX,249.72,completed,328.0,actions:landing_page_view,22765.0,,0.76134146,2023-12-31,38541.0,6.479334,436.0,0.572752,1.131263,1036.0,2.688047,0.241042,1.6929936305732485,EXH,2023-08-18
2023-08-26,Q2 to Q4_CEC_TGP_NA_FY23 AO EXH Groups & Event_FBIG_TC_EN_L CEC TGP 073_CP24GQX,976.57,completed,1176.0,actions:landing_page_view,92957.0,,0.83041667,2023-12-31,149485.0,6.532896,1708.0,0.571762,1.14259,2826.0,1.890491,0.345566,1.6081091257247975,EXH,2023-08-18
2023-08-26,Q3 to Q4_CEC_TBR_NA_FY23 Junxion AO - Kildonan_FBIG_CVS_EN_L CEC TBR 085_CP25JH2,360.99,not_delivering,385.0,actions:offsite_conversion.fb_pixel_purchase,17036.0,,0.93763636,2023-12-31,64650.0,5.583759,67.0,5.38791,0.103635,147.0,0.227378,2.455714,3.794904907255224,EXH,2023-08-18
2023-08-26,Q3 to Q4_CEC_TBR_NA_FY23 Junxion AO - Erin Mills_FBIG_CVS_EN_L CEC TBR 085_CP25JH2,394.76,not_delivering,806.0,actions:offsite_conversion.fb_pixel_purchase,19456.0,,0.48977667,2023-12-31,54250.0,7.276682,64.0,6.168125,0.117972,148.0,0.272811,2.667297,2.7883429276315788,EXH,2023-08-18
2023-08-19,Q2 to Q4_CEC_TGP_NA_FY23 AO EXH Groups & Event_FBIG_TC_FR_L CEC TGP 073_CP24GQX,250.62,completed,280.0,actions:landing_page_view,23150.0,,0.89507143,2023-12-31,39568.0,6.333906,395.0,0.634481,0.998281,864.0,2.183583,0.290069,1.7092008639308855,EXH,2023-08-11
2023-08-19,Q2 to Q4_CEC_TGP_NA_FY23 AO EXH Groups & Event_FBIG_TC_EN_L CEC TGP 073_CP24GQX,993.43,completed,978.0,actions:landing_page_view,146049.0,,1.0157771,2023-12-31,261645.0,3.796862,1316.0,0.754886,0.502972,2260.0,0.863766,0.439571,1.7914877883450075,EXH,2023-08-11
2023-08-19,Q3 to Q4_CEC_TBR_NA_FY23 Junxion AO - Kildonan_FBIG_CVS_EN_L CEC TBR 085_CP25JH2,357.58,not_delivering,337.0,actions:offsite_conversion.fb_pixel_purchase,13544.0,,1.06106825,2023-12-31,58890.0,6.071999,50.0,7.1516,0.084904,130.0,0.220751,2.750615,4.348050797401063,EXH,2023-08-11
2023-08-19,Q3 to Q4_CEC_TBR_NA_FY23 Junxion AO - Erin Mills_FBIG_CVS_EN_L CEC TBR 085_CP25JH2,386.08,not_delivering,752.0,actions:offsite_conversion.fb_pixel_purchase,16875.0,,0.51340426,2023-12-31,53106.0,7.269988,47.0,8.214468,0.088502,98.0,0.184537,3.939592,3.147022222222222,EXH,2023-08-11
2023-08-12,Q2 to Q4_CEC_TGP_NA_FY23 AO EXH Groups & Event_FBIG_TC_FR_L CEC TGP 073_CP24GQX,248.07,completed,288.0,actions:landing_page_view,26387.0,,0.86135417,2023-12-31,43034.0,5.764512,363.0,0.683388,0.843519,923.0,2.144816,0.268765,1.6308788418539433,EXH,2023-08-04
2023-08-12,Q2 to Q4_CEC_TGP_NA_FY23 AO EXH Groups & Event_FBIG_TC_EN_L CEC TGP 073_CP24GQX,986.87,completed,1080.0,actions:landing_page_view,157562.0,,0.91376852,2023-12-31,281811.0,3.501886,1421.0,0.69449,0.504239,2732.0,0.969444,0.361226,1.7885721176425788,EXH,2023-08-04
2023-08-12,Q3 to Q4_CEC_TBR_NA_FY23 Junxion AO - Kildonan_FBIG_CVS_EN_L CEC TBR 085_CP25JH2,358.44,not_delivering,494.0,actions:offsite_conversion.fb_pixel_purchase,14415.0,,0.72558704,2023-12-31,60529.0,5.92179,58.0,6.18,0.095822,138.0,0.22799,2.597391,4.199028789455428,EXH,2023-08-04
2023-08-12,Q3 to Q4_CEC_TBR_NA_FY23 Junxion AO - Erin Mills_FBIG_CVS_EN_L CEC TBR 085_CP25JH2,389.48,not_delivering,994.0,actions:offsite_conversion.fb_pixel_purchase,22317.0,,0.39183099,2023-12-31,59515.0,6.544233,56.0,6.955,0.094094,119.0,0.19995,3.272941,2.666801093336918,EXH,2023-08-04
2023-08-05,Q2 to Q4_CEC_TGP_NA_FY23 AO EXH Groups & Event_FBIG_TC_FR_L CEC TGP 073_CP24GQX,253.61,completed,318.0,actions:landing_page_view,26614.0,,0.79751572,2023-12-31,45908.0,5.524309,416.0,0.609639,0.90616,1012.0,2.204409,0.250603,1.7249567896595777,EXH,2023-07-28
2023-08-05,Q2 to Q4_CEC_TGP_NA_FY23 AO EXH Groups & Event_FBIG_TC_EN_L CEC TGP 073_CP24GQX,1002.59,completed,1187.0,actions:landing_page_view,152164.0,,0.84464195,2023-12-31,284519.0,3.523807,1552.0,0.645999,0.545482,2877.0,1.01118,0.348485,1.8698180910070714,EXH,2023-07-28
2023-08-05,Q3 to Q4_CEC_TBR_NA_FY23 Junxion AO - Kildonan_FBIG_CVS_EN_L CEC TBR 085_CP25JH2,359.37,not_delivering,507.0,actions:offsite_conversion.fb_pixel_purchase,14441.0,,0.70881657,2023-12-31,59566.0,6.03314,57.0,6.304737,0.095692,136.0,0.228318,2.642426,4.124783602243612,EXH,2023-07-28
2023-08-05,Q3 to Q4_CEC_TBR_NA_FY23 Junxion AO - Erin Mills_FBIG_CVS_EN_L CEC TBR 085_CP25JH2,385.43,not_delivering,790.0,actions:offsite_conversion.fb_pixel_purchase,25826.0,,0.48788608,2023-12-31,63105.0,6.107757,60.0,6.423833,0.09508,106.0,0.167974,3.636132,2.4434678231239837,EXH,2023-07-28
2023-07-29,Q2 to Q4_CEC_TGP_NA_FY23 AO EXH Groups & Event_FBIG_TC_FR_L CEC TGP 073_CP24GQX,253.35,completed,269.0,actions:landing_page_view,27162.0,,0.94182156,2023-12-31,46867.0,5.405723,377.0,0.672016,0.804404,927.0,1.977938,0.273301,1.725462042559458,EXH,2023-07-21
2023-07-29,Q2 to Q4_CEC_TGP_NA_FY23 AO EXH Groups & Event_FBIG_TC_EN_L CEC TGP 073_CP24GQX,995.99,completed,973.0,actions:landing_page_view,134347.0,,1.02362795,2023-12-31,231692.0,4.298767,1448.0,0.687838,0.624968,2712.0,1.170519,0.367253,1.7245788889964049,EXH,2023-07-21
2023-07-29,Q3 to Q4_CEC_TBR_NA_FY23 Junxion AO - Kildonan_FBIG_CVS_EN_L CEC TBR 085_CP25JH2,364.95,not_delivering,735.0,actions:offsite_conversion.fb_pixel_purchase,20695.0,,0.49653061,2023-12-31,69290.0,5.266994,70.0,5.213571,0.101025,124.0,0.178958,2.943145,3.3481517274704036,EXH,2023-07-21
2023-07-29,Q3 to Q4_CEC_TBR_NA_FY23 Junxion AO - Erin Mills_FBIG_CVS_EN_L CEC TBR 085_CP25JH2,394.77,not_delivering,1092.0,actions:offsite_conversion.fb_pixel_purchase,34335.0,,0.36151099,2023-12-31,70113.0,5.630482,56.0,7.049464,0.079871,112.0,0.159742,3.524732,2.0420270860637832,EXH,2023-07-21
2023-07-22,Q2 to Q4_CEC_TGP_NA_FY23 AO EXH Groups & Event_FBIG_TC_FR_L CEC TGP 073_CP24GQX,250.4,completed,290.0,actions:landing_page_view,28111.0,,0.86344828,2023-12-31,46923.0,5.336402,421.0,0.594774,0.897215,1041.0,2.218528,0.240538,1.6692042261036606,EXH,2023-07-14
2023-07-22,Q2 to Q4_CEC_TGP_NA_FY23 AO EXH Groups & Event_FBIG_TC_EN_L CEC TGP 073_CP24GQX,990.55,completed,1084.0,actions:landing_page_view,118377.0,,0.91379151,2023-12-31,197748.0,5.009153,1543.0,0.641964,0.780286,2933.0,1.483201,0.337726,1.670493423553562,EXH,2023-07-14
2023-07-22,Q3 to Q4_CEC_TBR_NA_FY23 Junxion AO - Kildonan_FBIG_CVS_EN_L CEC TBR 085_CP25JH2,368.92,not_delivering,591.0,actions:offsite_conversion.fb_pixel_purchase,15604.0,,0.62423012,2023-12-31,63448.0,5.814525,52.0,7.094615,0.081957,116.0,0.182827,3.180345,4.066136887977442,EXH,2023-07-14
2023-07-22,Q3 to Q4_CEC_TBR_NA_FY23 Junxion AO - Erin Mills_FBIG_CVS_EN_L CEC TBR 085_CP25JH2,333.47,not_delivering,805.0,actions:offsite_conversion.fb_pixel_purchase,20925.0,,0.41424845,2023-12-31,49276.0,6.767392,49.0,6.80551,0.09944,81.0,0.16438,4.116914,2.3548864994026286,EXH,2023-07-14
2023-07-15,Q2 to Q4_CEC_TGP_NA_FY23 AO EXH Groups & Event_FBIG_TC_FR_L CEC TGP 073_CP24GQX,254.75,completed,255.0,actions:landing_page_view,26642.0,,0.99901961,2023-12-31,41533.0,6.133677,381.0,0.668635,0.917343,915.0,2.203067,0.278415,1.5589295097965619,EXH,2023-07-07
2023-07-15,Q2 to Q4_CEC_TGP_NA_FY23 AO EXH Groups & Event_FBIG_TC_EN_L CEC TGP 073_CP24GQX,998.55,completed,998.0,actions:landing_page_view,124392.0,,1.0005511,2023-12-31,194073.0,5.145229,1403.0,0.711725,0.722924,2529.0,1.303118,0.39484,1.560172679915107,EXH,2023-07-07
2023-07-15,Q3 to Q4_CEC_TBR_NA_FY23 Junxion AO - Kildonan_FBIG_CVS_EN_L CEC TBR 085_CP25JH2,369.94,not_delivering,389.0,actions:offsite_conversion.fb_pixel_purchase,15975.0,,0.95100257,2023-12-31,66120.0,5.594979,93.0,3.977849,0.140653,173.0,0.261645,2.138382,4.138967136150235,EXH,2023-07-07
2023-07-08,Q2 to Q4_CEC_TGP_NA_FY23 AO EXH Groups & Event_FBIG_TC_FR_L CEC TGP 073_CP24GQX,253.57,completed,290.0,actions:landing_page_view,26851.0,,0.87437931,2023-12-31,42738.0,5.933127,427.0,0.593841,0.999111,1058.0,2.475549,0.239669,1.5916725634054598,EXH,2023-06-30
2023-07-08,Q2 to Q4_CEC_TGP_NA_FY23 AO EXH Groups & Event_FBIG_TC_EN_L CEC TGP 073_CP24GQX,1002.61,completed,1140.0,actions:landing_page_view,150055.0,,0.87948246,2023-12-31,272798.0,3.675284,1488.0,0.673797,0.545459,2799.0,1.026034,0.358203,1.8179867381959949,EXH,2023-06-30
2023-07-08,Q3 to Q4_CEC_TBR_NA_FY23 Junxion AO - Kildonan_FBIG_CVS_EN_L CEC TBR 085_CP25JH2,259.01,not_delivering,247.0,actions:offsite_conversion.fb_pixel_purchase,14325.0,,1.04862348,2023-12-31,52042.0,4.976942,64.0,4.047031,0.122978,111.0,0.213289,2.333423,3.6329493891797555,EXH,2023-06-30
2023-07-01,Q2 to Q4_CEC_TGP_NA_FY23 AO EXH Groups & Event_FBIG_TC_FR_L CEC TGP 073_CP24GQX,250.07,completed,271.0,actions:landing_page_view,21078.0,,0.92276753,2023-12-31,33196.0,7.533137,373.0,0.670429,1.123629,1053.0,3.172069,0.237483,1.5749122307619319,EXH,2023-06-23
2023-07-01,Q2 to Q4_CEC_TGP_NA_FY23 AO EXH Groups & Event_FBIG_TC_EN_L CEC TGP 073_CP24GQX,1012.37,completed,890.0,actions:landing_page_view,139992.0,,1.13749438,2023-12-31,227910.0,4.441973,1182.0,0.856489,0.518626,2211.0,0.97012,0.457879,1.6280216012343562,EXH,2023-06-23
2023-06-24,Q2 to Q4_CEC_TGP_NA_FY23 AO EXH Groups & Event_FBIG_TC_FR_L CEC TGP 073_CP24GQX,244.33,completed,248.0,actions:landing_page_view,21582.0,,0.98520161,2023-12-31,31806.0,7.681884,320.0,0.763531,1.006099,726.0,2.282588,0.336543,1.4737281067556296,EXH,2023-06-16
2023-06-24,Q2 to Q4_CEC_TGP_NA_FY23 AO EXH Groups & Event_FBIG_TC_EN_L CEC TGP 073_CP24GQX,952.99,completed,843.0,actions:landing_page_view,127218.0,,1.1304745,2023-12-31,212416.0,4.486432,1095.0,0.870311,0.515498,2231.0,1.050298,0.427158,1.6697008284991117,EXH,2023-06-16
2023-06-17,Q2 to Q4_CEC_TGP_NA_FY23 AO EXH Groups & Event_FBIG_TC_FR_L CEC TGP 073_CP24GQX,251.44,completed,254.0,actions:landing_page_view,24081.0,,0.98992126,2023-12-31,39783.0,6.320288,326.0,0.771288,0.819445,741.0,1.862605,0.339325,1.6520493334994395,EXH,2023-06-09
2023-06-17,Q2 to Q4_CEC_TGP_NA_FY23 AO EXH Groups & Event_FBIG_TC_EN_L CEC TGP 073_CP24GQX,1006.26,completed,1075.0,actions:landing_page_view,127384.0,,0.93605581,2023-12-31,230772.0,4.360408,1294.0,0.777635,0.560727,2808.0,1.216785,0.358355,1.8116246938391007,EXH,2023-06-09
2023-06-10,Q2 to Q4_CEC_TGP_NA_FY23 AO EXH Groups & Event_FBIG_TC_FR_L CEC TGP 073_CP24GQX,202.83,completed,243.0,actions:landing_page_view,17459.0,,0.83469136,2023-12-31,29207.0,6.944568,311.0,0.652187,1.064813,805.0,2.756189,0.251963,1.6728907726673923,EXH,2023-06-02
2023-06-10,Q2 to Q4_CEC_TGP_NA_FY23 AO EXH Groups & Event_FBIG_TC_EN_L CEC TGP 073_CP24GQX,822.28,completed,989.0,actions:landing_page_view,91718.0,,0.83142568,2023-12-31,164765.0,4.990623,1238.0,0.6642,0.751373,3003.0,1.822596,0.27382,1.796430362633289,EXH,2023-06-02
2024-01-06,Q4 to Q1_CEC_FLM_NA_FY23 Q4 Film Multi Title (Tier 1) - Migration_FBIG_CVS_ENFR_L CEC TFL 112_CP29LHW,840.58,not_delivering,473.0,actions:offsite_conversion.fb_pixel_purchase,70029.0,,1.77712474,2024-01-04,149636.0,5.617498,838.0,1.003079,0.560026,1987.0,1.327889,0.42304,2.136771908780648,EXH,2023-12-29
2024-01-06,Q4 to Q4_CEC_FLM_NA_FY23 Q4 Film Multi Title (Tier 2) - The Color Purple_FBIG_CVS_ENFR_L CEC TFL 112_CP29LHW,5579.81,not_delivering,744.0,actions:offsite_conversion.fb_pixel_purchase,41534.0,,7.49974462,2024-01-04,461852.0,12.081381,1328.0,4.201664,0.287538,3513.0,0.760633,1.588332,11.11985361390668,EXH,2023-12-29
2024-01-06,Q4 to Q4_CEC_FLM_NA_FY23 Q4 Film Multi Title (Tier 2) - Ferrari_FBIG_CVS_ENFR_L CEC TFL 112_CP29LHW,3836.28,not_delivering,86.0,actions:offsite_conversion.fb_pixel_purchase,2013.0,,44.60790698,2024-01-04,73499.0,52.194996,166.0,23.11012,0.225853,340.0,0.462591,11.283176,36.51217088922007,EXH,2023-12-29
2023-12-30,Q4 to Q1_CEC_FLM_NA_FY23 Q4 Film Multi Title (Tier 1) - Migration_FBIG_CVS_ENFR_L CEC TFL 112_CP29LHW,1247.01,not_delivering,470.0,actions:offsite_conversion.fb_pixel_purchase,55828.0,,2.65321277,2024-01-04,126742.0,9.838964,621.0,2.008068,0.489972,1168.0,0.921557,1.067646,2.270222827255141,EXH,2023-12-22
2023-12-30,Q4 to Q4_CEC_FLM_NA_FY23 Q4 Film Multi Title (Tier 2) - The Color Purple_FBIG_CVS_ENFR_L CEC TFL 112_CP29LHW,6885.2,not_delivering,947.0,actions:offsite_conversion.fb_pixel_purchase,35518.0,,7.27053854,2024-01-04,464864.0,14.811214,1724.0,3.993736,0.370861,5249.0,1.129147,1.311717,13.088124331324963,EXH,2023-12-22
2023-12-30,Q4 to Q4_CEC_FLM_NA_FY23 Q4 Film Multi Title (Tier 2) - Ferrari_FBIG_CVS_ENFR_L CEC TFL 112_CP29LHW,2225.06,not_delivering,65.0,actions:offsite_conversion.fb_pixel_purchase,1403.0,,34.23169231,2024-01-04,38035.0,58.500329,116.0,19.181552,0.304982,223.0,0.586302,9.977848,27.10976478973628,EXH,2023-12-22
2023-12-23,Q4 to Q1_CEC_FLM_NA_FY23 Q4 Film Multi Title (Tier 1) - Migration_FBIG_CVS_ENFR_L CEC TFL 112_CP29LHW,269.92,not_delivering,69.0,actions:offsite_conversion.fb_pixel_purchase,12120.0,,3.91188406,2024-01-04,19991.0,13.502076,90.0,2.999111,0.450203,173.0,0.865389,1.560231,1.6494224422442245,EXH,2023-12-15
2024-01-06,Q4 to Q4_CEC_BRA_N/A_FY23 Q4 Holiday Brand Loyalty_FBIG_CVS_ENFR_L CEC TBR 118_CP2C9KX,1878.24,not_delivering,1115.0,actions:offsite_conversion.fb_pixel_purchase,98702.0,,1.68452018,2024-01-05,240481.0,7.810347,447.0,4.201879,0.185877,914.0,0.380072,2.054967,2.4364349253307935,EXH,2023-12-29
2024-01-06,Q4 to Q4_CEC_BRA_N/A_FY23 Q4 Holiday Brand Saliency_FBIG_CVS_ENFR_L CEC TBR 118_CP2C9KX,3252.75,not_delivering,1852.0,actions:offsite_conversion.fb_pixel_purchase,134351.0,,1.75634449,2024-01-05,411562.0,7.903426,658.0,4.943389,0.159879,1290.0,0.31344,2.521512,3.0633341024629517,EXH,2023-12-29
2024-01-06,Q4 to Q4_CEC_BRA_N/A_FY23 Q4 Holiday Brand Awareness_FBIG_LPV_ENFR_L CEC TBR 118_CP2C9KX,5949.0,completed,3270.0,actions:landing_page_view,508460.0,,1.81926606,2024-01-05,1365883.0,4.355424,6644.0,0.895394,0.486425,10257.0,0.750943,0.579994,2.686313574322464,EXH,2023-12-29
2023-12-30,Q4 to Q4_CEC_BRA_N/A_FY23 Q4 Holiday Brand Loyalty_FBIG_CVS_ENFR_L CEC TBR 118_CP2C9KX,2306.53,not_delivering,1105.0,actions:offsite_conversion.fb_pixel_purchase,83159.0,,2.08735747,2024-01-05,198382.0,11.62671,359.0,6.424875,0.180964,620.0,0.312528,3.72021,2.385574622109453,EXH,2023-12-22
2023-12-30,Q4 to Q4_CEC_BRA_N/A_FY23 Q4 Holiday Brand Saliency_FBIG_CVS_ENFR_L CEC TBR 118_CP2C9KX,4001.75,not_delivering,1855.0,actions:offsite_conversion.fb_pixel_purchase,116294.0,,2.15727763,2024-01-05,340494.0,11.752777,615.0,6.506911,0.18062,1027.0,0.301621,3.896543,2.927872461175985,EXH,2023-12-22
2023-12-30,Q4 to Q4_CEC_BRA_N/A_FY23 Q4 Holiday Brand Awareness_FBIG_LPV_ENFR_L CEC TBR 118_CP2C9KX,7092.56,completed,3099.0,actions:landing_page_view,461638.0,,2.28866086,2024-01-05,1232649.0,5.753917,6159.0,1.151577,0.499656,9715.0,0.78814,0.730063,2.6701636347094477,EXH,2023-12-22
2023-12-23,Q4 to Q4_CEC_BRA_N/A_FY23 Q4 Holiday Brand Loyalty_FBIG_CVS_ENFR_L CEC TBR 118_CP2C9KX,2407.88,not_delivering,789.0,actions:offsite_conversion.fb_pixel_purchase,80544.0,,3.05181242,2024-01-05,200486.0,12.010215,298.0,8.080134,0.148639,563.0,0.280818,4.276874,2.489148788239968,EXH,2023-12-15
2023-12-23,Q4 to Q4_CEC_BRA_N/A_FY23 Q4 Holiday Brand Saliency_FBIG_CVS_ENFR_L CEC TBR 118_CP2C9KX,4116.34,not_delivering,1251.0,actions:offsite_conversion.fb_pixel_purchase,112177.0,,3.29043965,2024-01-05,348663.0,11.806071,553.0,7.443653,0.158606,1026.0,0.294267,4.012027,3.108150512137069,EXH,2023-12-15
2023-12-23,Q4 to Q4_CEC_BRA_N/A_FY23 Q4 Holiday Brand Awareness_FBIG_LPV_ENFR_L CEC TBR 118_CP2C9KX,7180.39,completed,2921.0,actions:landing_page_view,412604.0,,2.45819582,2024-01-05,1013047.0,7.087914,5624.0,1.276741,0.555157,8283.0,0.817632,0.866883,2.455252493916685,EXH,2023-12-15
2023-12-16,Q4 to Q4_CEC_BRA_N/A_FY23 Q4 Holiday Brand Loyalty_FBIG_CVS_ENFR_L CEC TBR 118_CP2C9KX,2355.97,not_delivering,774.0,actions:offsite_conversion.fb_pixel_purchase,72851.0,,3.04388889,2024-01-05,192190.0,12.258546,319.0,7.385486,0.165982,595.0,0.309589,3.959613,2.6381243908800154,EXH,2023-12-08
2023-12-16,Q4 to Q4_CEC_BRA_N/A_FY23 Q4 Holiday Brand Saliency_FBIG_CVS_ENFR_L CEC TBR 118_CP2C9KX,4059.07,not_delivering,1348.0,actions:offsite_conversion.fb_pixel_purchase,113883.0,,3.01117953,2024-01-05,344885.0,11.769343,470.0,8.636319,0.136277,1023.0,0.296621,3.96781,3.0284151278066087,EXH,2023-12-08
2023-12-16,Q4 to Q4_CEC_BRA_N/A_FY23 Q4 Holiday Brand Awareness_FBIG_LPV_ENFR_L CEC TBR 118_CP2C9KX,7104.64,completed,3461.0,actions:landing_page_view,416629.0,,2.05277088,2024-01-05,979564.0,7.252859,5536.0,1.283353,0.565149,7242.0,0.739309,0.981033,2.351166145419546,EXH,2023-12-08
2023-12-09,Q4 to Q4_CEC_BRA_N/A_FY23 Q4 Holiday Brand Loyalty_FBIG_CVS_ENFR_L CEC TBR 118_CP2C9KX,2438.39,not_delivering,933.0,actions:offsite_conversion.fb_pixel_purchase,76176.0,,2.61349411,2024-01-05,202437.0,12.045179,317.0,7.692082,0.156592,640.0,0.316148,3.809984,2.6574905482041586,EXH,2023-12-01
2023-12-09,Q4 to Q4_CEC_BRA_N/A_FY23 Q4 Holiday Brand Saliency_FBIG_CVS_ENFR_L CEC TBR 118_CP2C9KX,4197.52,not_delivering,1528.0,actions:offsite_conversion.fb_pixel_purchase,111461.0,,2.74706806,2024-01-05,357469.0,11.742333,587.0,7.150801,0.16421,1128.0,0.315552,3.721206,3.207121773535138,EXH,2023-12-01
2023-12-09,Q4 to Q4_CEC_BRA_N/A_FY23 Q4 Holiday Brand Awareness_FBIG_LPV_ENFR_L CEC TBR 118_CP2C9KX,7212.89,completed,4300.0,actions:landing_page_view,447631.0,,1.67741628,2024-01-05,1004359.0,7.181585,5720.0,1.260995,0.569517,7393.0,0.736091,0.975638,2.2437208325607476,EXH,2023-12-01
2023-12-02,Q4 to Q4_CEC_BRA_N/A_FY23 Q4 Holiday Brand Loyalty_FBIG_CVS_ENFR_L CEC TBR 118_CP2C9KX,2422.18,not_delivering,887.0,actions:offsite_conversion.fb_pixel_purchase,79383.0,,2.73075536,2024-01-05,183729.0,13.183439,357.0,6.784818,0.194308,853.0,0.464271,2.839601,2.314462794301047,EXH,2023-11-24
2023-12-02,Q4 to Q4_CEC_BRA_N/A_FY23 Q4 Holiday Brand Saliency_FBIG_CVS_ENFR_L CEC TBR 118_CP2C9KX,4112.42,not_delivering,1462.0,actions:offsite_conversion.fb_pixel_purchase,109650.0,,2.81287278,2024-01-05,315857.0,13.019879,558.0,7.369928,0.176662,1262.0,0.399548,3.258653,2.880592795257638,EXH,2023-11-24
2023-12-02,Q4 to Q4_CEC_BRA_N/A_FY23 Q4 Holiday Brand Awareness_FBIG_LPV_ENFR_L CEC TBR 118_CP2C9KX,7353.58,completed,3819.0,actions:landing_page_view,418504.0,,1.92552501,2024-01-05,919134.0,8.000553,5368.0,1.369892,0.584028,7607.0,0.827627,0.966686,2.1962370730028864,EXH,2023-11-24
2023-11-25,Q4 to Q4_CEC_BRA_N/A_FY23 Q4 Holiday Brand Loyalty_FBIG_CVS_ENFR_L CEC TBR 118_CP2C9KX,2446.05,not_delivering,812.0,actions:offsite_conversion.fb_pixel_purchase,77184.0,,3.01237685,2024-01-05,178785.0,13.681517,421.0,5.810095,0.235478,1052.0,0.588416,2.325143,2.316347947761194,EXH,2023-11-17
2023-11-25,Q4 to Q4_CEC_BRA_N/A_FY23 Q4 Holiday Brand Saliency_FBIG_CVS_ENFR_L CEC TBR 118_CP2C9KX,4206.32,not_delivering,1418.0,actions:offsite_conversion.fb_pixel_purchase,106505.0,,2.96637518,2024-01-05,304456.0,13.815855,682.0,6.167625,0.224006,1618.0,0.53144,2.599703,2.8586075771090558,EXH,2023-11-17
2023-11-25,Q4 to Q4_CEC_BRA_N/A_FY23 Q4 Holiday Brand Awareness_FBIG_LPV_ENFR_L CEC TBR 118_CP2C9KX,7255.41,completed,3614.0,actions:landing_page_view,365741.0,,2.00758439,2024-01-05,840455.0,8.632717,5123.0,1.416242,0.609551,7741.0,0.921049,0.93727,2.2979512824649135,EXH,2023-11-17
2023-11-18,Q4 to Q4_CEC_BRA_N/A_FY23 Q4 Holiday Brand Loyalty_FBIG_CVS_ENFR_L CEC TBR 118_CP2C9KX,762.56,not_delivering,295.0,actions:offsite_conversion.fb_pixel_purchase,24976.0,,2.58494915,2024-01-05,50311.0,15.156924,114.0,6.689123,0.226591,282.0,0.560514,2.704113,2.014373798846893,EXH,2023-11-10
2023-11-18,Q4 to Q4_CEC_BRA_N/A_FY23 Q4 Holiday Brand Saliency_FBIG_CVS_ENFR_L CEC TBR 118_CP2C9KX,1318.63,not_delivering,552.0,actions:offsite_conversion.fb_pixel_purchase,38095.0,,2.38882246,2024-01-05,88402.0,14.916291,219.0,6.021142,0.247732,534.0,0.604059,2.469345,2.320567003543772,EXH,2023-11-10
2023-11-18,Q4 to Q4_CEC_BRA_N/A_FY23 Q4 Holiday Brand Awareness_FBIG_LPV_ENFR_L CEC TBR 118_CP2C9KX,2568.14,completed,1268.0,actions:landing_page_view,194951.0,,2.025347,2024-01-05,313811.0,8.183716,1827.0,1.40566,0.582198,2861.0,0.911695,0.897637,1.6096916661109715,EXH,2023-11-10
2024-01-13,Q4 to Q1_CEC_BRA_NA_VIP Q4 Always ON - Conversion_FBIG_CVS_ENFR_L CEC TBR 121_CP2CZ9N,879.4,not_delivering,590.0,actions:offsite_conversion.fb_pixel_purchase,70093.0,,1.49050847,2024-01-07,131516.0,6.686639,257.0,3.42179,0.195413,589.0,0.447854,1.493039,1.8763071918736536,EXH,2024-01-05
2024-01-13,Q4 to Q1_CEC_BRA_NA_FY23 Brand Competitive Amplification Conversion - Edmonton_FBIG_CVS_EN_L CEC TBR 120_CP2CPHK,520.24,inactive,24.0,actions:offsite_conversion.fb_pixel_purchase,63772.0,,21.67666667,2024-01-07,116102.0,4.480888,139.0,3.742734,0.119722,257.0,0.221357,2.02428,1.820579564699241,EXH,2024-01-05
2024-01-13,Q4 to Q1_CEC_BRA_NA_FY23 Brand Competitive Amplification Conversion - Ottawa_FBIG_CVS_EN_L CEC TBR 120_CP2CPHK,544.18,inactive,24.0,actions:offsite_conversion.fb_pixel_purchase,54905.0,,22.67416667,2024-01-07,107491.0,5.062563,139.0,3.914964,0.129313,232.0,0.215832,2.345603,1.957763409525544,EXH,2024-01-05
2024-01-13,Q4 to Q1_CEC_BRA_NA_FY23 Brand Competitive Amplification Conversion - Winnipeg_FBIG_CVS_EN_L CEC TBR 120_CP2CPHK,340.69,inactive,22.0,actions:offsite_conversion.fb_pixel_purchase,41540.0,,15.48590909,2024-01-07,82121.0,4.148634,97.0,3.512268,0.118118,169.0,0.205794,2.015917,1.9769138180067405,EXH,2024-01-05
2024-01-13,Q4 to Q1_CEC_BRA_NA_FY23 Brand Competitive Amplification Conversion - Montreal_FBIG_CVS_FR_L CEC TBR 120_CP2CPHK,943.04,inactive,,,68205.0,,,2024-01-07,137365.0,6.865213,272.0,3.467059,0.198013,503.0,0.366178,1.874831,2.0140019060186205,EXH,2024-01-05
2024-01-13,Q4 to Q1_CEC_BRA_NA_FY23 Brand Competitive Amplification Conversion - Calgary_FBIG_CVS_EN_L CEC TBR 120_CP2CPHK,643.18,inactive,45.0,actions:offsite_conversion.fb_pixel_purchase,69095.0,,14.29288889,2024-01-07,133647.0,4.812529,165.0,3.898061,0.12346,298.0,0.222975,2.158322,1.9342499457268978,EXH,2024-01-05
2024-01-13,Q4 to Q1_CEC_BRA_NA_VIP Q4 Always ON - Awareness_FBIG_AWA_ENFR_L CEC TBR 121_CP2CZ9N,995.79,not_delivering,720822.0,reach,720822.0,,1.38146449,2024-01-07,787919.0,1.263823,486.0,2.048951,0.061681,853.0,0.10826,1.167397,1.0930840068699346,EXH,2024-01-05
2024-01-06,Q4 to Q1_CEC_BRA_NA_VIP Q4 Always ON - Conversion_FBIG_CVS_ENFR_L CEC TBR 121_CP2CZ9N,6937.0,not_delivering,4005.0,actions:offsite_conversion.fb_pixel_purchase,237835.0,,1.73208489,2024-01-07,964257.0,7.19414,2111.0,3.28612,0.218925,4571.0,0.474044,1.517611,4.054310761662497,EXH,2023-12-29
2024-01-06,Q4 to Q1_CEC_BRA_NA_FY23 Brand Competitive Amplification Conversion - Edmonton_FBIG_CVS_EN_L CEC TBR 120_CP2CPHK,4033.19,inactive,209.0,actions:offsite_conversion.fb_pixel_purchase,168003.0,,19.29755981,2024-01-07,912902.0,4.417988,1159.0,3.479888,0.126958,1916.0,0.20988,2.105005,5.433843443271846,EXH,2023-12-29
2024-01-06,Q4 to Q1_CEC_BRA_NA_FY23 Brand Competitive Amplification Conversion - Ottawa_FBIG_CVS_EN_L CEC TBR 120_CP2CPHK,3759.86,inactive,235.0,actions:offsite_conversion.fb_pixel_purchase,132364.0,,15.99940426,2024-01-07,765004.0,4.914824,907.0,4.14538,0.118561,1517.0,0.1983,2.478484,5.779547308935965,EXH,2023-12-29
2024-01-06,Q4 to Q1_CEC_BRA_NA_FY23 Brand Competitive Amplification Conversion - Winnipeg_FBIG_CVS_EN_L CEC TBR 120_CP2CPHK,2551.66,inactive,160.0,actions:offsite_conversion.fb_pixel_purchase,101894.0,,15.947875,2024-01-07,614354.0,4.153403,835.0,3.05588,0.135915,1300.0,0.211604,1.962815,6.029344220464404,EXH,2023-12-29
2024-01-06,Q4 to Q1_CEC_BRA_NA_FY23 Brand Competitive Amplification Conversion - Montreal_FBIG_CVS_FR_L CEC TBR 120_CP2CPHK,6682.61,inactive,26.0,actions:offsite_conversion.fb_pixel_purchase,206913.0,,257.02346154,2024-01-07,1003691.0,6.658035,1807.0,3.698179,0.180035,3495.0,0.348215,1.912049,4.850787529058106,EXH,2023-12-29
2024-01-06,Q4 to Q1_CEC_BRA_NA_FY23 Brand Competitive Amplification Conversion - Calgary_FBIG_CVS_EN_L CEC TBR 120_CP2CPHK,4931.72,inactive,323.0,actions:offsite_conversion.fb_pixel_purchase,184772.0,,15.26848297,2024-01-07,1050762.0,4.69347,1335.0,3.694172,0.127051,2132.0,0.2029,2.313189,5.68680319528933,EXH,2023-12-29
2024-01-06,Q4 to Q1_CEC_BRA_NA_VIP Q4 Always ON - Awareness_FBIG_AWA_ENFR_L CEC TBR 121_CP2CZ9N,7089.48,not_delivering,2898913.0,reach,2898913.0,,2.44556494,2024-01-07,5568299.0,1.273186,3055.0,2.320615,0.054864,5176.0,0.092955,1.369683,1.9208230809272304,EXH,2023-12-29
2023-12-30,Q4 to Q1_CEC_BRA_NA_VIP Q4 Always ON - Conversion_FBIG_CVS_ENFR_L CEC TBR 121_CP2CZ9N,7070.79,not_delivering,3277.0,actions:offsite_conversion.fb_pixel_purchase,186003.0,,2.15770217,2024-01-07,665476.0,10.625162,1052.0,6.721283,0.158082,2101.0,0.315714,3.36544,3.5777702510174567,EXH,2023-12-22
2023-12-30,Q4 to Q1_CEC_BRA_NA_FY23 Brand Competitive Amplification Conversion - Edmonton_FBIG_CVS_EN_L CEC TBR 120_CP2CPHK,4138.06,inactive,256.0,actions:offsite_conversion.fb_pixel_purchase,139205.0,,16.16429688,2024-01-07,709693.0,5.830775,959.0,4.314974,0.135129,1526.0,0.215023,2.711704,5.098186128371826,EXH,2023-12-22
2023-12-30,Q4 to Q1_CEC_BRA_NA_FY23 Brand Competitive Amplification Conversion - Ottawa_FBIG_CVS_EN_L CEC TBR 120_CP2CPHK,3811.48,inactive,214.0,actions:offsite_conversion.fb_pixel_purchase,120740.0,,17.81065421,2024-01-07,614589.0,6.201673,821.0,4.642485,0.133585,1237.0,0.201273,3.081229,5.090185522610568,EXH,2023-12-22
2023-12-30,Q4 to Q1_CEC_BRA_NA_FY23 Brand Competitive Amplification Conversion - Winnipeg_FBIG_CVS_EN_L CEC TBR 120_CP2CPHK,2608.04,inactive,187.0,actions:offsite_conversion.fb_pixel_purchase,87252.0,,13.94673797,2024-01-07,469515.0,5.554753,651.0,4.006206,0.138654,1003.0,0.213625,2.600239,5.3811373951313435,EXH,2023-12-22
2023-12-30,Q4 to Q1_CEC_BRA_NA_FY23 Brand Competitive Amplification Conversion - Montreal_FBIG_CVS_FR_L CEC TBR 120_CP2CPHK,6724.54,inactive,19.0,actions:offsite_conversion.fb_pixel_purchase,170051.0,,353.92315789,2024-01-07,811411.0,8.287465,1489.0,4.516145,0.183507,2846.0,0.350747,2.362804,4.771574410029932,EXH,2023-12-22
2023-12-30,Q4 to Q1_CEC_BRA_NA_FY23 Brand Competitive Amplification Conversion - Calgary_FBIG_CVS_EN_L CEC TBR 120_CP2CPHK,5078.42,inactive,370.0,actions:offsite_conversion.fb_pixel_purchase,146465.0,,13.72545946,2024-01-07,823395.0,6.16766,1095.0,4.637826,0.132986,1675.0,0.203426,3.031893,5.62178677499744,EXH,2023-12-22
2023-12-30,Q4 to Q1_CEC_BRA_NA_VIP Q4 Always ON - Awareness_FBIG_AWA_ENFR_L CEC TBR 121_CP2CZ9N,7119.79,not_delivering,2119148.0,reach,2119148.0,,3.35974175,2024-01-07,3972787.0,1.79214,2159.0,3.297726,0.054345,3700.0,0.093134,1.924268,1.8747095530845415,EXH,2023-12-22
2023-12-23,Q4 to Q1_CEC_BRA_NA_VIP Q4 Always ON - Conversion_FBIG_CVS_ENFR_L CEC TBR 121_CP2CZ9N,7374.61,not_delivering,2113.0,actions:offsite_conversion.fb_pixel_purchase,174028.0,,3.49011358,2024-01-07,665182.0,11.086605,1457.0,5.061503,0.219038,2938.0,0.441684,2.510078,3.8222699795435218,EXH,2023-12-15
2023-12-23,Q4 to Q1_CEC_BRA_NA_FY23 Brand Competitive Amplification Conversion - Edmonton_FBIG_CVS_EN_L CEC TBR 120_CP2CPHK,4221.35,inactive,127.0,actions:offsite_conversion.fb_pixel_purchase,121565.0,,33.23897638,2024-01-07,658365.0,6.411869,962.0,4.388098,0.14612,1454.0,0.22085,2.903267,5.415744663348826,EXH,2023-12-15
2023-12-23,Q4 to Q1_CEC_BRA_NA_FY23 Brand Competitive Amplification Conversion - Ottawa_FBIG_CVS_EN_L CEC TBR 120_CP2CPHK,3878.15,inactive,118.0,actions:offsite_conversion.fb_pixel_purchase,105146.0,,32.86567797,2024-01-07,587660.0,6.599309,817.0,4.746818,0.139026,1243.0,0.211517,3.119992,5.588990546478231,EXH,2023-12-15
2023-12-23,Q4 to Q1_CEC_BRA_NA_FY23 Brand Competitive Amplification Conversion - Winnipeg_FBIG_CVS_EN_L CEC TBR 120_CP2CPHK,2660.19,inactive,95.0,actions:offsite_conversion.fb_pixel_purchase,74785.0,,28.002,2024-01-07,433460.0,6.137106,679.0,3.917806,0.156647,1053.0,0.242929,2.526296,5.7960821020258075,EXH,2023-12-15
2023-12-23,Q4 to Q1_CEC_BRA_NA_FY23 Brand Competitive Amplification Conversion - Montreal_FBIG_CVS_FR_L CEC TBR 120_CP2CPHK,6739.88,inactive,11.0,actions:offsite_conversion.fb_pixel_purchase,140782.0,,612.71636364,2024-01-07,726290.0,9.279874,1415.0,4.763166,0.194826,2623.0,0.361151,2.569531,5.158969186401671,EXH,2023-12-15
2023-12-23,Q4 to Q1_CEC_BRA_NA_FY23 Brand Competitive Amplification Conversion - Calgary_FBIG_CVS_EN_L CEC TBR 120_CP2CPHK,5148.53,inactive,203.0,actions:offsite_conversion.fb_pixel_purchase,142434.0,,25.36221675,2024-01-07,785082.0,6.557952,1092.0,4.714771,0.139094,1717.0,0.218703,2.998561,5.511900248536164,EXH,2023-12-15
2023-12-23,Q4 to Q1_CEC_BRA_NA_VIP Q4 Always ON - Awareness_FBIG_AWA_ENFR_L CEC TBR 121_CP2CZ9N,7164.39,not_delivering,2022758.0,reach,2022758.0,,3.54189181,2024-01-07,3458108.0,2.071766,1798.0,3.984644,0.051994,3206.0,0.09271,2.234682,1.70960045640655,EXH,2023-12-15
2023-12-16,Q4 to Q1_CEC_BRA_NA_VIP Q4 Always ON - Conversion_FBIG_CVS_ENFR_L CEC TBR 121_CP2CZ9N,7329.34,not_delivering,2135.0,actions:offsite_conversion.fb_pixel_purchase,161116.0,,3.43294614,2024-01-07,626084.0,11.70664,1577.0,4.647647,0.251883,3601.0,0.575162,2.035362,3.885920703095906,EXH,2023-12-08
2023-12-16,Q4 to Q1_CEC_BRA_NA_FY23 Brand Competitive Amplification Conversion - Edmonton_FBIG_CVS_EN_L CEC TBR 120_CP2CPHK,4255.81,inactive,122.0,actions:offsite_conversion.fb_pixel_purchase,111350.0,,34.88368852,2024-01-07,630804.0,6.746644,1019.0,4.176457,0.16154,1603.0,0.25412,2.654903,5.6650561293219575,EXH,2023-12-08
2023-12-16,Q4 to Q1_CEC_BRA_NA_FY23 Brand Competitive Amplification Conversion - Ottawa_FBIG_CVS_EN_L CEC TBR 120_CP2CPHK,3791.4,inactive,154.0,actions:offsite_conversion.fb_pixel_purchase,100643.0,,24.61948052,2024-01-07,546630.0,6.935953,752.0,5.041755,0.13757,1178.0,0.215502,3.218506,5.431376250707948,EXH,2023-12-08
2023-12-16,Q4 to Q1_CEC_BRA_NA_FY23 Brand Competitive Amplification Conversion - Winnipeg_FBIG_CVS_EN_L CEC TBR 120_CP2CPHK,2625.89,inactive,75.0,actions:offsite_conversion.fb_pixel_purchase,69844.0,,35.01186667,2024-01-07,407918.0,6.437299,622.0,4.221688,0.152482,965.0,0.236567,2.72113,5.840415783746636,EXH,2023-12-08
2023-12-16,Q4 to Q1_CEC_BRA_NA_FY23 Brand Competitive Amplification Conversion - Montreal_FBIG_CVS_FR_L CEC TBR 120_CP2CPHK,6771.86,inactive,80.0,actions:offsite_conversion.fb_pixel_purchase,139059.0,,84.64825,2024-01-07,739618.0,9.155889,1366.0,4.957438,0.18469,2473.0,0.334362,2.738318,5.3187352131109815,EXH,2023-12-08
2023-12-16,Q4 to Q1_CEC_BRA_NA_FY23 Brand Competitive Amplification Conversion - Calgary_FBIG_CVS_EN_L CEC TBR 120_CP2CPHK,5181.77,inactive,152.0,actions:offsite_conversion.fb_pixel_purchase,131656.0,,34.09059211,2024-01-07,762248.0,6.798011,1095.0,4.73221,0.143654,1682.0,0.220663,3.080719,5.789694354985721,EXH,2023-12-08
2023-12-16,Q4 to Q1_CEC_BRA_NA_VIP Q4 Always ON - Awareness_FBIG_AWA_ENFR_L CEC TBR 121_CP2CZ9N,7367.27,not_delivering,2084515.0,reach,2084515.0,,3.53428495,2024-01-07,3649424.0,2.018749,1786.0,4.125011,0.048939,3519.0,0.096426,2.093569,1.7507305056571913,EXH,2023-12-08
2023-12-09,Q4 to Q1_CEC_BRA_NA_VIP Q4 Always ON - Conversion_FBIG_CVS_ENFR_L CEC TBR 121_CP2CZ9N,7395.35,not_delivering,2320.0,actions:offsite_conversion.fb_pixel_purchase,182193.0,,3.18765086,2024-01-07,652329.0,11.336841,2199.0,3.363051,0.3371,5315.0,0.814773,1.391411,3.5804284467570104,EXH,2023-12-01
2023-12-09,Q4 to Q1_CEC_BRA_NA_FY23 Brand Competitive Amplification Conversion - Edmonton_FBIG_CVS_EN_L CEC TBR 120_CP2CPHK,3345.62,inactive,158.0,actions:offsite_conversion.fb_pixel_purchase,104327.0,,21.17481013,2024-01-07,565859.0,5.912462,744.0,4.496801,0.131482,1128.0,0.199343,2.965975,5.423897936296452,EXH,2023-12-01
2023-12-09,Q4 to Q1_CEC_BRA_NA_FY23 Brand Competitive Amplification Conversion - Ottawa_FBIG_CVS_EN_L CEC TBR 120_CP2CPHK,2919.44,inactive,182.0,actions:offsite_conversion.fb_pixel_purchase,93974.0,,16.04087912,2024-01-07,480920.0,6.070531,560.0,5.213286,0.116443,854.0,0.177576,3.418548,5.117585715197821,EXH,2023-12-01
2023-12-09,Q4 to Q1_CEC_BRA_NA_FY23 Brand Competitive Amplification Conversion - Winnipeg_FBIG_CVS_EN_L CEC TBR 120_CP2CPHK,2054.29,inactive,125.0,actions:offsite_conversion.fb_pixel_purchase,65034.0,,16.43432,2024-01-07,363319.0,5.654232,478.0,4.297678,0.131565,731.0,0.201201,2.810246,5.5866008549374175,EXH,2023-12-01
2023-12-09,Q4 to Q1_CEC_BRA_NA_FY23 Brand Competitive Amplification Conversion - Montreal_FBIG_CVS_FR_L CEC TBR 120_CP2CPHK,5102.32,inactive,76.0,actions:offsite_conversion.fb_pixel_purchase,121747.0,,67.13578947,2024-01-07,616603.0,8.274887,939.0,5.433781,0.152286,1778.0,0.288354,2.869696,5.064625822402195,EXH,2023-12-01
2023-12-09,Q4 to Q1_CEC_BRA_NA_FY23 Brand Competitive Amplification Conversion - Calgary_FBIG_CVS_EN_L CEC TBR 120_CP2CPHK,4065.02,inactive,203.0,actions:offsite_conversion.fb_pixel_purchase,123587.0,,20.02472906,2024-01-07,665983.0,6.103789,795.0,5.113233,0.119372,1195.0,0.179434,3.40169,5.388778755047052,EXH,2023-12-01
2023-12-09,Q4 to Q1_CEC_BRA_NA_VIP Q4 Always ON - Awareness_FBIG_AWA_ENFR_L CEC TBR 121_CP2CZ9N,7321.5,not_delivering,1980651.0,reach,1980651.0,,3.6965119,2024-01-07,3316465.0,2.207622,1881.0,3.892345,0.056717,3252.0,0.098056,2.251384,1.6744317903557973,EXH,2023-12-01
2023-12-02,Q4 to Q1_CEC_BRA_NA_VIP Q4 Always ON - Conversion_FBIG_CVS_ENFR_L CEC TBR 121_CP2CZ9N,2638.17,not_delivering,964.0,actions:offsite_conversion.fb_pixel_purchase,61212.0,,2.73669087,2024-01-07,174005.0,15.161461,463.0,5.697991,0.266084,1311.0,0.753427,2.012334,2.8426615696268707,EXH,2023-11-24
2023-12-02,Q4 to Q1_CEC_BRA_NA_FY23 Brand Competitive Amplification Conversion - Edmonton_FBIG_CVS_EN_L CEC TBR 120_CP2CPHK,2300.48,inactive,79.0,actions:offsite_conversion.fb_pixel_purchase,82296.0,,29.12,2024-01-07,349614.0,6.580057,411.0,5.597275,0.117558,689.0,0.197074,3.338868,4.24825021872266,EXH,2023-11-24
2023-12-02,Q4 to Q1_CEC_BRA_NA_FY23 Brand Competitive Amplification Conversion - Ottawa_FBIG_CVS_EN_L CEC TBR 120_CP2CPHK,1971.41,inactive,106.0,actions:offsite_conversion.fb_pixel_purchase,68110.0,,18.59820755,2024-01-07,285862.0,6.89637,346.0,5.697717,0.121037,554.0,0.1938,3.558502,4.197063573630891,EXH,2023-11-24
2023-12-02,Q4 to Q1_CEC_BRA_NA_FY23 Brand Competitive Amplification Conversion - Winnipeg_FBIG_CVS_EN_L CEC TBR 120_CP2CPHK,1419.13,inactive,66.0,actions:offsite_conversion.fb_pixel_purchase,51956.0,,21.5019697,2024-01-07,222043.0,6.39124,285.0,4.979404,0.128354,449.0,0.202213,3.160646,4.273673877896682,EXH,2023-11-24
2023-12-02,Q4 to Q1_CEC_BRA_NA_FY23 Brand Competitive Amplification Conversion - Montreal_FBIG_CVS_FR_L CEC TBR 120_CP2CPHK,3397.31,inactive,61.0,actions:offsite_conversion.fb_pixel_purchase,100979.0,,55.69360656,2024-01-07,399362.0,8.506843,657.0,5.170944,0.164512,1405.0,0.351811,2.418014,3.954901514176215,EXH,2023-11-24
2023-12-02,Q4 to Q1_CEC_BRA_NA_FY23 Brand Competitive Amplification Conversion - Calgary_FBIG_CVS_EN_L CEC TBR 120_CP2CPHK,2725.19,inactive,108.0,actions:offsite_conversion.fb_pixel_purchase,90068.0,,25.23324074,2024-01-07,395428.0,6.891748,464.0,5.873254,0.117341,783.0,0.198013,3.480447,4.390327308255984,EXH,2023-11-24
2023-12-02,Q4 to Q1_CEC_BRA_NA_VIP Q4 Always ON - Awareness_FBIG_AWA_ENFR_L CEC TBR 121_CP2CZ9N,2566.46,not_delivering,818316.0,reach,818316.0,,3.1362701,2024-01-07,1171037.0,2.191613,632.0,4.060854,0.053969,987.0,0.084284,2.600263,1.4310327550726125,EXH,2023-11-24
2024-01-13,Q3 to Q4_CEC_TFB_N/A_FY23 Alcohol Awareness Newfoundland_FBIG_AWA_EN_L CEC TFB 091_CP26F4K,134.89,completed,4858.0,reach,4858.0,,27.76657061,2024-01-08,6545.0,20.609626,13.0,10.376154,0.198625,53.0,0.809778,2.545094,1.3472622478386167,EXH,2024-01-05
2024-01-13,Q3 to Q4_CEC_TFB_N/A_FY23 Alcohol Awareness Manitoba_FBIG_AWA_EN_L CEC TFB 091_CP26F4K,232.6,completed,11406.0,reach,11406.0,,20.39277573,2024-01-08,14562.0,15.973081,19.0,12.242105,0.130477,68.0,0.466969,3.420588,1.2766964755391899,EXH,2024-01-05
2024-01-13,Q3 to Q4_CEC_TFB_N/A_FY23 Alcohol Awareness Saskatchewan_FBIG_AWA_EN_L CEC TFB 091_CP26F4K,206.54,completed,7114.0,reach,7114.0,,29.03289289,2024-01-08,8996.0,22.959093,14.0,14.752857,0.155625,62.0,0.689195,3.33129,1.2645487770593196,EXH,2024-01-05
2024-01-13,Q3 to Q4_CEC_TFB_N/A_FY23 Alcohol Awareness Alberta_FBIG_AWA_EN_L CEC TFB 091_CP26F4K,805.91,completed,39961.0,reach,39961.0,,20.16741323,2024-01-08,49461.0,16.293848,82.0,9.828171,0.165787,261.0,0.527688,3.087778,1.2377317884937815,EXH,2024-01-05
2024-01-13,Q3 to Q4_CEC_TFB_N/A_FY23 Alcohol Awareness Ontario_FBIG_AWA_EN_L CEC TFB 091_CP26F4K,859.54,completed,114865.0,reach,114865.0,,7.48304531,2024-01-08,139199.0,6.174901,169.0,5.086036,0.121409,551.0,0.395836,1.559964,1.2118486919427154,EXH,2024-01-05
2024-01-13,Q4 to Q1_CEC_FLM_NA_FY23 Q4 Film Multi Title (Tier 1) - Aquaman and the Lost Kingdom_FBIG_CVS_ENFR_L CEC TFL 112_CP29LHW,1719.88,not_delivering,991.0,actions:offsite_conversion.fb_pixel_purchase,183368.0,,1.7354995,2024-01-08,362518.0,4.744261,1361.0,1.263688,0.37543,3278.0,0.904231,0.524674,1.976997076916365,EXH,2024-01-05
2024-01-13,Q3 to Q4_CEC_TFB_N/A_FY23 Alcohol Awareness Nova Scotia_FBIG_AWA_EN_L CEC TFB 091_CP26F4K,411.26,completed,14266.0,reach,14266.0,,28.82798262,2024-01-08,17663.0,23.2837,48.0,8.567917,0.271755,259.0,1.466342,1.587876,1.238118603673069,EXH,2024-01-05
2024-01-06,Q3 to Q4_CEC_TFB_N/A_FY23 Alcohol Awareness Newfoundland_FBIG_AWA_EN_L CEC TFB 091_CP26F4K,427.94,completed,16621.0,reach,16621.0,,25.74694663,2024-01-08,21938.0,19.506792,48.0,8.915417,0.218798,203.0,0.925335,2.108079,1.3198965164550869,EXH,2023-12-29
2024-01-06,Q3 to Q4_CEC_TFB_N/A_FY23 Alcohol Awareness Manitoba_FBIG_AWA_EN_L CEC TFB 091_CP26F4K,858.04,completed,42003.0,reach,42003.0,,20.42806466,2024-01-08,53744.0,15.965317,99.0,8.667071,0.184207,298.0,0.554481,2.879329,1.2795276527867057,EXH,2023-12-29
2024-01-06,Q3 to Q4_CEC_TFB_N/A_FY23 Alcohol Awareness Saskatchewan_FBIG_AWA_EN_L CEC TFB 091_CP26F4K,661.33,completed,24897.0,reach,24897.0,,26.56263807,2024-01-08,31285.0,21.138884,49.0,13.496531,0.156625,193.0,0.616909,3.42658,1.2565770976422863,EXH,2023-12-29
2024-01-06,Q3 to Q4_CEC_TFB_N/A_FY23 Alcohol Awareness Alberta_FBIG_AWA_EN_L CEC TFB 091_CP26F4K,2715.11,completed,132283.0,reach,132283.0,,20.52501077,2024-01-08,169309.0,16.036419,295.0,9.203763,0.174238,986.0,0.582367,2.753661,1.2798999115532608,EXH,2023-12-29
2024-01-06,Q3 to Q4_CEC_TFB_N/A_FY23 Alcohol Awareness Ontario_FBIG_AWA_EN_L CEC TFB 091_CP26F4K,3055.29,completed,421252.0,reach,421252.0,,7.25287951,2024-01-08,498323.0,6.131144,719.0,4.24936,0.144284,2031.0,0.407567,1.504328,1.1829569948629324,EXH,2023-12-29
2024-01-06,Q4 to Q1_CEC_FLM_NA_FY23 Q4 Film Multi Title (Tier 1) - Aquaman and the Lost Kingdom_FBIG_CVS_ENFR_L CEC TFL 112_CP29LHW,6562.89,not_delivering,3577.0,actions:offsite_conversion.fb_pixel_purchase,406216.0,,1.83474699,2024-01-08,1203319.0,5.45399,5367.0,1.222823,0.446016,13820.0,1.14849,0.474884,2.96226391870335,EXH,2023-12-29
2024-01-06,Q3 to Q4_CEC_TFB_N/A_FY23 Alcohol Awareness Nova Scotia_FBIG_AWA_EN_L CEC TFB 091_CP26F4K,1212.17,completed,45541.0,reach,45541.0,,26.61711425,2024-01-08,57816.0,20.965996,158.0,7.671962,0.273281,754.0,1.304137,1.607653,1.2695373399793592,EXH,2023-12-29
2023-12-30,Q3 to Q4_CEC_TFB_N/A_FY23 Alcohol Awareness Newfoundland_FBIG_AWA_EN_L CEC TFB 091_CP26F4K,494.32,completed,17291.0,reach,17291.0,,28.58828292,2024-01-08,23051.0,21.444623,48.0,10.298333,0.208234,178.0,0.772201,2.777079,1.333121276964895,EXH,2023-12-22
2023-12-30,Q3 to Q4_CEC_TFB_N/A_FY23 Alcohol Awareness Manitoba_FBIG_AWA_EN_L CEC TFB 091_CP26F4K,860.0,completed,42793.0,reach,42793.0,,20.09674479,2024-01-08,54169.0,15.876239,102.0,8.431373,0.1883,264.0,0.487364,3.257576,1.2658378706797841,EXH,2023-12-22
2023-12-30,Q3 to Q4_CEC_TFB_N/A_FY23 Alcohol Awareness Saskatchewan_FBIG_AWA_EN_L CEC TFB 091_CP26F4K,794.31,completed,25707.0,reach,25707.0,,30.89858793,2024-01-08,33056.0,24.029223,68.0,11.681029,0.205712,197.0,0.595958,4.03203,1.2858754424864822,EXH,2023-12-22
2023-12-30,Q3 to Q4_CEC_TFB_N/A_FY23 Alcohol Awareness Alberta_FBIG_AWA_EN_L CEC TFB 091_CP26F4K,2662.54,completed,130871.0,reach,130871.0,,20.34476698,2024-01-08,168910.0,15.763069,317.0,8.39918,0.187674,898.0,0.531644,2.964967,1.290660268508684,EXH,2023-12-22
2023-12-30,Q3 to Q4_CEC_TFB_N/A_FY23 Alcohol Awareness Ontario_FBIG_AWA_EN_L CEC TFB 091_CP26F4K,3091.14,completed,402268.0,reach,402268.0,,7.68428013,2024-01-08,472803.0,6.537903,546.0,5.661429,0.115482,1473.0,0.311546,2.098534,1.1753433034693288,EXH,2023-12-22
2023-12-30,Q4 to Q1_CEC_FLM_NA_FY23 Q4 Film Multi Title (Tier 1) - Aquaman and the Lost Kingdom_FBIG_CVS_ENFR_L CEC TFL 112_CP29LHW,6731.43,not_delivering,2749.0,actions:offsite_conversion.fb_pixel_purchase,253088.0,,2.44868316,2024-01-08,728894.0,9.235129,3450.0,1.951139,0.47332,10768.0,1.477307,0.625133,2.880002212669111,EXH,2023-12-22
2023-12-30,Q3 to Q4_CEC_TFB_N/A_FY23 Alcohol Awareness Nova Scotia_FBIG_AWA_EN_L CEC TFB 091_CP26F4K,1297.05,completed,45798.0,reach,45798.0,,28.32110573,2024-01-08,57863.0,22.415879,158.0,8.209177,0.273059,702.0,1.213211,1.84765,1.2634394515044325,EXH,2023-12-22
2023-12-23,Q3 to Q4_CEC_TFB_N/A_FY23 Alcohol Awareness Newfoundland_FBIG_AWA_EN_L CEC TFB 091_CP26F4K,633.08,completed,17442.0,reach,17442.0,,36.2962963,2024-01-08,25366.0,24.957818,43.0,14.722791,0.169518,193.0,0.760861,3.280207,1.4543056988877423,EXH,2023-12-15
2023-12-23,Q3 to Q4_CEC_TFB_N/A_FY23 Alcohol Awareness Manitoba_FBIG_AWA_EN_L CEC TFB 091_CP26F4K,876.56,completed,39930.0,reach,39930.0,,21.95241673,2024-01-08,53942.0,16.250046,84.0,10.435238,0.155723,206.0,0.381892,4.255146,1.3509140996744302,EXH,2023-12-15
2023-12-23,Q3 to Q4_CEC_TFB_N/A_FY23 Alcohol Awareness Saskatchewan_FBIG_AWA_EN_L CEC TFB 091_CP26F4K,840.01,completed,24529.0,reach,24529.0,,34.24558686,2024-01-08,32998.0,25.456391,58.0,14.482931,0.175768,180.0,0.545488,4.666722,1.3452647886175548,EXH,2023-12-15
2023-12-23,Q3 to Q4_CEC_TFB_N/A_FY23 Alcohol Awareness Alberta_FBIG_AWA_EN_L CEC TFB 091_CP26F4K,2651.53,completed,127135.0,reach,127135.0,,20.85601919,2024-01-08,168302.0,15.754596,295.0,8.988237,0.17528,871.0,0.517522,3.044237,1.3238054037047233,EXH,2023-12-15
2023-12-23,Q3 to Q4_CEC_TFB_N/A_FY23 Alcohol Awareness Ontario_FBIG_AWA_EN_L CEC TFB 091_CP26F4K,3113.93,completed,383449.0,reach,383449.0,,8.12084528,2024-01-08,463315.0,6.720978,527.0,5.908786,0.113746,1316.0,0.28404,2.366208,1.2082832397528747,EXH,2023-12-15
2023-12-23,Q4 to Q1_CEC_FLM_NA_FY23 Q4 Film Multi Title (Tier 1) - Aquaman and the Lost Kingdom_FBIG_CVS_ENFR_L CEC TFL 112_CP29LHW,1805.35,not_delivering,363.0,actions:offsite_conversion.fb_pixel_purchase,67740.0,,4.97341598,2024-01-08,141012.0,12.802811,658.0,2.743693,0.466627,2841.0,2.014722,0.635463,2.081665190434012,EXH,2023-12-15
2023-12-23,Q3 to Q4_CEC_TFB_N/A_FY23 Alcohol Awareness Nova Scotia_FBIG_AWA_EN_L CEC TFB 091_CP26F4K,1363.22,completed,47132.0,reach,47132.0,,28.92344904,2024-01-08,61017.0,22.341642,157.0,8.68293,0.257305,677.0,1.109527,2.013619,1.2945981498769414,EXH,2023-12-15
2023-12-16,Q3 to Q4_CEC_TFB_N/A_FY23 Alcohol Awareness Newfoundland_FBIG_AWA_EN_L CEC TFB 091_CP26F4K,567.7,completed,16971.0,reach,16971.0,,33.45118143,2024-01-08,23288.0,24.377362,53.0,10.711321,0.227585,208.0,0.893164,2.729327,1.3722232042896707,EXH,2023-12-08
2023-12-16,Q3 to Q4_CEC_TFB_N/A_FY23 Alcohol Awareness Manitoba_FBIG_AWA_EN_L CEC TFB 091_CP26F4K,871.39,completed,39900.0,reach,39900.0,,21.83934837,2024-01-08,52778.0,16.510478,91.0,9.575714,0.17242,231.0,0.437682,3.772251,1.3227568922305764,EXH,2023-12-08
2023-12-16,Q3 to Q4_CEC_TFB_N/A_FY23 Alcohol Awareness Saskatchewan_FBIG_AWA_EN_L CEC TFB 091_CP26F4K,868.55,completed,24378.0,reach,24378.0,,35.62843547,2024-01-08,31956.0,27.179559,55.0,15.791818,0.172112,172.0,0.53824,5.049709,1.3108540487324638,EXH,2023-12-08
2023-12-16,Q3 to Q4_CEC_TFB_N/A_FY23 Alcohol Awareness Alberta_FBIG_AWA_EN_L CEC TFB 091_CP26F4K,2673.54,completed,127111.0,reach,127111.0,,21.03311279,2024-01-08,160686.0,16.638288,260.0,10.282846,0.161806,823.0,0.512179,3.24853,1.26413921690491,EXH,2023-12-08
2023-12-16,Q3 to Q4_CEC_TFB_N/A_FY23 Alcohol Awareness Ontario_FBIG_AWA_EN_L CEC TFB 091_CP26F4K,3139.16,completed,380048.0,reach,380048.0,,8.25990401,2024-01-08,447291.0,7.01816,522.0,6.013716,0.116703,1360.0,0.304053,2.308206,1.1769329137372122,EXH,2023-12-08
2023-12-16,Q3 to Q4_CEC_TFB_N/A_FY23 Alcohol Awareness Nova Scotia_FBIG_AWA_EN_L CEC TFB 091_CP26F4K,1341.74,completed,45448.0,reach,45448.0,,29.52253124,2024-01-08,57754.0,23.231984,158.0,8.492025,0.273574,714.0,1.236278,1.879188,1.2707709910227072,EXH,2023-12-08
2023-12-09,Q3 to Q4_CEC_TFB_N/A_FY23 Alcohol Awareness Newfoundland_FBIG_AWA_EN_L CEC TFB 091_CP26F4K,591.52,completed,19142.0,reach,19142.0,,30.90168216,2024-01-08,24498.0,24.145645,54.0,10.954074,0.220426,221.0,0.902114,2.676561,1.2798035732943267,EXH,2023-12-01
2023-12-09,Q3 to Q4_CEC_TFB_N/A_FY23 Alcohol Awareness Manitoba_FBIG_AWA_EN_L CEC TFB 091_CP26F4K,890.7,completed,41981.0,reach,41981.0,,21.21674091,2024-01-08,54402.0,16.37256,85.0,10.478824,0.156244,243.0,0.446675,3.665432,1.2958719420690312,EXH,2023-12-01
2023-12-09,Q3 to Q4_CEC_TFB_N/A_FY23 Alcohol Awareness Saskatchewan_FBIG_AWA_EN_L CEC TFB 091_CP26F4K,947.09,completed,25275.0,reach,25275.0,,37.47141444,2024-01-08,33486.0,28.283163,45.0,21.046444,0.134385,191.0,0.570388,4.958586,1.32486646884273,EXH,2023-12-01
2023-12-09,Q3 to Q4_CEC_TFB_N/A_FY23 Alcohol Awareness Alberta_FBIG_AWA_EN_L CEC TFB 091_CP26F4K,2684.33,completed,132284.0,reach,132284.0,,20.29217441,2024-01-08,164847.0,16.283766,263.0,10.206578,0.159542,917.0,0.556273,2.927296,1.2461597774485198,EXH,2023-12-01
2023-12-09,Q3 to Q4_CEC_TFB_N/A_FY23 Alcohol Awareness Ontario_FBIG_AWA_EN_L CEC TFB 091_CP26F4K,3156.79,completed,380360.0,reach,380360.0,,8.29947944,2024-01-08,447199.0,7.059027,515.0,6.129689,0.115161,1501.0,0.335645,2.103125,1.1757256283520876,EXH,2023-12-01
2023-12-09,Q3 to Q4_CEC_TFB_N/A_FY23 Alcohol Awareness Nova Scotia_FBIG_AWA_EN_L CEC TFB 091_CP26F4K,1341.29,completed,48464.0,reach,48464.0,,27.67600693,2024-01-08,61062.0,21.966035,178.0,7.535337,0.291507,837.0,1.370738,1.602497,1.2599455265764279,EXH,2023-12-01
2023-12-02,Q3 to Q4_CEC_TFB_N/A_FY23 Alcohol Awareness Newfoundland_FBIG_AWA_EN_L CEC TFB 091_CP26F4K,649.7,completed,18134.0,reach,18134.0,,35.82772692,2024-01-08,23392.0,27.774453,38.0,17.097368,0.162449,202.0,0.863543,3.216337,1.289952575272968,EXH,2023-11-24
2023-12-02,Q3 to Q4_CEC_TFB_N/A_FY23 Alcohol Awareness Manitoba_FBIG_AWA_EN_L CEC TFB 091_CP26F4K,934.69,completed,39927.0,reach,39927.0,,23.4099732,2024-01-08,49892.0,18.734266,71.0,13.164648,0.142307,215.0,0.430931,4.347395,1.2495804843840008,EXH,2023-11-24
2023-12-02,Q3 to Q4_CEC_TFB_N/A_FY23 Alcohol Awareness Saskatchewan_FBIG_AWA_EN_L CEC TFB 091_CP26F4K,967.0,completed,24158.0,reach,24158.0,,40.02814803,2024-01-08,30707.0,31.491191,47.0,20.574468,0.15306,159.0,0.517797,6.081761,1.271090322046527,EXH,2023-11-24
2023-12-02,Q3 to Q4_CEC_TFB_N/A_FY23 Alcohol Awareness Alberta_FBIG_AWA_EN_L CEC TFB 091_CP26F4K,1888.33,completed,120506.0,reach,120506.0,,15.67000813,2024-01-08,146000.0,12.933767,178.0,10.608596,0.121918,629.0,0.430822,3.002114,1.2115579307254412,EXH,2023-11-24
2023-12-02,Q3 to Q4_CEC_TFB_N/A_FY23 Alcohol Awareness Ontario_FBIG_AWA_EN_L CEC TFB 091_CP26F4K,2386.86,completed,352195.0,reach,352195.0,,6.77709791,2024-01-08,381977.0,6.248701,355.0,6.723549,0.092938,992.0,0.259702,2.406109,1.0845611096125727,EXH,2023-11-24
2023-12-02,Q3 to Q4_CEC_TFB_N/A_FY23 Alcohol Awareness Nova Scotia_FBIG_AWA_EN_L CEC TFB 091_CP26F4K,1391.94,completed,46862.0,reach,46862.0,,29.70295762,2024-01-08,58317.0,23.868512,193.0,7.212124,0.33095,871.0,1.493561,1.598094,1.2444411250053349,EXH,2023-11-24
2023-11-25,Q3 to Q4_CEC_TFB_N/A_FY23 Alcohol Awareness Newfoundland_FBIG_AWA_EN_L CEC TFB 091_CP26F4K,786.16,completed,18458.0,reach,18458.0,,42.5918301,2024-01-08,24195.0,32.492664,66.0,11.911515,0.272784,251.0,1.037404,3.132112,1.3108137393000325,EXH,2023-11-17
2023-11-25,Q3 to Q4_CEC_TFB_N/A_FY23 Alcohol Awareness Manitoba_FBIG_AWA_EN_L CEC TFB 091_CP26F4K,1117.07,completed,40142.0,reach,40142.0,,27.82796074,2024-01-08,50068.0,22.311057,95.0,11.758632,0.189742,298.0,0.595191,3.748557,1.2472721837476957,EXH,2023-11-17
2023-11-25,Q3 to Q4_CEC_TFB_N/A_FY23 Alcohol Awareness Saskatchewan_FBIG_AWA_EN_L CEC TFB 091_CP26F4K,1100.78,completed,24530.0,reach,24530.0,,44.87484713,2024-01-08,31144.0,35.34485,65.0,16.935077,0.208708,228.0,0.732083,4.827982,1.2696290256828373,EXH,2023-11-17
2023-11-25,Q3 to Q4_CEC_TFB_N/A_FY23 Alcohol Awareness Alberta_FBIG_AWA_EN_L CEC TFB 091_CP26F4K,1222.47,completed,103414.0,reach,103414.0,,11.82112673,2024-01-08,124158.0,9.846083,156.0,7.836346,0.125646,487.0,0.392242,2.510205,1.2005917960817685,EXH,2023-11-17
2023-11-25,Q3 to Q4_CEC_TFB_N/A_FY23 Alcohol Awareness Ontario_FBIG_AWA_EN_L CEC TFB 091_CP26F4K,1792.02,completed,282417.0,reach,282417.0,,6.34529791,2024-01-08,303115.0,5.912014,271.0,6.61262,0.089405,694.0,0.228956,2.582161,1.0732887892726004,EXH,2023-11-17
2023-11-25,Q3 to Q4_CEC_TFB_N/A_FY23 Alcohol Awareness Nova Scotia_FBIG_AWA_EN_L CEC TFB 091_CP26F4K,1563.61,completed,47613.0,reach,47613.0,,32.83998068,2024-01-08,59146.0,26.436445,205.0,7.627366,0.3466,1020.0,1.724546,1.532951,1.2422237624178272,EXH,2023-11-17
2023-11-18,Q3 to Q4_CEC_TFB_N/A_FY23 Alcohol Awareness Newfoundland_FBIG_AWA_EN_L CEC TFB 091_CP26F4K,688.04,completed,20229.0,reach,20229.0,,34.01255623,2024-01-08,26278.0,26.183119,53.0,12.981887,0.20169,254.0,0.966588,2.708819,1.299026150575906,EXH,2023-11-10
2023-11-18,Q3 to Q4_CEC_TFB_N/A_FY23 Alcohol Awareness Manitoba_FBIG_AWA_EN_L CEC TFB 091_CP26F4K,1124.99,completed,44366.0,reach,44366.0,,25.35703016,2024-01-08,56649.0,19.858956,77.0,14.61026,0.135925,284.0,0.501333,3.961232,1.2768561511067034,EXH,2023-11-10
2023-11-18,Q3 to Q4_CEC_TFB_N/A_FY23 Alcohol Awareness Saskatchewan_FBIG_AWA_EN_L CEC TFB 091_CP26F4K,885.21,completed,25432.0,reach,25432.0,,34.80693614,2024-01-08,33445.0,26.467633,50.0,17.7042,0.149499,193.0,0.577067,4.58658,1.3150754954388173,EXH,2023-11-10
2023-11-18,Q3 to Q4_CEC_TFB_N/A_FY23 Alcohol Awareness Alberta_FBIG_AWA_EN_L CEC TFB 091_CP26F4K,1224.89,completed,115812.0,reach,115812.0,,10.57653784,2024-01-08,144391.0,8.483146,189.0,6.480899,0.130895,607.0,0.420386,2.017941,1.2467706282595932,EXH,2023-11-10
2023-11-18,Q3 to Q4_CEC_TFB_N/A_FY23 Alcohol Awareness Ontario_FBIG_AWA_EN_L CEC TFB 091_CP26F4K,1816.53,completed,337310.0,reach,337310.0,,5.38534286,2024-01-08,366093.0,4.961936,357.0,5.088319,0.097516,993.0,0.271243,1.829335,1.0853310011562065,EXH,2023-11-10
2023-11-18,Q3 to Q4_CEC_TFB_N/A_FY23 Alcohol Awareness Nova Scotia_FBIG_AWA_EN_L CEC TFB 091_CP26F4K,1386.56,completed,51955.0,reach,51955.0,,26.68771052,2024-01-08,63708.0,21.7643,236.0,5.875254,0.37044,1152.0,1.80825,1.203611,1.2262149937445868,EXH,2023-11-10
2023-11-11,Q3 to Q4_CEC_TFB_N/A_FY23 Alcohol Awareness Newfoundland_FBIG_AWA_EN_L CEC TFB 091_CP26F4K,643.0,completed,20047.0,reach,20047.0,,32.07462463,2024-01-08,26079.0,24.655853,64.0,10.046875,0.245408,284.0,1.088999,2.264085,1.3008929016810495,EXH,2023-11-03
2023-11-11,Q3 to Q4_CEC_TFB_N/A_FY23 Alcohol Awareness Manitoba_FBIG_AWA_EN_L CEC TFB 091_CP26F4K,1114.48,completed,44762.0,reach,44762.0,,24.89790447,2024-01-08,57203.0,19.482894,110.0,10.131636,0.192298,359.0,0.627589,3.104401,1.2779366426879943,EXH,2023-11-03
2023-11-11,Q3 to Q4_CEC_TFB_N/A_FY23 Alcohol Awareness Saskatchewan_FBIG_AWA_EN_L CEC TFB 091_CP26F4K,862.95,completed,27503.0,reach,27503.0,,31.3765771,2024-01-08,34637.0,24.914109,72.0,11.985417,0.20787,213.0,0.614949,4.051408,1.2593898847398466,EXH,2023-11-03
2023-11-11,Q3 to Q4_CEC_TFB_N/A_FY23 Alcohol Awareness Alberta_FBIG_AWA_EN_L CEC TFB 091_CP26F4K,1235.14,completed,127339.0,reach,127339.0,,9.6996207,2024-01-08,152313.0,8.109222,200.0,6.1757,0.131309,705.0,0.462863,1.751972,1.1961221621027336,EXH,2023-11-03
2023-11-11,Q3 to Q4_CEC_TFB_N/A_FY23 Alcohol Awareness Ontario_FBIG_AWA_EN_L CEC TFB 091_CP26F4K,1825.05,completed,342970.0,reach,342970.0,,5.3213109,2024-01-08,385002.0,4.740365,373.0,4.892895,0.096883,1083.0,0.281297,1.68518,1.1225529929731464,EXH,2023-11-03
2023-11-11,Q3 to Q4_CEC_TFB_N/A_FY23 Alcohol Awareness Nova Scotia_FBIG_AWA_EN_L CEC TFB 091_CP26F4K,1314.95,completed,54693.0,reach,54693.0,,24.04238202,2024-01-08,62855.0,20.920372,242.0,5.433678,0.385013,1259.0,2.003023,1.04444,1.1492329914248625,EXH,2023-11-03
2023-11-04,Q3 to Q4_CEC_TFB_N/A_FY23 Alcohol Awareness Newfoundland_FBIG_AWA_EN_L CEC TFB 091_CP26F4K,640.08,completed,19852.0,reach,19852.0,,32.2425952,2024-01-08,25537.0,25.064808,62.0,10.323871,0.242785,265.0,1.03771,2.415396,1.286369131573645,EXH,2023-10-27
2023-11-04,Q3 to Q4_CEC_TFB_N/A_FY23 Alcohol Awareness Manitoba_FBIG_AWA_EN_L CEC TFB 091_CP26F4K,1102.83,completed,45732.0,reach,45732.0,,24.11506166,2024-01-08,55946.0,19.712401,100.0,11.0283,0.178744,342.0,0.611304,3.224649,1.2233447039272283,EXH,2023-10-27
2023-11-04,Q3 to Q4_CEC_TFB_N/A_FY23 Alcohol Awareness Saskatchewan_FBIG_AWA_EN_L CEC TFB 091_CP26F4K,843.7,completed,25806.0,reach,25806.0,,32.69394714,2024-01-08,33024.0,25.548086,55.0,15.34,0.166546,195.0,0.59048,4.326667,1.2797023947919088,EXH,2023-10-27
2023-11-04,Q3 to Q4_CEC_TFB_N/A_FY23 Alcohol Awareness Alberta_FBIG_AWA_EN_L CEC TFB 091_CP26F4K,1230.79,completed,126711.0,reach,126711.0,,9.71336348,2024-01-08,147164.0,8.363391,205.0,6.003854,0.1393,642.0,0.436248,1.917118,1.1614145575364412,EXH,2023-10-27
2023-11-04,Q3 to Q4_CEC_TFB_N/A_FY23 Alcohol Awareness Ontario_FBIG_AWA_EN_L CEC TFB 091_CP26F4K,1820.27,completed,342984.0,reach,342984.0,,5.30715719,2024-01-08,386985.0,4.703722,350.0,5.200771,0.090443,972.0,0.251173,1.872706,1.1282887831502344,EXH,2023-10-27
2023-11-04,Q3 to Q4_CEC_TFB_N/A_FY23 Alcohol Awareness Nova Scotia_FBIG_AWA_EN_L CEC TFB 091_CP26F4K,1139.24,completed,52122.0,reach,52122.0,,21.85718123,2024-01-08,61523.0,18.517302,226.0,5.040885,0.367342,1172.0,1.904979,0.972048,1.1803652968036529,EXH,2023-10-27
2023-10-28,Q3 to Q4_CEC_TFB_N/A_FY23 Alcohol Awareness Newfoundland_FBIG_AWA_EN_L CEC TFB 091_CP26F4K,667.2,completed,19804.0,reach,19804.0,,33.6901636,2024-01-08,26734.0,24.956984,57.0,11.705263,0.213212,245.0,0.916436,2.723265,1.3499293072106646,EXH,2023-10-20
2023-10-28,Q3 to Q4_CEC_TFB_N/A_FY23 Alcohol Awareness Manitoba_FBIG_AWA_EN_L CEC TFB 091_CP26F4K,774.05,completed,41658.0,reach,41658.0,,18.58106486,2024-01-08,54640.0,14.166362,71.0,10.902113,0.129941,232.0,0.424597,3.336422,1.3116328196264824,EXH,2023-10-20
2023-10-28,Q3 to Q4_CEC_TFB_N/A_FY23 Alcohol Awareness Saskatchewan_FBIG_AWA_EN_L CEC TFB 091_CP26F4K,717.28,completed,24763.0,reach,24763.0,,28.96579574,2024-01-08,34407.0,20.846921,60.0,11.954667,0.174383,205.0,0.595809,3.498927,1.3894520050074708,EXH,2023-10-20
2023-10-28,Q3 to Q4_CEC_TFB_N/A_FY23 Alcohol Awareness Alberta_FBIG_AWA_EN_L CEC TFB 091_CP26F4K,895.19,completed,111246.0,reach,111246.0,,8.04694101,2024-01-08,130019.0,6.885071,148.0,6.048581,0.11383,423.0,0.325337,2.116288,1.1687521349082215,EXH,2023-10-20
2023-10-28,Q3 to Q4_CEC_TFB_N/A_FY23 Alcohol Awareness Ontario_FBIG_AWA_EN_L CEC TFB 091_CP26F4K,1826.71,completed,320648.0,reach,320648.0,,5.69693246,2024-01-08,371688.0,4.914633,339.0,5.388525,0.091206,883.0,0.237565,2.068754,1.1591776652279135,EXH,2023-10-20
2023-10-28,Q3 to Q4_CEC_TFB_N/A_FY23 Alcohol Awareness Nova Scotia_FBIG_AWA_EN_L CEC TFB 091_CP26F4K,520.89,completed,42426.0,reach,42426.0,,12.27761278,2024-01-08,49237.0,10.579239,184.0,2.830924,0.373703,806.0,1.63698,0.646266,1.1605383491255363,EXH,2023-10-20
2023-10-21,Q3 to Q4_CEC_TFB_N/A_FY23 Alcohol Awareness Newfoundland_FBIG_AWA_EN_L CEC TFB 091_CP26F4K,493.64,completed,18165.0,reach,18165.0,,27.17533719,2024-01-08,23734.0,20.798854,53.0,9.313962,0.223308,265.0,1.116542,1.862792,1.3065785851913019,EXH,2023-10-13
2023-10-21,Q3 to Q4_CEC_TFB_N/A_FY23 Alcohol Awareness Manitoba_FBIG_AWA_EN_L CEC TFB 091_CP26F4K,610.92,completed,39298.0,reach,39298.0,,15.5458293,2024-01-08,49468.0,12.349802,79.0,7.733165,0.159699,231.0,0.466969,2.644675,1.2587917960201538,EXH,2023-10-13
2023-10-21,Q3 to Q4_CEC_TFB_N/A_FY23 Alcohol Awareness Saskatchewan_FBIG_AWA_EN_L CEC TFB 091_CP26F4K,619.49,completed,23988.0,reach,23988.0,,25.82499583,2024-01-08,30777.0,20.128343,43.0,14.406744,0.139715,192.0,0.623842,3.22651,1.2830165082541272,EXH,2023-10-13
2023-10-21,Q3 to Q4_CEC_TFB_N/A_FY23 Alcohol Awareness Alberta_FBIG_AWA_EN_L CEC TFB 091_CP26F4K,728.04,completed,100782.0,reach,100782.0,,7.22390903,2024-01-08,114604.0,6.352658,106.0,6.868302,0.092492,358.0,0.31238,2.033631,1.1371475064991765,EXH,2023-10-13
2023-10-21,Q3 to Q4_CEC_TFB_N/A_FY23 Alcohol Awareness Ontario_FBIG_AWA_EN_L CEC TFB 091_CP26F4K,1831.41,completed,307397.0,reach,307397.0,,5.9578005,2024-01-08,362628.0,5.050382,383.0,4.781749,0.105618,1116.0,0.307753,1.641048,1.1796731913453937,EXH,2023-10-13
2023-10-14,Q3 to Q4_CEC_TFB_N/A_FY23 Alcohol Awareness Newfoundland_FBIG_AWA_EN_L CEC TFB 091_CP26F4K,520.41,completed,16999.0,reach,16999.0,,30.61415377,2024-01-08,23708.0,21.950818,75.0,6.9388,0.316349,299.0,1.261178,1.740502,1.3946702747220425,EXH,2023-10-06
2023-10-14,Q3 to Q4_CEC_TFB_N/A_FY23 Alcohol Awareness Manitoba_FBIG_AWA_EN_L CEC TFB 091_CP26F4K,623.18,completed,39071.0,reach,39071.0,,15.94993729,2024-01-08,51166.0,12.179572,70.0,8.902571,0.13681,207.0,0.404566,3.010531,1.3095646387346114,EXH,2023-10-06
2023-10-14,Q3 to Q4_CEC_TFB_N/A_FY23 Alcohol Awareness Saskatchewan_FBIG_AWA_EN_L CEC TFB 091_CP26F4K,614.38,completed,23472.0,reach,23472.0,,26.17501704,2024-01-08,31235.0,19.669601,50.0,12.2876,0.160077,189.0,0.60509,3.250688,1.3307344921608726,EXH,2023-10-06
2023-10-14,Q3 to Q4_CEC_TFB_N/A_FY23 Alcohol Awareness Alberta_FBIG_AWA_EN_L CEC TFB 091_CP26F4K,740.93,completed,102774.0,reach,102774.0,,7.20931364,2024-01-08,121049.0,6.12091,136.0,5.448015,0.112351,411.0,0.339532,1.802749,1.1778173467997743,EXH,2023-10-06
2023-10-14,Q3 to Q4_CEC_TFB_N/A_FY23 Alcohol Awareness Ontario_FBIG_AWA_EN_L CEC TFB 091_CP26F4K,1852.38,completed,329349.0,reach,329349.0,,5.62436807,2024-01-08,379921.0,4.875698,397.0,4.665945,0.104495,1075.0,0.282954,1.723144,1.153551399882799,EXH,2023-10-06
2023-10-07,Q3 to Q4_CEC_TFB_N/A_FY23 Alcohol Awareness Newfoundland_FBIG_AWA_EN_L CEC TFB 091_CP26F4K,465.51,completed,17363.0,reach,17363.0,,26.81045902,2024-01-08,23893.0,19.483112,46.0,10.119783,0.192525,275.0,1.150965,1.692764,1.3760870817255082,EXH,2023-09-29
2023-10-07,Q3 to Q4_CEC_TFB_N/A_FY23 Alcohol Awareness Manitoba_FBIG_AWA_EN_L CEC TFB 091_CP26F4K,616.18,completed,40033.0,reach,40033.0,,15.39180176,2024-01-08,53529.0,11.511143,75.0,8.215733,0.140111,238.0,0.444619,2.588992,1.3371218744535758,EXH,2023-09-29
2023-10-07,Q3 to Q4_CEC_TFB_N/A_FY23 Alcohol Awareness Saskatchewan_FBIG_AWA_EN_L CEC TFB 091_CP26F4K,621.4,completed,24159.0,reach,24159.0,,25.7212633,2024-01-08,32632.0,19.042658,63.0,9.863492,0.193062,247.0,0.756926,2.515789,1.3507181588641914,EXH,2023-09-29
2023-10-07,Q3 to Q4_CEC_TFB_N/A_FY23 Alcohol Awareness Alberta_FBIG_AWA_EN_L CEC TFB 091_CP26F4K,739.89,completed,106315.0,reach,106315.0,,6.95941306,2024-01-08,124870.0,5.925282,132.0,5.605227,0.10571,427.0,0.341956,1.732763,1.1745285237266614,EXH,2023-09-29
2023-10-07,Q3 to Q4_CEC_TFB_N/A_FY23 Alcohol Awareness Ontario_FBIG_AWA_EN_L CEC TFB 091_CP26F4K,1832.72,completed,325285.0,reach,325285.0,,5.6341977,2024-01-08,392903.0,4.664561,423.0,4.332671,0.10766,1235.0,0.314327,1.483984,1.207873095900518,EXH,2023-09-29
2023-09-30,Q3 to Q4_CEC_TFB_N/A_FY23 Alcohol Awareness Newfoundland_FBIG_AWA_EN_L CEC TFB 091_CP26F4K,474.29,completed,16636.0,reach,16636.0,,28.50985814,2024-01-08,24159.0,19.632021,55.0,8.623455,0.227658,280.0,1.158988,1.693893,1.452212070209185,EXH,2023-09-22
2023-09-30,Q3 to Q4_CEC_TFB_N/A_FY23 Alcohol Awareness Manitoba_FBIG_AWA_EN_L CEC TFB 091_CP26F4K,614.94,completed,39766.0,reach,39766.0,,15.46396419,2024-01-08,52098.0,11.803524,64.0,9.608438,0.122845,226.0,0.433798,2.720973,1.3101141678821104,EXH,2023-09-22
2023-09-30,Q3 to Q4_CEC_TFB_N/A_FY23 Alcohol Awareness Saskatchewan_FBIG_AWA_EN_L CEC TFB 091_CP26F4K,613.57,completed,23545.0,reach,23545.0,,26.05946061,2024-01-08,32367.0,18.956653,49.0,12.521837,0.151389,182.0,0.562301,3.371264,1.374686770014865,EXH,2023-09-22
2023-09-30,Q3 to Q4_CEC_TFB_N/A_FY23 Alcohol Awareness Alberta_FBIG_AWA_EN_L CEC TFB 091_CP26F4K,745.63,completed,98701.0,reach,98701.0,,7.55443207,2024-01-08,121244.0,6.14983,152.0,4.905461,0.125367,431.0,0.355482,1.73,1.2283968754115966,EXH,2023-09-22
2023-09-30,Q3 to Q4_CEC_TFB_N/A_FY23 Alcohol Awareness Ontario_FBIG_AWA_EN_L CEC TFB 091_CP26F4K,1843.27,completed,323052.0,reach,323052.0,,5.70579969,2024-01-08,378987.0,4.863676,398.0,4.631332,0.105017,1096.0,0.289192,1.681816,1.1731454997956985,EXH,2023-09-22
2023-09-23,Q3 to Q4_CEC_TFB_N/A_FY23 Alcohol Awareness Newfoundland_FBIG_AWA_EN_L CEC TFB 091_CP26F4K,501.72,completed,18054.0,reach,18054.0,,27.78996344,2024-01-08,26096.0,19.225935,75.0,6.6896,0.2874,340.0,1.302882,1.475647,1.4454414534175253,EXH,2023-09-15
2023-09-23,Q3 to Q4_CEC_TFB_N/A_FY23 Alcohol Awareness Manitoba_FBIG_AWA_EN_L CEC TFB 091_CP26F4K,629.33,completed,41064.0,reach,41064.0,,15.32558932,2024-01-08,54695.0,11.506171,73.0,8.620959,0.133467,259.0,0.473535,2.429846,1.3319452561854666,EXH,2023-09-15
2023-09-23,Q3 to Q4_CEC_TFB_N/A_FY23 Alcohol Awareness Saskatchewan_FBIG_AWA_EN_L CEC TFB 091_CP26F4K,631.72,completed,24819.0,reach,24819.0,,25.4530803,2024-01-08,33972.0,18.595314,86.0,7.345581,0.25315,302.0,0.888967,2.091788,1.3687900398887949,EXH,2023-09-15
2023-09-23,Q3 to Q4_CEC_TFB_N/A_FY23 Alcohol Awareness Alberta_FBIG_AWA_EN_L CEC TFB 091_CP26F4K,737.13,completed,100517.0,reach,100517.0,,7.33338639,2024-01-08,125979.0,5.851213,150.0,4.9142,0.119067,488.0,0.387366,1.510512,1.253310385307958,EXH,2023-09-15
2023-09-23,Q3 to Q4_CEC_TFB_N/A_FY23 Alcohol Awareness Ontario_FBIG_AWA_EN_L CEC TFB 091_CP26F4K,1842.7,completed,337003.0,reach,337003.0,,5.46790385,2024-01-08,389029.0,4.736665,465.0,3.962796,0.119528,1357.0,0.348817,1.357922,1.1543784476696053,EXH,2023-09-15
2023-09-16,Q3 to Q4_CEC_TFB_N/A_FY23 Alcohol Awareness Newfoundland_FBIG_AWA_EN_L CEC TFB 091_CP26F4K,490.3,completed,19548.0,reach,19548.0,,25.08184981,2024-01-08,26443.0,18.541769,80.0,6.12875,0.302538,382.0,1.444617,1.283508,1.3527215060364233,EXH,2023-09-08
2023-09-16,Q3 to Q4_CEC_TFB_N/A_FY23 Alcohol Awareness Manitoba_FBIG_AWA_EN_L CEC TFB 091_CP26F4K,633.62,completed,44380.0,reach,44380.0,,14.27715187,2024-01-08,56876.0,11.140376,106.0,5.977547,0.18637,329.0,0.578451,1.925897,1.281568273997296,EXH,2023-09-08
2023-09-16,Q3 to Q4_CEC_TFB_N/A_FY23 Alcohol Awareness Saskatchewan_FBIG_AWA_EN_L CEC TFB 091_CP26F4K,624.37,completed,26261.0,reach,26261.0,,23.77556072,2024-01-08,35082.0,17.797446,67.0,9.318955,0.190981,308.0,0.877943,2.027175,1.3358973382582537,EXH,2023-09-08
2023-09-16,Q3 to Q4_CEC_TFB_N/A_FY23 Alcohol Awareness Alberta_FBIG_AWA_EN_L CEC TFB 091_CP26F4K,723.25,completed,107696.0,reach,107696.0,,6.71566261,2024-01-08,129486.0,5.585546,143.0,5.057692,0.110437,464.0,0.35834,1.558728,1.202328777299064,EXH,2023-09-08
2023-09-16,Q3 to Q4_CEC_TFB_N/A_FY23 Alcohol Awareness Ontario_FBIG_AWA_EN_L CEC TFB 091_CP26F4K,1831.77,completed,344125.0,reach,344125.0,,5.32297857,2024-01-08,397586.0,4.60723,402.0,4.556642,0.10111,1224.0,0.307858,1.496544,1.1553534326189612,EXH,2023-09-08
2023-09-09,Q3 to Q4_CEC_TFB_N/A_FY23 Alcohol Awareness Newfoundland_FBIG_AWA_EN_L CEC TFB 091_CP26F4K,584.24,completed,21020.0,reach,21020.0,,27.79448145,2024-01-08,30088.0,19.417708,81.0,7.21284,0.26921,389.0,1.292874,1.501902,1.4313986679352997,EXH,2023-09-01
2023-09-09,Q3 to Q4_CEC_TFB_N/A_FY23 Alcohol Awareness Manitoba_FBIG_AWA_EN_L CEC TFB 091_CP26F4K,619.52,completed,44594.0,reach,44594.0,,13.8924519,2024-01-08,59719.0,10.373918,111.0,5.581261,0.18587,309.0,0.517423,2.004919,1.339171188949186,EXH,2023-09-01
2023-09-09,Q3 to Q4_CEC_TFB_N/A_FY23 Alcohol Awareness Saskatchewan_FBIG_AWA_EN_L CEC TFB 091_CP26F4K,612.56,completed,27000.0,reach,27000.0,,22.68740741,2024-01-08,36974.0,16.567318,72.0,8.507778,0.194731,264.0,0.714015,2.320303,1.3694074074074074,EXH,2023-09-01
2023-09-09,Q3 to Q4_CEC_TFB_N/A_FY23 Alcohol Awareness Alberta_FBIG_AWA_EN_L CEC TFB 091_CP26F4K,732.52,completed,112718.0,reach,112718.0,,6.49869586,2024-01-08,135328.0,5.412923,156.0,4.695641,0.115275,474.0,0.35026,1.545401,1.200589080714704,EXH,2023-09-01
2023-09-09,Q3 to Q4_CEC_TFB_N/A_FY23 Alcohol Awareness Ontario_FBIG_AWA_EN_L CEC TFB 091_CP26F4K,1839.87,completed,358980.0,reach,358980.0,,5.1252716,2024-01-08,412132.0,4.464274,458.0,4.017183,0.111129,1257.0,0.304999,1.463699,1.1480639589949302,EXH,2023-09-01
2023-09-02,Q3 to Q4_CEC_TFB_N/A_FY23 Alcohol Awareness Newfoundland_FBIG_AWA_EN_L CEC TFB 091_CP26F4K,581.94,completed,23208.0,reach,23208.0,,25.07497415,2024-01-08,32212.0,18.065938,107.0,5.438692,0.332174,571.0,1.772631,1.019159,1.3879696656325404,EXH,2023-08-25
2023-09-02,Q3 to Q4_CEC_TFB_N/A_FY23 Alcohol Awareness Manitoba_FBIG_AWA_EN_L CEC TFB 091_CP26F4K,625.64,completed,47321.0,reach,47321.0,,13.22119144,2024-01-08,61785.0,10.126082,120.0,5.213667,0.194222,375.0,0.606943,1.668373,1.3056571078379577,EXH,2023-08-25
2023-09-02,Q3 to Q4_CEC_TFB_N/A_FY23 Alcohol Awareness Saskatchewan_FBIG_AWA_EN_L CEC TFB 091_CP26F4K,620.77,completed,29105.0,reach,29105.0,,21.32863769,2024-01-08,39201.0,15.835565,88.0,7.054205,0.224484,361.0,0.920895,1.719584,1.3468819790414017,EXH,2023-08-25
2023-09-02,Q3 to Q4_CEC_TFB_N/A_FY23 Alcohol Awareness Alberta_FBIG_AWA_EN_L CEC TFB 091_CP26F4K,735.09,completed,112292.0,reach,112292.0,,6.5462366,2024-01-08,140061.0,5.248356,183.0,4.016885,0.130657,585.0,0.417675,1.256564,1.2472927724147758,EXH,2023-08-25
2023-09-02,Q3 to Q4_CEC_TFB_N/A_FY23 Alcohol Awareness Ontario_FBIG_AWA_EN_L CEC TFB 091_CP26F4K,1870.81,completed,371522.0,reach,371522.0,,5.03552952,2024-01-08,433252.0,4.318064,500.0,3.74162,0.115406,1338.0,0.308827,1.398214,1.1661543596341535,EXH,2023-08-25
2023-08-26,Q3 to Q4_CEC_TFB_N/A_FY23 Alcohol Awareness Newfoundland_FBIG_AWA_EN_L CEC TFB 091_CP26F4K,578.6,completed,24921.0,reach,24921.0,,23.21736688,2024-01-08,34016.0,17.009643,91.0,6.358242,0.267521,583.0,1.713899,0.992453,1.3649532522771959,EXH,2023-08-18
2023-08-26,Q3 to Q4_CEC_TFB_N/A_FY23 Alcohol Awareness Manitoba_FBIG_AWA_EN_L CEC TFB 091_CP26F4K,625.31,completed,50610.0,reach,50610.0,,12.35546335,2024-01-08,65099.0,9.605524,99.0,6.316263,0.152076,352.0,0.540715,1.776449,1.286287295000988,EXH,2023-08-18
2023-08-26,Q3 to Q4_CEC_TFB_N/A_FY23 Alcohol Awareness Saskatchewan_FBIG_AWA_EN_L CEC TFB 091_CP26F4K,619.36,completed,30444.0,reach,30444.0,,20.3442386,2024-01-08,41688.0,14.857033,92.0,6.732174,0.220687,350.0,0.83957,1.7696,1.369333858888451,EXH,2023-08-18
2023-08-26,Q3 to Q4_CEC_TFB_N/A_FY23 Alcohol Awareness Alberta_FBIG_AWA_EN_L CEC TFB 091_CP26F4K,734.27,completed,121498.0,reach,121498.0,,6.04347397,2024-01-08,147294.0,4.985064,164.0,4.477256,0.111342,522.0,0.354393,1.406648,1.2123162521193764,EXH,2023-08-18
2023-08-26,Q3 to Q4_CEC_TFB_N/A_FY23 Alcohol Awareness Ontario_FBIG_AWA_EN_L CEC TFB 091_CP26F4K,1881.8,completed,404845.0,reach,404845.0,,4.64819869,2024-01-08,453118.0,4.153002,493.0,3.817039,0.108802,1382.0,0.304998,1.36165,1.1192382269757561,EXH,2023-08-18
2023-08-19,Q3 to Q4_CEC_TFB_N/A_FY23 Alcohol Awareness Newfoundland_FBIG_AWA_EN_L CEC TFB 091_CP26F4K,569.16,completed,25215.0,reach,25215.0,,22.57227841,2024-01-08,34917.0,16.300369,121.0,4.703802,0.346536,520.0,1.489246,1.094538,1.384770969660916,EXH,2023-08-11
2023-08-19,Q3 to Q4_CEC_TFB_N/A_FY23 Alcohol Awareness Manitoba_FBIG_AWA_EN_L CEC TFB 091_CP26F4K,636.14,completed,53034.0,reach,53034.0,,11.99494664,2024-01-08,69562.0,9.144935,101.0,6.298416,0.145194,348.0,0.500273,1.827989,1.3116491307463136,EXH,2023-08-11
2023-08-19,Q3 to Q4_CEC_TFB_N/A_FY23 Alcohol Awareness Saskatchewan_FBIG_AWA_EN_L CEC TFB 091_CP26F4K,636.2,completed,33803.0,reach,33803.0,,18.82081472,2024-01-08,45323.0,14.037023,94.0,6.768085,0.2074,327.0,0.721488,1.945566,1.3407981540099991,EXH,2023-08-11
2023-08-19,Q3 to Q4_CEC_TFB_N/A_FY23 Alcohol Awareness Alberta_FBIG_AWA_EN_L CEC TFB 091_CP26F4K,739.09,completed,126509.0,reach,126509.0,,5.84219305,2024-01-08,154985.0,4.768784,161.0,4.590621,0.103881,493.0,0.318095,1.499168,1.2250907050091298,EXH,2023-08-11
2023-08-19,Q3 to Q4_CEC_TFB_N/A_FY23 Alcohol Awareness Ontario_FBIG_AWA_EN_L CEC TFB 091_CP26F4K,1890.09,completed,431123.0,reach,431123.0,,4.38410848,2024-01-08,473949.0,3.987961,454.0,4.163194,0.095791,1258.0,0.265429,1.502456,1.0993359203753916,EXH,2023-08-11
2023-08-12,Q3 to Q4_CEC_TFB_N/A_FY23 Alcohol Awareness Newfoundland_FBIG_AWA_EN_L CEC TFB 091_CP26F4K,552.87,completed,25668.0,reach,25668.0,,21.53927069,2024-01-08,32918.0,16.79537,109.0,5.072202,0.331126,554.0,1.68297,0.99796,1.2824528595917095,EXH,2023-08-04
2023-08-12,Q3 to Q4_CEC_TFB_N/A_FY23 Alcohol Awareness Manitoba_FBIG_AWA_EN_L CEC TFB 091_CP26F4K,594.44,completed,51234.0,reach,51234.0,,11.6024515,2024-01-08,66174.0,8.982984,77.0,7.72,0.11636,314.0,0.474507,1.893121,1.2916032322285982,EXH,2023-08-04
2023-08-12,Q3 to Q4_CEC_TFB_N/A_FY23 Alcohol Awareness Saskatchewan_FBIG_AWA_EN_L CEC TFB 091_CP26F4K,599.15,completed,34207.0,reach,34207.0,,17.51542082,2024-01-08,43960.0,13.629436,96.0,6.241146,0.21838,354.0,0.805278,1.692514,1.2851170812991493,EXH,2023-08-04
2023-08-12,Q3 to Q4_CEC_TFB_N/A_FY23 Alcohol Awareness Alberta_FBIG_AWA_EN_L CEC TFB 091_CP26F4K,689.95,completed,123777.0,reach,123777.0,,5.57413736,2024-01-08,149940.0,4.601507,179.0,3.854469,0.119381,485.0,0.323463,1.422577,1.211372064276885,EXH,2023-08-04
2023-08-12,Q3 to Q4_CEC_TFB_N/A_FY23 Alcohol Awareness Ontario_FBIG_AWA_EN_L CEC TFB 091_CP26F4K,1777.05,completed,406488.0,reach,406488.0,,4.37171577,2024-01-08,459888.0,3.864093,476.0,3.733298,0.103503,1273.0,0.276807,1.395954,1.1313691917104565,EXH,2023-08-04
2023-08-05,Q3 to Q4_CEC_TFB_N/A_FY23 Alcohol Awareness Newfoundland_FBIG_AWA_EN_L CEC TFB 091_CP26F4K,533.95,completed,21862.0,reach,21862.0,,24.42365749,2024-01-08,30803.0,17.334351,103.0,5.183981,0.334383,529.0,1.717365,1.009357,1.4089744762601775,EXH,2023-07-28
2023-08-05,Q3 to Q4_CEC_TFB_N/A_FY23 Alcohol Awareness Manitoba_FBIG_AWA_EN_L CEC TFB 091_CP26F4K,570.11,completed,48735.0,reach,48735.0,,11.69816354,2024-01-08,62540.0,9.115926,85.0,6.707176,0.135913,246.0,0.393348,2.31752,1.2832666461475326,EXH,2023-07-28
2023-08-05,Q3 to Q4_CEC_TFB_N/A_FY23 Alcohol Awareness Saskatchewan_FBIG_AWA_EN_L CEC TFB 091_CP26F4K,580.79,completed,32088.0,reach,32088.0,,18.09991274,2024-01-08,42354.0,13.712754,90.0,6.453222,0.212495,347.0,0.819285,1.673746,1.3199326851159312,EXH,2023-07-28
2023-08-05,Q3 to Q4_CEC_TFB_N/A_FY23 Alcohol Awareness Alberta_FBIG_AWA_EN_L CEC TFB 091_CP26F4K,667.53,completed,120339.0,reach,120339.0,,5.5470795,2024-01-08,144850.0,4.608423,157.0,4.251783,0.108388,489.0,0.337591,1.365092,1.2036829290587423,EXH,2023-07-28
2023-08-05,Q3 to Q4_CEC_TFB_N/A_FY23 Alcohol Awareness Ontario_FBIG_AWA_EN_L CEC TFB 091_CP26F4K,1701.38,completed,378476.0,reach,378476.0,,4.49534449,2024-01-08,437359.0,3.890122,467.0,3.643212,0.106777,1377.0,0.314844,1.23557,1.1555792177046893,EXH,2023-07-28
2023-07-29,Q3 to Q4_CEC_TFB_N/A_FY23 Alcohol Awareness Newfoundland_FBIG_AWA_EN_L CEC TFB 091_CP26F4K,390.49,completed,17186.0,reach,17186.0,,22.72140114,2024-01-08,23034.0,16.952765,84.0,4.64869,0.364678,383.0,1.662759,1.019556,1.34027696962644,EXH,2023-07-21
2023-07-29,Q3 to Q4_CEC_TFB_N/A_FY23 Alcohol Awareness Manitoba_FBIG_AWA_EN_L CEC TFB 091_CP26F4K,541.5,completed,39946.0,reach,39946.0,,13.55580033,2024-01-08,49894.0,10.853008,81.0,6.685185,0.162344,267.0,0.535134,2.02809,1.2490361988684724,EXH,2023-07-21
2023-07-29,Q3 to Q4_CEC_TFB_N/A_FY23 Alcohol Awareness Saskatchewan_FBIG_AWA_EN_L CEC TFB 091_CP26F4K,519.12,completed,24650.0,reach,24650.0,,21.05963489,2024-01-08,32484.0,15.980791,59.0,8.798644,0.181628,282.0,0.86812,1.840851,1.3178093306288032,EXH,2023-07-21
2023-07-29,Q3 to Q4_CEC_TFB_N/A_FY23 Alcohol Awareness Alberta_FBIG_AWA_EN_L CEC TFB 091_CP26F4K,644.31,completed,96210.0,reach,96210.0,,6.696913,2024-01-08,118446.0,5.439694,155.0,4.156839,0.130861,482.0,0.406936,1.336743,1.231119426255067,EXH,2023-07-21
2023-07-29,Q3 to Q4_CEC_TFB_N/A_FY23 Alcohol Awareness Ontario_FBIG_AWA_EN_L CEC TFB 091_CP26F4K,1644.79,completed,316157.0,reach,316157.0,,5.20244689,2024-01-08,366915.0,4.482755,446.0,3.68787,0.121554,1306.0,0.355941,1.25941,1.1605468169295634,EXH,2023-07-21
2023-07-22,Q3 to Q4_CEC_TFB_N/A_FY23 Alcohol Awareness Newfoundland_FBIG_AWA_EN_L CEC TFB 091_CP26F4K,307.02,completed,13591.0,reach,13591.0,,22.58994923,2024-01-08,18113.0,16.950257,61.0,5.033115,0.336775,369.0,2.037211,0.832033,1.3327201824736958,EXH,2023-07-14
2023-07-22,Q3 to Q4_CEC_TFB_N/A_FY23 Alcohol Awareness Manitoba_FBIG_AWA_EN_L CEC TFB 091_CP26F4K,536.98,completed,34098.0,reach,34098.0,,15.74813772,2024-01-08,41765.0,12.857177,78.0,6.884359,0.186759,264.0,0.632108,2.034015,1.2248518974719924,EXH,2023-07-14
2023-07-22,Q3 to Q4_CEC_TFB_N/A_FY23 Alcohol Awareness Saskatchewan_FBIG_AWA_EN_L CEC TFB 091_CP26F4K,419.6,completed,21055.0,reach,21055.0,,19.92875801,2024-01-08,26197.0,16.017101,66.0,6.357576,0.251937,269.0,1.026835,1.559851,1.244217525528378,EXH,2023-07-14
2023-07-22,Q3 to Q4_CEC_TFB_N/A_FY23 Alcohol Awareness Alberta_FBIG_AWA_EN_L CEC TFB 091_CP26F4K,644.4,completed,90095.0,reach,90095.0,,7.15245019,2024-01-08,104629.0,6.158904,156.0,4.130769,0.149098,596.0,0.569632,1.081208,1.1613186081358566,EXH,2023-07-14
2023-07-22,Q3 to Q4_CEC_TFB_N/A_FY23 Alcohol Awareness Ontario_FBIG_AWA_EN_L CEC TFB 091_CP26F4K,1646.68,completed,291268.0,reach,291268.0,,5.65348751,2024-01-08,328082.0,5.019111,506.0,3.254308,0.15423,1741.0,0.53066,0.945824,1.1263921886372688,EXH,2023-07-14
2023-07-15,Q3 to Q4_CEC_TFB_N/A_FY23 Alcohol Awareness Newfoundland_FBIG_AWA_EN_L CEC TFB 091_CP26F4K,138.53,completed,10859.0,reach,10859.0,,12.75715996,2024-01-08,14035.0,9.870324,55.0,2.518727,0.391877,301.0,2.144638,0.460233,1.2924762869509163,EXH,2023-07-07
2023-07-15,Q3 to Q4_CEC_TFB_N/A_FY23 Alcohol Awareness Manitoba_FBIG_AWA_EN_L CEC TFB 091_CP26F4K,194.33,completed,24483.0,reach,24483.0,,7.93734428,2024-01-08,28753.0,6.758599,53.0,3.666604,0.184329,165.0,0.573853,1.177758,1.1744067312012416,EXH,2023-07-07
2023-07-15,Q3 to Q4_CEC_TFB_N/A_FY23 Alcohol Awareness Saskatchewan_FBIG_AWA_EN_L CEC TFB 091_CP26F4K,185.97,completed,15399.0,reach,15399.0,,12.07675823,2024-01-08,19054.0,9.760155,52.0,3.576346,0.272909,228.0,1.196599,0.815658,1.237353074874992,EXH,2023-07-07
2023-07-15,Q3 to Q4_CEC_TFB_N/A_FY23 Alcohol Awareness Alberta_FBIG_AWA_EN_L CEC TFB 091_CP26F4K,235.88,completed,59459.0,reach,59459.0,,3.96710338,2024-01-08,65997.0,3.574102,90.0,2.620889,0.13637,295.0,0.44699,0.799593,1.1099581224036732,EXH,2023-07-07
2023-07-15,Q3 to Q4_CEC_TFB_N/A_FY23 Alcohol Awareness Ontario_FBIG_AWA_EN_L CEC TFB 091_CP26F4K,603.26,completed,177034.0,reach,177034.0,,3.40759402,2024-01-08,193544.0,3.116914,216.0,2.79287,0.111603,640.0,0.330674,0.942594,1.0932589220149802,EXH,2023-07-07
2024-01-27,Q1 to Q2_CEC_FLM_NA_FY24 Q1 Film Multi Title (Tier 3) - The Beekeeper_FBIG_CVS_ENFR_L CEC TFL 114_CP2FQXS,487.97,inactive,290.0,actions:offsite_conversion.fb_pixel_purchase,49176.0,,1.68265517,2024-01-21,78294.0,6.232534,272.0,1.794007,0.347408,868.0,1.108642,0.562177,1.5921181063933627,EXH,2024-01-19
2024-01-27,Q1 to Q2_CEC_FLM_NA_FY24 Q1 Film Multi Title (Tier 2) - Mean Girls_FBIG_CVS_ENFR_L CEC TFL 114_CP2FQXS,714.74,inactive,462.0,actions:offsite_conversion.fb_pixel_purchase,59593.0,,1.54705628,2024-01-21,106723.0,6.697151,630.0,1.134508,0.590313,1419.0,1.32961,0.503693,1.7908646988740289,EXH,2024-01-19
2024-01-20,Q1 to Q2_CEC_FLM_NA_FY24 Q1 Film Multi Title (Tier 3) - The Beekeeper_FBIG_CVS_ENFR_L CEC TFL 114_CP2FQXS,3750.82,inactive,1754.0,actions:offsite_conversion.fb_pixel_purchase,165426.0,,2.13843786,2024-01-21,563244.0,6.659316,2046.0,1.833245,0.363253,6485.0,1.151366,0.578384,3.4048094011824017,EXH,2024-01-12
2024-01-20,Q1 to Q2_CEC_FLM_NA_FY24 Q1 Film Multi Title (Tier 2) - Mean Girls_FBIG_CVS_ENFR_L CEC TFL 114_CP2FQXS,4208.44,inactive,1551.0,actions:offsite_conversion.fb_pixel_purchase,140544.0,,2.71337202,2024-01-21,535870.0,7.853472,3594.0,1.170963,0.670685,7875.0,1.469573,0.534405,3.812827299635701,EXH,2024-01-12
2024-01-13,Q1 to Q2_CEC_FLM_NA_FY24 Q1 Film Multi Title (Tier 3) - The Beekeeper_FBIG_CVS_ENFR_L CEC TFL 114_CP2FQXS,684.39,inactive,380.0,actions:offsite_conversion.fb_pixel_purchase,39629.0,,1.80102632,2024-01-21,91488.0,7.480653,333.0,2.055225,0.363982,909.0,0.993573,0.752904,2.308612379822857,EXH,2024-01-05
2024-02-17,Q1 to Q2_CEC_FLM_NA_FY24 Q1 Film Multi Title (Tier 3) - Argylle_FBIG_CVS_ENFR_L CEC TFL 114_CP2FQXS,930.0,completed,565.0,actions:offsite_conversion.fb_pixel_purchase,72145.0,,1.6460177,2024-02-11,106357.0,8.744135,630.0,1.47619,0.592345,3102.0,2.916592,0.299807,1.4742116570794928,EXH,2024-02-09
2024-02-10,Q1 to Q2_CEC_FLM_NA_FY24 Q1 Film Multi Title (Tier 3) - Argylle_FBIG_CVS_ENFR_L CEC TFL 114_CP2FQXS,7062.8,completed,3369.0,actions:offsite_conversion.fb_pixel_purchase,271739.0,,2.09640843,2024-02-11,881460.0,8.012615,4521.0,1.562221,0.512899,20859.0,2.366415,0.338597,3.2437743570116915,EXH,2024-02-02
2024-02-03,Q1 to Q2_CEC_FLM_NA_FY24 Q1 Film Multi Title (Tier 3) - Argylle_FBIG_CVS_ENFR_L CEC TFL 114_CP2FQXS,1853.57,completed,932.0,actions:offsite_conversion.fb_pixel_purchase,97363.0,,1.98880901,2024-02-11,203213.0,9.121316,1173.0,1.580196,0.577227,5094.0,2.506729,0.363873,2.087168636956544,EXH,2024-01-26
2024-02-24,Q1 to Q2_CEC_FLM_NA_FY24 Q1 Film Multi Title (Tier 2) - Lisa Frankenstein_FBIG_CVS_ENFR_L CEC TFL 114_CP2FQXS,189.33,not_delivering,169.0,actions:offsite_conversion.fb_pixel_purchase,15517.0,,1.12029586,2024-02-18,19674.0,9.623361,146.0,1.296781,0.742096,424.0,2.155129,0.446533,1.2678997228845783,EXH,2024-02-16
2024-02-17,Q1 to Q2_CEC_FLM_NA_FY24 Q1 Film Multi Title (Tier 2) - Lisa Frankenstein_FBIG_CVS_ENFR_L CEC TFL 114_CP2FQXS,1460.42,not_delivering,549.0,actions:offsite_conversion.fb_pixel_purchase,64325.0,,2.66014572,2024-02-18,144816.0,10.084659,1099.0,1.328863,0.758894,3279.0,2.264253,0.445386,2.251317528177225,EXH,2024-02-09
2024-02-10,Q1 to Q2_CEC_FLM_NA_FY24 Q1 Film Multi Title (Tier 2) - Lisa Frankenstein_FBIG_CVS_ENFR_L CEC TFL 114_CP2FQXS,319.52,not_delivering,84.0,actions:offsite_conversion.fb_pixel_purchase,21756.0,,3.80380952,2024-02-18,32007.0,9.982816,161.0,1.984596,0.503015,455.0,1.421564,0.702242,1.471180364037507,EXH,2024-02-02
2024-02-24,Q1 to Q2_CEC_FLM_NA_FY24 Q1 Film Multi Title (Tier 2) - Madame Web_FBIG_CVS_ENFR_L CEC TFL 114_CP2FQXS,5955.64,not_delivering,2150.0,actions:offsite_conversion.fb_pixel_purchase,186630.0,,2.77006512,2024-02-23,683818.0,8.709393,1452.0,4.10168,0.212337,6128.0,0.896145,0.971873,3.6640304345496437,EXH,2024-02-16
2024-02-24,Q1 to Q2_CEC_FLM_NA_FY24 Q1 Film Multi Title (Tier 3) - Bob Marley_FBIG_CVS_ENFR_L CEC TFL 114_CP2FQXS,2958.39,not_delivering,1176.0,actions:offsite_conversion.fb_pixel_purchase,195334.0,,2.51563776,2024-02-23,486702.0,6.078442,3247.0,0.911115,0.667143,8770.0,1.801924,0.337331,2.491639960273173,EXH,2024-02-16
2024-02-17,Q1 to Q2_CEC_FLM_NA_FY24 Q1 Film Multi Title (Tier 2) - Madame Web_FBIG_CVS_ENFR_L CEC TFL 114_CP2FQXS,3890.36,not_delivering,1188.0,actions:offsite_conversion.fb_pixel_purchase,174781.0,,3.2747138,2024-02-23,447876.0,8.686244,835.0,4.659114,0.186436,3410.0,0.761371,1.140868,2.5624982120482205,EXH,2024-02-09
2024-02-17,Q1 to Q2_CEC_FLM_NA_FY24 Q1 Film Multi Title (Tier 3) - Bob Marley_FBIG_CVS_ENFR_L CEC TFL 114_CP2FQXS,1964.79,not_delivering,606.0,actions:offsite_conversion.fb_pixel_purchase,125299.0,,3.24222772,2024-02-23,256443.0,7.661703,1635.0,1.201706,0.637569,4765.0,1.858113,0.412338,2.046648416986568,EXH,2024-02-09
2024-03-02,Q1 to Q1_CEC_BRA_N/A_FY24 Pulse Attendence Feb Scene Member Promo_FBIG_CVS_ENFR_L CEC TBR 125_CP2H0N1,15652.01,completed,2940.0,actions:offsite_conversion.fb_pixel_purchase,1058091.0,,5.32381293,2024-02-26,2307495.0,6.783118,7964.0,1.965345,0.345136,28938.0,1.254087,0.540881,2.1808095901014184,EXH,2024-02-23
2024-03-02,Q1 to Q1_CEC_A&C_NA_Q1 FY24 Event Cinema –Arts & Culture_FBIG_CVS_ENFR_L CEC TAC 110_CP2F397_Alexandra Stewart,424.75,completed,141.0,actions:offsite_conversion.fb_pixel_purchase,28610.0,,3.01241135,2024-02-26,55192.0,7.695862,248.0,1.712702,0.44934,468.0,0.847949,0.907585,1.929115693813352,EXH,2024-02-23
2024-02-24,Q1 to Q1_CEC_BRA_N/A_FY24 Pulse Attendence Feb Scene Member Promo_FBIG_CVS_ENFR_L CEC TBR 125_CP2H0N1,17366.99,completed,2200.0,actions:offsite_conversion.fb_pixel_purchase,941882.0,,7.89408636,2024-02-26,2508351.0,6.923668,14461.0,1.200954,0.576514,48728.0,1.942631,0.356407,2.66312659122905,EXH,2024-02-16
2024-02-24,Q1 to Q1_CEC_A&C_NA_Q1 FY24 Event Cinema –Arts & Culture_FBIG_CVS_ENFR_L CEC TAC 110_CP2F397_Alexandra Stewart,1544.5,completed,583.0,actions:offsite_conversion.fb_pixel_purchase,59379.0,,2.64922813,2024-02-26,199019.0,7.760566,829.0,1.863088,0.416543,1587.0,0.797411,0.97322,3.3516731504403916,EXH,2024-02-16
2024-02-17,Q1 to Q1_CEC_A&C_NA_Q1 FY24 Event Cinema –Arts & Culture_FBIG_CVS_ENFR_L CEC TAC 110_CP2F397_Alexandra Stewart,1570.43,completed,530.0,actions:offsite_conversion.fb_pixel_purchase,55121.0,,2.96307547,2024-02-26,196929.0,7.9746,836.0,1.878505,0.424518,1446.0,0.734275,1.086051,3.57266740443751,EXH,2024-02-09
2024-02-10,Q1 to Q1_CEC_A&C_NA_Q1 FY24 Event Cinema –Arts & Culture_FBIG_CVS_ENFR_L CEC TAC 110_CP2F397_Alexandra Stewart,234.32,completed,63.0,actions:offsite_conversion.fb_pixel_purchase,14133.0,,3.71936508,2024-02-26,25682.0,9.1239,93.0,2.51957,0.362121,153.0,0.595748,1.531503,1.8171654991863015,EXH,2024-02-02
2024-03-02,Q1 to Q1_CEC_BRA_N/A_FY24_EXH Pulsed Offers Tuesday Promo - Conversion_FBIG_CVS_ENFR_L CEC TBR 123_CP2GNC9,9860.23,not_delivering,3156.0,actions:offsite_conversion.fb_pixel_purchase,949814.0,,3.12428074,2024-02-27,1813757.0,5.436357,11336.0,0.869816,0.625001,34027.0,1.876051,0.289777,1.9095917727049716,EXH,2024-02-23
2024-02-24,Q1 to Q1_CEC_BRA_N/A_FY24_EXH Pulsed Offers Tuesday Promo - Conversion_FBIG_CVS_ENFR_L CEC TBR 123_CP2GNC9,22595.99,not_delivering,8638.0,actions:offsite_conversion.fb_pixel_purchase,1519347.0,,2.61588215,2024-02-27,4680388.0,4.827803,26182.0,0.863035,0.559398,78100.0,1.668665,0.289321,3.080526041779791,EXH,2024-02-16
2024-02-17,Q1 to Q1_CEC_BRA_N/A_FY24_EXH Pulsed Offers Tuesday Promo - Conversion_FBIG_CVS_ENFR_L CEC TBR 123_CP2GNC9,22942.21,not_delivering,9135.0,actions:offsite_conversion.fb_pixel_purchase,1367736.0,,2.51146251,2024-02-27,4869444.0,4.711464,35967.0,0.637868,0.738626,112618.0,2.312749,0.203717,3.5602221481338505,EXH,2024-02-09
2024-02-10,Q1 to Q1_CEC_BRA_N/A_FY24_EXH Pulsed Offers Tuesday Promo - Conversion_FBIG_CVS_ENFR_L CEC TBR 123_CP2GNC9,6865.72,not_delivering,1589.0,actions:offsite_conversion.fb_pixel_purchase,492304.0,,4.32078037,2024-02-27,1089473.0,6.301873,12982.0,0.528865,1.191585,48912.0,4.48951,0.140369,2.213008628814716,EXH,2024-02-02
2024-03-09,Q1 to Q2_CEC_FLM_NA_FY24 Q1 Film Multi Title (Tier 2) - Demon Slayer_FBIG_CVS_ENFR_L CEC TFL 114_CP2FQXS,179.09,not_delivering,123.0,actions:offsite_conversion.fb_pixel_purchase,31051.0,,1.45601626,2024-03-03,37025.0,4.837002,214.0,0.836869,0.577988,757.0,2.044564,0.236579,1.1923931596405912,EXH,2024-03-01
2024-03-02,Q1 to Q2_CEC_FLM_NA_FY24 Q1 Film Multi Title (Tier 2) - Demon Slayer_FBIG_CVS_ENFR_L CEC TFL 114_CP2FQXS,1395.95,not_delivering,658.0,actions:offsite_conversion.fb_pixel_purchase,123023.0,,2.12150456,2024-03-03,272168.0,5.129001,2144.0,0.651096,0.787749,7589.0,2.788351,0.183944,2.2123342789559675,EXH,2024-02-23
2024-02-24,Q1 to Q2_CEC_FLM_NA_FY24 Q1 Film Multi Title (Tier 2) - Demon Slayer_FBIG_CVS_ENFR_L CEC TFL 114_CP2FQXS,394.12,not_delivering,63.0,actions:offsite_conversion.fb_pixel_purchase,44577.0,,6.25587302,2024-03-03,68458.0,5.757107,863.0,0.456686,1.260627,2706.0,3.952789,0.145647,1.5357247010790318,EXH,2024-02-16
2024-03-16,Q1 to Q1_CEC_FLM_NA_FY24 Q1 IMAX Dune: Part Two_FBIG_CVS_ENFR_L CEC TMX 084_CP2H60G,1149.7,completed,1296.0,actions:offsite_conversion.fb_pixel_purchase,230443.0,,0.8871142,2024-03-10,289252.0,3.974735,1355.0,0.848487,0.46845,6617.0,2.287625,0.173749,1.2551997674045208,EXH,2024-03-08
2024-03-09,Q1 to Q1_CEC_FLM_NA_FY24 Q1 IMAX Dune: Part Two_FBIG_CVS_ENFR_L CEC TMX 084_CP2H60G,9771.51,completed,5671.0,actions:offsite_conversion.fb_pixel_purchase,894834.0,,1.72306648,2024-03-10,2180680.0,4.480946,11020.0,0.886707,0.505347,51730.0,2.372196,0.188894,2.436965962401965,EXH,2024-03-01
2024-03-02,Q1 to Q1_CEC_FLM_NA_FY24 Q1 IMAX Dune: Part Two_FBIG_CVS_ENFR_L CEC TMX 084_CP2H60G,7946.5,completed,3272.0,actions:offsite_conversion.fb_pixel_purchase,547319.0,,2.42863692,2024-03-10,1261601.0,6.298743,7884.0,1.007927,0.62492,37438.0,2.967499,0.212258,2.305056100738326,EXH,2024-02-23
2024-03-23,Q1 to Q2_CEC_FLM_NA_FY24 Q1 Film Multi Title (Tier 2) - Kung Fu Panda 4_FBIG_CVS_ENFR_L CEC TFL 114_CP2FQXS,1650.21,not_delivering,581.0,actions:offsite_conversion.fb_pixel_purchase,225525.0,,2.8402926,2024-03-17,359107.0,4.595316,587.0,2.811261,0.163461,1392.0,0.387628,1.185496,1.5923157077929275,EXH,2024-03-15
2024-03-23,Q1 to Q2_CEC_FLM_NA_FY24 Q1 Film Multi Title (Tier 1) - Dune: Part Two_FBIG_CVS_ENFR_L CEC TFL 114_CP2FQXS,873.65,not_delivering,536.0,actions:offsite_conversion.fb_pixel_purchase,114014.0,,1.62994403,2024-03-17,151849.0,5.753413,991.0,0.881584,0.652622,3746.0,2.466924,0.233222,1.3318452119915098,EXH,2024-03-15
2024-03-16,Q1 to Q2_CEC_FLM_NA_FY24 Q1 Film Multi Title (Tier 2) - Kung Fu Panda 4_FBIG_CVS_ENFR_L CEC TFL 114_CP2FQXS,11266.46,not_delivering,4830.0,actions:offsite_conversion.fb_pixel_purchase,629505.0,,2.33260041,2024-03-17,2295178.0,4.908752,4822.0,2.33647,0.210093,12623.0,0.549979,0.892534,3.646004400282762,EXH,2024-03-08
2024-03-16,Q1 to Q2_CEC_FLM_NA_FY24 Q1 Film Multi Title (Tier 1) - Dune: Part Two_FBIG_CVS_ENFR_L CEC TFL 114_CP2FQXS,6218.58,not_delivering,3162.0,actions:offsite_conversion.fb_pixel_purchase,424641.0,,1.96666034,2024-03-17,1108777.0,5.608504,6645.0,0.935828,0.599309,22698.0,2.04712,0.27397,2.611092664156311,EXH,2024-03-08
2024-03-09,Q1 to Q2_CEC_FLM_NA_FY24 Q1 Film Multi Title (Tier 2) - Kung Fu Panda 4_FBIG_CVS_ENFR_L CEC TFL 114_CP2FQXS,2837.33,not_delivering,1005.0,actions:offsite_conversion.fb_pixel_purchase,301535.0,,2.82321393,2024-03-17,570607.0,4.972477,1243.0,2.282647,0.217838,3148.0,0.551693,0.901312,1.8923408559537036,EXH,2024-03-01
2024-03-09,Q1 to Q2_CEC_FLM_NA_FY24 Q1 Film Multi Title (Tier 1) - Dune: Part Two_FBIG_CVS_ENFR_L CEC TFL 114_CP2FQXS,6668.41,not_delivering,2792.0,actions:offsite_conversion.fb_pixel_purchase,410007.0,,2.388399,2024-03-17,1110782.0,6.003347,5360.0,1.244106,0.482543,23508.0,2.116347,0.283666,2.709178135983044,EXH,2024-03-01
2024-03-02,Q1 to Q2_CEC_FLM_NA_FY24 Q1 Film Multi Title (Tier 1) - Dune: Part Two_FBIG_CVS_ENFR_L CEC TFL 114_CP2FQXS,1062.36,not_delivering,390.0,actions:offsite_conversion.fb_pixel_purchase,85502.0,,2.724,2024-03-17,143101.0,7.423847,416.0,2.55375,0.290704,1486.0,1.038427,0.714913,1.673656756567098,EXH,2024-02-23
2024-03-23,Q1 to Q1_CEC_A&C_NA_Q1 FY24 Event Cinema – Met Opera_FBIG_CVS_ENFR_L CEC TAC 110_CP2F397_Alexandra Stewart,1245.85,completed,505.0,actions:offsite_conversion.fb_pixel_purchase,50717.0,,2.4670297,2024-03-23,154167.0,8.081172,481.0,2.590125,0.311999,1094.0,0.70962,1.138803,3.039749985212059,EXH,2024-03-15
2024-03-16,Q1 to Q1_CEC_A&C_NA_Q1 FY24 Event Cinema – Met Opera_FBIG_CVS_ENFR_L CEC TAC 110_CP2F397_Alexandra Stewart,1254.97,completed,531.0,actions:offsite_conversion.fb_pixel_purchase,48982.0,,2.36340866,2024-03-23,168364.0,7.453909,434.0,2.891636,0.257775,974.0,0.578508,1.28847,3.4372626679188274,EXH,2024-03-08
2024-03-09,Q1 to Q1_CEC_A&C_NA_Q1 FY24 Event Cinema – Met Opera_FBIG_CVS_ENFR_L CEC TAC 110_CP2F397_Alexandra Stewart,839.17,completed,469.0,actions:offsite_conversion.fb_pixel_purchase,35685.0,,1.78927505,2024-03-23,96415.0,8.703729,254.0,3.303819,0.263444,519.0,0.538298,1.616898,2.7018355051141936,EXH,2024-03-01
2024-03-02,Q1 to Q1_CEC_A&C_NA_Q1 FY24 Event Cinema – Met Opera_FBIG_CVS_ENFR_L CEC TAC 110_CP2F397_Alexandra Stewart,1171.31,completed,502.0,actions:offsite_conversion.fb_pixel_purchase,37644.0,,2.33328685,2024-03-23,123794.0,9.461767,355.0,3.299465,0.286767,714.0,0.576765,1.64049,3.2885453193071936,EXH,2024-02-23
2024-02-24,Q1 to Q1_CEC_A&C_NA_Q1 FY24 Event Cinema – Met Opera_FBIG_CVS_ENFR_L CEC TAC 110_CP2F397_Alexandra Stewart,1157.76,completed,415.0,actions:offsite_conversion.fb_pixel_purchase,39090.0,,2.78978313,2024-03-23,127870.0,9.054196,414.0,2.796522,0.323766,867.0,0.678032,1.335363,3.271169096955743,EXH,2024-02-16
2024-02-17,Q1 to Q1_CEC_A&C_NA_Q1 FY24 Event Cinema – Met Opera_FBIG_CVS_ENFR_L CEC TAC 110_CP2F397_Alexandra Stewart,1171.65,completed,422.0,actions:offsite_conversion.fb_pixel_purchase,36910.0,,2.7764218,2024-03-23,129484.0,9.048608,379.0,3.091425,0.2927,798.0,0.616292,1.468233,3.5081007856949338,EXH,2024-02-09
2024-02-10,Q1 to Q1_CEC_A&C_NA_Q1 FY24 Event Cinema – Met Opera_FBIG_CVS_ENFR_L CEC TAC 110_CP2F397_Alexandra Stewart,1189.22,completed,498.0,actions:offsite_conversion.fb_pixel_purchase,34085.0,,2.38799197,2024-03-23,139378.0,8.532337,426.0,2.791596,0.305644,1071.0,0.768414,1.110383,4.0891301158867535,EXH,2024-02-02
2024-02-03,Q1 to Q1_CEC_A&C_NA_Q1 FY24 Event Cinema – Met Opera_FBIG_CVS_ENFR_L CEC TAC 110_CP2F397_Alexandra Stewart,1003.81,completed,508.0,actions:offsite_conversion.fb_pixel_purchase,31269.0,,1.97600394,2024-03-23,107264.0,9.358312,362.0,2.772956,0.337485,974.0,0.90804,1.030606,3.430362339697464,EXH,2024-01-26
2024-01-27,Q1 to Q1_CEC_A&C_NA_Q1 FY24 Event Cinema – Met Opera_FBIG_CVS_ENFR_L CEC TAC 110_CP2F397_Alexandra Stewart,1222.11,completed,538.0,actions:offsite_conversion.fb_pixel_purchase,32895.0,,2.27157993,2024-03-23,136383.0,8.960868,488.0,2.504324,0.357816,1305.0,0.956864,0.936483,4.146010031919745,EXH,2024-01-19
2024-01-20,Q1 to Q1_CEC_A&C_NA_Q1 FY24 Event Cinema – Met Opera_FBIG_CVS_ENFR_L CEC TAC 110_CP2F397_Alexandra Stewart,1184.21,completed,469.0,actions:offsite_conversion.fb_pixel_purchase,36507.0,,2.52496802,2024-03-23,138080.0,8.57626,494.0,2.397186,0.357764,977.0,0.707561,1.212088,3.782288328265812,EXH,2024-01-12
2024-01-13,Q1 to Q1_CEC_A&C_NA_Q1 FY24 Event Cinema – Met Opera_FBIG_CVS_ENFR_L CEC TAC 110_CP2F397_Alexandra Stewart,1212.87,completed,527.0,actions:offsite_conversion.fb_pixel_purchase,39518.0,,2.3014611,2024-03-23,158148.0,7.669209,630.0,1.92519,0.398361,1236.0,0.781546,0.981286,4.001923174249709,EXH,2024-01-05
2024-01-06,Q1 to Q1_CEC_A&C_NA_Q1 FY24 Event Cinema – Met Opera_FBIG_CVS_ENFR_L CEC TAC 110_CP2F397_Alexandra Stewart,1026.03,completed,462.0,actions:offsite_conversion.fb_pixel_purchase,31971.0,,2.22084416,2024-03-23,121020.0,8.478185,465.0,2.206516,0.384234,882.0,0.728805,1.163299,3.7853054330487006,EXH,2023-12-29
2024-04-06,Q1 to Q1_CEC_BRA_N/A_FY24 Q1 Masterbrand Cineplex - Awareness_FBIG_LPV_ENFR_L CEC TBR 122_CP2FKKC_Stephanie Critelli,443.89,completed,252.0,actions:landing_page_view,57674.0,,1.76146825,2024-03-31,75677.0,5.865587,424.0,1.04691,0.560276,618.0,0.816629,0.718269,1.3121510559350833,EXH,2024-03-29
2024-04-06,Q1 to Q1_CEC_BRA_N/A_Ultra AVX Brand - Conversion_FBIG_CVS_ENFR_L CEC TBR 124_CP2GXKV,856.75,not_delivering,457.0,actions:offsite_conversion.fb_pixel_purchase,93179.0,,1.87472648,2024-03-31,140173.0,6.11209,205.0,4.179268,0.146248,552.0,0.393799,1.552083,1.5043411069017698,EXH,2024-03-29
2024-04-06,Q1 to Q2_CEC_FLM_NA_FY24 Q1 Film Multi Title (Tier 1) - Ghostbusters: Frozen Empire_FBIG_CVS_ENFR_L CEC TFL 114_CP2FQXS,916.54,not_delivering,448.0,actions:offsite_conversion.fb_pixel_purchase,157669.0,,2.04584821,2024-03-31,196812.0,4.656931,364.0,2.517967,0.184948,2291.0,1.164055,0.400061,1.2482605965662241,EXH,2024-03-29
2024-04-06,Q1 to Q1_CEC_BRA_NA_VIP Q1 Always ON - Conversion_FBIG_CVS_ENFR_L CEC TBR 127_CP2H9MG,198.81,completed,139.0,actions:offsite_conversion.fb_pixel_purchase,18235.0,,1.43028777,2024-03-31,23047.0,8.626285,143.0,1.39028,0.620471,442.0,1.91782,0.449796,1.2638881272278586,EXH,2024-03-29
2024-04-06,Q1 to Q1_CEC_BRA_NA_VIP Q1 Always ON - Consideration_FBIG_TC_ENFR_L CEC TBR 127_CP2H9MG,279.81,not_delivering,160.0,actions:landing_page_view,40041.0,,1.7488125,2024-03-31,51558.0,5.427092,262.0,1.067977,0.508166,471.0,0.913534,0.594076,1.2876301790664568,EXH,2024-03-29
2024-04-06,Q1 to Q1_CEC_TBR_NA_FY24 Junxion AO - Kildonan_FBIG_CVS_EN_L CEC TBR 126_CP2H8YF,155.58,completed,44.0,actions:offsite_conversion.fb_pixel_purchase,16430.0,,3.53590909,2024-03-31,28784.0,5.405086,45.0,3.457333,0.156337,69.0,0.239717,2.254783,1.751917224589166,EXH,2024-03-29
2024-04-06,Q1 to Q1_CEC_TBR_NA_FY24 Junxion AO - Erin Mills_FBIG_CVS_EN_L CEC TBR 126_CP2H8YF,162.95,completed,101.0,actions:offsite_conversion.fb_pixel_purchase,14591.0,,1.61336634,2024-03-31,20308.0,8.023931,32.0,5.092188,0.157573,94.0,0.462872,1.733511,1.3918168734151188,EXH,2024-03-29
2024-03-30,Q1 to Q1_CEC_BRA_N/A_FY24 Q1 Masterbrand Cineplex - Awareness_FBIG_LPV_ENFR_L CEC TBR 122_CP2FKKC_Stephanie Critelli,3035.36,completed,1271.0,actions:landing_page_view,186457.0,,2.3881668,2024-03-31,466190.0,6.510993,2688.0,1.129226,0.576589,4208.0,0.902636,0.721331,2.500254750425031,EXH,2024-03-22
2024-03-30,Q1 to Q1_CEC_BRA_N/A_Ultra AVX Brand - Conversion_FBIG_CVS_ENFR_L CEC TBR 124_CP2GXKV,6027.51,not_delivering,2802.0,actions:offsite_conversion.fb_pixel_purchase,281540.0,,2.15114561,2024-03-31,823802.0,7.316697,1212.0,4.973193,0.147123,3543.0,0.430079,1.701245,2.9260566882148185,EXH,2024-03-22
2024-03-30,Q1 to Q2_CEC_FLM_NA_FY24 Q1 Film Multi Title (Tier 1) - Ghostbusters: Frozen Empire_FBIG_CVS_ENFR_L CEC TFL 114_CP2FQXS,5683.6,not_delivering,2317.0,actions:offsite_conversion.fb_pixel_purchase,453064.0,,2.45299957,2024-03-31,1034647.0,5.493275,2940.0,1.933197,0.284155,17830.0,1.723293,0.318766,2.283666325287377,EXH,2024-03-22
2024-03-30,Q1 to Q1_CEC_BRA_NA_VIP Q1 Always ON - Conversion_FBIG_CVS_ENFR_L CEC TBR 127_CP2H9MG,1367.65,completed,784.0,actions:offsite_conversion.fb_pixel_purchase,73323.0,,1.74445153,2024-03-31,142515.0,9.596534,901.0,1.517925,0.632214,3145.0,2.206785,0.434865,1.9436602430342458,EXH,2024-03-22
2024-03-30,Q1 to Q1_CEC_BRA_NA_VIP Q1 Always ON - Consideration_FBIG_TC_ENFR_L CEC TBR 127_CP2H9MG,2055.73,not_delivering,1106.0,actions:landing_page_view,158829.0,,1.85870705,2024-03-31,330178.0,6.226127,1851.0,1.110605,0.560607,3473.0,1.051857,0.591918,2.078826914480353,EXH,2024-03-22
2024-03-30,Q1 to Q1_CEC_TBR_NA_FY24 Junxion AO - Kildonan_FBIG_CVS_EN_L CEC TBR 126_CP2H8YF,1070.66,completed,348.0,actions:offsite_conversion.fb_pixel_purchase,32002.0,,3.0766092,2024-03-31,149779.0,7.148265,190.0,5.635053,0.126854,335.0,0.223663,3.196,4.680301231173051,EXH,2024-03-22
2024-03-30,Q1 to Q1_CEC_TBR_NA_FY24 Junxion AO - Erin Mills_FBIG_CVS_EN_L CEC TBR 126_CP2H8YF,1094.65,completed,593.0,actions:offsite_conversion.fb_pixel_purchase,48030.0,,1.84595278,2024-03-31,114811.0,9.534365,174.0,6.291092,0.151553,520.0,0.452918,2.105096,2.390401832188216,EXH,2024-03-22
2024-03-23,Q1 to Q1_CEC_BRA_N/A_FY24 Q1 Masterbrand Cineplex - Awareness_FBIG_LPV_ENFR_L CEC TBR 122_CP2FKKC_Stephanie Critelli,3066.25,completed,185.0,actions:landing_page_view,155769.0,,16.57432432,2024-03-31,288058.0,10.644558,1534.0,1.998859,0.532532,2988.0,1.037291,1.026188,1.8492639742182335,EXH,2024-03-15
2024-03-23,Q1 to Q1_CEC_BRA_N/A_Ultra AVX Brand - Conversion_FBIG_CVS_ENFR_L CEC TBR 124_CP2GXKV,5939.52,not_delivering,3002.0,actions:offsite_conversion.fb_pixel_purchase,319217.0,,1.97852099,2024-03-31,927837.0,6.401469,1311.0,4.530526,0.141296,3935.0,0.424105,1.509408,2.9066027185268957,EXH,2024-03-15
2024-03-23,Q1 to Q2_CEC_FLM_NA_FY24 Q1 Film Multi Title (Tier 1) - Ghostbusters: Frozen Empire_FBIG_CVS_ENFR_L CEC TFL 114_CP2FQXS,8955.94,not_delivering,3134.0,actions:offsite_conversion.fb_pixel_purchase,776114.0,,2.85767071,2024-03-31,1421639.0,6.299729,14559.0,0.615148,1.0241,55929.0,3.934121,0.160131,1.8317399248048611,EXH,2024-03-15
2024-03-23,Q1 to Q1_CEC_BRA_NA_VIP Q1 Always ON - Conversion_FBIG_CVS_ENFR_L CEC TBR 127_CP2H9MG,1371.09,completed,984.0,actions:offsite_conversion.fb_pixel_purchase,75489.0,,1.39338415,2024-03-31,145100.0,9.449276,687.0,1.995764,0.473467,2464.0,1.698139,0.556449,1.922134350700102,EXH,2024-03-15
2024-03-23,Q1 to Q1_CEC_BRA_NA_VIP Q1 Always ON - Consideration_FBIG_TC_ENFR_L CEC TBR 127_CP2H9MG,2131.18,not_delivering,246.0,actions:landing_page_view,119052.0,,8.66333333,2024-03-31,190641.0,11.179022,1268.0,1.680741,0.665125,2399.0,1.258386,0.888362,1.601325471222659,EXH,2024-03-15
2024-03-23,Q1 to Q1_CEC_TBR_NA_FY24 Junxion AO - Kildonan_FBIG_CVS_EN_L CEC TBR 126_CP2H8YF,1066.99,completed,219.0,actions:offsite_conversion.fb_pixel_purchase,39894.0,,4.87210046,2024-03-31,174065.0,6.129837,200.0,5.33495,0.1149,344.0,0.197627,3.101715,4.3631874467338445,EXH,2024-03-15
2024-03-23,Q1 to Q1_CEC_TBR_NA_FY24 Junxion AO - Erin Mills_FBIG_CVS_EN_L CEC TBR 126_CP2H8YF,1061.88,completed,556.0,actions:offsite_conversion.fb_pixel_purchase,47473.0,,1.90985612,2024-03-31,120549.0,8.8087,164.0,6.474878,0.136044,478.0,0.396519,2.221506,2.5393170855012324,EXH,2024-03-15
2024-03-16,Q1 to Q1_CEC_BRA_N/A_FY24 Q1 Masterbrand Cineplex - Awareness_FBIG_LPV_ENFR_L CEC TBR 122_CP2FKKC_Stephanie Critelli,2964.15,completed,1160.0,actions:landing_page_view,204174.0,,2.55530172,2024-03-31,512794.0,5.780391,2818.0,1.051863,0.549538,4173.0,0.813777,0.710316,2.511553870718113,EXH,2024-03-08
2024-03-16,Q1 to Q1_CEC_BRA_N/A_Ultra AVX Brand - Conversion_FBIG_CVS_ENFR_L CEC TBR 124_CP2GXKV,6057.21,not_delivering,2875.0,actions:offsite_conversion.fb_pixel_purchase,338650.0,,2.10685565,2024-03-31,1144245.0,5.29363,1395.0,4.342086,0.121914,4135.0,0.361374,1.464863,3.378842462719622,EXH,2024-03-08
2024-03-16,Q1 to Q2_CEC_FLM_NA_FY24 Q1 Film Multi Title (Tier 1) - Ghostbusters: Frozen Empire_FBIG_CVS_ENFR_L CEC TFL 114_CP2FQXS,1396.72,not_delivering,335.0,actions:offsite_conversion.fb_pixel_purchase,141013.0,,4.16931343,2024-03-31,219084.0,6.375272,3555.0,0.392889,1.622665,13572.0,6.194884,0.102912,1.5536439902704007,EXH,2024-03-08
2024-03-16,Q1 to Q1_CEC_BRA_NA_VIP Q1 Always ON - Conversion_FBIG_CVS_ENFR_L CEC TBR 127_CP2H9MG,1394.75,completed,744.0,actions:offsite_conversion.fb_pixel_purchase,65180.0,,1.87466398,2024-03-31,140187.0,9.949211,474.0,2.942511,0.33812,1421.0,1.013646,0.981527,2.1507671064743787,EXH,2024-03-08
2024-03-16,Q1 to Q1_CEC_BRA_NA_VIP Q1 Always ON - Consideration_FBIG_TC_ENFR_L CEC TBR 127_CP2H9MG,2055.24,not_delivering,1023.0,actions:landing_page_view,161074.0,,2.00903226,2024-03-31,389036.0,5.282904,2112.0,0.973125,0.54288,3791.0,0.97446,0.542137,2.4152625501322373,EXH,2024-03-08
2024-03-16,Q1 to Q1_CEC_TBR_NA_FY24 Junxion AO - Kildonan_FBIG_CVS_EN_L CEC TBR 126_CP2H8YF,1078.28,completed,249.0,actions:offsite_conversion.fb_pixel_purchase,41642.0,,4.33044177,2024-03-31,217637.0,4.954488,232.0,4.647759,0.1066,399.0,0.183333,2.702456,5.226382018154748,EXH,2024-03-08
2024-03-16,Q1 to Q1_CEC_TBR_NA_FY24 Junxion AO - Erin Mills_FBIG_CVS_EN_L CEC TBR 126_CP2H8YF,1079.17,completed,545.0,actions:offsite_conversion.fb_pixel_purchase,46418.0,,1.98012844,2024-03-31,133085.0,8.108878,198.0,5.450354,0.148777,504.0,0.378705,2.14121,2.867098970227067,EXH,2024-03-08
2024-03-09,Q1 to Q1_CEC_BRA_N/A_FY24 Q1 Masterbrand Cineplex - Awareness_FBIG_LPV_ENFR_L CEC TBR 122_CP2FKKC_Stephanie Critelli,3047.03,completed,1616.0,actions:landing_page_view,230449.0,,1.88553837,2024-03-31,577923.0,5.272381,2992.0,1.018392,0.517716,4471.0,0.773632,0.68151,2.507813008518154,EXH,2024-03-01
2024-03-09,Q1 to Q1_CEC_BRA_N/A_Ultra AVX Brand - Conversion_FBIG_CVS_ENFR_L CEC TBR 124_CP2GXKV,6206.46,not_delivering,2709.0,actions:offsite_conversion.fb_pixel_purchase,299378.0,,2.29105205,2024-03-31,1111804.0,5.582333,1296.0,4.788935,0.116567,3349.0,0.301222,1.853228,3.7137130984908713,EXH,2024-03-01
2024-03-09,Q1 to Q1_CEC_BRA_NA_VIP Q1 Always ON - Conversion_FBIG_CVS_ENFR_L CEC TBR 127_CP2H9MG,1441.01,completed,648.0,actions:offsite_conversion.fb_pixel_purchase,54878.0,,2.22378086,2024-03-31,124970.0,11.530847,192.0,7.50526,0.153637,502.0,0.401696,2.870538,2.2772331353183426,EXH,2024-03-01
2024-03-09,Q1 to Q1_CEC_BRA_NA_VIP Q1 Always ON - Consideration_FBIG_TC_ENFR_L CEC TBR 127_CP2H9MG,2136.47,not_delivering,1444.0,actions:landing_page_view,168087.0,,1.47954986,2024-03-31,399967.0,5.341616,2387.0,0.895044,0.596799,4721.0,1.180347,0.452546,2.3795236990368083,EXH,2024-03-01
2024-03-09,Q1 to Q1_CEC_TBR_NA_FY24 Junxion AO - Kildonan_FBIG_CVS_EN_L CEC TBR 126_CP2H8YF,1094.58,completed,211.0,actions:offsite_conversion.fb_pixel_purchase,44917.0,,5.18758294,2024-03-31,227335.0,4.814833,245.0,4.467673,0.10777,382.0,0.168034,2.865393,5.061224035443151,EXH,2024-03-01
2024-03-09,Q1 to Q1_CEC_TBR_NA_FY24 Junxion AO - Erin Mills_FBIG_CVS_EN_L CEC TBR 126_CP2H8YF,1085.97,completed,496.0,actions:offsite_conversion.fb_pixel_purchase,44080.0,,2.18945565,2024-03-31,134572.0,8.069807,190.0,5.715632,0.141188,534.0,0.396814,2.033652,3.0529038112522686,EXH,2024-03-01
2024-03-02,Q1 to Q1_CEC_BRA_N/A_FY24 Q1 Masterbrand Cineplex - Awareness_FBIG_LPV_ENFR_L CEC TBR 122_CP2FKKC_Stephanie Critelli,3052.78,completed,1673.0,actions:landing_page_view,228444.0,,1.82473401,2024-03-31,600534.0,5.083442,3180.0,0.959994,0.529529,4801.0,0.799455,0.635863,2.628801807007407,EXH,2024-02-23
2024-03-02,Q1 to Q1_CEC_BRA_N/A_Ultra AVX Brand - Conversion_FBIG_CVS_ENFR_L CEC TBR 124_CP2GXKV,6259.31,not_delivering,1973.0,actions:offsite_conversion.fb_pixel_purchase,291895.0,,3.17248353,2024-03-31,1035276.0,6.04603,1299.0,4.81856,0.125474,3794.0,0.366472,1.649792,3.546741122663972,EXH,2024-02-23
2024-03-02,Q1 to Q1_CEC_BRA_NA_VIP Q1 Always ON - Conversion_FBIG_CVS_ENFR_L CEC TBR 127_CP2H9MG,263.69,completed,107.0,actions:offsite_conversion.fb_pixel_purchase,14278.0,,2.46439252,2024-03-31,20216.0,13.043629,31.0,8.506129,0.153344,86.0,0.425406,3.066163,1.4158845776719429,EXH,2024-02-23
2024-03-02,Q1 to Q1_CEC_BRA_NA_VIP Q1 Always ON - Consideration_FBIG_TC_ENFR_L CEC TBR 127_CP2H9MG,398.57,not_delivering,244.0,actions:landing_page_view,46754.0,,1.63348361,2024-03-31,66706.0,5.975025,410.0,0.972122,0.614637,889.0,1.332714,0.448335,1.4267442357873124,EXH,2024-02-23
2024-03-02,Q1 to Q1_CEC_TBR_NA_FY24 Junxion AO - Kildonan_FBIG_CVS_EN_L CEC TBR 126_CP2H8YF,250.89,completed,43.0,actions:offsite_conversion.fb_pixel_purchase,19115.0,,5.83465116,2024-03-31,43163.0,5.812617,38.0,6.602368,0.088038,64.0,0.148275,3.920156,2.258069578864766,EXH,2024-02-23
2024-03-02,Q1 to Q1_CEC_TBR_NA_FY24 Junxion AO - Erin Mills_FBIG_CVS_EN_L CEC TBR 126_CP2H8YF,232.36,completed,73.0,actions:offsite_conversion.fb_pixel_purchase,13839.0,,3.1830137,2024-03-31,24339.0,9.546818,42.0,5.532381,0.172563,108.0,0.443732,2.151481,1.7587253414264037,EXH,2024-02-23
2024-02-24,Q1 to Q1_CEC_BRA_N/A_FY24 Q1 Masterbrand Cineplex - Awareness_FBIG_LPV_ENFR_L CEC TBR 122_CP2FKKC_Stephanie Critelli,3033.79,completed,1641.0,actions:landing_page_view,233087.0,,1.84874467,2024-03-31,604318.0,5.020188,3170.0,0.957032,0.524558,5148.0,0.851869,0.589314,2.5926714059557163,EXH,2024-02-16
2024-02-24,Q1 to Q1_CEC_BRA_N/A_Ultra AVX Brand - Conversion_FBIG_CVS_ENFR_L CEC TBR 124_CP2GXKV,1521.09,not_delivering,215.0,actions:offsite_conversion.fb_pixel_purchase,130493.0,,7.07483721,2024-03-31,241998.0,6.285548,330.0,4.609364,0.136365,909.0,0.375623,1.673366,1.8544902791720628,EXH,2024-02-16
2024-02-17,Q1 to Q1_CEC_BRA_N/A_FY24 Q1 Masterbrand Cineplex - Awareness_FBIG_LPV_ENFR_L CEC TBR 122_CP2FKKC_Stephanie Critelli,3068.45,completed,1783.0,actions:landing_page_view,255150.0,,1.72094784,2024-03-31,616322.0,4.978648,3435.0,0.89329,0.557339,5445.0,0.883467,0.563535,2.4155281207133057,EXH,2024-02-09
2024-02-10,Q1 to Q1_CEC_BRA_N/A_FY24 Q1 Masterbrand Cineplex - Awareness_FBIG_LPV_ENFR_L CEC TBR 122_CP2FKKC_Stephanie Critelli,3043.87,completed,1695.0,actions:landing_page_view,240710.0,,1.79579351,2024-03-31,637438.0,4.775162,3275.0,0.929426,0.513775,5178.0,0.812314,0.587847,2.648157533962029,EXH,2024-02-02
2024-02-03,Q1 to Q1_CEC_BRA_N/A_FY24 Q1 Masterbrand Cineplex - Awareness_FBIG_LPV_ENFR_L CEC TBR 122_CP2FKKC_Stephanie Critelli,3013.07,completed,1901.0,actions:landing_page_view,280395.0,,1.58499211,2024-03-31,608066.0,4.955169,3496.0,0.861862,0.574938,5810.0,0.955488,0.518601,2.1686050036555575,EXH,2024-01-26
2024-01-27,Q1 to Q1_CEC_BRA_N/A_FY24 Q1 Masterbrand Cineplex - Awareness_FBIG_LPV_ENFR_L CEC TBR 122_CP2FKKC_Stephanie Critelli,3113.04,completed,2099.0,actions:landing_page_view,262725.0,,1.48310624,2024-03-31,573914.0,5.424227,3818.0,0.815359,0.665256,6698.0,1.167074,0.464772,2.18446664763536,EXH,2024-01-19
2024-01-20,Q1 to Q1_CEC_BRA_N/A_FY24 Q1 Masterbrand Cineplex - Awareness_FBIG_LPV_ENFR_L CEC TBR 122_CP2FKKC_Stephanie Critelli,3139.57,completed,2170.0,actions:landing_page_view,280786.0,,1.44680645,2024-03-31,657562.0,4.774561,4103.0,0.765189,0.623972,7951.0,1.209164,0.394865,2.341861773735158,EXH,2024-01-12
2024-01-13,Q1 to Q1_CEC_BRA_N/A_FY24 Q1 Masterbrand Cineplex - Awareness_FBIG_LPV_ENFR_L CEC TBR 122_CP2FKKC_Stephanie Critelli,1827.53,completed,1122.0,actions:landing_page_view,195401.0,,1.62881462,2024-03-31,353379.0,5.171586,2342.0,0.780329,0.662745,5135.0,1.453114,0.355897,1.8084810210797284,EXH,2024-01-05
2024-04-13,Q1 to Q1_CEC_BRA_N/A_FY24 Q1 Masterbrand Cineplex - Saliency_FBIG_CVS_ENFR_L CEC TBR 122_CP2FKKC_Stephanie Critelli,534.07,not_delivering,209.0,actions:offsite_conversion.fb_pixel_purchase,51174.0,,2.55535885,2024-04-07,88984.0,6.001866,217.0,2.461152,0.243864,919.0,1.03277,0.581143,1.73885176065971,EXH,2024-04-05
2024-04-13,Q1 to Q1_CEC_FLM_NA_FY24 Q1Film Always ON_FBIG_CVS_ENFR_L CEC TFL 113_CP2FH40,182.22,not_delivering,172.0,actions:offsite_conversion.fb_pixel_purchase,17674.0,,1.0594186,2024-04-07,24982.0,7.294052,99.0,1.840606,0.396285,246.0,0.984709,0.740732,1.4134887405228018,EXH,2024-04-05
2024-04-13,Q1 to Q1_CEC_FLM_NA_FY24 Q1 IMAX Godzilla x Kong_FBIG_CVS_ENFR_L CEC TMX 085_CP2HZDD,1165.19,not_delivering,691.0,actions:offsite_conversion.fb_pixel_purchase,162220.0,,1.68623734,2024-04-07,228523.0,5.098787,1005.0,1.159393,0.439781,3617.0,1.582773,0.322143,1.4087227222290717,EXH,2024-04-05
2024-04-13,Q1 to Q1_CEC_BRA_N/A_FY24 Q1 Masterbrand Cineplex - Loyalty_FBIG_CVS_ENFR_L CEC TBR 122_CP2FKKC_Stephanie Critelli,169.61,not_delivering,85.0,actions:offsite_conversion.fb_pixel_purchase,17312.0,,1.99541176,2024-04-07,25198.0,6.73109,51.0,3.325686,0.202397,335.0,1.329471,0.506299,1.455522181146026,EXH,2024-04-05
2024-04-06,Q1 to Q1_CEC_BRA_N/A_FY24 Q1 Masterbrand Cineplex - Saliency_FBIG_CVS_ENFR_L CEC TBR 122_CP2FKKC_Stephanie Critelli,3691.43,not_delivering,1229.0,actions:offsite_conversion.fb_pixel_purchase,192564.0,,3.00360456,2024-04-07,557487.0,6.621554,1243.0,2.969775,0.222965,5933.0,1.06424,0.622186,2.895073845578613,EXH,2024-03-29
2024-04-06,Q1 to Q1_CEC_FLM_NA_FY24 Q1Film Always ON_FBIG_CVS_ENFR_L CEC TFL 113_CP2FH40,1337.65,not_delivering,906.0,actions:offsite_conversion.fb_pixel_purchase,97439.0,,1.47643488,2024-04-07,186688.0,7.165163,524.0,2.552767,0.280682,1305.0,0.699027,1.025019,1.91594741325342,EXH,2024-03-29
2024-04-06,Q1 to Q1_CEC_FLM_NA_FY24 Q1 IMAX Godzilla x Kong_FBIG_CVS_ENFR_L CEC TMX 085_CP2HZDD,8703.26,not_delivering,3970.0,actions:offsite_conversion.fb_pixel_purchase,662208.0,,2.19225693,2024-04-07,1629201.0,5.342042,7116.0,1.223055,0.436779,26151.0,1.605143,0.332808,2.4602556900550883,EXH,2024-03-29
2024-04-06,Q1 to Q1_CEC_BRA_N/A_FY24 Q1 Masterbrand Cineplex - Loyalty_FBIG_CVS_ENFR_L CEC TBR 122_CP2FKKC_Stephanie Critelli,1229.23,not_delivering,531.0,actions:offsite_conversion.fb_pixel_purchase,68078.0,,2.31493409,2024-04-07,174136.0,7.059023,329.0,3.736261,0.188933,1797.0,1.031952,0.684046,2.5578894797144454,EXH,2024-03-29
2024-03-30,Q1 to Q1_CEC_BRA_N/A_FY24 Q1 Masterbrand Cineplex - Saliency_FBIG_CVS_ENFR_L CEC TBR 122_CP2FKKC_Stephanie Critelli,3681.85,not_delivering,1427.0,actions:offsite_conversion.fb_pixel_purchase,152178.0,,2.58013315,2024-04-07,426377.0,8.635198,969.0,3.799639,0.227264,4317.0,1.012484,0.852872,2.801830750831263,EXH,2024-03-22
2024-03-30,Q1 to Q1_CEC_FLM_NA_FY24 Q1Film Always ON_FBIG_CVS_ENFR_L CEC TFL 113_CP2FH40,1316.44,not_delivering,883.0,actions:offsite_conversion.fb_pixel_purchase,87743.0,,1.49087203,2024-04-07,173134.0,7.60359,526.0,2.502738,0.303811,1352.0,0.780898,0.973698,1.9731944428615389,EXH,2024-03-22
2024-03-30,Q1 to Q1_CEC_FLM_NA_FY24 Q1 IMAX Godzilla x Kong_FBIG_CVS_ENFR_L CEC TMX 085_CP2HZDD,8814.01,not_delivering,4144.0,actions:offsite_conversion.fb_pixel_purchase,588518.0,,2.12693292,2024-04-07,1540037.0,5.723246,7636.0,1.154271,0.495832,32531.0,2.112352,0.270942,2.6168052633904146,EXH,2024-03-22
2024-03-30,Q1 to Q1_CEC_BRA_N/A_FY24 Q1 Masterbrand Cineplex - Loyalty_FBIG_CVS_ENFR_L CEC TBR 122_CP2FKKC_Stephanie Critelli,1222.68,not_delivering,519.0,actions:offsite_conversion.fb_pixel_purchase,49318.0,,2.35583815,2024-04-07,137468.0,8.894288,287.0,4.260209,0.208776,1175.0,0.854744,1.040579,2.7873798613082443,EXH,2024-03-22
2024-03-23,Q1 to Q1_CEC_BRA_N/A_FY24 Q1 Masterbrand Cineplex - Saliency_FBIG_CVS_ENFR_L CEC TBR 122_CP2FKKC_Stephanie Critelli,3631.78,not_delivering,1419.0,actions:offsite_conversion.fb_pixel_purchase,224597.0,,2.55939394,2024-04-07,488152.0,7.439855,971.0,3.740247,0.198913,4612.0,0.944788,0.787463,2.173457348050063,EXH,2024-03-15
2024-03-23,Q1 to Q1_CEC_FLM_NA_FY24 Q1Film Always ON_FBIG_CVS_ENFR_L CEC TFL 113_CP2FH40,1268.93,not_delivering,1087.0,actions:offsite_conversion.fb_pixel_purchase,94272.0,,1.16736891,2024-04-07,185225.0,6.850749,489.0,2.594949,0.264003,1252.0,0.675935,1.013522,1.9647933638832316,EXH,2024-03-15
2024-03-23,Q1 to Q1_CEC_FLM_NA_FY24 Q1 IMAX Godzilla x Kong_FBIG_CVS_ENFR_L CEC TMX 085_CP2HZDD,185.01,not_delivering,11.0,actions:offsite_conversion.fb_pixel_purchase,29328.0,,16.81909091,2024-04-07,33423.0,5.53541,218.0,0.84867,0.652245,927.0,2.773539,0.199579,1.139627659574468,EXH,2024-03-15
2024-03-23,Q1 to Q1_CEC_BRA_N/A_FY24 Q1 Masterbrand Cineplex - Loyalty_FBIG_CVS_ENFR_L CEC TBR 122_CP2FKKC_Stephanie Critelli,1220.21,not_delivering,601.0,actions:offsite_conversion.fb_pixel_purchase,65131.0,,2.0302995,2024-04-07,157490.0,7.747857,261.0,4.675134,0.165725,1329.0,0.843863,0.918141,2.4180497766040747,EXH,2024-03-15
2024-03-16,Q1 to Q1_CEC_BRA_N/A_FY24 Q1 Masterbrand Cineplex - Saliency_FBIG_CVS_ENFR_L CEC TBR 122_CP2FKKC_Stephanie Critelli,3664.77,not_delivering,2053.0,actions:offsite_conversion.fb_pixel_purchase,230561.0,,1.78508037,2024-04-07,543882.0,6.738171,1783.0,2.055395,0.327828,7142.0,1.313152,0.513129,2.3589505597217224,EXH,2024-03-08
2024-03-16,Q1 to Q1_CEC_FLM_NA_FY24 Q1Film Always ON_FBIG_CVS_ENFR_L CEC TFL 113_CP2FH40,1303.26,not_delivering,936.0,actions:offsite_conversion.fb_pixel_purchase,108683.0,,1.39237179,2024-04-07,234057.0,5.568131,595.0,2.190353,0.254212,1423.0,0.607972,0.915854,2.1535750761388623,EXH,2024-03-08
2024-03-16,Q1 to Q1_CEC_BRA_N/A_FY24 Q1 Masterbrand Cineplex - Loyalty_FBIG_CVS_ENFR_L CEC TBR 122_CP2FKKC_Stephanie Critelli,1235.48,not_delivering,768.0,actions:offsite_conversion.fb_pixel_purchase,65338.0,,1.60869792,2024-04-07,183858.0,6.719751,289.0,4.275017,0.157187,1230.0,0.668995,1.004455,2.8139520646484435,EXH,2024-03-08
2024-03-09,Q1 to Q1_CEC_BRA_N/A_FY24 Q1 Masterbrand Cineplex - Saliency_FBIG_CVS_ENFR_L CEC TBR 122_CP2FKKC_Stephanie Critelli,4691.49,not_delivering,1996.0,actions:offsite_conversion.fb_pixel_purchase,282269.0,,2.35044589,2024-04-07,728105.0,6.443425,2878.0,1.630122,0.395273,11927.0,1.638088,0.39335,2.579472063882325,EXH,2024-03-01
2024-03-09,Q1 to Q1_CEC_FLM_NA_FY24 Q1Film Always ON_FBIG_CVS_ENFR_L CEC TFL 113_CP2FH40,1350.29,not_delivering,852.0,actions:offsite_conversion.fb_pixel_purchase,87537.0,,1.58484742,2024-04-07,186170.0,7.252995,418.0,3.230359,0.224526,896.0,0.481281,1.50702,2.1267578281183956,EXH,2024-03-01
2024-03-09,Q1 to Q1_CEC_BRA_N/A_FY24 Q1 Masterbrand Cineplex - Loyalty_FBIG_CVS_ENFR_L CEC TBR 122_CP2FKKC_Stephanie Critelli,1259.48,not_delivering,765.0,actions:offsite_conversion.fb_pixel_purchase,74931.0,,1.64637908,2024-04-07,193060.0,6.523775,309.0,4.075987,0.160054,1439.0,0.745364,0.875247,2.576503716752746,EXH,2024-03-01
2024-03-02,Q1 to Q1_CEC_BRA_N/A_FY24 Q1 Masterbrand Cineplex - Saliency_FBIG_CVS_ENFR_L CEC TBR 122_CP2FKKC_Stephanie Critelli,2553.32,not_delivering,832.0,actions:offsite_conversion.fb_pixel_purchase,152059.0,,3.06889423,2024-04-07,334128.0,7.641742,1246.0,2.049213,0.372911,6039.0,1.807391,0.422805,2.1973576046139986,EXH,2024-02-23
2024-03-02,Q1 to Q1_CEC_FLM_NA_FY24 Q1Film Always ON_FBIG_CVS_ENFR_L CEC TFL 113_CP2FH40,1189.46,not_delivering,613.0,actions:offsite_conversion.fb_pixel_purchase,69003.0,,1.94039152,2024-04-07,133612.0,8.902344,904.0,1.315774,0.676586,2389.0,1.788013,0.49789,1.936321609205397,EXH,2024-02-23
2024-03-02,Q1 to Q1_CEC_BRA_N/A_FY24 Q1 Masterbrand Cineplex - Loyalty_FBIG_CVS_ENFR_L CEC TBR 122_CP2FKKC_Stephanie Critelli,1396.31,not_delivering,664.0,actions:offsite_conversion.fb_pixel_purchase,73955.0,,2.10287651,2024-04-07,187733.0,7.437744,326.0,4.28316,0.173651,1561.0,0.8315,0.894497,2.5384761003312826,EXH,2024-02-23
2024-02-24,Q1 to Q1_CEC_BRA_N/A_FY24 Q1 Masterbrand Cineplex - Saliency_FBIG_CVS_ENFR_L CEC TBR 122_CP2FKKC_Stephanie Critelli,1968.04,not_delivering,833.0,actions:offsite_conversion.fb_pixel_purchase,114001.0,,2.36259304,2024-04-07,259437.0,7.585811,683.0,2.881464,0.263262,4169.0,1.606941,0.472065,2.2757431952351297,EXH,2024-02-16
2024-02-24,Q1 to Q1_CEC_FLM_NA_FY24 Q1Film Always ON_FBIG_CVS_ENFR_L CEC TFL 113_CP2FH40,1325.33,not_delivering,527.0,actions:offsite_conversion.fb_pixel_purchase,76826.0,,2.51485769,2024-04-07,168818.0,7.850644,1248.0,1.061963,0.739258,3435.0,2.034736,0.385831,2.1974071277952776,EXH,2024-02-16
2024-02-24,Q1 to Q1_CEC_BRA_N/A_FY24 Q1 Masterbrand Cineplex - Loyalty_FBIG_CVS_ENFR_L CEC TBR 122_CP2FKKC_Stephanie Critelli,1485.84,not_delivering,644.0,actions:offsite_conversion.fb_pixel_purchase,78809.0,,2.30720497,2024-04-07,239907.0,6.1934,425.0,3.496094,0.177152,2056.0,0.856999,0.722685,3.044157393191133,EXH,2024-02-16
2024-02-17,Q1 to Q1_CEC_BRA_N/A_FY24 Q1 Masterbrand Cineplex - Saliency_FBIG_CVS_ENFR_L CEC TBR 122_CP2FKKC_Stephanie Critelli,1991.16,not_delivering,858.0,actions:offsite_conversion.fb_pixel_purchase,107988.0,,2.3206993,2024-04-07,258031.0,7.716747,616.0,3.232403,0.238731,3126.0,1.211482,0.636967,2.3894414194169724,EXH,2024-02-09
2024-02-17,Q1 to Q1_CEC_FLM_NA_FY24 Q1Film Always ON_FBIG_CVS_ENFR_L CEC TFL 113_CP2FH40,1325.27,not_delivering,684.0,actions:offsite_conversion.fb_pixel_purchase,81184.0,,1.93752924,2024-04-07,183847.0,7.208548,1034.0,1.281692,0.562424,2829.0,1.53878,0.468459,2.264571836815136,EXH,2024-02-09
2024-02-17,Q1 to Q1_CEC_BRA_N/A_FY24 Q1 Masterbrand Cineplex - Loyalty_FBIG_CVS_ENFR_L CEC TBR 122_CP2FKKC_Stephanie Critelli,1521.84,not_delivering,643.0,actions:offsite_conversion.fb_pixel_purchase,79806.0,,2.36678072,2024-04-07,228030.0,6.673859,414.0,3.675942,0.181555,1880.0,0.824453,0.809489,2.857303962108112,EXH,2024-02-09
2024-02-10,Q1 to Q1_CEC_BRA_N/A_FY24 Q1 Masterbrand Cineplex - Saliency_FBIG_CVS_ENFR_L CEC TBR 122_CP2FKKC_Stephanie Critelli,2003.24,not_delivering,1073.0,actions:offsite_conversion.fb_pixel_purchase,110545.0,,1.86695247,2024-04-07,284189.0,7.048971,685.0,2.924438,0.241037,3644.0,1.282245,0.549737,2.5707992220362748,EXH,2024-02-02
2024-02-10,Q1 to Q1_CEC_FLM_NA_FY24 Q1Film Always ON_FBIG_CVS_ENFR_L CEC TFL 113_CP2FH40,1334.15,not_delivering,695.0,actions:offsite_conversion.fb_pixel_purchase,79348.0,,1.91964029,2024-04-07,191476.0,6.967714,968.0,1.378254,0.505546,2514.0,1.312958,0.530688,2.4131169027574733,EXH,2024-02-02
2024-02-10,Q1 to Q1_CEC_BRA_N/A_FY24 Q1 Masterbrand Cineplex - Loyalty_FBIG_CVS_ENFR_L CEC TBR 122_CP2FKKC_Stephanie Critelli,1532.35,not_delivering,778.0,actions:offsite_conversion.fb_pixel_purchase,81704.0,,1.96960154,2024-04-07,260546.0,5.881303,427.0,3.588642,0.163887,2058.0,0.78988,0.744582,3.188901400176246,EXH,2024-02-02
2024-02-03,Q1 to Q1_CEC_BRA_N/A_FY24 Q1 Masterbrand Cineplex - Saliency_FBIG_CVS_ENFR_L CEC TBR 122_CP2FKKC_Stephanie Critelli,2036.02,not_delivering,1662.0,actions:offsite_conversion.fb_pixel_purchase,124306.0,,1.22504212,2024-04-07,313601.0,6.49239,669.0,3.043378,0.213328,3446.0,1.098849,0.590836,2.522814667031358,EXH,2024-01-26
2024-02-03,Q1 to Q1_CEC_FLM_NA_FY24 Q1Film Always ON_FBIG_CVS_ENFR_L CEC TFL 113_CP2FH40,1094.11,not_delivering,920.0,actions:offsite_conversion.fb_pixel_purchase,56570.0,,1.18925,2024-04-07,165217.0,6.62226,338.0,3.237012,0.204579,836.0,0.506001,1.308744,2.9205762771787165,EXH,2024-01-26
2024-02-03,Q1 to Q1_CEC_BRA_N/A_FY24 Q1 Masterbrand Cineplex - Loyalty_FBIG_CVS_ENFR_L CEC TBR 122_CP2FKKC_Stephanie Critelli,1551.18,not_delivering,1179.0,actions:offsite_conversion.fb_pixel_purchase,85421.0,,1.3156743,2024-04-07,274744.0,5.64591,456.0,3.401711,0.165973,2181.0,0.79383,0.711224,3.2163519509254166,EXH,2024-01-26
2024-01-27,Q1 to Q1_CEC_BRA_N/A_FY24 Q1 Masterbrand Cineplex - Saliency_FBIG_CVS_ENFR_L CEC TBR 122_CP2FKKC_Stephanie Critelli,2103.02,not_delivering,1844.0,actions:offsite_conversion.fb_pixel_purchase,117145.0,,1.14046638,2024-04-07,313175.0,6.715159,600.0,3.505033,0.191586,2587.0,0.826056,0.812918,2.673396218361859,EXH,2024-01-19
2024-01-27,Q1 to Q1_CEC_FLM_NA_FY24 Q1Film Always ON_FBIG_CVS_ENFR_L CEC TFL 113_CP2FH40,1363.22,not_delivering,1293.0,actions:offsite_conversion.fb_pixel_purchase,55860.0,,1.05430781,2024-04-07,213105.0,6.39694,390.0,3.495436,0.183008,827.0,0.388072,1.648392,3.814983888292159,EXH,2024-01-19
2024-01-27,Q1 to Q1_CEC_BRA_N/A_FY24 Q1 Masterbrand Cineplex - Loyalty_FBIG_CVS_ENFR_L CEC TBR 122_CP2FKKC_Stephanie Critelli,1605.52,not_delivering,1213.0,actions:offsite_conversion.fb_pixel_purchase,84569.0,,1.32359439,2024-04-07,253450.0,6.334662,427.0,3.76,0.168475,2027.0,0.799763,0.792067,2.99696106138183,EXH,2024-01-19
2024-01-20,Q1 to Q1_CEC_BRA_N/A_FY24 Q1 Masterbrand Cineplex - Saliency_FBIG_CVS_ENFR_L CEC TBR 122_CP2FKKC_Stephanie Critelli,2085.8,not_delivering,1637.0,actions:offsite_conversion.fb_pixel_purchase,130241.0,,1.27416005,2024-04-07,326620.0,6.386014,692.0,3.014162,0.211867,3360.0,1.028718,0.620774,2.507812440015049,EXH,2024-01-12
2024-01-20,Q1 to Q1_CEC_FLM_NA_FY24 Q1Film Always ON_FBIG_CVS_ENFR_L CEC TFL 113_CP2FH40,1334.1,not_delivering,938.0,actions:offsite_conversion.fb_pixel_purchase,66580.0,,1.42228145,2024-04-07,205479.0,6.492634,351.0,3.800855,0.17082,667.0,0.324607,2.00015,3.0861970561730248,EXH,2024-01-12
2024-01-20,Q1 to Q1_CEC_BRA_N/A_FY24 Q1 Masterbrand Cineplex - Loyalty_FBIG_CVS_ENFR_L CEC TBR 122_CP2FKKC_Stephanie Critelli,1569.53,not_delivering,932.0,actions:offsite_conversion.fb_pixel_purchase,84751.0,,1.68404506,2024-04-07,240562.0,6.52443,492.0,3.190102,0.204521,2333.0,0.969812,0.672752,2.838456183407865,EXH,2024-01-12
2024-01-13,Q1 to Q1_CEC_BRA_N/A_FY24 Q1 Masterbrand Cineplex - Saliency_FBIG_CVS_ENFR_L CEC TBR 122_CP2FKKC_Stephanie Critelli,1212.99,not_delivering,1070.0,actions:offsite_conversion.fb_pixel_purchase,83224.0,,1.13363551,2024-04-07,188695.0,6.42831,369.0,3.287236,0.195554,1461.0,0.774265,0.830246,2.267314716908584,EXH,2024-01-05
2024-01-13,Q1 to Q1_CEC_FLM_NA_FY24 Q1Film Always ON_FBIG_CVS_ENFR_L CEC TFL 113_CP2FH40,1379.33,not_delivering,1127.0,actions:offsite_conversion.fb_pixel_purchase,69228.0,,1.2238953,2024-04-07,230382.0,5.987143,544.0,2.535533,0.23613,1114.0,0.483545,1.238178,3.327873114924597,EXH,2024-01-05
2024-01-13,Q1 to Q1_CEC_BRA_N/A_FY24 Q1 Masterbrand Cineplex - Loyalty_FBIG_CVS_ENFR_L CEC TBR 122_CP2FKKC_Stephanie Critelli,925.25,not_delivering,690.0,actions:offsite_conversion.fb_pixel_purchase,57524.0,,1.34094203,2024-04-07,147949.0,6.253844,280.0,3.304464,0.189254,1336.0,0.903014,0.692552,2.5719525763159723,EXH,2024-01-05
2024-01-06,Q1 to Q1_CEC_FLM_NA_FY24 Q1Film Always ON_FBIG_CVS_ENFR_L CEC TFL 113_CP2FH40,272.01,not_delivering,179.0,actions:offsite_conversion.fb_pixel_purchase,14841.0,,1.51960894,2024-04-07,29929.0,9.088509,95.0,2.863263,0.317418,224.0,0.748438,1.21433,2.0166430833501785,EXH,2023-12-29
2024-04-20,Q1 to Q2_CEC_FLM_NA_FY24 Q1 Film Multi Title (Tier 1) - Godzilla x Kong: The New Empire_FBIG_CVS_ENFR_L CEC TFL 114_CP2FQXS,712.34,not_delivering,441.0,actions:offsite_conversion.fb_pixel_purchase,72765.0,,1.61528345,2024-04-14,124938.0,5.701548,275.0,2.590327,0.220109,755.0,0.6043,0.943497,1.7170068027210885,EXH,2024-04-12
2024-04-13,Q1 to Q2_CEC_FLM_NA_FY24 Q1 Film Multi Title (Tier 1) - Godzilla x Kong: The New Empire_FBIG_CVS_ENFR_L CEC TFL 114_CP2FQXS,5314.78,not_delivering,2667.0,actions:offsite_conversion.fb_pixel_purchase,311056.0,,1.9927934,2024-04-14,964059.0,5.51292,3177.0,1.672893,0.329544,9743.0,1.010623,0.545497,3.099310092073453,EXH,2024-04-05
2024-04-06,Q1 to Q2_CEC_FLM_NA_FY24 Q1 Film Multi Title (Tier 1) - Godzilla x Kong: The New Empire_FBIG_CVS_ENFR_L CEC TFL 114_CP2FQXS,5454.28,not_delivering,2380.0,actions:offsite_conversion.fb_pixel_purchase,346780.0,,2.29171429,2024-04-14,989775.0,5.510626,4745.0,1.149479,0.479402,14946.0,1.51004,0.364932,2.8541870926812387,EXH,2024-03-29
2024-03-30,Q1 to Q2_CEC_FLM_NA_FY24 Q1 Film Multi Title (Tier 1) - Godzilla x Kong: The New Empire_FBIG_CVS_ENFR_L CEC TFL 114_CP2FQXS,1549.0,not_delivering,745.0,actions:offsite_conversion.fb_pixel_purchase,111402.0,,2.07919463,2024-04-14,206977.0,7.483923,852.0,1.818075,0.41164,2793.0,1.349425,0.554601,1.857928942029766,EXH,2024-03-22
2024-04-20,Q2 to Q2_CEC_FLM_NA_FY24 Q2 IMAX Civil War_FBIG_CVS_ENFR_L CEC TMX 137_CP2JJTH,6142.62,not_delivering,2505.0,actions:offsite_conversion.fb_pixel_purchase,234621.0,,2.45214371,2024-04-19,796018.0,7.716685,1990.0,3.086744,0.249994,10288.0,1.292433,0.597066,3.3927824022572572,EXH,2024-04-12
2024-04-13,Q2 to Q2_CEC_FLM_NA_FY24 Q2 IMAX Civil War_FBIG_CVS_ENFR_L CEC TMX 137_CP2JJTH,7322.12,not_delivering,3293.0,actions:offsite_conversion.fb_pixel_purchase,502731.0,,2.22354084,2024-04-19,1311076.0,5.584817,5097.0,1.436555,0.388765,36458.0,2.780769,0.200837,2.6079076086415998,EXH,2024-04-05
2024-04-06,Q2 to Q2_CEC_FLM_NA_FY24 Q2 IMAX Civil War_FBIG_CVS_ENFR_L CEC TMX 137_CP2JJTH,1629.6,not_delivering,369.0,actions:offsite_conversion.fb_pixel_purchase,171775.0,,4.41626016,2024-04-19,278870.0,5.843583,1662.0,0.980505,0.595977,13719.0,4.919497,0.118784,1.6234609227186727,EXH,2024-03-29
2024-04-27,Q2 to Q2_CEC_FLM_NA_FY24 Q2 FILM TAROT_FBIG_TC_EN_L CEA FLM 002_CP2JTQ1,8326.43,inactive,4286.0,actions:landing_page_view,434318.0,,1.94270415,2024-04-30,962795.0,8.648186,8219.0,1.013071,0.85366,20967.0,2.177722,0.397121,2.2167973696692287,EXH,2024-04-19
2024-04-27,Q2 to Q2_CEC_FLM_NA_FY24 Q2 FILM TAROT_FBIG_TC_FR_L CEA FLM 002_CP2JTQ1,1905.41,inactive,270.0,actions:landing_page_view,56425.0,,7.05707407,2024-04-30,153379.0,12.422887,1036.0,1.839199,0.675451,2858.0,1.863358,0.666693,2.7182809038546742,EXH,2024-04-19
2024-04-20,Q2 to Q2_CEC_FLM_NA_FY24 Q2 FILM TAROT_FBIG_TC_EN_L CEA FLM 002_CP2JTQ1,8271.17,inactive,4771.0,actions:landing_page_view,364542.0,,1.73363446,2024-04-30,857441.0,9.646343,9077.0,0.911223,1.058615,27196.0,3.171763,0.304132,2.3521048329136285,EXH,2024-04-12
2024-05-11,Q2 to Q2_CEC_FLM_NA_FY24 Q2 FILM TAROT_FBIG_CVS_EN_L CEA FLM 002_CP2JTQ1,4839.71,not_delivering,1171.0,actions:offsite_conversion.fb_pixel_purchase,421584.0,,4.13297182,2024-05-05,724666.0,6.678539,1780.0,2.718938,0.24563,10114.0,1.395677,0.478516,1.7189124824471518,EXH,2024-05-03
2024-05-11,Q2 to Q2_CEC_FLM_NA_FY24 Q2 FILM TAROT_FBIG_CVS_FR_L CEA FLM 002_CP2JTQ1,1309.08,not_delivering,141.0,actions:offsite_conversion.fb_pixel_purchase,101323.0,,9.28425532,2024-05-05,165541.0,7.90789,462.0,2.833506,0.279085,1701.0,1.02754,0.769594,1.6337948935582247,EXH,2024-05-03
2024-05-04,Q2 to Q2_CEC_FLM_NA_FY24 Q2 FILM TAROT_FBIG_CVS_EN_L CEA FLM 002_CP2JTQ1,34420.25,not_delivering,4105.0,actions:offsite_conversion.fb_pixel_purchase,769136.0,,8.38495737,2024-05-05,3903308.0,8.818225,12553.0,2.741994,0.321599,67160.0,1.720592,0.512511,5.074925630837719,EXH,2024-04-26
2024-05-04,Q2 to Q2_CEC_FLM_NA_FY24 Q2 FILM TAROT_FBIG_CVS_FR_L CEA FLM 002_CP2JTQ1,8566.61,not_delivering,481.0,actions:offsite_conversion.fb_pixel_purchase,228449.0,,17.81,2024-05-05,953152.0,8.987664,2966.0,2.88827,0.311178,12073.0,1.26664,0.709568,4.172274774676186,EXH,2024-04-26
2024-04-27,Q2 to Q2_CEC_FLM_NA_FY24 Q2 FILM TAROT_FBIG_CVS_EN_L CEA FLM 002_CP2JTQ1,5937.13,not_delivering,661.0,actions:offsite_conversion.fb_pixel_purchase,296904.0,,8.98204236,2024-05-05,658321.0,9.018594,2942.0,2.018059,0.446894,13740.0,2.087128,0.432106,2.2172857219842106,EXH,2024-04-19
2024-04-27,Q2 to Q2_CEC_FLM_NA_FY24 Q2 FILM TAROT_FBIG_CVS_FR_L CEA FLM 002_CP2JTQ1,1423.18,not_delivering,74.0,actions:offsite_conversion.fb_pixel_purchase,77729.0,,19.23216216,2024-05-05,152275.0,9.346117,684.0,2.080673,0.449187,3054.0,2.005582,0.466005,1.9590500328062885,EXH,2024-04-19
2024-05-18,Q2 to Q2_CEC_FLM_NA_FY24 Q2 IMAX Kingdom of the planet_FBIG_CVS_ENFR_L CEC TMX 137_CP2JJTH,6117.28,not_delivering,2848.0,actions:offsite_conversion.fb_pixel_purchase,286992.0,,2.14792135,2024-05-17,831222.0,7.359382,3070.0,1.992599,0.369336,10640.0,1.280043,0.574932,2.896324636226794,EXH,2024-05-10
2024-05-11,Q2 to Q2_CEC_FLM_NA_FY24 Q2 IMAX Kingdom of the planet_FBIG_CVS_ENFR_L CEC TMX 137_CP2JJTH,7609.28,not_delivering,3393.0,actions:offsite_conversion.fb_pixel_purchase,293010.0,,2.24264073,2024-05-17,973607.0,7.815556,3542.0,2.1483,0.363802,13076.0,1.343047,0.581927,3.3227773796116176,EXH,2024-05-03
2024-05-04,Q2 to Q2_CEC_FLM_NA_FY24 Q2 IMAX Kingdom of the planet_FBIG_CVS_ENFR_L CEC TMX 137_CP2JJTH,1367.78,not_delivering,491.0,actions:offsite_conversion.fb_pixel_purchase,75113.0,,2.78570265,2024-05-17,148867.0,9.187933,649.0,2.107519,0.43596,2458.0,1.651138,0.556461,1.9819072597286755,EXH,2024-04-26
2024-06-01,Q2 to Q2_CEC_IMX_NA_FY24 Q2 IMAX FURIOSA_FBIG_CVS_ENFR_L CEC TMX 137_CP2JJTH,5768.14,not_delivering,2442.0,actions:offsite_conversion.fb_pixel_purchase,272984.0,,2.36205569,2024-05-30,737027.0,7.826226,2506.0,2.301732,0.340015,10921.0,1.481764,0.52817,2.699890836092958,EXH,2024-05-24
2024-05-25,Q2 to Q2_CEC_IMX_NA_FY24 Q2 IMAX FURIOSA_FBIG_CVS_ENFR_L CEC TMX 137_CP2JJTH,7188.14,not_delivering,4369.0,actions:offsite_conversion.fb_pixel_purchase,303701.0,,1.64525978,2024-05-30,880830.0,8.160644,3379.0,2.127298,0.383615,12980.0,1.47361,0.553786,2.9003197223585038,EXH,2024-05-17
2024-05-18,Q2 to Q2_CEC_IMX_NA_FY24 Q2 IMAX FURIOSA_FBIG_CVS_ENFR_L CEC TMX 137_CP2JJTH,2138.06,not_delivering,1071.0,actions:offsite_conversion.fb_pixel_purchase,92532.0,,1.9963212,2024-05-30,212010.0,10.084713,834.0,2.563621,0.393378,3043.0,1.43531,0.702616,2.2912073661003762,EXH,2024-05-10
2024-07-06,Q2 to Q2_CEA_TBR_NA_FY24 Junxion AO - Kildonan_FBIG_CVS_EN_L CEA BRA 001_CP2L02D,122.41,completed,69.0,actions:offsite_conversion.fb_pixel_purchase,7425.0,,1.77405797,2024-06-30,14911.0,8.209376,15.0,8.160667,0.100597,32.0,0.214607,3.825313,2.0082154882154883,EXH,2024-06-28
2024-07-06,Q2 to Q2_CEA_TBR_NA_FY24 Junxion AO - Erin Mills_FBIG_CVS_EN_L CEA BRA 001_CP2L02D,139.89,completed,135.0,actions:offsite_conversion.fb_pixel_purchase,8299.0,,1.03622222,2024-06-30,14278.0,9.797591,25.0,5.5956,0.175095,46.0,0.322174,3.041087,1.7204482467767201,EXH,2024-06-28
2024-07-06,Q2 to Q2_CEA_PPP_NA_FY24 Spring Gift Pack_FBIG_TC_ENFR_L CEA PPP 001_CP2KCBL,354.04,completed,535.0,actions:landing_page_view,46251.0,,0.66175701,2024-06-30,59313.0,5.969012,620.0,0.571032,1.045302,1303.0,2.19682,0.271711,1.2824155153402088,EXH,2024-06-28
2024-07-06,Q2 to Q2_CEC_TGP_NA_FY24 AO EXH Groups & Event_FBIG_TC_EN_L CEC TGP 139_CP2JQY1,185.69,completed,192.0,actions:landing_page_view,28927.0,,0.96713542,2024-06-30,33307.0,5.575104,266.0,0.698083,0.798631,373.0,1.119885,0.497828,1.1514156324541087,EXH,2024-06-28
2024-07-06,Q2 to Q2_CEA_EXH_NA_FY24 Quiet place_FBIG_NA_ENFR_L CEA EXH 001_CP2LNVX,1789.81,not_delivering,1598.0,actions:landing_page_view,220213.0,,1.12003129,2024-06-30,268650.0,6.662237,2561.0,0.698872,0.953285,4826.0,1.796389,0.370868,1.2199552251683596,EXH,2024-06-28
2024-07-06,Q2 to Q2_CEC_TGP_NA_FY24 AO EXH Groups & Event_FBIG_TC_FR_L CEC TGP 139_CP2JQY1,45.03,completed,29.0,actions:landing_page_view,4704.0,,1.55275862,2024-06-30,6005.0,7.498751,52.0,0.865962,0.865945,72.0,1.199001,0.625417,1.2765731292517006,EXH,2024-06-28
2024-06-29,Q2 to Q2_CEA_TBR_NA_FY24 Junxion AO - Kildonan_FBIG_CVS_EN_L CEA BRA 001_CP2L02D,935.16,completed,307.0,actions:offsite_conversion.fb_pixel_purchase,26085.0,,3.04612378,2024-06-30,107106.0,8.731164,156.0,5.994615,0.14565,270.0,0.252087,3.463556,4.106037952846464,EXH,2024-06-21
2024-06-29,Q2 to Q2_CEA_TBR_NA_FY24 Junxion AO - Erin Mills_FBIG_CVS_EN_L CEA BRA 001_CP2L02D,951.93,completed,629.0,actions:offsite_conversion.fb_pixel_purchase,28641.0,,1.51340223,2024-06-30,82498.0,11.538825,145.0,6.565034,0.175762,253.0,0.306674,3.762569,2.880416186585664,EXH,2024-06-21
2024-06-29,Q2 to Q2_CEA_PPP_NA_FY24 Spring Gift Pack_FBIG_TC_ENFR_L CEA PPP 001_CP2KCBL,2325.28,completed,3260.0,actions:landing_page_view,168607.0,,0.71327607,2024-06-30,389328.0,5.972548,3988.0,0.583069,1.024329,9067.0,2.328885,0.256455,2.3090856251519805,EXH,2024-06-21
2024-06-29,Q2 to Q2_CEC_TGP_NA_FY24 AO EXH Groups & Event_FBIG_TC_EN_L CEC TGP 139_CP2JQY1,1362.28,completed,1019.0,actions:landing_page_view,119530.0,,1.33687929,2024-06-30,243907.0,5.585244,1520.0,0.896237,0.623188,2335.0,0.957332,0.583418,2.0405504894168827,EXH,2024-06-21
2024-06-29,Q2 to Q2_CEA_EXH_NA_FY24 Quiet place_FBIG_NA_ENFR_L CEA EXH 001_CP2LNVX,12528.37,not_delivering,11885.0,actions:landing_page_view,845760.0,,1.05413294,2024-06-30,2016849.0,6.211853,18179.0,0.689167,0.901357,38852.0,1.926371,0.322464,2.384658768444949,EXH,2024-06-21
2024-06-29,Q2 to Q2_CEC_TGP_NA_FY24 AO EXH Groups & Event_FBIG_TC_FR_L CEC TGP 139_CP2JQY1,339.0,completed,183.0,actions:landing_page_view,17839.0,,1.85245902,2024-06-30,44814.0,7.5646,269.0,1.260223,0.600259,412.0,0.919356,0.822816,2.5121363305118,EXH,2024-06-21
2024-06-22,Q2 to Q2_CEA_TBR_NA_FY24 Junxion AO - Kildonan_FBIG_CVS_EN_L CEA BRA 001_CP2L02D,936.25,completed,269.0,actions:offsite_conversion.fb_pixel_purchase,24630.0,,3.48048327,2024-06-30,104268.0,8.979265,188.0,4.980053,0.180305,303.0,0.290597,3.089934,4.233373934226553,EXH,2024-06-14
2024-06-22,Q2 to Q2_CEA_TBR_NA_FY24 Junxion AO - Erin Mills_FBIG_CVS_EN_L CEA BRA 001_CP2L02D,933.81,completed,729.0,actions:offsite_conversion.fb_pixel_purchase,23451.0,,1.2809465,2024-06-30,77682.0,12.020931,128.0,7.295391,0.164774,209.0,0.269046,4.46799,3.312523986183958,EXH,2024-06-14
2024-06-22,Q2 to Q2_CEA_PPP_NA_FY24 Spring Gift Pack_FBIG_TC_ENFR_L CEA PPP 001_CP2KCBL,2325.68,completed,3824.0,actions:landing_page_view,188940.0,,0.60817992,2024-06-30,418048.0,5.563189,4779.0,0.486646,1.14317,10836.0,2.592047,0.214625,2.2125965915105326,EXH,2024-06-14
2024-06-22,Q2 to Q2_CEC_TGP_NA_FY24 AO EXH Groups & Event_FBIG_TC_EN_L CEC TGP 139_CP2JQY1,1404.1,completed,1095.0,actions:landing_page_view,142890.0,,1.28228311,2024-06-30,260689.0,5.386111,1635.0,0.858777,0.627184,2417.0,0.927158,0.580927,1.824403387220939,EXH,2024-06-14
2024-06-22,Q2 to Q2_CEA_EXH_NA_FY24 Quiet place_FBIG_NA_ENFR_L CEA EXH 001_CP2LNVX,7601.33,not_delivering,10782.0,actions:landing_page_view,589127.0,,0.70500185,2024-06-30,1261186.0,6.027128,15136.0,0.502202,1.20014,35976.0,2.852553,0.211289,2.140771005233167,EXH,2024-06-14
2024-06-22,Q2 to Q2_CEC_TGP_NA_FY24 AO EXH Groups & Event_FBIG_TC_FR_L CEC TGP 139_CP2JQY1,348.51,completed,185.0,actions:landing_page_view,17999.0,,1.88383784,2024-06-30,48069.0,7.250203,312.0,1.117019,0.649067,491.0,1.021448,0.709796,2.670648369353853,EXH,2024-06-14
2024-06-15,Q2 to Q2_CEA_TBR_NA_FY24 Junxion AO - Kildonan_FBIG_CVS_EN_L CEA BRA 001_CP2L02D,997.42,completed,262.0,actions:offsite_conversion.fb_pixel_purchase,25655.0,,3.80694656,2024-06-30,105074.0,9.492548,174.0,5.732299,0.165598,295.0,0.280755,3.381085,4.09565386864159,EXH,2024-06-07
2024-06-15,Q2 to Q2_CEA_TBR_NA_FY24 Junxion AO - Erin Mills_FBIG_CVS_EN_L CEA BRA 001_CP2L02D,965.26,completed,684.0,actions:offsite_conversion.fb_pixel_purchase,25692.0,,1.41119883,2024-06-30,80187.0,12.037612,145.0,6.656966,0.180827,295.0,0.36789,3.272068,3.1210882765063053,EXH,2024-06-07
2024-06-15,Q2 to Q2_CEA_PPP_NA_FY24 Spring Gift Pack_FBIG_TC_ENFR_L CEA PPP 001_CP2KCBL,2363.9,completed,2832.0,actions:landing_page_view,249360.0,,0.83471045,2024-06-30,503576.0,4.694227,3773.0,0.626531,0.749241,8537.0,1.695275,0.276901,2.0194738530638436,EXH,2024-06-07
2024-06-15,Q2 to Q2_CEC_TGP_NA_FY24 AO EXH Groups & Event_FBIG_TC_EN_L CEC TGP 139_CP2JQY1,1395.8,completed,1118.0,actions:landing_page_view,133905.0,,1.24847943,2024-06-30,258375.0,5.402225,1608.0,0.868035,0.622351,2879.0,1.114272,0.484821,1.9295395989694186,EXH,2024-06-07
2024-06-15,Q2 to Q2_CEC_TGP_NA_FY24 AO EXH Groups & Event_FBIG_TC_FR_L CEC TGP 139_CP2JQY1,347.38,completed,161.0,actions:landing_page_view,19825.0,,2.15763975,2024-06-30,48266.0,7.197199,294.0,1.181565,0.609124,508.0,1.052501,0.683819,2.4346027742749055,EXH,2024-06-07
2024-06-08,Q2 to Q2_CEA_TBR_NA_FY24 Junxion AO - Kildonan_FBIG_CVS_EN_L CEA BRA 001_CP2L02D,945.91,completed,159.0,actions:offsite_conversion.fb_pixel_purchase,29065.0,,5.9491195,2024-06-30,117377.0,8.058734,178.0,5.314101,0.151648,299.0,0.254735,3.163579,4.038431102700843,EXH,2024-05-31
2024-06-08,Q2 to Q2_CEA_TBR_NA_FY24 Junxion AO - Erin Mills_FBIG_CVS_EN_L CEA BRA 001_CP2L02D,963.58,completed,558.0,actions:offsite_conversion.fb_pixel_purchase,25937.0,,1.72684588,2024-06-30,86030.0,11.200511,118.0,8.165932,0.137161,251.0,0.291759,3.838964,3.3168832170258704,EXH,2024-05-31
2024-06-08,Q2 to Q2_CEA_PPP_NA_FY24 Spring Gift Pack_FBIG_TC_ENFR_L CEA PPP 001_CP2KCBL,2382.91,completed,2844.0,actions:landing_page_view,242350.0,,0.83787271,2024-06-30,490620.0,4.856936,3761.0,0.633584,0.766581,8460.0,1.724349,0.281668,2.0244274809160308,EXH,2024-05-31
2024-06-08,Q2 to Q2_CEC_TGP_NA_FY24 AO EXH Groups & Event_FBIG_TC_EN_L CEC TGP 139_CP2JQY1,1372.39,completed,1100.0,actions:landing_page_view,128326.0,,1.24762727,2024-06-30,255873.0,5.363559,1635.0,0.839382,0.638989,2973.0,1.161905,0.461618,1.9939295232454841,EXH,2024-05-31
2024-06-08,Q2 to Q2_CEC_TGP_NA_FY24 AO EXH Groups & Event_FBIG_TC_FR_L CEC TGP 139_CP2JQY1,346.39,completed,205.0,actions:landing_page_view,18508.0,,1.68970732,2024-06-30,49558.0,6.989588,342.0,1.012836,0.6901,544.0,1.097704,0.636746,2.6776529068510913,EXH,2024-05-31
2024-06-01,Q2 to Q2_CEA_TBR_NA_FY24 Junxion AO - Kildonan_FBIG_CVS_EN_L CEA BRA 001_CP2L02D,779.82,completed,129.0,actions:offsite_conversion.fb_pixel_purchase,27319.0,,6.04511628,2024-06-30,100446.0,7.763574,130.0,5.998615,0.129423,226.0,0.224997,3.450531,3.6767817270031844,EXH,2024-05-24
2024-06-01,Q2 to Q2_CEA_TBR_NA_FY24 Junxion AO - Erin Mills_FBIG_CVS_EN_L CEA BRA 001_CP2L02D,762.46,completed,305.0,actions:offsite_conversion.fb_pixel_purchase,20347.0,,2.49986885,2024-06-30,65378.0,11.662333,101.0,7.549109,0.154486,202.0,0.308972,3.774554,3.2131518159925294,EXH,2024-05-24
2024-06-01,Q2 to Q2_CEA_PPP_NA_FY24 Spring Gift Pack_FBIG_TC_ENFR_L CEA PPP 001_CP2KCBL,2327.16,completed,3397.0,actions:landing_page_view,186456.0,,0.68506329,2024-06-30,413448.0,5.628664,4386.0,0.530588,1.060835,9304.0,2.250343,0.250125,2.2174024971038744,EXH,2024-05-24
2024-06-01,Q2 to Q2_CEC_TGP_NA_FY24 AO EXH Groups & Event_FBIG_TC_EN_L CEC TGP 139_CP2JQY1,1417.01,completed,1130.0,actions:landing_page_view,138844.0,,1.25399115,2024-06-30,266091.0,5.325283,1620.0,0.874698,0.608814,2747.0,1.032354,0.515839,1.916474604592204,EXH,2024-05-24
2024-06-01,Q2 to Q2_CEC_TGP_NA_FY24 AO EXH Groups & Event_FBIG_TC_FR_L CEC TGP 139_CP2JQY1,356.21,completed,182.0,actions:landing_page_view,20642.0,,1.9571978,2024-06-30,47827.0,7.447885,282.0,1.263156,0.589625,472.0,0.98689,0.754682,2.3169750993120823,EXH,2024-05-24
2024-05-25,Q2 to Q2_CEA_PPP_NA_FY24 Spring Gift Pack_FBIG_TC_ENFR_L CEA PPP 001_CP2KCBL,2385.87,completed,2990.0,actions:landing_page_view,241126.0,,0.79794983,2024-06-30,492746.0,4.841988,3923.0,0.608175,0.796151,8959.0,1.818178,0.26631,2.0435208148436916,EXH,2024-05-17
2024-05-25,Q2 to Q2_CEC_TGP_NA_FY24 AO EXH Groups & Event_FBIG_TC_EN_L CEC TGP 139_CP2JQY1,1415.14,completed,1115.0,actions:landing_page_view,138123.0,,1.26918386,2024-06-30,273227.0,5.179356,1618.0,0.874623,0.592182,2481.0,0.908036,0.570391,1.9781426699391123,EXH,2024-05-17
2024-05-25,Q2 to Q2_CEC_TGP_NA_FY24 AO EXH Groups & Event_FBIG_TC_FR_L CEC TGP 139_CP2JQY1,350.64,completed,188.0,actions:landing_page_view,20627.0,,1.86510638,2024-06-30,48912.0,7.168793,307.0,1.14215,0.627658,479.0,0.97931,0.732025,2.3712609686333446,EXH,2024-05-17
2024-05-18,Q2 to Q2_CEA_PPP_NA_FY24 Spring Gift Pack_FBIG_TC_ENFR_L CEA PPP 001_CP2KCBL,2357.21,completed,3357.0,actions:landing_page_view,221933.0,,0.70217754,2024-06-30,482386.0,4.886564,4372.0,0.539161,0.906328,9701.0,2.011045,0.242986,2.173565896013662,EXH,2024-05-10
2024-05-18,Q2 to Q2_CEC_TGP_NA_FY24 AO EXH Groups & Event_FBIG_TC_EN_L CEC TGP 139_CP2JQY1,1419.58,completed,1023.0,actions:landing_page_view,156442.0,,1.38766373,2024-06-30,283621.0,5.005201,1471.0,0.965044,0.51865,2514.0,0.886394,0.56467,1.8129466511550607,EXH,2024-05-10
2024-05-18,Q2 to Q2_CEC_TGP_NA_FY24 AO EXH Groups & Event_FBIG_TC_FR_L CEC TGP 139_CP2JQY1,362.52,completed,187.0,actions:landing_page_view,22014.0,,1.93860963,2024-06-30,51140.0,7.088776,352.0,1.029886,0.688307,574.0,1.122409,0.631568,2.3230671390933044,EXH,2024-05-10
2024-05-11,Q2 to Q2_CEA_PPP_NA_FY24 Spring Gift Pack_FBIG_TC_ENFR_L CEA PPP 001_CP2KCBL,2319.99,completed,4651.0,actions:landing_page_view,196993.0,,0.49881531,2024-06-30,496744.0,4.670394,6005.0,0.386343,1.208872,13951.0,2.808489,0.166296,2.5216327483717698,EXH,2024-05-03
2024-05-11,Q2 to Q2_CEC_TGP_NA_FY24 AO EXH Groups & Event_FBIG_TC_EN_L CEC TGP 139_CP2JQY1,1456.15,completed,1128.0,actions:landing_page_view,161284.0,,1.29091312,2024-06-30,306117.0,4.756841,1575.0,0.92454,0.514509,2619.0,0.855555,0.555995,1.8979998015922224,EXH,2024-05-03
2024-05-11,Q2 to Q2_CEC_TGP_NA_FY24 AO EXH Groups & Event_FBIG_TC_FR_L CEC TGP 139_CP2JQY1,363.36,completed,179.0,actions:landing_page_view,19581.0,,2.02994413,2024-06-30,48860.0,7.436758,300.0,1.2112,0.613999,462.0,0.945559,0.786494,2.495276032889025,EXH,2024-05-03
2024-05-04,Q2 to Q2_CEA_PPP_NA_FY24 Spring Gift Pack_FBIG_TC_ENFR_L CEA PPP 001_CP2KCBL,857.95,completed,3105.0,actions:landing_page_view,78315.0,,0.2763124,2024-06-30,151235.0,5.672959,3800.0,0.225776,2.512646,8005.0,5.293087,0.107177,1.931111536742642,EXH,2024-04-26
2024-05-04,Q2 to Q2_CEC_TGP_NA_FY24 AO EXH Groups & Event_FBIG_TC_EN_L CEC TGP 139_CP2JQY1,1448.61,completed,1164.0,actions:landing_page_view,185996.0,,1.24451031,2024-06-30,323119.0,4.483209,1703.0,0.850622,0.52705,2961.0,0.916381,0.48923,1.7372362846512828,EXH,2024-04-26
2024-05-04,Q2 to Q2_CEC_TGP_NA_FY24 AO EXH Groups & Event_FBIG_TC_FR_L CEC TGP 139_CP2JQY1,362.62,completed,174.0,actions:landing_page_view,21926.0,,2.08402299,2024-06-30,48288.0,7.509526,342.0,1.060292,0.708251,572.0,1.184559,0.633951,2.202316884064581,EXH,2024-04-26
2024-04-27,Q2 to Q2_CEC_TGP_NA_FY24 AO EXH Groups & Event_FBIG_TC_EN_L CEC TGP 139_CP2JQY1,1452.89,completed,1267.0,actions:landing_page_view,175360.0,,1.14671665,2024-06-30,318956.0,4.555142,1762.0,0.824569,0.552427,3138.0,0.983835,0.462999,1.8188640510948906,EXH,2024-04-19
2024-04-27,Q2 to Q2_CEC_TGP_NA_FY24 AO EXH Groups & Event_FBIG_TC_FR_L CEC TGP 139_CP2JQY1,362.94,completed,195.0,actions:landing_page_view,26041.0,,1.86123077,2024-06-30,51677.0,7.023241,348.0,1.042931,0.673414,790.0,1.528727,0.459418,1.9844476018586077,EXH,2024-04-19
2024-04-20,Q2 to Q2_CEC_TGP_NA_FY24 AO EXH Groups & Event_FBIG_TC_EN_L CEC TGP 139_CP2JQY1,632.56,completed,530.0,actions:landing_page_view,74270.0,,1.19350943,2024-06-30,111520.0,5.672166,728.0,0.868901,0.652798,1455.0,1.304699,0.434749,1.5015484044701763,EXH,2024-04-12
2024-04-20,Q2 to Q2_CEC_TGP_NA_FY24 AO EXH Groups & Event_FBIG_TC_FR_L CEC TGP 139_CP2JQY1,155.96,completed,75.0,actions:landing_page_view,11302.0,,2.07946667,2024-06-30,19024.0,8.198066,165.0,0.945212,0.867325,406.0,2.134146,0.384138,1.683241904087772,EXH,2024-04-12
2024-07-13,Q2 to Q2_CEA_BRA_NA_FY24 Masterbrand cineplex_FBIG_AWA_ENFR_L CEA BRA 002_CP2LJ4S,1957.78,completed,918811.0,reach,918811.0,,2.13077553,2024-07-07,983736.0,1.990148,646.0,3.030619,0.065668,1522.0,0.154716,1.286321,1.0706619750960753,EXH,2024-07-05
2024-07-13,Q2 to Q2_CEA_BRA_NA_FY24 Masterbrand cineplex_FBIG_TC_ENFR_L CEA BRA 002_CP2LJ4S,718.73,not_delivering,887.0,actions:landing_page_view,94924.0,,0.81029312,2024-07-07,108246.0,6.639783,1332.0,0.539587,1.23053,2832.0,2.616263,0.253789,1.1403438540305928,EXH,2024-07-05
2024-07-06,Q2 to Q2_CEA_BRA_NA_FY24 Masterbrand cineplex_FBIG_AWA_ENFR_L CEA BRA 002_CP2LJ4S,12436.41,completed,4780789.0,reach,4780789.0,,2.60133003,2024-07-07,6657014.0,1.868166,3690.0,3.370301,0.05543,9898.0,0.148685,1.256457,1.3924509113453867,EXH,2024-06-28
2024-07-06,Q2 to Q2_CEA_BRA_NA_FY24 Masterbrand cineplex_FBIG_TC_ENFR_L CEA BRA 002_CP2LJ4S,5382.32,not_delivering,6367.0,actions:landing_page_view,368158.0,,0.84534632,2024-07-07,704733.0,7.637389,10101.0,0.53285,1.433309,18841.0,2.673495,0.285671,1.9142134626980807,EXH,2024-06-28
2024-06-29,Q2 to Q2_CEA_BRA_NA_FY24 Masterbrand cineplex_FBIG_AWA_ENFR_L CEA BRA 002_CP2LJ4S,12419.86,completed,4577783.0,reach,4577783.0,,2.71307312,2024-07-07,6214970.0,1.998378,2811.0,4.418307,0.04523,8646.0,0.139116,1.436486,1.3576375289086442,EXH,2024-06-21
2024-06-29,Q2 to Q2_CEA_BRA_NA_FY24 Masterbrand cineplex_FBIG_TC_ENFR_L CEA BRA 002_CP2LJ4S,5376.04,not_delivering,6427.0,actions:landing_page_view,320338.0,,0.83647736,2024-07-07,564901.0,9.516783,9817.0,0.547626,1.737827,16997.0,3.008846,0.316293,1.763452977792207,EXH,2024-06-21
2024-06-22,Q2 to Q2_CEA_BRA_NA_FY24 Masterbrand cineplex_FBIG_AWA_ENFR_L CEA BRA 002_CP2LJ4S,12494.46,completed,4751199.0,reach,4751199.0,,2.62974883,2024-07-07,6384525.0,1.956991,3147.0,3.970276,0.049291,9429.0,0.147685,1.32511,1.3437713301421388,EXH,2024-06-14
2024-06-22,Q2 to Q2_CEA_BRA_NA_FY24 Masterbrand cineplex_FBIG_TC_ENFR_L CEA BRA 002_CP2LJ4S,5359.18,not_delivering,5843.0,actions:landing_page_view,335179.0,,0.91719665,2024-07-07,589349.0,9.093389,9130.0,0.586986,1.549167,20742.0,3.519477,0.258373,1.7583112307155282,EXH,2024-06-14
2024-06-15,Q2 to Q2_CEA_BRA_NA_FY24 Masterbrand cineplex_FBIG_AWA_ENFR_L CEA BRA 002_CP2LJ4S,2983.91,completed,1399173.0,reach,1399173.0,,2.13262406,2024-07-07,1661006.0,1.796447,734.0,4.065272,0.04419,2119.0,0.127573,1.408169,1.1871341142231875,EXH,2024-06-07
2024-06-15,Q2 to Q2_CEA_BRA_NA_FY24 Masterbrand cineplex_FBIG_TC_ENFR_L CEA BRA 002_CP2LJ4S,1288.71,not_delivering,1229.0,actions:landing_page_view,107606.0,,1.04858421,2024-07-07,145391.0,8.863754,2079.0,0.61987,1.429937,7525.0,5.175699,0.171257,1.3511421296210249,EXH,2024-06-07
2024-07-20,Q2 to Q2_CEC_FLM_NA_FY24 Q2 Convert & Upgrade_FBIG_CVS_ENFR_L CEA FLM 003_CP2JYTK,257.95,completed,,,42597.0,,,2024-07-14,52596.0,4.904365,228.0,1.13136,0.433493,1127.0,2.142749,0.228882,1.234734840481724,EXH,2024-07-12
2024-07-13,Q2 to Q2_CEC_FLM_NA_FY24 Q2 Convert & Upgrade_FBIG_CVS_ENFR_L CEA FLM 003_CP2JYTK,1451.56,completed,,,170425.0,,,2024-07-14,277614.0,5.228699,1129.0,1.285704,0.40668,5685.0,2.047807,0.255332,1.6289511515329325,EXH,2024-07-05
2024-07-06,Q2 to Q2_CEC_FLM_NA_FY24 Q2 Convert & Upgrade_FBIG_CVS_ENFR_L CEA FLM 003_CP2JYTK,1334.28,completed,,,112400.0,,,2024-07-14,211608.0,6.305433,1159.0,1.151234,0.547711,5113.0,2.41626,0.260958,1.8826334519572954,EXH,2024-06-28
2024-06-29,Q2 to Q2_CEC_FLM_NA_FY24 Q2 Convert & Upgrade_FBIG_CVS_ENFR_L CEA FLM 003_CP2JYTK,3539.29,completed,,,210064.0,,,2024-07-14,475620.0,7.441424,3007.0,1.177017,0.632227,9929.0,2.087591,0.35646,2.2641671109757024,EXH,2024-06-21
2024-06-22,Q2 to Q2_CEC_FLM_NA_FY24 Q2 Convert & Upgrade_FBIG_CVS_ENFR_L CEA FLM 003_CP2JYTK,5593.23,completed,,,283868.0,,,2024-07-14,761665.0,7.343425,4553.0,1.228471,0.597769,14047.0,1.844249,0.39818,2.6831661194639764,EXH,2024-06-14
2024-06-15,Q2 to Q2_CEC_FLM_NA_FY24 Q2 Convert & Upgrade_FBIG_CVS_ENFR_L CEA FLM 003_CP2JYTK,5595.84,completed,,,287286.0,,,2024-07-14,714455.0,7.83232,2805.0,1.994952,0.392607,9141.0,1.279437,0.612169,2.486911997103931,EXH,2024-06-07
2024-06-08,Q2 to Q2_CEC_FLM_NA_FY24 Q2 Convert & Upgrade_FBIG_CVS_ENFR_L CEA FLM 003_CP2JYTK,5563.14,completed,,,247141.0,,,2024-07-14,657005.0,8.467424,2412.0,2.306443,0.36712,8173.0,1.243978,0.680673,2.658421710683375,EXH,2024-05-31
2024-06-01,Q2 to Q2_CEC_FLM_NA_FY24 Q2 Convert & Upgrade_FBIG_CVS_ENFR_L CEA FLM 003_CP2JYTK,5642.73,completed,,,295499.0,,,2024-07-14,660186.0,8.547182,4078.0,1.3837,0.617705,15046.0,2.279055,0.375032,2.2341395402353306,EXH,2024-05-24
2024-05-25,Q2 to Q2_CEC_FLM_NA_FY24 Q2 Convert & Upgrade_FBIG_CVS_ENFR_L CEA FLM 003_CP2JYTK,5658.8,completed,,,294276.0,,,2024-07-14,712722.0,7.939702,3657.0,1.547389,0.513103,15995.0,2.244213,0.353786,2.421950821677609,EXH,2024-05-17
2024-05-18,Q2 to Q2_CEC_FLM_NA_FY24 Q2 Convert & Upgrade_FBIG_CVS_ENFR_L CEA FLM 003_CP2JYTK,5714.96,completed,,,267180.0,,,2024-07-14,678751.0,8.419818,3118.0,1.832893,0.459373,10699.0,1.576278,0.534158,2.540425930084587,EXH,2024-05-10
2024-05-11,Q2 to Q2_CEC_FLM_NA_FY24 Q2 Convert & Upgrade_FBIG_CVS_ENFR_L CEA FLM 003_CP2JYTK,5852.07,completed,,,216174.0,,,2024-07-14,640386.0,9.138348,3249.0,1.801191,0.50735,11299.0,1.764405,0.517928,2.962363651502956,EXH,2024-05-03
2024-05-04,Q2 to Q2_CEC_FLM_NA_FY24 Q2 Convert & Upgrade_FBIG_CVS_ENFR_L CEA FLM 003_CP2JYTK,5742.81,completed,,,183407.0,,,2024-07-14,571738.0,10.044478,3584.0,1.602347,0.626861,10696.0,1.870787,0.536912,3.117318313913864,EXH,2024-04-26
2024-04-27,Q2 to Q2_CEC_FLM_NA_FY24 Q2 Convert & Upgrade_FBIG_CVS_ENFR_L CEA FLM 003_CP2JYTK,5838.59,completed,,,211791.0,,,2024-07-14,716958.0,8.143559,3905.0,1.495157,0.544662,13734.0,1.915593,0.425119,3.385214669178577,EXH,2024-04-19
2024-04-20,Q2 to Q2_CEC_FLM_NA_FY24 Q2 Convert & Upgrade_FBIG_CVS_ENFR_L CEA FLM 003_CP2JYTK,1766.68,completed,,,101700.0,,,2024-07-14,181745.0,9.720653,1079.0,1.637331,0.593689,3545.0,1.950535,0.498358,1.7870698131760079,EXH,2024-04-12
2024-07-20,FY24_Q3-to-Q4_CEA_BRA_FBIG_BRA-EXH-EXH-BRA-LTO_Brand Scene member pricing_Conversion_L CEA BRA 003_CP2MDLQ,10730.67,completed,5063.0,actions:offsite_conversion.fb_pixel_purchase,1036370.0,,2.11942919,2024-07-15,1926141.0,5.571072,12075.0,0.888668,0.626901,33644.0,1.746705,0.318948,1.8585456931404807,EXH,2024-07-12
2024-07-13,FY24_Q3-to-Q4_CEA_BRA_FBIG_BRA-EXH-EXH-BRA-LTO_Brand Scene member pricing_Conversion_L CEA BRA 003_CP2MDLQ,17571.22,completed,5431.0,actions:offsite_conversion.fb_pixel_purchase,1035290.0,,3.23535629,2024-07-15,2900854.0,6.057258,29229.0,0.601157,1.0076,81256.0,2.801106,0.216245,2.801972394208386,EXH,2024-07-05
2024-08-03,FY24_Q3-to-Q4_CEA_IMX_FBIG_FLM-EXH-EXH-EXH-IMX_IMAX Twister_Conversion_L CEA IMX 001_CP2MH3D,968.43,not_delivering,1328.0,actions:offsite_conversion.fb_pixel_purchase,111846.0,,0.72923946,2024-07-28,187881.0,5.154486,497.0,1.948551,0.264529,1792.0,0.953795,0.540419,1.6798186792554048,EXH,2024-07-26
2024-07-27,FY24_Q3-to-Q4_CEA_IMX_FBIG_FLM-EXH-EXH-EXH-IMX_IMAX Twister_Conversion_L CEA IMX 001_CP2MH3D,6162.8,not_delivering,7399.0,actions:offsite_conversion.fb_pixel_purchase,372938.0,,0.83292337,2024-07-28,1135872.0,5.425611,3183.0,1.936161,0.280225,13376.0,1.177597,0.460736,3.045739506298634,EXH,2024-07-19
2024-07-20,FY24_Q3-to-Q4_CEA_IMX_FBIG_FLM-EXH-EXH-EXH-IMX_IMAX Twister_Conversion_L CEA IMX 001_CP2MH3D,6425.45,not_delivering,3656.0,actions:offsite_conversion.fb_pixel_purchase,456367.0,,1.75750821,2024-07-28,1268629.0,5.064877,5697.0,1.127866,0.449067,24749.0,1.950846,0.259625,2.77984385374052,EXH,2024-07-12
2024-07-13,FY24_Q3-to-Q4_CEA_IMX_FBIG_FLM-EXH-EXH-EXH-IMX_IMAX Twister_Conversion_L CEA IMX 001_CP2MH3D,1517.93,not_delivering,369.0,actions:offsite_conversion.fb_pixel_purchase,145366.0,,4.11363144,2024-07-28,270825.0,5.604837,1308.0,1.160497,0.482969,6286.0,2.321056,0.241478,1.8630560103462983,EXH,2024-07-05
2024-08-03,FY24_Q3_CEA_FLM_FBIG_FLM-EXH-EXH-FLM-FRN_Deadpool & Wolverine_CN_L CEA FLM 007_CP2MQVC,5510.6,not_delivering,12329.0,actions:landing_page_view,518888.0,,0.44696245,2024-07-29,990530.0,5.563284,18804.0,0.293055,1.898378,29978.0,3.026461,0.183821,1.9089475956275728,EXH,2024-07-26
2024-07-27,FY24_Q3_CEA_FLM_FBIG_FLM-EXH-EXH-FLM-FRN_Deadpool & Wolverine_CN_L CEA FLM 007_CP2MQVC,12036.57,not_delivering,26014.0,actions:landing_page_view,1105738.0,,0.46269586,2024-07-29,2266294.0,5.311125,38702.0,0.311006,1.707722,70340.0,3.103746,0.17112,2.0495759393273993,EXH,2024-07-19
2024-08-10,FY24_Q3_CEA_FLM_FBIG_FLM-EXH-EXH-EXH-IMX_IMAX Deadpool & Wolverine_CO_L CEA IMX 001_CP2MH3D,4933.42,not_delivering,4056.0,actions:offsite_conversion.fb_pixel_purchase,391010.0,,1.21632643,2024-08-07,1032736.0,4.777039,4674.0,1.055503,0.452584,11385.0,1.102411,0.433326,2.6412009923019872,EXH,2024-08-02
2024-08-03,FY24_Q3_CEA_FLM_FBIG_FLM-EXH-EXH-EXH-IMX_IMAX Deadpool & Wolverine_CO_L CEA IMX 001_CP2MH3D,8350.86,not_delivering,8190.0,actions:offsite_conversion.fb_pixel_purchase,489631.0,,1.01964103,2024-08-07,1643990.0,5.079629,8608.0,0.970128,0.523604,23772.0,1.445994,0.35129,3.357610118640364,EXH,2024-07-26
2024-07-27,FY24_Q3_CEA_FLM_FBIG_FLM-EXH-EXH-EXH-IMX_IMAX Deadpool & Wolverine_CO_L CEA IMX 001_CP2MH3D,1809.71,not_delivering,1697.0,actions:offsite_conversion.fb_pixel_purchase,147388.0,,1.06641721,2024-08-07,292678.0,6.18328,1775.0,1.019555,0.606469,6472.0,2.211304,0.279621,1.985765462588542,EXH,2024-07-19
2024-08-24,FY24_Q3_CEA_FLM_FBIG_FLM-EXH-EXH-EXH-IMX_Alien Romulus_CO_L CEA IMX 001_CP2MH3D,6403.45,not_delivering,4335.0,actions:offsite_conversion.fb_pixel_purchase,272679.0,,1.4771511,2024-08-22,1018349.0,6.28807,1948.0,3.287192,0.19129,6452.0,0.633575,0.992475,3.7346073588358473,EXH,2024-08-16
2024-08-17,FY24_Q3_CEA_FLM_FBIG_FLM-EXH-EXH-EXH-IMX_Alien Romulus_CO_L CEA IMX 001_CP2MH3D,7152.31,not_delivering,4875.0,actions:offsite_conversion.fb_pixel_purchase,401992.0,,1.46714051,2024-08-22,1167159.0,6.127965,4029.0,1.775207,0.345197,17395.0,1.490371,0.41117,2.903438376883122,EXH,2024-08-09
2024-08-10,FY24_Q3_CEA_FLM_FBIG_FLM-EXH-EXH-EXH-IMX_Alien Romulus_CO_L CEA IMX 001_CP2MH3D,1511.05,not_delivering,904.0,actions:offsite_conversion.fb_pixel_purchase,127686.0,,1.67151549,2024-08-22,231353.0,6.531361,1088.0,1.388833,0.470277,4009.0,1.73285,0.376914,1.8118901054148457,EXH,2024-08-02
2024-08-31,FY24_Q3-to-Q4_CEA_GAM_FBIG_GAM-EXH-EXH-GAM-LTO_Game XSCAPE_Consideration_L CEA GAM 001_CP2MCFP,3698.91,not_delivering,4899.0,actions:link_click,296621.0,,0.75503368,2024-08-29,611034.0,6.053526,4899.0,0.755034,0.801756,6066.0,0.992743,0.609777,2.0599822669332246,EXH,2024-08-23
2024-08-24,FY24_Q3-to-Q4_CEA_GAM_FBIG_GAM-EXH-EXH-GAM-LTO_Game XSCAPE_Consideration_L CEA GAM 001_CP2MCFP,5216.31,not_delivering,6678.0,actions:link_click,456864.0,,0.7811186,2024-08-29,1129670.0,4.617552,6678.0,0.781119,0.591146,8983.0,0.795188,0.580687,2.472661448483575,EXH,2024-08-16
2024-08-17,FY24_Q3-to-Q4_CEA_GAM_FBIG_GAM-EXH-EXH-GAM-LTO_Game XSCAPE_Consideration_L CEA GAM 001_CP2MCFP,5268.52,not_delivering,6685.0,actions:link_click,448583.0,,0.7881107,2024-08-29,1177485.0,4.474384,6685.0,0.788111,0.567735,9367.0,0.795509,0.562455,2.6248988481507323,EXH,2024-08-09
2024-08-10,FY24_Q3-to-Q4_CEA_GAM_FBIG_GAM-EXH-EXH-GAM-LTO_Game XSCAPE_Consideration_L CEA GAM 001_CP2MCFP,5195.92,not_delivering,7115.0,actions:link_click,448944.0,,0.73027688,2024-08-29,1085408.0,4.787066,7115.0,0.730277,0.655514,9549.0,0.879761,0.544132,2.4176912933461634,EXH,2024-08-02
2024-08-03,FY24_Q3-to-Q4_CEA_GAM_FBIG_GAM-EXH-EXH-GAM-LTO_Game XSCAPE_Consideration_L CEA GAM 001_CP2MCFP,5252.86,not_delivering,7162.0,actions:link_click,498485.0,,0.73343479,2024-08-29,1212793.0,4.331209,7162.0,0.733435,0.590538,10151.0,0.836994,0.517472,2.432957862322838,EXH,2024-07-26
2024-07-27,FY24_Q3-to-Q4_CEA_GAM_FBIG_GAM-EXH-EXH-GAM-LTO_Game XSCAPE_Consideration_L CEA GAM 001_CP2MCFP,5277.12,not_delivering,6802.0,actions:link_click,510706.0,,0.77581888,2024-08-29,1264864.0,4.172085,6802.0,0.775819,0.537765,10202.0,0.806569,0.517263,2.476696964594111,EXH,2024-07-19
2024-07-20,FY24_Q3-to-Q4_CEA_GAM_FBIG_GAM-EXH-EXH-GAM-LTO_Game XSCAPE_Consideration_L CEA GAM 001_CP2MCFP,5188.65,not_delivering,7038.0,actions:link_click,468851.0,,0.73723359,2024-08-29,1240413.0,4.183002,7038.0,0.737234,0.567392,11556.0,0.931625,0.449001,2.6456443518303256,EXH,2024-07-12
2024-07-13,FY24_Q3-to-Q4_CEA_GAM_FBIG_GAM-EXH-EXH-GAM-LTO_Game XSCAPE_Consideration_L CEA GAM 001_CP2MCFP,2501.56,not_delivering,4020.0,actions:link_click,279181.0,,0.62227861,2024-08-29,545507.0,4.585752,4020.0,0.622279,0.736929,7990.0,1.464692,0.313086,1.9539546029278496,EXH,2024-07-05
2024-09-07,FY24_Q3_CEA_FLM_FBIG_FLM-EXH-EXH-FLM-FRN_Beetle Juice2 Inform EN_CN_L CEA FLM 008_CP2NQ95,10649.46,not_delivering,17259.0,actions:landing_page_view,815802.0,,0.61703807,2024-09-05,2105547.0,5.057812,27057.0,0.393594,1.285034,54507.0,2.588733,0.195378,2.580953466649996,EXH,2024-08-30
2024-08-31,FY24_Q3_CEA_FLM_FBIG_FLM-EXH-EXH-FLM-FRN_Beetle Juice2 Inform EN_CN_L CEA FLM 008_CP2NQ95,9161.37,not_delivering,20711.0,actions:landing_page_view,636789.0,,0.4423432,2024-09-05,1709755.0,5.358294,31874.0,0.287425,1.864244,64606.0,3.77867,0.141804,2.6849631510594563,EXH,2024-08-23
2024-09-14,FY24_Q3_CEA_FLM_FBIG_EXH-EXH-EXH-BRA-CAL_Community Day FR_CN_L CEA BRA 005_CP2NZFV,4546.98,completed,9675.0,actions:landing_page_view,323570.0,,0.46997209,2024-09-14,914214.0,4.97365,16696.0,0.272339,1.826268,40656.0,4.447099,0.11184,2.8253979046265103,EXH,2024-09-06
2024-09-14,FY24_Q3_CEA_FLM_FBIG_EXH-EXH-EXH-BRA-CAL_Community Day EN_CN_L CEA BRA 005_CP2NZFV,18887.9,completed,67836.0,actions:landing_page_view,1218032.0,,0.27843475,2024-09-14,3586456.0,5.266452,74021.0,0.255169,2.063904,146417.0,4.082498,0.129001,2.94446779723357,EXH,2024-09-06
2024-09-07,FY24_Q3_CEA_FLM_FBIG_EXH-EXH-EXH-BRA-CAL_Community Day FR_CN_L CEA BRA 005_CP2NZFV,1679.44,completed,6750.0,actions:landing_page_view,157753.0,,0.24880593,2024-09-14,306214.0,5.48453,10589.0,0.158602,3.458039,27044.0,8.831732,0.0621,1.9410977921180579,EXH,2024-08-30
2024-09-07,FY24_Q3_CEA_FLM_FBIG_EXH-EXH-EXH-BRA-CAL_Community Day EN_CN_L CEA BRA 005_CP2NZFV,6017.76,completed,37131.0,actions:landing_page_view,548191.0,,0.16206835,2024-09-14,1121860.0,5.364092,40385.0,0.14901,3.599825,81691.0,7.281746,0.073665,2.0464765018032036,EXH,2024-08-30
2024-09-21,FY24_Q3_CEA_FLM_FBIG_FLM-EXH-EXH-EXH-IMX_IMAX Beetlejuice2_CO_L CEA IMX 001_CP2MH3D,5730.32,not_delivering,1607.0,actions:offsite_conversion.fb_pixel_purchase,318585.0,,3.56584941,2024-09-19,864979.0,6.624808,4483.0,1.278233,0.518278,18367.0,2.123404,0.31199,2.7150650532824834,EXH,2024-09-13
2024-09-14,FY24_Q3_CEA_FLM_FBIG_FLM-EXH-EXH-EXH-IMX_IMAX Beetlejuice2_CO_L CEA IMX 001_CP2MH3D,7865.32,not_delivering,2723.0,actions:offsite_conversion.fb_pixel_purchase,425610.0,,2.88847595,2024-09-19,1262338.0,6.230756,6327.0,1.243136,0.501213,24127.0,1.911295,0.325997,2.9659500481661616,EXH,2024-09-06
2024-09-07,FY24_Q3_CEA_FLM_FBIG_FLM-EXH-EXH-EXH-IMX_IMAX Beetlejuice2_CO_L CEA IMX 001_CP2MH3D,1498.7,not_delivering,547.0,actions:offsite_conversion.fb_pixel_purchase,93260.0,,2.73985375,2024-09-19,191232.0,7.837077,1362.0,1.100367,0.712224,6721.0,3.514579,0.222988,2.050525412824362,EXH,2024-08-30
2024-10-12,FY24_Q3-to-Q4_CEA_FLM_FBIG_FLM-EXH-EXH-FLM-FRN_Convert & Upgrade_Conversion_L CEA FLM 006_CP2M6NP,1442.02,not_delivering,,,139592.0,223225.0,,2024-10-06,226420.0,6.368784,724.0,1.99174,0.31976,2233.0,0.98622,0.645777,1.622012722792137,EXH,2024-10-04
2024-10-05,FY24_Q3-to-Q4_CEA_FLM_FBIG_FLM-EXH-EXH-FLM-FRN_Convert & Upgrade_Conversion_L CEA FLM 006_CP2M6NP,9255.0,not_delivering,,,438924.0,1316962.0,,2024-10-06,1338015.0,6.916963,4293.0,2.155835,0.320848,15151.0,1.132349,0.610851,3.0483979003198733,EXH,2024-09-27
2024-09-28,FY24_Q3-to-Q4_CEA_FLM_FBIG_FLM-EXH-EXH-FLM-FRN_Convert & Upgrade_Conversion_L CEA FLM 006_CP2M6NP,7046.66,not_delivering,,,345306.0,276563.0,,2024-10-06,805330.0,8.750028,3277.0,2.150339,0.406914,12556.0,1.559112,0.561219,2.3322212762013983,EXH,2024-09-20
2024-09-21,FY24_Q3-to-Q4_CEA_FLM_FBIG_FLM-EXH-EXH-FLM-FRN_Convert & Upgrade_Conversion_L CEA FLM 006_CP2M6NP,5702.12,not_delivering,,,339968.0,,,2024-10-06,728268.0,7.8297,3742.0,1.523816,0.513822,15698.0,2.155525,0.363239,2.1421663215361444,EXH,2024-09-13
2024-09-14,FY24_Q3-to-Q4_CEA_FLM_FBIG_FLM-EXH-EXH-FLM-FRN_Convert & Upgrade_Conversion_L CEA FLM 006_CP2M6NP,6309.62,not_delivering,,,397987.0,,,2024-10-06,898231.0,7.024496,5542.0,1.13851,0.616991,23138.0,2.575952,0.272695,2.256935528044886,EXH,2024-09-06
2024-09-07,FY24_Q3-to-Q4_CEA_FLM_FBIG_FLM-EXH-EXH-FLM-FRN_Convert & Upgrade_Conversion_L CEA FLM 006_CP2M6NP,7298.23,not_delivering,,,388889.0,,,2024-10-06,1099484.0,6.637868,5045.0,1.446626,0.458852,21897.0,1.991571,0.333298,2.827243763644639,EXH,2024-08-30
2024-08-31,FY24_Q3-to-Q4_CEA_FLM_FBIG_FLM-EXH-EXH-FLM-FRN_Convert & Upgrade_Conversion_L CEA FLM 006_CP2M6NP,6452.34,not_delivering,,,417058.0,,,2024-10-06,1007058.0,6.407119,5527.0,1.167422,0.548826,27016.0,2.682666,0.238834,2.4146713406768363,EXH,2024-08-23
2024-08-24,FY24_Q3-to-Q4_CEA_FLM_FBIG_FLM-EXH-EXH-FLM-FRN_Convert & Upgrade_Conversion_L CEA FLM 006_CP2M6NP,6902.73,not_delivering,,,381012.0,,,2024-10-06,993465.0,6.948136,8321.0,0.829555,0.837574,28857.0,2.904682,0.239205,2.6074375610217,EXH,2024-08-16
2024-08-17,FY24_Q3-to-Q4_CEA_FLM_FBIG_FLM-EXH-EXH-FLM-FRN_Convert & Upgrade_Conversion_L CEA FLM 006_CP2M6NP,7136.39,not_delivering,,,391684.0,,,2024-10-06,1133096.0,6.298134,16374.0,0.435837,1.445067,60641.0,5.351797,0.117683,2.8928830383676636,EXH,2024-08-09
2024-08-10,FY24_Q3-to-Q4_CEA_FLM_FBIG_FLM-EXH-EXH-FLM-FRN_Convert & Upgrade_Conversion_L CEA FLM 006_CP2M6NP,7089.45,not_delivering,,,490928.0,,,2024-10-06,1249904.0,5.671996,8624.0,0.822061,0.689973,34817.0,2.785574,0.20362,2.546002672489652,EXH,2024-08-02
2024-08-03,FY24_Q3-to-Q4_CEA_FLM_FBIG_FLM-EXH-EXH-FLM-FRN_Convert & Upgrade_Conversion_L CEA FLM 006_CP2M6NP,6901.08,not_delivering,,,464153.0,,,2024-10-06,1233791.0,5.593395,10290.0,0.670659,0.834015,45636.0,3.698844,0.15122,2.658155823618505,EXH,2024-07-26
2024-07-27,FY24_Q3-to-Q4_CEA_FLM_FBIG_FLM-EXH-EXH-FLM-FRN_Convert & Upgrade_Conversion_L CEA FLM 006_CP2M6NP,6877.41,not_delivering,,,426790.0,,,2024-10-06,1166167.0,5.897449,7579.0,0.90743,0.649907,27771.0,2.381391,0.247647,2.732414067808524,EXH,2024-07-19
2024-07-20,FY24_Q3-to-Q4_CEA_FLM_FBIG_FLM-EXH-EXH-FLM-FRN_Convert & Upgrade_Conversion_L CEA FLM 006_CP2M6NP,7265.88,not_delivering,,,476834.0,,,2024-10-06,1143997.0,6.35131,6456.0,1.125446,0.564337,22228.0,1.943012,0.32688,2.3991514866808994,EXH,2024-07-12
2024-07-13,FY24_Q3-to-Q4_CEA_FLM_FBIG_FLM-EXH-EXH-FLM-FRN_Convert & Upgrade_Conversion_L CEA FLM 006_CP2M6NP,6910.16,not_delivering,,,530261.0,,,2024-10-06,1196984.0,5.772976,8156.0,0.847249,0.681379,30519.0,2.549658,0.226422,2.25734873958296,EXH,2024-07-05
2024-07-06,FY24_Q3-to-Q4_CEA_FLM_FBIG_FLM-EXH-EXH-FLM-FRN_Convert & Upgrade_Conversion_L CEA FLM 006_CP2M6NP,3376.38,not_delivering,,,213549.0,,,2024-10-06,519662.0,6.497262,4238.0,0.796692,0.81553,17029.0,3.276938,0.198272,2.433455553526357,EXH,2024-06-28
2024-10-12,FY24_Q3_CEA_FLM_FBIG_FLM-EXH-EXH-EXH-FRN_JOKER FOLIE À DEUX_CN_L CEA FLM 009_CP2PS14,1901.29,not_delivering,5179.0,actions:landing_page_view,224274.0,127108.0,0.36711527,2024-10-07,317938.0,5.980065,6611.0,0.287595,2.079336,12057.0,3.792249,0.157692,1.4176320037097478,EXH,2024-10-04
2024-10-05,FY24_Q3_CEA_FLM_FBIG_FLM-EXH-EXH-EXH-FRN_JOKER FOLIE À DEUX_CN_L CEA FLM 009_CP2PS14,10702.47,not_delivering,23924.0,actions:landing_page_view,761514.0,830470.0,0.44735287,2024-10-07,1552300.0,6.894589,31412.0,0.340713,2.023578,53018.0,3.415448,0.201865,2.038439214512143,EXH,2024-09-27
2024-09-28,FY24_Q3_CEA_FLM_FBIG_FLM-EXH-EXH-EXH-FRN_JOKER FOLIE À DEUX_CN_L CEA FLM 009_CP2PS14,10979.68,not_delivering,28920.0,actions:landing_page_view,586206.0,279837.0,0.37965698,2024-10-07,1428617.0,7.685531,38024.0,0.288757,2.661595,60707.0,4.249354,0.180863,2.437056256674275,EXH,2024-09-20
2024-10-19,FY24_Q3_CEA_FLM_FBIG_FLM-EXH-EXH-EXH-IMX_IMax Joker_CO_L CEA IMX 001_CP2MH3D,1243.54,not_delivering,696.0,actions:offsite_conversion.fb_pixel_purchase,112635.0,168563.0,1.7866954,2024-10-13,174757.0,7.115824,767.0,1.621304,0.438895,4457.0,2.550399,0.279008,1.5515337150974386,EXH,2024-10-11
2024-10-19,FY24_Q3_CEA_BRA_FBIG_EXH-EXH-EXH-BRA-MBR_Competitive Media Burst Wave 1 Conversion - FR_CO_L CEA EXH 002_CP2PH3J,715.27,completed,117.0,actions:offsite_conversion.fb_pixel_purchase,47044.0,81391.0,6.1134188,2024-10-13,90269.0,7.923761,216.0,3.311435,0.239285,746.0,0.826419,0.958807,1.9188206785137318,EXH,2024-10-11
2024-10-19,FY24_Q3_CEA_BRA_FBIG_EXH-EXH-EXH-BRA-MBR_Competitive Media Burst Wave 1 Conversion - EN_CO_L CEA EXH 002_CP2PH3J,2656.93,completed,445.0,actions:offsite_conversion.fb_pixel_purchase,221228.0,392542.0,5.97062921,2024-10-13,415666.0,6.391983,668.0,3.97744,0.160706,1663.0,0.400081,1.597673,1.8789032129748495,EXH,2024-10-11
2024-10-12,FY24_Q3_CEA_FLM_FBIG_FLM-EXH-EXH-EXH-IMX_IMax Joker_CO_L CEA IMX 001_CP2MH3D,8037.86,not_delivering,2060.0,actions:offsite_conversion.fb_pixel_purchase,414353.0,1101326.0,3.90187379,2024-10-13,1130881.0,7.107609,6954.0,1.155861,0.614919,53771.0,4.754789,0.149483,2.7292694876108055,EXH,2024-10-04
2024-10-12,FY24_Q3_CEA_BRA_FBIG_EXH-EXH-EXH-BRA-MBR_Competitive Media Burst Wave 1 Conversion - FR_CO_L CEA EXH 002_CP2PH3J,4481.75,completed,411.0,actions:offsite_conversion.fb_pixel_purchase,137319.0,506146.0,10.90450122,2024-10-13,567455.0,7.897983,1583.0,2.831175,0.278965,5498.0,0.968887,0.81516,4.13238517612275,EXH,2024-10-04
2024-10-12,FY24_Q3_CEA_BRA_FBIG_EXH-EXH-EXH-BRA-MBR_Competitive Media Burst Wave 1 Conversion - EN_CO_L CEA EXH 002_CP2PH3J,17683.49,completed,1596.0,actions:offsite_conversion.fb_pixel_purchase,583952.0,2267093.0,11.07988095,2024-10-13,2450521.0,7.216216,5549.0,3.186789,0.226442,15557.0,0.634845,1.13669,4.196442515823218,EXH,2024-10-04
2024-10-05,FY24_Q3_CEA_FLM_FBIG_FLM-EXH-EXH-EXH-IMX_IMax Joker_CO_L CEA IMX 001_CP2MH3D,7863.33,not_delivering,2012.0,actions:offsite_conversion.fb_pixel_purchase,514642.0,1269072.0,3.90821571,2024-10-13,1274731.0,6.168619,10291.0,0.764098,0.807308,52049.0,4.083136,0.151076,2.4769276506775584,EXH,2024-09-27
2024-10-05,FY24_Q3_CEA_BRA_FBIG_EXH-EXH-EXH-BRA-MBR_Competitive Media Burst Wave 1 Conversion - FR_CO_L CEA EXH 002_CP2PH3J,4363.65,completed,378.0,actions:offsite_conversion.fb_pixel_purchase,150329.0,522139.0,11.54404762,2024-10-13,569963.0,7.656023,1781.0,2.450112,0.312476,6943.0,1.218149,0.628496,3.791437447199143,EXH,2024-09-27
2024-10-05,FY24_Q3_CEA_BRA_FBIG_EXH-EXH-EXH-BRA-MBR_Competitive Media Burst Wave 1 Conversion - EN_CO_L CEA EXH 002_CP2PH3J,17267.74,completed,1736.0,actions:offsite_conversion.fb_pixel_purchase,605091.0,2337065.0,9.94685484,2024-10-13,2503805.0,6.896599,5447.0,3.170138,0.217549,16974.0,0.677928,1.017305,4.137898266541727,EXH,2024-09-27
2024-09-28,FY24_Q3_CEA_FLM_FBIG_FLM-EXH-EXH-EXH-IMX_IMax Joker_CO_L CEA IMX 001_CP2MH3D,1722.92,not_delivering,436.0,actions:offsite_conversion.fb_pixel_purchase,114398.0,200525.0,3.95165138,2024-10-13,199730.0,8.626245,1792.0,0.961451,0.897211,8153.0,4.082011,0.211323,1.7459221315057956,EXH,2024-09-20
2024-09-28,FY24_Q3_CEA_BRA_FBIG_EXH-EXH-EXH-BRA-MBR_Competitive Media Burst Wave 1 Conversion - FR_CO_L CEA EXH 002_CP2PH3J,3223.19,completed,265.0,actions:offsite_conversion.fb_pixel_purchase,100080.0,121018.0,12.16298113,2024-10-13,363945.0,8.856256,1361.0,2.368251,0.373958,5765.0,1.584031,0.559096,3.636540767386091,EXH,2024-09-20
2024-09-28,FY24_Q3_CEA_BRA_FBIG_EXH-EXH-EXH-BRA-MBR_Competitive Media Burst Wave 1 Conversion - EN_CO_L CEA EXH 002_CP2PH3J,13170.53,completed,1316.0,actions:offsite_conversion.fb_pixel_purchase,361847.0,529404.0,10.00800152,2024-10-13,1557232.0,8.457654,3565.0,3.694398,0.228932,13393.0,0.860052,0.983389,4.3035647663238885,EXH,2024-09-20
2024-09-21,FY24_Q3_CEA_BRA_FBIG_EXH-EXH-EXH-BRA-MBR_Competitive Media Burst Wave 1- FR_CN_L CEA EXH 002_CP2PH3J,1050.7,inactive,225.0,actions:landing_page_view,62668.0,,4.66977778,2024-10-13,104182.0,10.085235,882.0,1.19127,0.846595,2465.0,2.366052,0.426247,1.6624433522691007,EXH,2024-09-13
2024-09-21,FY24_Q3_CEA_BRA_FBIG_EXH-EXH-EXH-BRA-MBR_Competitive Media Burst Wave 1- EN_CN_L CEA EXH 002_CP2PH3J,4559.73,inactive,2892.0,actions:landing_page_view,201524.0,,1.57667012,2024-10-13,343012.0,13.293208,4530.0,1.006563,1.320654,11605.0,3.383264,0.392911,1.7020900736388718,EXH,2024-09-13
2024-11-09,FY24_Q4_CEA_FLM_FBIG_FLM-EXH-EXH-EXH-IMX_IMAX Venom_CO_L CEA IMX 001_CP2MH3D,1198.35,not_delivering,439.0,actions:offsite_conversion.fb_pixel_purchase,108770.0,167583.0,2.72972665,2024-11-03,175523.0,6.82731,755.0,1.587219,0.430143,1519.0,0.865414,0.788907,1.6137078238484877,EXH,2024-11-01
2024-11-02,FY24_Q4_CEA_FLM_FBIG_FLM-EXH-EXH-EXH-IMX_IMAX Venom_CO_L CEA IMX 001_CP2MH3D,8216.71,not_delivering,2457.0,actions:offsite_conversion.fb_pixel_purchase,310903.0,918102.0,3.34420431,2024-11-03,982721.0,8.361183,4622.0,1.777739,0.470327,9759.0,0.993059,0.841962,3.160860461301435,EXH,2024-10-25
2024-10-26,FY24_Q4_CEA_FLM_FBIG_FLM-EXH-EXH-EXH-IMX_IMAX Venom_CO_L CEA IMX 001_CP2MH3D,7627.33,not_delivering,2149.0,actions:offsite_conversion.fb_pixel_purchase,297652.0,873082.0,3.54924616,2024-11-03,885150.0,8.616991,3917.0,1.947238,0.442524,9905.0,1.119019,0.770048,2.973774743660382,EXH,2024-10-18
2024-10-19,FY24_Q4_CEA_FLM_FBIG_FLM-EXH-EXH-EXH-IMX_IMAX Venom_CO_L CEA IMX 001_CP2MH3D,1825.53,not_delivering,462.0,actions:offsite_conversion.fb_pixel_purchase,112402.0,208354.0,3.95136364,2024-11-03,207931.0,8.779499,955.0,1.91155,0.459287,2322.0,1.116717,0.786189,1.849887012686607,EXH,2024-10-11
2024-11-16,FY24_Q4_CEA_BRA_FBIG_BRA-EXH-EXH-BRA-LTO_Brand Scene Member Pricing_Conversion_L CEA BRA 010_CP2R54X,18432.44,completed,2786.0,actions:offsite_conversion.fb_pixel_purchase,454496.0,1836989.0,6.61609476,2024-11-14,1886382.0,9.771319,4196.0,4.39286,0.222436,10234.0,0.54252,1.801098,4.150491973526719,EXH,2024-11-08
2024-11-09,FY24_Q4_CEA_BRA_FBIG_BRA-EXH-EXH-BRA-LTO_Brand Scene Member Pricing_Conversion_L CEA BRA 010_CP2R54X,11601.4,completed,1601.0,actions:offsite_conversion.fb_pixel_purchase,328665.0,1170643.0,7.24634603,2024-11-14,1188305.0,9.762982,3254.0,3.565274,0.273835,8709.0,0.732893,1.332116,3.6155507887971035,EXH,2024-11-01
2024-11-23,FY24_Q4_CEA_FLM_FBIG_FLM-EXH-EXH-FLM-FRN_Gladiator 2 Inform_CN_L CEA FLM 004_CP2R9NB,6059.04,completed,14142.0,actions:link_click,503457.0,548981.0,0.42844294,2024-11-21,982988.0,6.1639,14142.0,0.428443,1.438675,20944.0,2.130647,0.289297,1.9524765769469885,EXH,2024-11-15
2024-11-23,FY24_Q4_CEA_FLM_FBIG_FLM-EXH-EXH-FLM-FRN_Wicked Inform_CN_L CEA FLM 012_CP2R8X1,6433.06,completed,21078.0,actions:link_click,440733.0,617444.0,0.30520258,2024-11-21,812307.0,7.919493,21078.0,0.305203,2.594832,29621.0,3.646528,0.217179,1.8430818658915942,EXH,2024-11-15
2024-11-16,FY24_Q4_CEA_FLM_FBIG_FLM-EXH-EXH-FLM-FRN_Gladiator 2 Inform_CN_L CEA FLM 004_CP2R9NB,9652.18,completed,27224.0,actions:link_click,669456.0,981742.0,0.35454672,2024-11-21,1693541.0,5.699407,27224.0,0.354547,1.607519,43166.0,2.548861,0.223606,2.529727121722712,EXH,2024-11-08
2024-11-16,FY24_Q4_CEA_FLM_FBIG_FLM-EXH-EXH-FLM-FRN_Wicked Inform_CN_L CEA FLM 012_CP2R8X1,9350.52,completed,38330.0,actions:link_click,541024.0,972954.0,0.24394782,2024-11-21,1200471.0,7.789043,38330.0,0.243948,3.192913,54189.0,4.513978,0.172554,2.2188867776660555,EXH,2024-11-08
2024-11-09,FY24_Q4_CEA_FLM_FBIG_FLM-EXH-EXH-FLM-FRN_Gladiator 2 Inform_CN_L CEA FLM 004_CP2R9NB,1835.95,completed,7392.0,actions:link_click,211046.0,176690.0,0.24836986,2024-11-21,326121.0,5.629659,7392.0,0.24837,2.266643,12103.0,3.711199,0.151694,1.545260275011135,EXH,2024-11-01
2024-11-09,FY24_Q4_CEA_FLM_FBIG_FLM-EXH-EXH-FLM-FRN_Wicked Inform_CN_L CEA FLM 012_CP2R8X1,1763.59,completed,10190.0,actions:link_click,166429.0,184642.0,0.17307066,2024-11-21,237428.0,7.427894,10190.0,0.173071,4.291827,14974.0,6.306754,0.117777,1.4266023349296095,EXH,2024-11-01
2024-11-30,FY24_Q4_CEA_BRA_FBIG_EXH-EXH-EXH-BRA-MBR_Brand Royalmount - Awareness FR_AW_L CEA BRA 009_CP2R5VT,319.72,inactive,126676.0,reach,126676.0,198789.0,2.52391929,2024-11-29,198704.0,1.609026,169.0,1.891834,0.085051,177.0,0.089077,1.806328,1.5686002084056965,EXH,2024-11-22
2024-11-30,FY24_Q4_CEA_BRA_FBIG_EXH-EXH-EXH-BRA-MBR_Brand Royalmount - Awareness EN_AW_L CEA BRA 009_CP2R5VT,317.26,inactive,117897.0,reach,117897.0,185332.0,2.69099299,2024-11-29,185534.0,1.709983,171.0,1.855322,0.092166,186.0,0.100251,1.705699,1.573695683520361,EXH,2024-11-22
2024-11-30,FY24_Q4_CEA_FLM_FBIG_FLM-EXH-EXH-EXH-IMX_IMAX Gladiator-2_CO_L CEA IMX 001_CP2MH3D,6474.84,not_delivering,4159.0,actions:offsite_conversion.fb_pixel_purchase,230459.0,588094.0,1.55682616,2024-11-29,606770.0,10.670996,2362.0,2.741253,0.389274,8578.0,1.413715,0.754819,2.6328761298105086,EXH,2024-11-22
2024-11-23,FY24_Q4_CEA_BRA_FBIG_EXH-EXH-EXH-BRA-MBR_Brand Royalmount - Awareness FR_AW_L CEA BRA 009_CP2R5VT,1215.22,inactive,373204.0,reach,373204.0,784551.0,3.25618161,2024-11-29,784163.0,1.549703,794.0,1.530504,0.101254,839.0,0.106993,1.448415,2.1011645105625876,EXH,2024-11-15
2024-11-23,FY24_Q4_CEA_BRA_FBIG_EXH-EXH-EXH-BRA-MBR_Brand Royalmount - Awareness EN_AW_L CEA BRA 009_CP2R5VT,1219.95,inactive,338529.0,reach,338529.0,743181.0,3.60367945,2024-11-29,743497.0,1.640827,799.0,1.526846,0.107465,819.0,0.110155,1.48956,2.196257927681233,EXH,2024-11-15
2024-11-23,FY24_Q4_CEA_FLM_FBIG_FLM-EXH-EXH-EXH-IMX_IMAX Gladiator-2_CO_L CEA IMX 001_CP2MH3D,7200.23,not_delivering,4534.0,actions:offsite_conversion.fb_pixel_purchase,247174.0,699887.0,1.58805249,2024-11-29,705715.0,10.202745,3270.0,2.201905,0.46336,10813.0,1.532205,0.665886,2.8551344397064415,EXH,2024-11-15
2024-11-16,FY24_Q4_CEA_BRA_FBIG_EXH-EXH-EXH-BRA-MBR_Brand Royalmount - Awareness FR_AW_L CEA BRA 009_CP2R5VT,1853.5,inactive,491961.0,reach,491961.0,1231287.0,3.76757507,2024-11-29,1231615.0,1.504935,1227.0,1.510595,0.099625,1321.0,0.107258,1.403104,2.5034809669872207,EXH,2024-11-08
2024-11-16,FY24_Q4_CEA_BRA_FBIG_EXH-EXH-EXH-BRA-MBR_Brand Royalmount - Awareness EN_AW_L CEA BRA 009_CP2R5VT,1854.75,inactive,465434.0,reach,465434.0,1172431.0,3.98499035,2024-11-29,1173813.0,1.580107,1178.0,1.574491,0.100357,1246.0,0.10615,1.488563,2.521975188748566,EXH,2024-11-08
2024-11-16,FY24_Q4_CEA_FLM_FBIG_FLM-EXH-EXH-EXH-IMX_IMAX Gladiator-2_CO_L CEA IMX 001_CP2MH3D,1412.08,not_delivering,568.0,actions:offsite_conversion.fb_pixel_purchase,76675.0,144245.0,2.48605634,2024-11-29,144708.0,9.758134,820.0,1.722049,0.566658,2995.0,2.069685,0.471479,1.8872905119008803,EXH,2024-11-08
2024-11-09,FY24_Q4_CEA_BRA_FBIG_EXH-EXH-EXH-BRA-MBR_Brand Royalmount - Awareness FR_AW_L CEA BRA 009_CP2R5VT,634.67,inactive,206712.0,reach,206712.0,428325.0,3.07031038,2024-11-29,428049.0,1.482704,396.0,1.602702,0.092513,433.0,0.101157,1.465751,2.070750609543713,EXH,2024-11-01
2024-11-09,FY24_Q4_CEA_BRA_FBIG_EXH-EXH-EXH-BRA-MBR_Brand Royalmount - Awareness EN_AW_L CEA BRA 009_CP2R5VT,634.64,inactive,205190.0,reach,205190.0,421087.0,3.09293825,2024-11-29,421394.0,1.506049,411.0,1.544136,0.097533,444.0,0.105365,1.429369,2.053677079779716,EXH,2024-11-01
2024-12-21,FY24_Q4_CEA_FLM_FBIG_FLM-EXH-EXH-FLM-FRN_Mufasa Inform_CN_L CEA FLM 016_CP2SBK6,6517.27,not_delivering,26273.0,actions:link_click,334731.0,123284.0,0.2480596,2024-12-19,628384.0,10.371477,26273.0,0.24806,4.181042,30287.0,4.819824,0.215184,1.877280562601014,EXH,2024-12-13
2024-12-21,FY24_Q4_CEA_FLM_FBIG_FLM-EXH-EXH-FLM-FRN_Sonic The Hedge Hog Inform_CN_L CEA FLM 015_CP2SBHB,6559.79,not_delivering,10093.0,actions:link_click,726441.0,1268180.0,0.64993461,2024-12-19,1471739.0,4.457169,10093.0,0.649935,0.685787,17335.0,1.177858,0.378413,2.0259580612878403,EXH,2024-12-13
2024-12-14,FY24_Q4_CEA_FLM_FBIG_FLM-EXH-EXH-FLM-FRN_Mufasa Inform_CN_L CEA FLM 016_CP2SBK6,9175.62,not_delivering,46334.0,actions:link_click,379700.0,147937.0,0.19803211,2024-12-19,865070.0,10.606795,46334.0,0.198032,5.356098,53236.0,6.153953,0.172357,2.278298656834343,EXH,2024-12-06
2024-12-14,FY24_Q4_CEA_FLM_FBIG_FLM-EXH-EXH-FLM-FRN_Sonic The Hedge Hog Inform_CN_L CEA FLM 015_CP2SBHB,9203.92,not_delivering,17112.0,actions:link_click,829240.0,1660523.0,0.53786349,2024-12-19,2008183.0,4.583208,17112.0,0.537863,0.852114,34630.0,1.724444,0.265779,2.421715064396315,EXH,2024-12-06
2024-12-07,FY24_Q4_CEA_FLM_FBIG_FLM-EXH-EXH-FLM-FRN_Mufasa Inform_CN_L CEA FLM 016_CP2SBK6,1853.95,not_delivering,11707.0,actions:link_click,131646.0,35639.0,0.15836252,2024-12-19,173388.0,10.692493,11707.0,0.158363,6.751909,13897.0,8.014972,0.133406,1.3170776172462513,EXH,2024-11-29
2024-12-07,FY24_Q4_CEA_FLM_FBIG_FLM-EXH-EXH-FLM-FRN_Sonic The Hedge Hog Inform_CN_L CEA FLM 015_CP2SBHB,1783.14,not_delivering,4815.0,actions:link_click,229546.0,266998.0,0.37033022,2024-12-19,330410.0,5.396749,4815.0,0.37033,1.45728,10369.0,3.138222,0.171968,1.4394064806182638,EXH,2024-11-29
2024-11-30,FY24_Q3-Q4_CEA_BRA_FBIG_FNB-EXH-EXH-FNB-ALW_Food & Beverages - Conversion - FR_CO_L CEA BRA 007_CP2NX45,181.27,inactive,3.0,conversions:offsite_conversion.fb_pixel_custom.F&B Purchase,6456.0,9878.0,60.42333333,2024-12-29,10093.0,17.959972,51.0,3.554314,0.505301,340.0,3.368671,0.533147,1.5633519206939281,EXH,2024-11-22
2024-11-30,FY24_Q3-Q4_CEA_BRA_FBIG_FNB-EXH-EXH-FNB-ALW_Food & Beverages - Conversion - EN_CO_L CEA BRA 007_CP2NX45,734.0,inactive,57.0,conversions:offsite_conversion.fb_pixel_custom.F&B Purchase,28774.0,41271.0,12.87719298,2024-12-29,42064.0,17.449601,194.0,3.783505,0.461202,1331.0,3.164226,0.551465,1.4618753040939738,EXH,2024-11-22
2024-11-30,FY24_Q3-Q4_CEA_BRA_FBIG_FNB-EXH-EXH-FNB-ALW_Food & Beverages FR_CN_L CEA BRA 007_CP2NX45,349.59,inactive,57.0,actions:landing_page_view,27052.0,34317.0,6.13315789,2024-12-29,34747.0,10.061012,247.0,1.415344,0.710853,814.0,2.342648,0.429472,1.2844521661984327,EXH,2024-11-22
2024-11-30,FY24_Q3-Q4_CEA_BRA_FBIG_FNB-EXH-EXH-FNB-ALW_Food & Beverages EN_CN_L CEA BRA 007_CP2NX45,1398.15,inactive,333.0,actions:landing_page_view,117686.0,144311.0,4.19864865,2024-12-29,145584.0,9.603734,1367.0,1.022787,0.938977,2920.0,2.005715,0.478818,1.237054534948932,EXH,2024-11-22
2024-11-23,FY24_Q3-Q4_CEA_BRA_FBIG_FNB-EXH-EXH-FNB-ALW_Food & Beverages - Conversion - FR_CO_L CEA BRA 007_CP2NX45,378.21,inactive,5.0,conversions:offsite_conversion.fb_pixel_custom.F&B Purchase,15289.0,26268.0,75.642,2024-12-29,27061.0,13.976202,101.0,3.744653,0.373231,493.0,1.82181,0.76716,1.7699653345542548,EXH,2024-11-15
2024-11-23,FY24_Q3-Q4_CEA_BRA_FBIG_FNB-EXH-EXH-FNB-ALW_Food & Beverages - Conversion - EN_CO_L CEA BRA 007_CP2NX45,1582.11,inactive,48.0,conversions:offsite_conversion.fb_pixel_custom.F&B Purchase,62321.0,106931.0,32.960625,2024-12-29,109921.0,14.393155,444.0,3.563311,0.403926,2450.0,2.228873,0.645759,1.76378748736381,EXH,2024-11-15
2024-11-23,FY24_Q3-Q4_CEA_BRA_FBIG_FNB-EXH-EXH-FNB-ALW_Food & Beverages FR_CN_L CEA BRA 007_CP2NX45,889.13,inactive,155.0,actions:landing_page_view,60758.0,98493.0,5.73632258,2024-12-29,98851.0,8.994649,659.0,1.349211,0.66666,2198.0,2.223549,0.404518,1.626962704499819,EXH,2024-11-15
2024-11-23,FY24_Q3-Q4_CEA_BRA_FBIG_FNB-EXH-EXH-FNB-ALW_Food & Beverages EN_CN_L CEA BRA 007_CP2NX45,3558.14,inactive,775.0,actions:landing_page_view,260072.0,391160.0,4.59114839,2024-12-29,389738.0,9.129569,3023.0,1.177023,0.775649,7811.0,2.004167,0.455529,1.4985773170506629,EXH,2024-11-15
2024-11-16,FY24_Q3-Q4_CEA_BRA_FBIG_FNB-EXH-EXH-FNB-ALW_Food & Beverages - Conversion - FR_CO_L CEA BRA 007_CP2NX45,366.31,inactive,3.0,conversions:offsite_conversion.fb_pixel_custom.F&B Purchase,14846.0,26692.0,122.10333333,2024-12-29,27614.0,13.265373,83.0,4.413373,0.300572,541.0,1.959151,0.677098,1.860029637612825,EXH,2024-11-08
2024-11-16,FY24_Q3-Q4_CEA_BRA_FBIG_FNB-EXH-EXH-FNB-ALW_Food & Beverages - Conversion - EN_CO_L CEA BRA 007_CP2NX45,1298.27,inactive,18.0,conversions:offsite_conversion.fb_pixel_custom.F&B Purchase,52393.0,89379.0,72.12611111,2024-12-29,90624.0,14.325896,351.0,3.698775,0.387315,2082.0,2.297405,0.623569,1.729696715210047,EXH,2024-11-08
2024-11-16,FY24_Q3-Q4_CEA_BRA_FBIG_FNB-EXH-EXH-FNB-ALW_Food & Beverages FR_CN_L CEA BRA 007_CP2NX45,967.24,inactive,119.0,actions:landing_page_view,55511.0,95962.0,8.12806723,2024-12-29,96455.0,10.027889,589.0,1.642173,0.610647,2077.0,2.153336,0.465691,1.7375835420006847,EXH,2024-11-08
2024-11-16,FY24_Q3-Q4_CEA_BRA_FBIG_FNB-EXH-EXH-FNB-ALW_Food & Beverages EN_CN_L CEA BRA 007_CP2NX45,3689.71,inactive,561.0,actions:landing_page_view,249473.0,370305.0,6.57702317,2024-12-29,371610.0,9.928985,2674.0,1.379847,0.719572,6211.0,1.671376,0.594061,1.4895800347131753,EXH,2024-11-08
2024-11-09,FY24_Q3-Q4_CEA_BRA_FBIG_FNB-EXH-EXH-FNB-ALW_Food & Beverages - Conversion - FR_CO_L CEA BRA 007_CP2NX45,341.45,inactive,1.0,conversions:offsite_conversion.fb_pixel_custom.F&B Purchase,15480.0,28729.0,341.45,2024-12-29,29528.0,11.563601,88.0,3.880114,0.298022,479.0,1.622189,0.712839,1.9074935400516795,EXH,2024-11-01
2024-11-09,FY24_Q3-Q4_CEA_BRA_FBIG_FNB-EXH-EXH-FNB-ALW_Food & Beverages - Conversion - EN_CO_L CEA BRA 007_CP2NX45,1352.26,inactive,12.0,conversions:offsite_conversion.fb_pixel_custom.F&B Purchase,70143.0,120118.0,112.68833333,2024-12-29,121517.0,11.128155,396.0,3.4147980000000002,0.32588,2153.0,1.771769,0.628082,1.7324180602483499,EXH,2024-11-01
2024-11-09,FY24_Q3-Q4_CEA_BRA_FBIG_FNB-EXH-EXH-FNB-ALW_Food & Beverages FR_CN_L CEA BRA 007_CP2NX45,914.77,inactive,112.0,actions:landing_page_view,66882.0,108851.0,8.16758929,2024-12-29,109759.0,8.334351,617.0,1.482609,0.562141,2240.0,2.040835,0.408379,1.6410842977183697,EXH,2024-11-01
2024-11-09,FY24_Q3-Q4_CEA_BRA_FBIG_FNB-EXH-EXH-FNB-ALW_Food & Beverages EN_CN_L CEA BRA 007_CP2NX45,3681.18,inactive,716.0,actions:landing_page_view,308342.0,470442.0,5.14131285,2024-12-29,469277.0,7.844365,2970.0,1.239455,0.632888,6366.0,1.356555,0.578256,1.5219366806987047,EXH,2024-11-01
2024-11-02,FY24_Q3-Q4_CEA_BRA_FBIG_FNB-EXH-EXH-FNB-ALW_Food & Beverages - Conversion - FR_CO_L CEA BRA 007_CP2NX45,404.68,inactive,3.0,conversions:offsite_conversion.fb_pixel_custom.F&B Purchase,18631.0,34487.0,134.89333333,2024-12-29,35268.0,11.474424,92.0,4.398696,0.26086,449.0,1.273109,0.901292,1.892974075465622,EXH,2024-10-25
2024-11-02,FY24_Q3-Q4_CEA_BRA_FBIG_FNB-EXH-EXH-FNB-ALW_Food & Beverages - Conversion - EN_CO_L CEA BRA 007_CP2NX45,1528.94,inactive,20.0,conversions:offsite_conversion.fb_pixel_custom.F&B Purchase,78055.0,137776.0,76.447,2024-12-29,139724.0,10.942573,411.0,3.720049,0.294151,2032.0,1.454296,0.752431,1.7900711037089232,EXH,2024-10-25
2024-11-02,FY24_Q3-Q4_CEA_BRA_FBIG_FNB-EXH-EXH-FNB-ALW_Food & Beverages FR_CN_L CEA BRA 007_CP2NX45,903.83,inactive,71.0,actions:landing_page_view,59886.0,91800.0,12.73,2024-12-29,93717.0,9.644248,557.0,1.622675,0.594343,1867.0,1.992168,0.484108,1.5649233543733092,EXH,2024-10-25
2024-11-02,FY24_Q3-Q4_CEA_BRA_FBIG_FNB-EXH-EXH-FNB-ALW_Food & Beverages EN_CN_L CEA BRA 007_CP2NX45,3622.28,inactive,614.0,actions:landing_page_view,288447.0,400271.0,5.89947883,2024-12-29,403345.0,8.9806,2757.0,1.313848,0.683534,5826.0,1.444421,0.621744,1.3983331426570567,EXH,2024-10-25
2024-10-26,FY24_Q3-Q4_CEA_BRA_FBIG_FNB-EXH-EXH-FNB-ALW_Food & Beverages - Conversion - FR_CO_L CEA BRA 007_CP2NX45,395.05,inactive,4.0,conversions:offsite_conversion.fb_pixel_custom.F&B Purchase,21195.0,38810.0,98.7625,2024-12-29,39975.0,9.882427,102.0,3.873039,0.255159,682.0,1.706066,0.579252,1.886058032554848,EXH,2024-10-18
2024-10-26,FY24_Q3-Q4_CEA_BRA_FBIG_FNB-EXH-EXH-FNB-ALW_Food & Beverages - Conversion - EN_CO_L CEA BRA 007_CP2NX45,1570.36,inactive,12.0,conversions:offsite_conversion.fb_pixel_custom.F&B Purchase,98494.0,152969.0,130.86333333,2024-12-29,157743.0,9.95518,523.0,3.0026,0.331552,3173.0,2.0115,0.494913,1.6015493329542916,EXH,2024-10-18
2024-10-26,FY24_Q3-Q4_CEA_BRA_FBIG_FNB-EXH-EXH-FNB-ALW_Food & Beverages FR_CN_L CEA BRA 007_CP2NX45,926.11,inactive,102.0,actions:landing_page_view,56895.0,92987.0,9.0795098,2024-12-29,93387.0,9.916905,530.0,1.747377,0.567531,2203.0,2.359001,0.420386,1.6413920379646718,EXH,2024-10-18
2024-10-26,FY24_Q3-Q4_CEA_BRA_FBIG_FNB-EXH-EXH-FNB-ALW_Food & Beverages EN_CN_L CEA BRA 007_CP2NX45,3718.0,inactive,578.0,actions:landing_page_view,267433.0,393124.0,6.43252595,2024-12-29,392014.0,9.484355,2701.0,1.376527,0.689006,6836.0,1.743815,0.543885,1.4658400421787887,EXH,2024-10-18
2024-10-19,FY24_Q3-Q4_CEA_BRA_FBIG_FNB-EXH-EXH-FNB-ALW_Food & Beverages - Conversion - FR_CO_L CEA BRA 007_CP2NX45,373.3,inactive,4.0,conversions:offsite_conversion.fb_pixel_custom.F&B Purchase,19312.0,37794.0,93.325,2024-12-29,39676.0,9.408711,133.0,2.806767,0.335215,570.0,1.436637,0.654912,2.054473902236951,EXH,2024-10-11
2024-10-19,FY24_Q3-Q4_CEA_BRA_FBIG_FNB-EXH-EXH-FNB-ALW_Food & Beverages - Conversion - EN_CO_L CEA BRA 007_CP2NX45,1531.54,inactive,24.0,conversions:offsite_conversion.fb_pixel_custom.F&B Purchase,97222.0,157882.0,63.81416667,2024-12-29,165756.0,9.239726,477.0,3.210776,0.28777200000000003,2746.0,1.656652,0.557735,1.7049227541091523,EXH,2024-10-11
2024-10-19,FY24_Q3-Q4_CEA_BRA_FBIG_FNB-EXH-EXH-FNB-ALW_Food & Beverages FR_CN_L CEA BRA 007_CP2NX45,896.43,inactive,64.0,actions:landing_page_view,44736.0,74976.0,14.00671875,2024-12-29,76064.0,11.785207,435.0,2.060759,0.571887,1679.0,2.207352,0.533907,1.700286123032904,EXH,2024-10-11
2024-10-19,FY24_Q3-Q4_CEA_BRA_FBIG_FNB-EXH-EXH-FNB-ALW_Food & Beverages EN_CN_L CEA BRA 007_CP2NX45,3652.18,inactive,482.0,actions:landing_page_view,250353.0,367010.0,7.57713693,2024-12-29,368223.0,9.918392,2422.0,1.507919,0.657754,5908.0,1.604463,0.618175,1.470815208924998,EXH,2024-10-11
2024-10-12,FY24_Q3-Q4_CEA_BRA_FBIG_FNB-EXH-EXH-FNB-ALW_Food & Beverages - Conversion - FR_CO_L CEA BRA 007_CP2NX45,534.64,inactive,1.0,conversions:offsite_conversion.fb_pixel_custom.F&B Purchase,28349.0,50011.0,534.64,2024-12-29,52573.0,10.169479,187.0,2.859037,0.355696,896.0,1.704297,0.596696,1.8544922219478641,EXH,2024-10-04
2024-10-12,FY24_Q3-Q4_CEA_BRA_FBIG_FNB-EXH-EXH-FNB-ALW_Food & Beverages - Conversion - EN_CO_L CEA BRA 007_CP2NX45,2114.7,inactive,19.0,conversions:offsite_conversion.fb_pixel_custom.F&B Purchase,98342.0,145733.0,111.3,2024-12-29,152908.0,13.829885,555.0,3.81027,0.362963,3786.0,2.475999,0.558558,1.5548595716987654,EXH,2024-10-04
2024-10-12,FY24_Q3-Q4_CEA_BRA_FBIG_FNB-EXH-EXH-FNB-ALW_Food & Beverages FR_CN_L CEA BRA 007_CP2NX45,1040.34,inactive,63.0,actions:landing_page_view,64132.0,96155.0,16.51333333,2024-12-29,96955.0,10.730133,512.0,2.031914,0.52808,2050.0,2.114383,0.507483,1.5118037797043598,EXH,2024-10-04
2024-10-12,FY24_Q3-Q4_CEA_BRA_FBIG_FNB-EXH-EXH-FNB-ALW_Food & Beverages EN_CN_L CEA BRA 007_CP2NX45,4071.86,inactive,315.0,actions:landing_page_view,287460.0,416420.0,12.92653968,2024-12-29,419576.0,9.704702,2177.0,1.8704,0.518857,7440.0,1.773219,0.547293,1.4595978570931607,EXH,2024-10-04
2024-10-05,FY24_Q3-Q4_CEA_BRA_FBIG_FNB-EXH-EXH-FNB-ALW_Food & Beverages - Conversion - FR_CO_L CEA BRA 007_CP2NX45,1428.06,inactive,4.0,conversions:offsite_conversion.fb_pixel_custom.F&B Purchase,64533.0,149935.0,357.015,2024-12-29,157477.0,9.068372,533.0,2.679287,0.338462,2735.0,1.736762,0.522143,2.440255373219903,EXH,2024-09-27
2024-10-05,FY24_Q3-Q4_CEA_BRA_FBIG_FNB-EXH-EXH-FNB-ALW_Food & Beverages - Conversion - EN_CO_L CEA BRA 007_CP2NX45,5671.24,inactive,56.0,conversions:offsite_conversion.fb_pixel_custom.F&B Purchase,199213.0,412532.0,101.27214286,2024-12-29,433292.0,13.088725,1584.0,3.580328,0.365573,11381.0,2.626635,0.498308,2.175018698578908,EXH,2024-09-27
2024-10-05,FY24_Q3-Q4_CEA_BRA_FBIG_FNB-EXH-EXH-FNB-ALW_Food & Beverages FR_CN_L CEA BRA 007_CP2NX45,2311.88,inactive,176.0,actions:landing_page_view,139098.0,250662.0,13.13568182,2024-12-29,252474.0,9.156903,1262.0,1.831918,0.499853,4424.0,1.75226,0.522577,1.8150800155286202,EXH,2024-09-27
2024-10-05,FY24_Q3-Q4_CEA_BRA_FBIG_FNB-EXH-EXH-FNB-ALW_Food & Beverages EN_CN_L CEA BRA 007_CP2NX45,9335.83,inactive,1048.0,actions:landing_page_view,650570.0,1077019.0,8.90823473,2024-12-29,1080657.0,8.639032,6372.0,1.465133,0.589641,16354.0,1.513339,0.570859,1.6610925803526138,EXH,2024-09-27
2024-09-28,FY24_Q3-Q4_CEA_BRA_FBIG_FNB-EXH-EXH-FNB-ALW_Food & Beverages - Conversion - FR_CO_L CEA BRA 007_CP2NX45,1377.75,inactive,3.0,conversions:offsite_conversion.fb_pixel_custom.F&B Purchase,70726.0,40949.0,459.25,2024-12-29,167002.0,8.249901,458.0,3.008188,0.274248,2803.0,1.678423,0.491527,2.3612532873342196,EXH,2024-09-20
2024-09-28,FY24_Q3-Q4_CEA_BRA_FBIG_FNB-EXH-EXH-FNB-ALW_Food & Beverages - Conversion - EN_CO_L CEA BRA 007_CP2NX45,5555.07,inactive,49.0,conversions:offsite_conversion.fb_pixel_custom.F&B Purchase,288143.0,135330.0,113.36877551,2024-12-29,640682.0,8.670557,1742.0,3.188904,0.271898,11130.0,1.737211,0.499108,2.2234862550886194,EXH,2024-09-20
2024-09-28,FY24_Q3-Q4_CEA_BRA_FBIG_FNB-EXH-EXH-FNB-ALW_Food & Beverages FR_CN_L CEA BRA 007_CP2NX45,2251.14,inactive,164.0,actions:landing_page_view,162933.0,68684.0,13.72646341,2024-12-29,277926.0,8.099782,1337.0,1.683725,0.481063,5117.0,1.841138,0.439934,1.7057686288228904,EXH,2024-09-20
2024-09-28,FY24_Q3-Q4_CEA_BRA_FBIG_FNB-EXH-EXH-FNB-ALW_Food & Beverages EN_CN_L CEA BRA 007_CP2NX45,8912.96,inactive,933.0,actions:landing_page_view,670678.0,269048.0,9.55301179,2024-12-29,1054586.0,8.45162,6162.0,1.446439,0.584305,16716.0,1.585077,0.533199,1.572417762324096,EXH,2024-09-20
2024-09-21,FY24_Q3-Q4_CEA_BRA_FBIG_FNB-EXH-EXH-FNB-ALW_Food & Beverages - Conversion - FR_CO_L CEA BRA 007_CP2NX45,1335.03,inactive,5.0,conversions:offsite_conversion.fb_pixel_custom.F&B Purchase,80444.0,,267.006,2024-12-29,178052.0,7.497978,643.0,2.076252,0.36113,4026.0,2.261137,0.331602,2.213365819700661,EXH,2024-09-13
2024-09-21,FY24_Q3-Q4_CEA_BRA_FBIG_FNB-EXH-EXH-FNB-ALW_Food & Beverages - Conversion - EN_CO_L CEA BRA 007_CP2NX45,5378.62,inactive,39.0,conversions:offsite_conversion.fb_pixel_custom.F&B Purchase,383487.0,,137.91333333,2024-12-29,753060.0,7.142353,2553.0,2.106784,0.339017,20099.0,2.668977,0.267606,1.9637171533845998,EXH,2024-09-13
2024-09-21,FY24_Q3-Q4_CEA_BRA_FBIG_FNB-EXH-EXH-FNB-ALW_Food & Beverages FR_CN_L CEA BRA 007_CP2NX45,2239.51,inactive,228.0,actions:landing_page_view,156765.0,,9.82241228,2024-12-29,287115.0,7.800045,1413.0,1.584933,0.492137,5713.0,1.989795,0.392002,1.8314993780499473,EXH,2024-09-13
2024-09-21,FY24_Q3-Q4_CEA_BRA_FBIG_FNB-EXH-EXH-FNB-ALW_Food & Beverages EN_CN_L CEA BRA 007_CP2NX45,8860.46,inactive,1151.0,actions:landing_page_view,592432.0,,7.69805387,2024-12-29,1065915.0,8.312539,6982.0,1.269043,0.655024,17768.0,1.666925,0.498675,1.7992191508898912,EXH,2024-09-13
2024-09-14,FY24_Q3-Q4_CEA_BRA_FBIG_FNB-EXH-EXH-FNB-ALW_Food & Beverages - Conversion - FR_CO_L CEA BRA 007_CP2NX45,842.78,inactive,5.0,conversions:offsite_conversion.fb_pixel_custom.F&B Purchase,58911.0,,168.556,2024-12-29,122429.0,6.883827,420.0,2.006619,0.343056,2760.0,2.254368,0.305355,2.0782027125664135,EXH,2024-09-06
2024-09-14,FY24_Q3-Q4_CEA_BRA_FBIG_FNB-EXH-EXH-FNB-ALW_Food & Beverages - Conversion - EN_CO_L CEA BRA 007_CP2NX45,3344.8,inactive,14.0,conversions:offsite_conversion.fb_pixel_custom.F&B Purchase,272027.0,,238.91428571,2024-12-29,501555.0,6.66886,1921.0,1.741176,0.383009,17149.0,3.419166,0.195043,1.8437691846765212,EXH,2024-09-06
2024-09-14,FY24_Q3-Q4_CEA_BRA_FBIG_FNB-EXH-EXH-FNB-ALW_Food & Beverages FR_CN_L CEA BRA 007_CP2NX45,2236.33,inactive,435.0,actions:landing_page_view,134185.0,,5.14098851,2024-12-29,261445.0,8.55373,1892.0,1.181993,0.72367,6486.0,2.480828,0.344793,1.9483921451727093,EXH,2024-09-06
2024-09-14,FY24_Q3-Q4_CEA_BRA_FBIG_FNB-EXH-EXH-FNB-ALW_Food & Beverages EN_CN_L CEA BRA 007_CP2NX45,9154.67,inactive,1691.0,actions:landing_page_view,531177.0,,5.41376109,2024-12-29,1238746.0,7.390272,8677.0,1.05505,0.700466,19673.0,1.588138,0.465342,2.3320776313733464,EXH,2024-09-06
2024-09-07,FY24_Q3-Q4_CEA_BRA_FBIG_FNB-EXH-EXH-FNB-ALW_Food & Beverages FR_CN_L CEA BRA 007_CP2NX45,2270.16,inactive,394.0,actions:landing_page_view,150460.0,,5.76182741,2024-12-29,294198.0,7.716436,2252.0,1.008064,0.765471,9228.0,3.136663,0.246008,1.955323674066197,EXH,2024-08-30
2024-09-07,FY24_Q3-Q4_CEA_BRA_FBIG_FNB-EXH-EXH-FNB-ALW_Food & Beverages EN_CN_L CEA BRA 007_CP2NX45,9044.15,inactive,1537.0,actions:landing_page_view,620160.0,,5.88428757,2024-12-29,1137091.0,7.953761,10680.0,0.846831,0.939239,28799.0,2.532691,0.314044,1.8335445691434469,EXH,2024-08-30
2024-08-31,FY24_Q3-Q4_CEA_BRA_FBIG_FNB-EXH-EXH-FNB-ALW_Food & Beverages FR_CN_L CEA BRA 007_CP2NX45,496.6,inactive,52.0,actions:landing_page_view,40057.0,,9.55,2024-12-29,63269.0,7.849026,540.0,0.91963,0.853499,2575.0,4.069924,0.192854,1.5794742491948972,EXH,2024-08-23
2024-08-31,FY24_Q3-Q4_CEA_BRA_FBIG_FNB-EXH-EXH-FNB-ALW_Food & Beverages EN_CN_L CEA BRA 007_CP2NX45,2010.69,inactive,237.0,actions:landing_page_view,154411.0,,8.48392405,2024-12-29,220839.0,9.104778,3077.0,0.653458,1.393323,13019.0,5.895245,0.154443,1.4302025114791044,EXH,2024-08-23
2025-01-04,FY24_Q3_CEA_GRP_FBIG_GNE-EXH-EXH-GNE-MTS_EXH Group and Events FR_CN_L CEA GRP 001_CP2NKV4,744.13,completed,383.0,actions:landing_page_view,41781.0,85477.0,1.94289817,2024-12-31,86363.0,8.616306,618.0,1.204094,0.715584,940.0,1.088429,0.791628,2.0670400421244106,EXH,2024-12-27
2025-01-04,FY24_Q3_CEA_GRP_FBIG_GNE-EXH-EXH-GNE-MTS_EXH Group and Events EN_CN_L CEA GRP 001_CP2NKV4,2968.16,completed,2174.0,actions:landing_page_view,242620.0,440578.0,1.36529899,2024-12-31,465848.0,6.37152,2862.0,1.037093,0.614363,4342.0,0.932064,0.683593,1.920072541422801,EXH,2024-12-27
2025-01-04,FY24_Q4_CEA_CCB_FBIG_LTY-EXH-EXH-CLB-ALW_ Cineclub Holiday Gifting - FR_CO_L CEA CCB 001_CP2S3Q3,2409.79,completed,50.0,conversions:subscribe_website,159629.0,296269.0,48.1958,2024-12-31,298188.0,8.081445,1167.0,2.064944,0.391364,2874.0,0.963821,0.838479,1.8680064399325937,EXH,2024-12-27
2025-01-04,FY24_Q4_CEA_CCB_FBIG_LTY-EXH-EXH-CLB-ALW_ Cineclub Holiday Gifting - EN_CO_L CEA CCB 001_CP2S3Q3,11469.22,completed,386.0,conversions:subscribe_website,580583.0,1210753.0,29.71300518,2024-12-31,1210517.0,9.474646,4757.0,2.41102,0.392973,10962.0,0.905563,1.046271,2.085002488877559,EXH,2024-12-27
2025-01-04,FY24_Q3_CEA_BRA_FBIG_EXH-EXH-EXH-BRA-MBR_Competitive Media Burst Wave 2 Conversion - EN_CO_L CEA EXH 002_CP2PH3J,981.13,completed,199.0,actions:offsite_conversion.fb_pixel_purchase,47192.0,136192.0,4.93030151,2024-12-31,165299.0,5.935487,385.0,2.54839,0.232911,696.0,0.421055,1.40967,3.502691134090524,EXH,2024-12-27
2025-01-04,FY24_Q4_CEA_PPP_FBIG_PRE-PRE-EXH-B2C-PRO_Holiday Gifting Pack - FR_CN_L CEA PPP 005_CP2RV9S,660.32,completed,1203.0,actions:link_click,94975.0,117590.0,0.54889443,2024-12-31,142845.0,4.622633,1203.0,0.548894,0.842172,2052.0,1.436522,0.321793,1.5040273756251645,EXH,2024-12-27
2025-01-04,FY24_Q4_CEA_PPP_FBIG_PRE-PRE-EXH-B2C-PRO_Holiday Gifting Pack - EN_CN_L CEA PPP 005_CP2RV9S,2684.95,completed,4388.0,actions:link_click,366405.0,543769.0,0.61188469,2024-12-31,611679.0,4.389476,4388.0,0.611885,0.71737,7890.0,1.289892,0.340298,1.6694068039464527,EXH,2024-12-27
2024-12-28,FY24_Q3_CEA_GRP_FBIG_GNE-EXH-EXH-GNE-MTS_EXH Group and Events FR_CN_L CEA GRP 001_CP2NKV4,1872.09,completed,904.0,actions:landing_page_view,67559.0,202386.0,2.07089602,2024-12-31,204333.0,9.161956,1444.0,1.296461,0.70669,2297.0,1.124145,0.815015,3.0245119081099485,EXH,2024-12-20
2024-12-28,FY24_Q3_CEA_GRP_FBIG_GNE-EXH-EXH-GNE-MTS_EXH Group and Events EN_CN_L CEA GRP 001_CP2NKV4,7500.79,completed,5091.0,actions:landing_page_view,382834.0,1072429.0,1.47334315,2024-12-31,1122491.0,6.682272,6876.0,1.090865,0.612566,10318.0,0.919206,0.726962,2.932056713875988,EXH,2024-12-20
2024-12-28,FY24_Q4_CEA_CCB_FBIG_LTY-EXH-EXH-CLB-ALW_ Cineclub Holiday Gifting - FR_CO_L CEA CCB 001_CP2S3Q3,5758.33,completed,70.0,conversions:subscribe_website,249726.0,669386.0,82.26185714,2024-12-31,667727.0,8.623779,2580.0,2.231911,0.386385,6372.0,0.954282,0.903693,2.67383852702562,EXH,2024-12-20
2024-12-28,FY24_Q4_CEA_CCB_FBIG_LTY-EXH-EXH-CLB-ALW_ Cineclub Holiday Gifting - EN_CO_L CEA CCB 001_CP2S3Q3,28289.13,completed,571.0,conversions:subscribe_website,947685.0,2863543.0,49.54313485,2024-12-31,2821128.0,10.027595,11215.0,2.522437,0.397536,24539.0,0.869829,1.152823,2.9768625650928313,EXH,2024-12-20
2024-12-28,FY24_Q3_CEA_BRA_FBIG_EXH-EXH-EXH-BRA-MBR_Competitive Media Burst Wave 2 Conversion - EN_CO_L CEA EXH 002_CP2PH3J,2257.69,completed,388.0,actions:offsite_conversion.fb_pixel_purchase,66081.0,301006.0,5.81878866,2024-12-31,354781.0,6.363616,804.0,2.808072,0.226619,1467.0,0.413495,1.538984,5.368880616213435,EXH,2024-12-20
2024-12-28,FY24_Q4_CEA_PPP_FBIG_PRE-PRE-EXH-B2C-PRO_Holiday Gifting Pack - FR_CN_L CEA PPP 005_CP2RV9S,1676.38,completed,2572.0,actions:link_click,146154.0,248008.0,0.65178072,2024-12-31,295164.0,5.679487,2572.0,0.651781,0.87138,4341.0,1.470708,0.386174,2.0195410320620715,EXH,2024-12-20
2024-12-28,FY24_Q4_CEA_PPP_FBIG_PRE-PRE-EXH-B2C-PRO_Holiday Gifting Pack - EN_CN_L CEA PPP 005_CP2RV9S,6745.65,completed,11115.0,actions:link_click,687406.0,1466101.0,0.60689609,2024-12-31,1623775.0,4.154301,11115.0,0.606896,0.684516,21686.0,1.33553,0.31106,2.3621775195444905,EXH,2024-12-20
2024-12-21,FY24_Q3_CEA_GRP_FBIG_GNE-EXH-EXH-GNE-MTS_EXH Group and Events FR_CN_L CEA GRP 001_CP2NKV4,1946.0,completed,822.0,actions:landing_page_view,60678.0,171979.0,2.36739659,2024-12-31,175278.0,11.102363,1387.0,1.403028,0.791314,2150.0,1.226623,0.905116,2.888658162760803,EXH,2024-12-13
2024-12-21,FY24_Q3_CEA_GRP_FBIG_GNE-EXH-EXH-GNE-MTS_EXH Group and Events EN_CN_L CEA GRP 001_CP2NKV4,7827.18,completed,4626.0,actions:landing_page_view,399295.0,981073.0,1.69199741,2024-12-31,1007154.0,7.771582,6610.0,1.184142,0.656305,9618.0,0.954968,0.813805,2.5223306076960643,EXH,2024-12-13
2024-12-21,FY24_Q4_CEA_CCB_FBIG_LTY-EXH-EXH-CLB-ALW_ Cineclub Holiday Gifting - FR_CO_L CEA CCB 001_CP2S3Q3,5181.12,completed,43.0,conversions:subscribe_website,215383.0,550987.0,120.49116279,2024-12-31,547839.0,9.457377,2454.0,2.111296,0.447942,6133.0,1.119489,0.844794,2.5435572909653965,EXH,2024-12-13
2024-12-21,FY24_Q4_CEA_CCB_FBIG_LTY-EXH-EXH-CLB-ALW_ Cineclub Holiday Gifting - EN_CO_L CEA CCB 001_CP2S3Q3,22663.55,completed,366.0,conversions:subscribe_website,813425.0,2163420.0,61.92226776,2024-12-31,2110196.0,10.740021,9920.0,2.284632,0.470099,21579.0,1.022606,1.05026,2.594210898361865,EXH,2024-12-13
2024-12-21,FY24_Q3_CEA_BRA_FBIG_EXH-EXH-EXH-BRA-MBR_Competitive Media Burst Wave 2 Conversion - EN_CO_L CEA EXH 002_CP2PH3J,2298.77,completed,211.0,actions:offsite_conversion.fb_pixel_purchase,66017.0,290558.0,10.89464455,2024-12-31,337582.0,6.809516,840.0,2.736631,0.248828,1485.0,0.439893,1.547993,5.113561658360725,EXH,2024-12-13
2024-12-21,FY24_Q4_CEA_PPP_FBIG_PRE-PRE-EXH-B2C-PRO_Holiday Gifting Pack - FR_CN_L CEA PPP 005_CP2RV9S,1735.91,completed,2413.0,actions:link_click,126207.0,191464.0,0.71939909,2024-12-31,231074.0,7.512355,2413.0,0.719399,1.044254,4263.0,1.844864,0.407204,1.830912706902153,EXH,2024-12-13
2024-12-21,FY24_Q4_CEA_PPP_FBIG_PRE-PRE-EXH-B2C-PRO_Holiday Gifting Pack - EN_CN_L CEA PPP 005_CP2RV9S,6988.33,completed,12204.0,actions:link_click,630556.0,1313202.0,0.57262619,2024-12-31,1388677.0,5.032365,12204.0,0.572626,0.878822,25120.0,1.808916,0.278198,2.2023055842780024,EXH,2024-12-13
2024-12-14,FY24_Q3_CEA_GRP_FBIG_GNE-EXH-EXH-GNE-MTS_EXH Group and Events FR_CN_L CEA GRP 001_CP2NKV4,1506.76,completed,773.0,actions:landing_page_view,54395.0,167734.0,1.94923674,2024-12-31,165185.0,9.121651,1040.0,1.448808,0.629597,1499.0,0.907467,1.005177,3.036768085301958,EXH,2024-12-06
2024-12-14,FY24_Q3_CEA_GRP_FBIG_GNE-EXH-EXH-GNE-MTS_EXH Group and Events EN_CN_L CEA GRP 001_CP2NKV4,6002.0,completed,4566.0,actions:landing_page_view,435479.0,957760.0,1.31449847,2024-12-31,957386.0,6.269154,5464.0,1.098463,0.570721,9663.0,1.009311,0.621132,2.198466516181033,EXH,2024-12-06
2024-12-14,FY24_Q4_CEA_CCB_FBIG_LTY-EXH-EXH-CLB-ALW_ Cineclub Holiday Gifting - FR_CO_L CEA CCB 001_CP2S3Q3,4602.97,completed,46.0,conversions:subscribe_website,187780.0,476458.0,100.06456522,2024-12-31,477060.0,9.648619,2455.0,1.874937,0.51461,5741.0,1.203413,0.801771,2.5405261476195546,EXH,2024-12-06
2024-12-14,FY24_Q4_CEA_CCB_FBIG_LTY-EXH-EXH-CLB-ALW_ Cineclub Holiday Gifting - EN_CO_L CEA CCB 001_CP2S3Q3,18579.39,completed,350.0,conversions:subscribe_website,661062.0,1685441.0,53.08397143,2024-12-31,1661690.0,11.181021,9584.0,1.938584,0.576762,19382.0,1.166403,0.95859,2.5136674018473304,EXH,2024-12-06
2024-12-14,FY24_Q3_CEA_BRA_FBIG_EXH-EXH-EXH-BRA-MBR_Competitive Media Burst Wave 2 Conversion - EN_CO_L CEA EXH 002_CP2PH3J,2208.91,completed,172.0,actions:offsite_conversion.fb_pixel_purchase,57155.0,257679.0,12.8425,2024-12-31,286889.0,7.699528,609.0,3.62711,0.212277,1403.0,0.489039,1.574419,5.019490858192634,EXH,2024-12-06
2024-12-14,FY24_Q4_CEA_PPP_FBIG_PRE-PRE-EXH-B2C-PRO_Holiday Gifting Pack - FR_CN_L CEA PPP 005_CP2RV9S,1713.91,completed,2587.0,actions:link_click,129615.0,198558.0,0.6625087,2024-12-31,252562.0,6.786096,2587.0,0.662509,1.024303,5385.0,2.13215,0.318275,1.9485553369594568,EXH,2024-12-06
2024-12-14,FY24_Q4_CEA_PPP_FBIG_PRE-PRE-EXH-B2C-PRO_Holiday Gifting Pack - EN_CN_L CEA PPP 005_CP2RV9S,6861.62,completed,11868.0,actions:link_click,579462.0,1144403.0,0.57816144,2024-12-31,1270889.0,5.399071,11868.0,0.578161,0.933835,26876.0,2.11474,0.255307,2.1932223338199917,EXH,2024-12-06
2024-12-07,FY24_Q3_CEA_GRP_FBIG_GNE-EXH-EXH-GNE-MTS_EXH Group and Events FR_CN_L CEA GRP 001_CP2NKV4,1870.5,completed,855.0,actions:landing_page_view,56845.0,171490.0,2.1877193,2024-12-31,165198.0,11.322776,1247.0,1.5,0.754852,1722.0,1.042386,1.086237,2.906113114609904,EXH,2024-11-29
2024-12-07,FY24_Q3_CEA_GRP_FBIG_GNE-EXH-EXH-GNE-MTS_EXH Group and Events EN_CN_L CEA GRP 001_CP2NKV4,7484.93,completed,5109.0,actions:landing_page_view,419506.0,963972.0,1.46504795,2024-12-31,946543.0,7.907649,6617.0,1.131167,0.69907,11646.0,1.230372,0.642704,2.2563276806529586,EXH,2024-11-29
2024-12-07,FY24_Q4_CEA_CCB_FBIG_LTY-EXH-EXH-CLB-ALW_ Cineclub Holiday Gifting - FR_CO_L CEA CCB 001_CP2S3Q3,4323.65,completed,128.0,conversions:subscribe_website,135110.0,354734.0,33.77851562,2024-12-31,354738.0,12.188291,3404.0,1.270167,0.959581,8724.0,2.45928,0.495604,2.6255495522167123,EXH,2024-11-29
2024-12-07,FY24_Q4_CEA_CCB_FBIG_LTY-EXH-EXH-CLB-ALW_ Cineclub Holiday Gifting - EN_CO_L CEA CCB 001_CP2S3Q3,17108.44,completed,922.0,conversions:subscribe_website,503026.0,1284368.0,18.55579176,2024-12-31,1273369.0,13.435571,14670.0,1.16622,1.152062,30574.0,2.401032,0.559575,2.531417859116626,EXH,2024-11-29
2024-12-07,FY24_Q3_CEA_BRA_FBIG_EXH-EXH-EXH-BRA-MBR_Competitive Media Burst Wave 2 Conversion - EN_CO_L CEA EXH 002_CP2PH3J,2231.22,completed,228.0,actions:offsite_conversion.fb_pixel_purchase,55368.0,220310.0,9.78605263,2024-12-31,245512.0,9.088028,605.0,3.687967,0.246424,1518.0,0.6183,1.469842,4.434185811298946,EXH,2024-11-29
2024-12-07,FY24_Q4_CEA_PPP_FBIG_PRE-PRE-EXH-B2C-PRO_Holiday Gifting Pack - FR_CN_L CEA PPP 005_CP2RV9S,1756.32,completed,2592.0,actions:link_click,141204.0,238808.0,0.67759259,2024-12-31,288122.0,6.095751,2592.0,0.677593,0.899619,5601.0,1.943968,0.313573,2.040466275742897,EXH,2024-11-29
2024-12-07,FY24_Q4_CEA_PPP_FBIG_PRE-PRE-EXH-B2C-PRO_Holiday Gifting Pack - EN_CN_L CEA PPP 005_CP2RV9S,6954.12,completed,13393.0,actions:link_click,583208.0,1203780.0,0.51923542,2024-12-31,1299417.0,5.351723,13393.0,0.519235,1.030693,29339.0,2.257859,0.237026,2.2280507126102522,EXH,2024-11-29
2024-11-30,FY24_Q3_CEA_GRP_FBIG_GNE-EXH-EXH-GNE-MTS_EXH Group and Events FR_CN_L CEA GRP 001_CP2NKV4,1595.3,completed,646.0,actions:landing_page_view,45593.0,117195.0,2.46950464,2024-12-31,113978.0,13.996561,1156.0,1.380017,1.014231,1868.0,1.638913,0.854015,2.499901300638256,EXH,2024-11-22
2024-11-30,FY24_Q3_CEA_GRP_FBIG_GNE-EXH-EXH-GNE-MTS_EXH Group and Events EN_CN_L CEA GRP 001_CP2NKV4,6342.55,completed,4146.0,actions:landing_page_view,292240.0,602468.0,1.52979981,2024-12-31,595158.0,10.656918,5606.0,1.131386,0.941935,11472.0,1.927555,0.552872,2.0365384615384614,EXH,2024-11-22
2024-11-30,FY24_Q4_CEA_CCB_FBIG_LTY-EXH-EXH-CLB-ALW_ Cineclub Holiday Gifting - FR_CO_L CEA CCB 001_CP2S3Q3,1124.82,completed,61.0,conversions:subscribe_website,41710.0,69393.0,18.43967213,2024-12-31,69196.0,16.255564,1761.0,0.638739,2.544945,4059.0,5.865946,0.277118,1.658978662191321,EXH,2024-11-22
2024-11-30,FY24_Q4_CEA_CCB_FBIG_LTY-EXH-EXH-CLB-ALW_ Cineclub Holiday Gifting - EN_CO_L CEA CCB 001_CP2S3Q3,4452.61,completed,415.0,conversions:subscribe_website,185275.0,304366.0,10.72918072,2024-12-31,303049.0,14.692706,9813.0,0.453746,3.23809,17962.0,5.927094,0.247891,1.6356712994197815,EXH,2024-11-22
2024-11-30,FY24_Q3_CEA_BRA_FBIG_EXH-EXH-EXH-BRA-MBR_Competitive Media Burst Wave 2 Conversion - EN_CO_L CEA EXH 002_CP2PH3J,2297.86,completed,249.0,actions:offsite_conversion.fb_pixel_purchase,50715.0,199805.0,9.22835341,2024-12-31,217335.0,10.572894,521.0,4.41048,0.239722,1427.0,0.65659,1.610273,4.2854185152321795,EXH,2024-11-22
2024-11-30,FY24_Q4_CEA_PPP_FBIG_PRE-PRE-EXH-B2C-PRO_Holiday Gifting Pack - FR_CN_L CEA PPP 005_CP2RV9S,1708.66,completed,3032.0,actions:link_click,118503.0,195813.0,0.56354222,2024-12-31,259591.0,6.582123,3032.0,0.563542,1.167991,8318.0,3.204271,0.205417,2.190585892340278,EXH,2024-11-22
2024-11-30,FY24_Q4_CEA_PPP_FBIG_PRE-PRE-EXH-B2C-PRO_Holiday Gifting Pack - EN_CN_L CEA PPP 005_CP2RV9S,6865.32,completed,15520.0,actions:link_click,495645.0,1059184.0,0.44235309,2024-12-31,1149810.0,5.97083,15520.0,0.442353,1.349788,35445.0,3.082683,0.193689,2.3198256816874983,EXH,2024-11-22
2024-11-23,FY24_Q3_CEA_GRP_FBIG_GNE-EXH-EXH-GNE-MTS_EXH Group and Events FR_CN_L CEA GRP 001_CP2NKV4,47.16,completed,19.0,actions:landing_page_view,3720.0,4364.0,2.48210526,2024-12-31,4324.0,10.906568,44.0,1.071818,1.017576,93.0,2.150786,0.507097,1.1623655913978495,EXH,2024-11-15
2024-11-23,FY24_Q3_CEA_GRP_FBIG_GNE-EXH-EXH-GNE-MTS_EXH Group and Events EN_CN_L CEA GRP 001_CP2NKV4,202.07,completed,221.0,actions:landing_page_view,20367.0,22418.0,0.91434389,2024-12-31,22332.0,9.048451,301.0,0.671329,1.347842,822.0,3.680817,0.245827,1.0964795993518928,EXH,2024-11-15
2024-11-23,FY24_Q3_CEA_BRA_FBIG_EXH-EXH-EXH-BRA-MBR_Competitive Media Burst Wave 2 Conversion - EN_CO_L CEA EXH 002_CP2PH3J,2174.66,completed,235.0,actions:offsite_conversion.fb_pixel_purchase,60859.0,237243.0,9.25387234,2024-12-31,255967.0,8.495861,664.0,3.27509,0.259408,1734.0,0.677431,1.254129,4.205902167304753,EXH,2024-11-15
2024-11-23,FY24_Q4_CEA_PPP_FBIG_PRE-PRE-EXH-B2C-PRO_Holiday Gifting Pack - FR_CN_L CEA PPP 005_CP2RV9S,370.96,completed,1108.0,actions:link_click,38204.0,50761.0,0.33480144,2024-12-31,60251.0,6.15691,1108.0,0.334801,1.838974,2835.0,4.705316,0.13085,1.5770861689875406,EXH,2024-11-15
2024-11-23,FY24_Q4_CEA_PPP_FBIG_PRE-PRE-EXH-B2C-PRO_Holiday Gifting Pack - EN_CN_L CEA PPP 005_CP2RV9S,1390.09,completed,5420.0,actions:link_click,170801.0,252705.0,0.25647417,2024-12-31,260133.0,5.343766,5420.0,0.256474,2.08355,12159.0,4.674147,0.114326,1.5230180151170074,EXH,2024-11-15
2024-11-16,FY24_Q3_CEA_BRA_FBIG_EXH-EXH-EXH-BRA-MBR_Competitive Media Burst Wave 2 Conversion - EN_CO_L CEA EXH 002_CP2PH3J,2252.76,completed,147.0,actions:offsite_conversion.fb_pixel_purchase,58719.0,249388.0,15.32489796,2024-12-31,275651.0,8.172508,661.0,3.408109,0.239796,1864.0,0.676217,1.208562,4.694408964730326,EXH,2024-11-08
2024-11-09,FY24_Q3_CEA_BRA_FBIG_EXH-EXH-EXH-BRA-MBR_Competitive Media Burst Wave 2 Conversion - EN_CO_L CEA EXH 002_CP2PH3J,2222.29,completed,202.0,actions:offsite_conversion.fb_pixel_purchase,64549.0,308974.0,11.00143564,2024-12-31,331319.0,6.707403,725.0,3.065228,0.218822,1903.0,0.574371,1.167782,5.132829323459697,EXH,2024-11-01
2024-11-02,FY24_Q3_CEA_BRA_FBIG_EXH-EXH-EXH-BRA-MBR_Competitive Media Burst Wave 2 Conversion - EN_CO_L CEA EXH 002_CP2PH3J,2223.35,completed,192.0,actions:offsite_conversion.fb_pixel_purchase,66466.0,292549.0,11.57994792,2024-12-31,316597.0,7.02265,651.0,3.415284,0.205624,1772.0,0.559702,1.254712,4.763292510456474,EXH,2024-10-25
2024-10-26,FY24_Q3_CEA_BRA_FBIG_EXH-EXH-EXH-BRA-MBR_Competitive Media Burst Wave 2 Conversion - EN_CO_L CEA EXH 002_CP2PH3J,2203.08,completed,186.0,actions:offsite_conversion.fb_pixel_purchase,67660.0,269823.0,11.84451613,2024-12-31,291864.0,7.54831,588.0,3.746735,0.201464,1532.0,0.524902,1.438042,4.313686077446054,EXH,2024-10-18
2024-10-19,FY24_Q3_CEA_BRA_FBIG_EXH-EXH-EXH-BRA-MBR_Competitive Media Burst Wave 2 Conversion - EN_CO_L CEA EXH 002_CP2PH3J,2166.56,completed,235.0,actions:offsite_conversion.fb_pixel_purchase,73681.0,330073.0,9.21940426,2024-12-31,360517.0,6.009592,642.0,3.374704,0.178078,1512.0,0.419398,1.43291,4.892943906841655,EXH,2024-10-11
2024-10-12,FY24_Q3_CEA_BRA_FBIG_EXH-EXH-EXH-BRA-MBR_Competitive Media Burst Wave 2 Conversion - EN_CO_L CEA EXH 002_CP2PH3J,2176.57,completed,171.0,actions:offsite_conversion.fb_pixel_purchase,71309.0,306567.0,12.72847953,2024-12-31,340061.0,6.400528,754.0,2.886698,0.221725,2007.0,0.590188,1.084489,4.768837033193566,EXH,2024-10-04
2024-10-05,FY24_Q3_CEA_GRP_FBIG_GNE-EXH-EXH-GNE-MTS_EXH Group and Events FR_CN_L CEA GRP 001_CP2NKV4,205.1,completed,104.0,actions:landing_page_view,15416.0,27022.0,1.97211538,2024-12-31,26794.0,7.654699,180.0,1.139444,0.671792,246.0,0.918116,0.83374,1.7380643487285936,EXH,2024-09-27
2024-10-05,FY24_Q3_CEA_GRP_FBIG_GNE-EXH-EXH-GNE-MTS_EXH Group and Events EN_CN_L CEA GRP 001_CP2NKV4,828.08,completed,665.0,actions:landing_page_view,108689.0,137415.0,1.24523308,2024-12-31,136519.0,6.065676,903.0,0.917032,0.661446,1930.0,1.413723,0.429057,1.2560516703622262,EXH,2024-09-27
2024-10-05,FY24_Q3_CEA_BRA_FBIG_EXH-EXH-EXH-BRA-MBR_Competitive Media Burst Wave 2 Conversion - EN_CO_L CEA EXH 002_CP2PH3J,1332.44,completed,94.0,actions:offsite_conversion.fb_pixel_purchase,50325.0,190037.0,14.17489362,2024-12-31,201332.0,6.618123,549.0,2.427031,0.272684,1953.0,0.97004,0.682253,4.000635866865375,EXH,2024-09-27
2024-09-28,FY24_Q3_CEA_GRP_FBIG_GNE-EXH-EXH-GNE-MTS_EXH Group and Events FR_CN_L CEA GRP 001_CP2NKV4,698.19,completed,339.0,actions:landing_page_view,34382.0,24114.0,2.05955752,2024-12-31,87346.0,7.993383,623.0,1.12069,0.713255,913.0,1.045268,0.764721,2.5404572159851084,EXH,2024-09-20
2024-09-28,FY24_Q3_CEA_GRP_FBIG_GNE-EXH-EXH-GNE-MTS_EXH Group and Events EN_CN_L CEA GRP 001_CP2NKV4,2746.54,completed,2580.0,actions:landing_page_view,254291.0,110668.0,1.06455039,2024-12-31,433930.0,6.329454,3318.0,0.82777,0.764639,7254.0,1.671698,0.378624,1.7064308213818027,EXH,2024-09-20
2024-09-21,FY24_Q3_CEA_GRP_FBIG_GNE-EXH-EXH-GNE-MTS_EXH Group and Events FR_CN_L CEA GRP 001_CP2NKV4,689.85,completed,357.0,actions:landing_page_view,40084.0,,1.93235294,2024-12-31,83526.0,8.259105,592.0,1.165287,0.708761,1075.0,1.287024,0.641721,2.083774074443668,EXH,2024-09-13
2024-09-21,FY24_Q3_CEA_GRP_FBIG_GNE-EXH-EXH-GNE-MTS_EXH Group and Events EN_CN_L CEA GRP 001_CP2NKV4,2788.89,completed,2788.0,actions:landing_page_view,224541.0,,1.00031923,2024-12-31,409390.0,6.812306,3601.0,0.774477,0.879601,8113.0,1.981729,0.343756,1.8232305013338321,EXH,2024-09-13
2024-09-14,FY24_Q3_CEA_GRP_FBIG_GNE-EXH-EXH-GNE-MTS_EXH Group and Events FR_CN_L CEA GRP 001_CP2NKV4,710.86,completed,454.0,actions:landing_page_view,35174.0,,1.56577093,2024-12-31,77175.0,9.211014,693.0,1.025772,0.897959,1316.0,1.705215,0.540167,2.1940922272132823,EXH,2024-09-06
2024-09-14,FY24_Q3_CEA_GRP_FBIG_GNE-EXH-EXH-GNE-MTS_EXH Group and Events EN_CN_L CEA GRP 001_CP2NKV4,2824.46,completed,2130.0,actions:landing_page_view,180695.0,,1.32603756,2024-12-31,363536.0,7.769409,2893.0,0.976308,0.795795,5015.0,1.379506,0.563202,2.011876366252525,EXH,2024-09-06
2024-09-07,FY24_Q3_CEA_GRP_FBIG_GNE-EXH-EXH-GNE-MTS_EXH Group and Events FR_CN_L CEA GRP 001_CP2NKV4,711.58,completed,411.0,actions:landing_page_view,38584.0,,1.7313382,2024-12-31,88567.0,8.034369,664.0,1.071657,0.749715,1238.0,1.397812,0.574782,2.295433340244661,EXH,2024-08-30
2024-09-07,FY24_Q3_CEA_GRP_FBIG_GNE-EXH-EXH-GNE-MTS_EXH Group and Events EN_CN_L CEA GRP 001_CP2NKV4,2863.37,completed,2154.0,actions:landing_page_view,214320.0,,1.32932683,2024-12-31,449389.0,6.371696,2940.0,0.973935,0.654222,4808.0,1.069897,0.595543,2.0968131765584173,EXH,2024-08-30
2024-08-31,FY24_Q3_CEA_GRP_FBIG_GNE-EXH-EXH-GNE-MTS_EXH Group and Events FR_CN_L CEA GRP 001_CP2NKV4,694.78,completed,402.0,actions:landing_page_view,41941.0,,1.72830846,2024-12-31,88508.0,7.849912,596.0,1.165738,0.673385,930.0,1.050752,0.747075,2.1102977992894782,EXH,2024-08-23
2024-08-31,FY24_Q3_CEA_GRP_FBIG_GNE-EXH-EXH-GNE-MTS_EXH Group and Events EN_CN_L CEA GRP 001_CP2NKV4,2796.06,completed,1863.0,actions:landing_page_view,204422.0,,1.50083736,2024-12-31,450781.0,6.202702,2700.0,1.035578,0.59896,4785.0,1.061491,0.584339,2.2051491522438877,EXH,2024-08-23
2024-08-24,FY24_Q3_CEA_GRP_FBIG_GNE-EXH-EXH-GNE-MTS_EXH Group and Events FR_CN_L CEA GRP 001_CP2NKV4,317.89,completed,168.0,actions:landing_page_view,23104.0,,1.89220238,2024-12-31,39179.0,8.113785,258.0,1.232132,0.658516,403.0,1.028612,0.788809,1.6957669667590027,EXH,2024-08-16
2024-08-24,FY24_Q3_CEA_GRP_FBIG_GNE-EXH-EXH-GNE-MTS_EXH Group and Events EN_CN_L CEA GRP 001_CP2NKV4,1265.72,completed,890.0,actions:landing_page_view,108265.0,,1.4221573,2024-12-31,186003.0,6.804836,1286.0,0.98423,0.691387,2342.0,1.259119,0.540444,1.7180344525008082,EXH,2024-08-16
2025-01-11,FY24_Q3_CEA_BRA_FBIG_EXH-EXH-JNX-BRA-LCL_Junxion AO - Kildonan_CO_L CEA BRA 004_CP2NPB1,110.57,completed,20.0,actions:offsite_conversion.fb_pixel_purchase,12609.0,17979.0,5.5285,2025-01-05,21607.0,5.117323,33.0,3.350606,0.152728,43.0,0.19901,2.571395,1.7136172575144737,EXH,2025-01-03
2025-01-11,FY24_Q4_CEA_FLM_FBIG_FLM-EXH-EXH-FLM-FRN_Convert & Upgrade -AVX & VIP_Conversion_L CEA FLM 010_CP2Q5TG,381.59,not_delivering,,,47061.0,62436.0,,2025-01-05,66384.0,5.748222,311.0,1.226977,0.468486,759.0,1.143348,0.502754,1.4105947599923503,EXH,2025-01-03
2025-01-11,FY24_Q4_CEA_FLM_FBIG_FLM-EXH-EXH-FLM-FRN_Convert & Upgrade -MB-F&B-Opera-A&C-Xscape_Conversion_L CEA FLM 010_CP2Q5TG,543.58,not_delivering,488.0,actions:offsite_conversion.fb_pixel_purchase,63475.0,82921.0,1.11389344,2025-01-05,95123.0,5.714496,564.0,0.963794,0.592917,1648.0,1.732494,0.329842,1.4985899960614415,EXH,2025-01-03
2025-01-11,FY24_Q3-to-Q4_CEA_BRA_FBIG_EXH-EXH-EXH-BRA-MBR_Masterbrand cineplex - Awareness 006 & 011 EN_CN_L CEA BRA 006_CP2NW4D,1369.49,not_delivering,1251324.0,reach,1251324.0,1451724.0,1.09443278,2025-01-05,1459584.0,0.938274,1541.0,0.888702,0.105578,1649.0,0.112977,0.830497,1.166431715526914,EXH,2025-01-03
2025-01-11,FY24_Q3_CEA_BRA_FBIG_EXH-EXH-JNX-BRA-LCL_Junxion AO - Erin Mills_CO_L CEA BRA 004_CP2NPB1,110.06,completed,83.0,actions:offsite_conversion.fb_pixel_purchase,11435.0,14540.0,1.3260241,2025-01-05,16429.0,6.69913,30.0,3.668667,0.182604,47.0,0.286079,2.341702,1.4367293397463927,EXH,2025-01-03
2025-01-04,FY24_Q3_CEA_BRA_FBIG_EXH-EXH-JNX-BRA-LCL_Junxion AO - Kildonan_CO_L CEA BRA 004_CP2NPB1,819.34,completed,316.0,actions:offsite_conversion.fb_pixel_purchase,32488.0,116091.0,2.5928481,2025-01-05,136580.0,5.998975,177.0,4.62904,0.129594,269.0,0.196954,3.045874,4.204013789706969,EXH,2024-12-27
2025-01-04,FY24_Q4_CEA_FLM_FBIG_FLM-EXH-EXH-FLM-FRN_Convert & Upgrade -AVX & VIP_Conversion_L CEA FLM 010_CP2Q5TG,2687.46,not_delivering,,,184692.0,371619.0,,2025-01-05,390504.0,6.882029,1733.0,1.550756,0.443785,4756.0,1.217913,0.565067,2.1143525436943666,EXH,2024-12-27
2025-01-04,FY24_Q4_CEA_FLM_FBIG_FLM-EXH-EXH-FLM-FRN_Convert & Upgrade -MB-F&B-Opera-A&C-Xscape_Conversion_L CEA FLM 010_CP2Q5TG,3924.02,not_delivering,4885.0,actions:offsite_conversion.fb_pixel_purchase,252689.0,521672.0,0.80327943,2025-01-05,589350.0,6.658217,3576.0,1.097321,0.60677,11652.0,1.977093,0.336768,2.3323136345468143,EXH,2024-12-27
2025-01-04,FY24_Q3-to-Q4_CEA_BRA_FBIG_EXH-EXH-EXH-BRA-MBR_Masterbrand cineplex - Awareness 006 & 011 EN_CN_L CEA BRA 006_CP2NW4D,10435.48,not_delivering,7546749.0,reach,7546749.0,10199574.0,1.3827782,2025-01-05,10250196.0,1.018076,10202.0,1.022886,0.09953,10983.0,0.107149,0.950148,1.358226701325299,EXH,2024-12-27
2025-01-04,FY24_Q3_CEA_BRA_FBIG_EXH-EXH-JNX-BRA-LCL_Junxion AO - Erin Mills_CO_L CEA BRA 004_CP2NPB1,814.66,completed,741.0,actions:offsite_conversion.fb_pixel_purchase,57416.0,110439.0,1.09940621,2025-01-05,119813.0,6.799429,162.0,5.028765,0.135211,258.0,0.215336,3.157597,2.086752821513167,EXH,2024-12-27
2024-12-28,FY24_Q3_CEA_BRA_FBIG_EXH-EXH-JNX-BRA-LCL_Junxion AO - Kildonan_CO_L CEA BRA 004_CP2NPB1,802.44,completed,280.0,actions:offsite_conversion.fb_pixel_purchase,24796.0,87129.0,2.86585714,2025-01-05,103077.0,7.78486,151.0,5.314172,0.146492,243.0,0.235746,3.302222,4.15700112921439,EXH,2024-12-20
2024-12-28,FY24_Q4_CEA_FLM_FBIG_FLM-EXH-EXH-FLM-FRN_Convert & Upgrade -AVX & VIP_Conversion_L CEA FLM 010_CP2Q5TG,2734.39,not_delivering,,,141184.0,308406.0,,2025-01-05,324881.0,8.416589,1469.0,1.861396,0.452166,3621.0,1.114562,0.755148,2.301117690389846,EXH,2024-12-20
2024-12-28,FY24_Q4_CEA_FLM_FBIG_FLM-EXH-EXH-FLM-FRN_Convert & Upgrade -MB-F&B-Opera-A&C-Xscape_Conversion_L CEA FLM 010_CP2Q5TG,4019.68,not_delivering,3888.0,actions:offsite_conversion.fb_pixel_purchase,175804.0,397013.0,1.03386831,2025-01-05,437302.0,9.192,2585.0,1.555002,0.591125,8005.0,1.830543,0.502146,2.487440558804123,EXH,2024-12-20
2024-12-28,FY24_Q3-to-Q4_CEA_BRA_FBIG_EXH-EXH-EXH-BRA-MBR_Masterbrand cineplex - Awareness 006 & 011 EN_CN_L CEA BRA 006_CP2NW4D,10969.95,not_delivering,5979541.0,reach,5979541.0,7958779.0,1.83458061,2025-01-05,7992658.0,1.372503,8110.0,1.352645,0.101468,8523.0,0.106635,1.2871,1.336667479995538,EXH,2024-12-20
2024-12-28,FY24_Q3_CEA_BRA_FBIG_EXH-EXH-JNX-BRA-LCL_Junxion AO - Erin Mills_CO_L CEA BRA 004_CP2NPB1,797.35,completed,653.0,actions:offsite_conversion.fb_pixel_purchase,41667.0,80335.0,1.22105666,2025-01-05,86994.0,9.165575,145.0,5.498966,0.166678,215.0,0.247143,3.708605,2.0878392972856217,EXH,2024-12-20
2024-12-21,FY24_Q3_CEA_BRA_FBIG_EXH-EXH-JNX-BRA-LCL_Junxion AO - Kildonan_CO_L CEA BRA 004_CP2NPB1,807.4,completed,177.0,actions:offsite_conversion.fb_pixel_purchase,21646.0,84010.0,4.56158192,2025-01-05,99100.0,8.147326,147.0,5.492517,0.148335,230.0,0.232089,3.510435,4.578213064769472,EXH,2024-12-13
2024-12-21,FY24_Q4_CEA_FLM_FBIG_FLM-EXH-EXH-FLM-FRN_Convert & Upgrade -AVX & VIP_Conversion_L CEA FLM 010_CP2Q5TG,3150.42,not_delivering,,,144613.0,297655.0,,2025-01-05,307971.0,10.2296,901.0,3.496582,0.29256,3642.0,1.182579,0.865025,2.129621818232109,EXH,2024-12-13
2024-12-21,FY24_Q4_CEA_FLM_FBIG_FLM-EXH-EXH-FLM-FRN_Convert & Upgrade -MB-F&B-Opera-A&C-Xscape_Conversion_L CEA FLM 010_CP2Q5TG,4696.51,not_delivering,2491.0,actions:offsite_conversion.fb_pixel_purchase,209138.0,434256.0,1.88539141,2025-01-05,492336.0,9.539237,2725.0,1.72349,0.553484,10020.0,2.035195,0.468714,2.3541202459619965,EXH,2024-12-13
2024-12-21,FY24_Q3-to-Q4_CEA_BRA_FBIG_EXH-EXH-EXH-BRA-MBR_Masterbrand cineplex - Awareness 006 & 011 EN_CN_L CEA BRA 006_CP2NW4D,11272.69,not_delivering,5316141.0,reach,5316141.0,7029888.0,2.12046483,2025-01-05,7056865.0,1.597408,7130.0,1.581022,0.101036,7431.0,0.105302,1.516982,1.3274412774228523,EXH,2024-12-13
2024-12-21,FY24_Q3_CEA_BRA_FBIG_EXH-EXH-JNX-BRA-LCL_Junxion AO - Erin Mills_CO_L CEA BRA 004_CP2NPB1,803.06,completed,369.0,actions:offsite_conversion.fb_pixel_purchase,24238.0,58980.0,2.17631436,2025-01-05,63923.0,12.562927,145.0,5.538345,0.226835,218.0,0.341035,3.683761,2.6373050581731166,EXH,2024-12-13
2024-12-14,FY24_Q3_CEA_BRA_FBIG_EXH-EXH-JNX-BRA-LCL_Junxion AO - Kildonan_CO_L CEA BRA 004_CP2NPB1,777.01,completed,141.0,actions:offsite_conversion.fb_pixel_purchase,19002.0,75763.0,5.51070922,2025-01-05,88979.0,8.73251,143.0,5.433636,0.160712,214.0,0.240506,3.630888,4.682612356594043,EXH,2024-12-06
2024-12-14,FY24_Q4_CEA_FLM_FBIG_FLM-EXH-EXH-FLM-FRN_Convert & Upgrade -AVX & VIP_Conversion_L CEA FLM 010_CP2Q5TG,1539.26,not_delivering,,,72396.0,115809.0,,2025-01-05,121407.0,12.678511,586.0,2.626724,0.482674,2012.0,1.657236,0.76504,1.6769849162937178,EXH,2024-12-06
2024-12-14,FY24_Q4_CEA_FLM_FBIG_FLM-EXH-EXH-FLM-FRN_Convert & Upgrade -MB-F&B-Opera-A&C-Xscape_Conversion_L CEA FLM 010_CP2Q5TG,4720.89,not_delivering,2275.0,actions:offsite_conversion.fb_pixel_purchase,213701.0,394682.0,2.07511648,2025-01-05,453961.0,10.399329,3070.0,1.537749,0.67627,8639.0,1.903027,0.546463,2.1242811217542266,EXH,2024-12-06
2024-12-14,FY24_Q3-to-Q4_CEA_BRA_FBIG_EXH-EXH-EXH-BRA-MBR_Masterbrand cineplex - Awareness 006 & 011 EN_CN_L CEA BRA 006_CP2NW4D,11103.65,not_delivering,5246164.0,reach,5246164.0,6911169.0,2.11652743,2025-01-05,6944856.0,1.598831,7133.0,1.556659,0.102709,7376.0,0.106208,1.505376,1.3237969686041078,EXH,2024-12-06
2024-12-14,FY24_Q3_CEA_BRA_FBIG_EXH-EXH-JNX-BRA-LCL_Junxion AO - Erin Mills_CO_L CEA BRA 004_CP2NPB1,775.8,completed,360.0,actions:offsite_conversion.fb_pixel_purchase,25669.0,55917.0,2.155,2025-01-05,59583.0,13.020492,98.0,7.916327,0.164476,148.0,0.248393,5.241892,2.3212045658186917,EXH,2024-12-06
2024-12-07,FY24_Q3_CEA_BRA_FBIG_EXH-EXH-JNX-BRA-LCL_Junxion AO - Kildonan_CO_L CEA BRA 004_CP2NPB1,776.41,completed,211.0,actions:offsite_conversion.fb_pixel_purchase,17582.0,58959.0,3.67966825,2025-01-05,68143.0,11.393834,108.0,7.188981,0.15849,164.0,0.24067,4.734207,3.87572517347287,EXH,2024-11-29
2024-12-07,FY24_Q4_CEA_FLM_FBIG_FLM-EXH-EXH-FLM-FRN_Convert & Upgrade -AVX & VIP_Conversion_L CEA FLM 010_CP2Q5TG,2711.54,not_delivering,,,123307.0,209723.0,,2025-01-05,223023.0,12.158118,2330.0,1.163751,1.044735,6912.0,3.099232,0.392295,1.80868077238113,EXH,2024-11-29
2024-12-07,FY24_Q4_CEA_FLM_FBIG_FLM-EXH-EXH-FLM-FRN_Convert & Upgrade -MB-F&B-Opera-A&C-Xscape_Conversion_L CEA FLM 010_CP2Q5TG,6016.59,not_delivering,3265.0,actions:offsite_conversion.fb_pixel_purchase,249907.0,526041.0,1.84275345,2025-01-05,568800.0,10.57769,5168.0,1.164201,0.908579,13620.0,2.394515,0.441747,2.276046689368445,EXH,2024-11-29
2024-12-07,FY24_Q3-to-Q4_CEA_BRA_FBIG_EXH-EXH-EXH-BRA-MBR_Masterbrand cineplex - Awareness 006 & 011 EN_CN_L CEA BRA 006_CP2NW4D,7348.34,not_delivering,3568772.0,reach,3568772.0,4782068.0,2.05906682,2025-01-05,4801750.0,1.530346,4423.0,1.661393,0.092112,4600.0,0.095798,1.597465,1.345490829898912,EXH,2024-11-29
2024-12-07,FY24_Q3_CEA_BRA_FBIG_EXH-EXH-JNX-BRA-LCL_Junxion AO - Erin Mills_CO_L CEA BRA 004_CP2NPB1,788.88,completed,479.0,actions:offsite_conversion.fb_pixel_purchase,27142.0,51243.0,1.64693111,2025-01-05,53512.0,14.742114,111.0,7.107027,0.20743,177.0,0.330767,4.456949,1.9715569965367328,EXH,2024-11-29
2024-11-30,FY24_Q3_CEA_BRA_FBIG_EXH-EXH-JNX-BRA-LCL_Junxion AO - Kildonan_CO_L CEA BRA 004_CP2NPB1,604.51,completed,159.0,actions:offsite_conversion.fb_pixel_purchase,11804.0,37419.0,3.80194969,2025-01-05,43309.0,13.958069,73.0,8.280959,0.168556,118.0,0.272461,5.122966,3.669010504913589,EXH,2024-11-22
2024-11-30,FY24_Q4_CEA_FLM_FBIG_FLM-EXH-EXH-FLM-FRN_Convert & Upgrade -AVX & VIP_Conversion_L CEA FLM 010_CP2Q5TG,2798.86,not_delivering,,,89586.0,167897.0,,2025-01-05,176580.0,15.850379,2824.0,0.991098,1.599275,7258.0,4.110318,0.385624,1.9710669077757685,EXH,2024-11-22
2024-11-30,FY24_Q4_CEA_FLM_FBIG_FLM-EXH-EXH-FLM-FRN_Convert & Upgrade -MB-F&B-Opera-A&C-Xscape_Conversion_L CEA FLM 010_CP2Q5TG,5889.12,not_delivering,4392.0,actions:offsite_conversion.fb_pixel_purchase,220243.0,445281.0,1.34087432,2025-01-05,487840.0,12.071827,5471.0,1.076425,1.121474,15124.0,3.100197,0.389389,2.2150079684711885,EXH,2024-11-22
2024-11-30,FY24_Q3_CEA_BRA_FBIG_EXH-EXH-JNX-BRA-LCL_Junxion AO - Erin Mills_CO_L CEA BRA 004_CP2NPB1,607.18,completed,413.0,actions:offsite_conversion.fb_pixel_purchase,17267.0,29650.0,1.47016949,2025-01-05,31827.0,19.077513,54.0,11.244074,0.169667,103.0,0.323625,5.894951,1.8432269647304107,EXH,2024-11-22
2024-11-23,FY24_Q4_CEA_FLM_FBIG_FLM-EXH-EXH-FLM-FRN_Convert & Upgrade -AVX & VIP_Conversion_L CEA FLM 010_CP2Q5TG,715.57,not_delivering,,,35690.0,54569.0,,2025-01-05,55404.0,12.915493,1466.0,0.488111,2.646018,3242.0,5.851563,0.220719,1.552367609974783,EXH,2024-11-15
2024-11-23,FY24_Q4_CEA_FLM_FBIG_FLM-EXH-EXH-FLM-FRN_Convert & Upgrade -MB-F&B-Opera-A&C-Xscape_Conversion_L CEA FLM 010_CP2Q5TG,4885.34,not_delivering,3491.0,actions:offsite_conversion.fb_pixel_purchase,214990.0,463679.0,1.39940991,2025-01-05,486786.0,10.035909,2974.0,1.642683,0.610946,9761.0,2.005193,0.500496,2.2642262430810733,EXH,2024-11-15
2024-11-16,FY24_Q4_CEA_FLM_FBIG_FLM-EXH-EXH-FLM-FRN_Convert & Upgrade -AVX & VIP_Conversion_L CEA FLM 010_CP2Q5TG,284.0,not_delivering,,,17160.0,20926.0,,2025-01-05,21660.0,13.111727,143.0,1.986014,0.660203,538.0,2.483841,0.527881,1.2622377622377623,EXH,2024-11-08
2024-11-16,FY24_Q4_CEA_FLM_FBIG_FLM-EXH-EXH-FLM-FRN_Convert & Upgrade -MB-F&B-Opera-A&C-Xscape_Conversion_L CEA FLM 010_CP2Q5TG,4982.91,not_delivering,1903.0,actions:offsite_conversion.fb_pixel_purchase,206431.0,433426.0,2.61844982,2025-01-05,483066.0,10.315174,2427.0,2.053115,0.502416,6423.0,1.329632,0.775792,2.3400845803198163,EXH,2024-11-08
2024-11-09,FY24_Q4_CEA_FLM_FBIG_FLM-EXH-EXH-FLM-FRN_Convert & Upgrade -AVX & VIP_Conversion_L CEA FLM 010_CP2Q5TG,2132.32,not_delivering,,,96028.0,176645.0,,2025-01-05,182374.0,11.692018,1164.0,1.83189,0.638249,4190.0,2.297477,0.508907,1.899175240554838,EXH,2024-11-01
2024-11-09,FY24_Q4_CEA_FLM_FBIG_FLM-EXH-EXH-FLM-FRN_Convert & Upgrade -MB-F&B-Opera-A&C-Xscape_Conversion_L CEA FLM 010_CP2Q5TG,5088.75,not_delivering,1683.0,actions:offsite_conversion.fb_pixel_purchase,224298.0,498134.0,3.02361854,2025-01-05,547284.0,9.298189,2882.0,1.765701,0.5266,7139.0,1.304442,0.71281,2.439986089933927,EXH,2024-11-01
2024-11-02,FY24_Q4_CEA_FLM_FBIG_FLM-EXH-EXH-FLM-FRN_Convert & Upgrade -AVX & VIP_Conversion_L CEA FLM 010_CP2Q5TG,2185.73,not_delivering,,,140890.0,263031.0,,2025-01-05,268637.0,8.13637,1216.0,1.797475,0.452655,3526.0,1.312552,0.619889,1.9067144580878699,EXH,2024-10-25
2024-11-02,FY24_Q4_CEA_FLM_FBIG_FLM-EXH-EXH-FLM-FRN_Convert & Upgrade -MB-F&B-Opera-A&C-Xscape_Conversion_L CEA FLM 010_CP2Q5TG,5058.37,not_delivering,1654.0,actions:offsite_conversion.fb_pixel_purchase,260275.0,533749.0,3.05826481,2025-01-05,594856.0,8.50352,4044.0,1.250833,0.679828,11218.0,1.885835,0.450915,2.2854903467486314,EXH,2024-10-25
2024-10-26,FY24_Q4_CEA_FLM_FBIG_FLM-EXH-EXH-FLM-FRN_Convert & Upgrade -AVX & VIP_Conversion_L CEA FLM 010_CP2Q5TG,2131.63,not_delivering,,,132350.0,229955.0,,2025-01-05,235814.0,9.039455,1313.0,1.623481,0.556795,3761.0,1.594901,0.566772,1.7817453721193803,EXH,2024-10-18
2024-10-26,FY24_Q4_CEA_FLM_FBIG_FLM-EXH-EXH-FLM-FRN_Convert & Upgrade -MB-F&B-Opera-A&C-Xscape_Conversion_L CEA FLM 010_CP2Q5TG,5110.97,not_delivering,1458.0,actions:offsite_conversion.fb_pixel_purchase,223696.0,419817.0,3.50546639,2025-01-05,498487.0,10.252965,3899.0,1.310841,0.782167,10957.0,2.198051,0.466457,2.228412667191188,EXH,2024-10-18
2024-10-19,FY24_Q4_CEA_FLM_FBIG_FLM-EXH-EXH-FLM-FRN_Convert & Upgrade -AVX & VIP_Conversion_L CEA FLM 010_CP2Q5TG,2156.73,not_delivering,,,140651.0,259336.0,,2025-01-05,278830.0,7.734928,1150.0,1.875417,0.412438,6355.0,2.279167,0.339375,1.9824245828326852,EXH,2024-10-11
2024-10-19,FY24_Q4_CEA_FLM_FBIG_FLM-EXH-EXH-FLM-FRN_Convert & Upgrade -MB-F&B-Opera-A&C-Xscape_Conversion_L CEA FLM 010_CP2Q5TG,4910.94,not_delivering,1831.0,actions:offsite_conversion.fb_pixel_purchase,239050.0,527990.0,2.68210814,2025-01-05,584061.0,8.408266,2773.0,1.770984,0.474779,9415.0,1.611989,0.521608,2.4432587324827444,EXH,2024-10-11
2024-10-12,FY24_Q4_CEA_FLM_FBIG_FLM-EXH-EXH-FLM-FRN_Convert & Upgrade -AVX & VIP_Conversion_L CEA FLM 010_CP2Q5TG,2144.61,not_delivering,,,113306.0,204934.0,,2025-01-05,222025.0,9.659318,1312.0,1.634611,0.590924,9752.0,4.392298,0.219915,1.9595167069705046,EXH,2024-10-04
2024-10-12,FY24_Q4_CEA_FLM_FBIG_FLM-EXH-EXH-FLM-FRN_Convert & Upgrade -MB-F&B-Opera-A&C-Xscape_Conversion_L CEA FLM 010_CP2Q5TG,4986.9,not_delivering,1529.0,actions:offsite_conversion.fb_pixel_purchase,210097.0,466622.0,3.26154349,2025-01-05,566717.0,8.79963,4971.0,1.003199,0.877157,16577.0,2.925093,0.300832,2.6974064360747656,EXH,2024-10-04
2024-10-12,FY24_Q3-to-Q4_CEA_BRA_FBIG_EXH-EXH-EXH-BRA-MBR_Masterbrand cineplex - Awareness 006 & 011 EN_CN_L CEA BRA 006_CP2NW4D,1487.45,not_delivering,831768.0,reach,831768.0,1007474.0,1.78829914,2025-01-05,1008276.0,1.475241,1098.0,1.35469,0.108899,1159.0,0.114949,1.283391,1.2122082119052429,EXH,2024-10-04
2024-10-05,FY24_Q4_CEA_FLM_FBIG_FLM-EXH-EXH-FLM-FRN_Convert & Upgrade -AVX & VIP_Conversion_L CEA FLM 010_CP2Q5TG,425.25,not_delivering,,,22590.0,36267.0,,2025-01-05,37826.0,11.242267,289.0,1.471453,0.764025,1889.0,4.99392,0.225119,1.6744577246569279,EXH,2024-09-27
2024-10-05,FY24_Q4_CEA_FLM_FBIG_FLM-EXH-EXH-FLM-FRN_Convert & Upgrade -MB-F&B-Opera-A&C-Xscape_Conversion_L CEA FLM 010_CP2Q5TG,971.41,not_delivering,253.0,actions:offsite_conversion.fb_pixel_purchase,53881.0,85569.0,3.83956522,2025-01-05,96436.0,10.073105,661.0,1.469607,0.685429,2826.0,2.930441,0.34374,1.7897960319964366,EXH,2024-09-27
2024-10-05,FY24_Q3-to-Q4_CEA_BRA_FBIG_EXH-EXH-EXH-BRA-MBR_Masterbrand cineplex - Awareness 006 & 011 EN_CN_L CEA BRA 006_CP2NW4D,10296.34,not_delivering,5141881.0,reach,5141881.0,6608504.0,2.00244619,2025-01-05,6621590.0,1.554965,7296.0,1.411231,0.110185,7879.0,0.11899,1.306808,1.2877758158930555,EXH,2024-09-27
2024-09-28,FY24_Q3_CEA_BRA_FBIG_EXH-EXH-JNX-BRA-LCL_Junxion AO - Kildonan_CO_L CEA BRA 004_CP2NPB1,226.75,completed,37.0,actions:offsite_conversion.fb_pixel_purchase,19439.0,,6.12837838,2025-01-05,36787.0,6.163862,74.0,3.064189,0.201158,107.0,0.290864,2.119159,1.8924327383095838,EXH,2024-09-20
2024-09-28,FY24_Q3-to-Q4_CEA_BRA_FBIG_EXH-EXH-EXH-BRA-MBR_Masterbrand cineplex - Awareness 006 & 011 EN_CN_L CEA BRA 006_CP2NW4D,10425.64,not_delivering,4658177.0,reach,4658177.0,1566219.0,2.23813737,2025-01-05,6296752.0,1.655717,6667.0,1.563768,0.10588,7452.0,0.118347,1.399039,1.3517631468276108,EXH,2024-09-20
2024-09-28,FY24_Q3_CEA_BRA_FBIG_EXH-EXH-JNX-BRA-LCL_Junxion AO - Erin Mills_CO_L CEA BRA 004_CP2NPB1,232.27,completed,91.0,actions:offsite_conversion.fb_pixel_purchase,14036.0,,2.55241758,2025-01-05,24862.0,9.34237,47.0,4.941915,0.189044,73.0,0.293621,3.181781,1.7713023653462525,EXH,2024-09-20
2024-09-21,FY24_Q3_CEA_BRA_FBIG_EXH-EXH-JNX-BRA-LCL_Junxion AO - Kildonan_CO_L CEA BRA 004_CP2NPB1,1562.21,completed,187.0,actions:offsite_conversion.fb_pixel_purchase,42745.0,,8.35406417,2025-01-05,232856.0,6.70891,373.0,4.188231,0.160185,576.0,0.247363,2.71217,5.447561118259445,EXH,2024-09-13
2024-09-21,FY24_Q3-to-Q4_CEA_BRA_FBIG_EXH-EXH-EXH-BRA-MBR_Masterbrand cineplex - Awareness 006 & 011 EN_CN_L CEA BRA 006_CP2NW4D,10647.26,not_delivering,4929648.0,reach,4929648.0,,2.15984184,2025-01-05,6435030.0,1.654578,6712.0,1.586302,0.104304,7574.0,0.1177,1.405764,1.3053731219754432,EXH,2024-09-13
2024-09-21,FY24_Q3_CEA_BRA_FBIG_EXH-EXH-JNX-BRA-LCL_Junxion AO - Erin Mills_CO_L CEA BRA 004_CP2NPB1,1555.41,completed,498.0,actions:offsite_conversion.fb_pixel_purchase,49481.0,,3.12331325,2025-01-05,165522.0,9.396999,259.0,6.005444,0.156475,448.0,0.270659,3.471897,3.3451627897576848,EXH,2024-09-13
2024-09-14,FY24_Q3_CEA_BRA_FBIG_EXH-EXH-JNX-BRA-LCL_Junxion AO - Kildonan_CO_L CEA BRA 004_CP2NPB1,1596.52,completed,170.0,actions:offsite_conversion.fb_pixel_purchase,55658.0,,9.39129412,2025-01-05,284134.0,5.618898,445.0,3.587685,0.156616,708.0,0.249178,2.254972,5.1049983829817815,EXH,2024-09-06
2024-09-14,FY24_Q3-to-Q4_CEA_BRA_FBIG_EXH-EXH-EXH-BRA-MBR_Masterbrand cineplex - Awareness 006 & 011 EN_CN_L CEA BRA 006_CP2NW4D,10602.16,not_delivering,4917083.0,reach,4917083.0,,2.15618894,2025-01-05,6563459.0,1.615331,6212.0,1.706722,0.094645,7431.0,0.113218,1.426747,1.3348277830575568,EXH,2024-09-06
2024-09-14,FY24_Q3_CEA_BRA_FBIG_EXH-EXH-JNX-BRA-LCL_Junxion AO - Erin Mills_CO_L CEA BRA 004_CP2NPB1,1614.25,completed,612.0,actions:offsite_conversion.fb_pixel_purchase,64306.0,,2.6376634,2025-01-05,202717.0,7.963072,344.0,4.692587,0.169695,586.0,0.289073,2.754693,3.1523808042795385,EXH,2024-09-06
2024-09-07,FY24_Q3_CEA_BRA_FBIG_EXH-EXH-JNX-BRA-LCL_Junxion AO - Kildonan_CO_L CEA BRA 004_CP2NPB1,1584.24,completed,278.0,actions:offsite_conversion.fb_pixel_purchase,53032.0,,5.69870504,2025-01-05,277681.0,5.705252,412.0,3.845243,0.148372,657.0,0.236602,2.411324,5.236102730426912,EXH,2024-08-30
2024-09-07,FY24_Q3-to-Q4_CEA_BRA_FBIG_EXH-EXH-EXH-BRA-MBR_Masterbrand cineplex - Awareness 006 & 011 EN_CN_L CEA BRA 006_CP2NW4D,9040.96,not_delivering,4537087.0,reach,4537087.0,,1.99267944,2025-01-05,6167050.0,1.46601,5568.0,1.623736,0.090286,6931.0,0.112388,1.304424,1.3592531948362463,EXH,2024-08-30
2024-09-07,FY24_Q3_CEA_BRA_FBIG_EXH-EXH-JNX-BRA-LCL_Junxion AO - Erin Mills_CO_L CEA BRA 004_CP2NPB1,1561.52,completed,598.0,actions:offsite_conversion.fb_pixel_purchase,58167.0,,2.61123746,2025-01-05,188064.0,8.303131,343.0,4.552536,0.182385,598.0,0.317977,2.611237,3.233173448862757,EXH,2024-08-30
2024-08-31,FY24_Q3_CEA_BRA_FBIG_EXH-EXH-JNX-BRA-LCL_Junxion AO - Kildonan_CO_L CEA BRA 004_CP2NPB1,1589.47,completed,253.0,actions:offsite_conversion.fb_pixel_purchase,59311.0,,6.28249012,2025-01-05,294720.0,5.393153,457.0,3.478053,0.155062,712.0,0.241585,2.232402,4.969061388275362,EXH,2024-08-23
2024-08-31,FY24_Q3_CEA_BRA_FBIG_EXH-EXH-JNX-BRA-LCL_Junxion AO - Erin Mills_CO_L CEA BRA 004_CP2NPB1,1586.49,completed,649.0,actions:offsite_conversion.fb_pixel_purchase,58305.0,,2.44451464,2025-01-05,195301.0,8.123307,337.0,4.707685,0.172554,569.0,0.291345,2.788207,3.3496441128548153,EXH,2024-08-23
2024-08-24,FY24_Q3_CEA_BRA_FBIG_EXH-EXH-JNX-BRA-LCL_Junxion AO - Kildonan_CO_L CEA BRA 004_CP2NPB1,516.28,completed,97.0,actions:offsite_conversion.fb_pixel_purchase,35771.0,,5.32247423,2025-01-05,98753.0,5.227993,160.0,3.22675,0.16202,240.0,0.243031,2.151167,2.760700008386682,EXH,2024-08-16
2024-08-24,FY24_Q3_CEA_BRA_FBIG_EXH-EXH-JNX-BRA-LCL_Junxion AO - Erin Mills_CO_L CEA BRA 004_CP2NPB1,525.52,completed,240.0,actions:offsite_conversion.fb_pixel_purchase,29828.0,,2.18966667,2025-01-05,62150.0,8.455672,100.0,5.2552,0.160901,164.0,0.263878,3.20439,2.08361271288722,EXH,2024-08-16
2025-01-18,FY24_Q4_CEA_BRA_FBIG_EXH-EXH-EXH-BRA-MBR_Brand Royalmount - Conversion FR_CO_L CEA BRA 009_CP2R5VT,2194.79,completed,422.0,actions:offsite_conversion.fb_pixel_purchase,111897.0,254852.0,5.20092417,2025-01-17,307853.0,7.129344,1262.0,1.739136,0.409936,6322.0,2.053578,0.347167,2.7512176376489093,EXH,2025-01-10
2025-01-18,FY24_Q4_CEA_BRA_FBIG_EXH-EXH-EXH-BRA-MBR_Brand Royalmount - Conversion EN_CO_L CEA BRA 009_CP2R5VT,2150.95,completed,453.0,actions:offsite_conversion.fb_pixel_purchase,96469.0,276361.0,4.748234,2025-01-17,310616.0,6.924788,874.0,2.461041,0.281376,3187.0,1.026026,0.674914,3.2198530097751608,EXH,2025-01-10
2025-01-11,FY24_Q4_CEA_BRA_FBIG_EXH-EXH-EXH-BRA-MBR_Brand Royalmount - Conversion FR_CO_L CEA BRA 009_CP2R5VT,2424.95,completed,442.0,actions:offsite_conversion.fb_pixel_purchase,142233.0,281898.0,5.48631222,2025-01-17,401892.0,6.033835,2018.0,1.20166,0.502125,12201.0,3.03589,0.19875,2.82558899833372,EXH,2025-01-03
2025-01-11,FY24_Q4_CEA_BRA_FBIG_EXH-EXH-EXH-BRA-MBR_Brand Royalmount - Conversion EN_CO_L CEA BRA 009_CP2R5VT,2496.59,completed,487.0,actions:offsite_conversion.fb_pixel_purchase,117951.0,329196.0,5.12646817,2025-01-17,402561.0,6.201768,1392.0,1.793527,0.345786,5627.0,1.397801,0.44368,3.4129511407279294,EXH,2025-01-03
2025-01-04,FY24_Q4_CEA_BRA_FBIG_EXH-EXH-EXH-BRA-MBR_Brand Royalmount - Conversion FR_CO_L CEA BRA 009_CP2R5VT,2494.99,completed,896.0,actions:offsite_conversion.fb_pixel_purchase,116885.0,281144.0,2.78458705,2025-01-17,353934.0,7.049309,1692.0,1.47458,0.478055,8495.0,2.400165,0.293701,3.0280532146982075,EXH,2024-12-27
2025-01-04,FY24_Q4_CEA_BRA_FBIG_EXH-EXH-EXH-BRA-MBR_Brand Royalmount - Conversion EN_CO_L CEA BRA 009_CP2R5VT,2485.8,completed,873.0,actions:offsite_conversion.fb_pixel_purchase,103118.0,321327.0,2.84742268,2025-01-17,363494.0,6.838627,1106.0,2.247559,0.304269,3769.0,1.036881,0.659538,3.5250295777652787,EXH,2024-12-27
2024-12-28,FY24_Q4_CEA_BRA_FBIG_EXH-EXH-EXH-BRA-MBR_Brand Royalmount - Conversion FR_CO_L CEA BRA 009_CP2R5VT,2464.15,completed,734.0,actions:offsite_conversion.fb_pixel_purchase,81400.0,228212.0,3.35715259,2025-01-17,257137.0,9.583024,1110.0,2.219955,0.431677,4526.0,1.760151,0.544443,3.158931203931204,EXH,2024-12-20
2024-12-28,FY24_Q4_CEA_BRA_FBIG_EXH-EXH-EXH-BRA-MBR_Brand Royalmount - Conversion EN_CO_L CEA BRA 009_CP2R5VT,2472.19,completed,766.0,actions:offsite_conversion.fb_pixel_purchase,78061.0,256843.0,3.22740209,2025-01-17,279935.0,8.8313,806.0,3.067233,0.287924,2372.0,0.84734,1.042239,3.5861057378204224,EXH,2024-12-20
2024-12-21,FY24_Q4_CEA_BRA_FBIG_EXH-EXH-EXH-BRA-MBR_Brand Royalmount - Conversion FR_CO_L CEA BRA 009_CP2R5VT,2503.2,completed,414.0,actions:offsite_conversion.fb_pixel_purchase,85841.0,202936.0,6.04637681,2025-01-17,250402.0,9.996725,1123.0,2.229029,0.448479,5598.0,2.235605,0.44716,2.9170443028389696,EXH,2024-12-13
2024-12-21,FY24_Q4_CEA_BRA_FBIG_EXH-EXH-EXH-BRA-MBR_Brand Royalmount - Conversion EN_CO_L CEA BRA 009_CP2R5VT,2513.49,completed,477.0,actions:offsite_conversion.fb_pixel_purchase,77129.0,243177.0,5.26937107,2025-01-17,260803.0,9.637504,837.0,3.002975,0.320932,3025.0,1.159879,0.830906,3.3813870269289112,EXH,2024-12-13
2024-12-14,FY24_Q4_CEA_BRA_FBIG_EXH-EXH-EXH-BRA-MBR_Brand Royalmount - Conversion FR_CO_L CEA BRA 009_CP2R5VT,2454.85,completed,379.0,actions:offsite_conversion.fb_pixel_purchase,83477.0,180938.0,6.47717678,2025-01-17,240612.0,10.202525,1196.0,2.05255,0.497066,6051.0,2.514837,0.405693,2.8823747858691617,EXH,2024-12-06
2024-12-14,FY24_Q4_CEA_BRA_FBIG_EXH-EXH-EXH-BRA-MBR_Brand Royalmount - Conversion EN_CO_L CEA BRA 009_CP2R5VT,2430.23,completed,420.0,actions:offsite_conversion.fb_pixel_purchase,82644.0,246614.0,5.7862619,2025-01-17,259535.0,9.363785,910.0,2.670582,0.350627,3225.0,1.242607,0.75356,3.140397367019989,EXH,2024-12-06
2024-12-07,FY24_Q4_CEA_BRA_FBIG_EXH-EXH-EXH-BRA-MBR_Brand Royalmount - Conversion FR_CO_L CEA BRA 009_CP2R5VT,2446.25,completed,451.0,actions:offsite_conversion.fb_pixel_purchase,73072.0,152282.0,5.42405765,2025-01-17,203907.0,11.996891,1140.0,2.145833,0.559078,5605.0,2.748802,0.436441,2.7904943069848915,EXH,2024-11-29
2024-12-07,FY24_Q4_CEA_BRA_FBIG_EXH-EXH-EXH-BRA-MBR_Brand Royalmount - Conversion EN_CO_L CEA BRA 009_CP2R5VT,2462.85,completed,562.0,actions:offsite_conversion.fb_pixel_purchase,74481.0,222226.0,4.38229537,2025-01-17,228858.0,10.761477,874.0,2.817906,0.381896,3186.0,1.39213,0.773023,3.0727031054899907,EXH,2024-11-29
2024-11-30,FY24_Q4_CEA_BRA_FBIG_EXH-EXH-EXH-BRA-MBR_Brand Royalmount - Conversion FR_CO_L CEA BRA 009_CP2R5VT,1710.63,completed,435.0,actions:offsite_conversion.fb_pixel_purchase,47039.0,94657.0,3.93248276,2025-01-17,118328.0,14.45668,718.0,2.382493,0.606788,3554.0,3.003516,0.481325,2.51552966687217,EXH,2024-11-22
2024-11-30,FY24_Q4_CEA_BRA_FBIG_EXH-EXH-EXH-BRA-MBR_Brand Royalmount - Conversion EN_CO_L CEA BRA 009_CP2R5VT,1681.56,completed,453.0,actions:offsite_conversion.fb_pixel_purchase,52739.0,124483.0,3.71205298,2025-01-17,126528.0,13.290023,694.0,2.422997,0.548495,2369.0,1.872313,0.709818,2.399135364720605,EXH,2024-11-22
2025-02-15,FY25_Q1_CEA_BRA_FBIG_BRA-EXH-EXH-BRA-LTO_Brand Scene Member Pricing_Conversion_L CEA BRA 016_CP2VG7Y,10928.74,completed,2974.0,actions:offsite_conversion.fb_pixel_purchase,676871.0,1315907.0,3.67476126,2025-02-10,1469568.0,7.436702,5871.0,1.861478,0.399505,18823.0,1.280853,0.580606,2.1711197554630055,EXH,2025-02-07
2025-02-08,FY25_Q1_CEA_BRA_FBIG_BRA-EXH-EXH-BRA-LTO_Brand Scene Member Pricing_Conversion_L CEA BRA 016_CP2VG7Y,19253.25,completed,4157.0,actions:offsite_conversion.fb_pixel_purchase,816371.0,2402876.0,4.63152514,2025-02-10,2505926.0,7.683088,16528.0,1.164887,0.659557,47723.0,1.904406,0.403438,3.069592133968502,EXH,2025-01-31
2025-02-15,FY25_Q1_CEA_EXH_FBIG_EXH-EXH-EXH-BRA-CAL_Tuesday Promo -FR_CO_L CEA EXH 006_CP2TNZ3,1144.74,not_delivering,237.0,actions:offsite_conversion.fb_pixel_purchase,93996.0,151097.0,4.83012658,2025-02-11,156853.0,7.298171,1129.0,1.013942,0.719782,4955.0,3.159009,0.231027,1.668719945529597,EXH,2025-02-07
2025-02-15,FY25_Q1_CEA_EXH_FBIG_EXH-EXH-EXH-BRA-CAL_Tuesday Promo -EN_CO_L CEA EXH 006_CP2TNZ3,4398.96,not_delivering,1687.0,actions:offsite_conversion.fb_pixel_purchase,421046.0,745646.0,2.60756372,2025-02-11,751044.0,5.857127,7089.0,0.620533,0.943886,23084.0,3.073588,0.190563,1.7837575941821084,EXH,2025-02-07
2025-02-08,FY25_Q1_CEA_EXH_FBIG_EXH-EXH-EXH-BRA-CAL_Tuesday Promo -FR_CO_L CEA EXH 006_CP2TNZ3,2642.76,not_delivering,525.0,actions:offsite_conversion.fb_pixel_purchase,156681.0,374519.0,5.03382857,2025-02-11,380828.0,6.939511,2690.0,0.982439,0.706356,12576.0,3.302278,0.210143,2.430594647723719,EXH,2025-01-31
2025-02-08,FY25_Q1_CEA_EXH_FBIG_EXH-EXH-EXH-BRA-CAL_Tuesday Promo -EN_CO_L CEA EXH 006_CP2TNZ3,10529.98,not_delivering,3313.0,actions:offsite_conversion.fb_pixel_purchase,637845.0,1804640.0,3.17838213,2025-02-11,1830769.0,5.75167,17651.0,0.596566,0.96413,63816.0,3.485748,0.165005,2.8702412028000532,EXH,2025-01-31
2025-02-01,FY25_Q1_CEA_EXH_FBIG_EXH-EXH-EXH-BRA-CAL_Tuesday Promo -FR_CO_L CEA EXH 006_CP2TNZ3,2519.08,not_delivering,691.0,actions:offsite_conversion.fb_pixel_purchase,119823.0,324785.0,3.64555716,2025-02-11,328204.0,7.675348,1617.0,1.557873,0.492681,6963.0,2.121546,0.361781,2.739073466696711,EXH,2025-01-24
2025-02-01,FY25_Q1_CEA_EXH_FBIG_EXH-EXH-EXH-BRA-CAL_Tuesday Promo -EN_CO_L CEA EXH 006_CP2TNZ3,10368.11,not_delivering,3579.0,actions:offsite_conversion.fb_pixel_purchase,526167.0,1516818.0,2.89692931,2025-02-11,1597186.0,6.491486,9662.0,1.073081,0.604939,31308.0,1.960198,0.331165,3.035511539112107,EXH,2025-01-24
2025-01-25,FY25_Q1_CEA_EXH_FBIG_EXH-EXH-EXH-BRA-CAL_Tuesday Promo -FR_CO_L CEA EXH 006_CP2TNZ3,2599.08,not_delivering,584.0,actions:offsite_conversion.fb_pixel_purchase,173209.0,396713.0,4.45047945,2025-02-11,399679.0,6.502919,2695.0,0.964408,0.674291,12414.0,3.105993,0.209367,2.307495568936949,EXH,2025-01-17
2025-01-25,FY25_Q1_CEA_EXH_FBIG_EXH-EXH-EXH-BRA-CAL_Tuesday Promo -EN_CO_L CEA EXH 006_CP2TNZ3,10343.72,not_delivering,3039.0,actions:offsite_conversion.fb_pixel_purchase,641263.0,1766593.0,3.4036591,2025-02-11,1822168.0,5.676601,11746.0,0.880616,0.644617,41661.0,2.286342,0.248283,2.841529918301851,EXH,2025-01-17
2025-01-18,FY25_Q1_CEA_EXH_FBIG_EXH-EXH-EXH-BRA-CAL_Tuesday Promo -FR_CO_L CEA EXH 006_CP2TNZ3,2568.05,not_delivering,467.0,actions:offsite_conversion.fb_pixel_purchase,197654.0,459113.0,5.4990364,2025-02-11,462073.0,5.557672,4460.0,0.575796,0.965215,19704.0,4.264261,0.130331,2.337787244376537,EXH,2025-01-10
2025-01-18,FY25_Q1_CEA_EXH_FBIG_EXH-EXH-EXH-BRA-CAL_Tuesday Promo -EN_CO_L CEA EXH 006_CP2TNZ3,10253.67,not_delivering,3697.0,actions:offsite_conversion.fb_pixel_purchase,788255.0,1974527.0,2.77351095,2025-02-11,2079909.0,4.929865,18666.0,0.549323,0.897443,68241.0,3.280961,0.150257,2.63862455677414,EXH,2025-01-10
2025-01-11,FY25_Q1_CEA_EXH_FBIG_EXH-EXH-EXH-BRA-CAL_Tuesday Promo -FR_CO_L CEA EXH 006_CP2TNZ3,977.96,not_delivering,204.0,actions:offsite_conversion.fb_pixel_purchase,94069.0,175289.0,4.79392157,2025-02-11,184912.0,5.288786,2778.0,0.352037,1.502336,12817.0,6.931405,0.076302,1.9657060243013107,EXH,2025-01-03
2025-01-11,FY25_Q1_CEA_EXH_FBIG_EXH-EXH-EXH-BRA-CAL_Tuesday Promo -EN_CO_L CEA EXH 006_CP2TNZ3,3916.69,not_delivering,1539.0,actions:offsite_conversion.fb_pixel_purchase,384571.0,684068.0,2.54495776,2025-02-11,831409.0,4.710906,12695.0,0.308522,1.526926,51913.0,6.243979,0.075447,2.1619128847469,EXH,2025-01-03
2025-02-15,FY25_Q1_CEA_FLM_FBIG_FLM-EXH-EXH-FLM-FRN_Captain America: Brave New World Inform_CN_L CEA FLM 018_CP2V6BW,6389.37,not_delivering,7355.0,actions:landing_page_view,689258.0,1177024.0,0.86871108,2025-02-13,1468406.0,4.351228,9777.0,0.65351,0.665824,17922.0,1.220507,0.35651,2.130415606347696,EXH,2025-02-07
2025-02-08,FY25_Q1_CEA_FLM_FBIG_FLM-EXH-EXH-FLM-FRN_Captain America: Brave New World Inform_CN_L CEA FLM 018_CP2V6BW,9288.37,not_delivering,12811.0,actions:landing_page_view,771975.0,1116596.0,0.72503083,2025-02-13,1823624.0,5.093358,17494.0,0.530946,0.959299,31010.0,1.70046,0.299528,2.3622837527121994,EXH,2025-01-31
2025-02-01,FY25_Q1_CEA_FLM_FBIG_FLM-EXH-EXH-FLM-FRN_Captain America: Brave New World Inform_CN_L CEA FLM 018_CP2V6BW,1868.72,not_delivering,3774.0,actions:landing_page_view,218451.0,140778.0,0.49515633,2025-02-13,319706.0,5.84512,5184.0,0.360478,1.62149,9083.0,2.841048,0.205738,1.463513556815945,EXH,2025-01-24
2025-03-01,FY25_Q1_CEA_FLM_FBIG_FLM-EXH-EXH-EXH-IMX_IMAX Captain America_CO_L CEA IMX 003_CP2VN17,865.78,not_delivering,266.0,actions:offsite_conversion.fb_pixel_purchase,84653.0,139058.0,3.25481203,2025-02-23,142945.0,6.056735,345.0,2.509507,0.241352,1439.0,1.006681,0.601654,1.6885993408384818,EXH,2025-02-21
2025-02-22,FY25_Q1_CEA_FLM_FBIG_FLM-EXH-EXH-EXH-IMX_IMAX Captain America_CO_L CEA IMX 003_CP2VN17,6025.28,not_delivering,2258.0,actions:offsite_conversion.fb_pixel_purchase,348883.0,1043826.0,2.66841453,2025-02-23,1068625.0,5.638348,2884.0,2.089209,0.26988,13753.0,1.286981,0.438107,3.0629895982320723,EXH,2025-02-14
2025-02-15,FY25_Q1_CEA_FLM_FBIG_FLM-EXH-EXH-EXH-IMX_IMAX Captain America_CO_L CEA IMX 003_CP2VN17,5943.95,not_delivering,2402.0,actions:offsite_conversion.fb_pixel_purchase,352705.0,946527.0,2.47458368,2025-02-23,956616.0,6.213517,3873.0,1.534715,0.404865,19482.0,2.036554,0.3051,2.7122269318552332,EXH,2025-02-07
2025-02-08,FY25_Q1_CEA_FLM_FBIG_FLM-EXH-EXH-EXH-IMX_IMAX Captain America_CO_L CEA IMX 003_CP2VN17,1236.59,not_delivering,203.0,actions:offsite_conversion.fb_pixel_purchase,140386.0,217817.0,6.09157635,2025-02-23,217363.0,5.689055,1555.0,0.795235,0.715393,8983.0,4.132718,0.137659,1.5483239069422876,EXH,2025-01-31
2025-03-22,FY25_Q1_CEA_FLM_FBIG_FLM-EXH-EXH-FLM-FRN_Inform Snow White_CN_L CEA FLM 019_CP2WBLY,8805.28,completed,15240.0,actions:landing_page_view,771114.0,799097.0,0.57777428,2025-03-20,1661324.0,5.300158,19244.0,0.45756,1.158353,36335.0,2.187111,0.242336,2.154446683629139,EXH,2025-03-14
2025-03-15,FY25_Q1_CEA_FLM_FBIG_FLM-EXH-EXH-FLM-FRN_Inform Snow White_CN_L CEA FLM 019_CP2WBLY,8741.89,completed,22669.0,actions:landing_page_view,612918.0,573866.0,0.38563192,2025-03-20,1629843.0,5.363639,27394.0,0.319117,1.680775,50118.0,3.07502,0.174426,2.659153426722661,EXH,2025-03-07
2025-04-05,FY25_Q1_CEA_BRA_FBIG_EXH-EXH-JNX-BRA-LCL_Junxion AO - Kildonan_CO_L CEA BRA 017_CP2W404,322.37,completed,82.0,actions:offsite_conversion.fb_pixel_purchase,16735.0,35634.0,3.93134146,2025-03-31,43357.0,7.435247,89.0,3.622135,0.205273,135.0,0.311368,2.387926,2.5907977293098297,EXH,2025-03-28
2025-04-05,FY25_Q1_CEA_BRA_FBIG_EXH-EXH-JNX-BRA-LCL_Junxion AO - Erin Mills_CO_L CEA BRA 017_CP2W404,302.49,completed,116.0,actions:offsite_conversion.fb_pixel_purchase,11766.0,26668.0,2.60767241,2025-03-31,29576.0,10.227549,58.0,5.215345,0.196105,85.0,0.287395,3.558706,2.51368349481557,EXH,2025-03-28
2025-03-29,FY25_Q1_CEA_BRA_FBIG_EXH-EXH-JNX-BRA-LCL_Junxion AO - Kildonan_CO_L CEA BRA 017_CP2W404,898.52,completed,150.0,actions:offsite_conversion.fb_pixel_purchase,32693.0,100343.0,5.99013333,2025-03-31,121062.0,7.421982,215.0,4.179163,0.177595,381.0,0.314715,2.35832,3.7029945248218272,EXH,2025-03-21
2025-03-29,FY25_Q1_CEA_BRA_FBIG_EXH-EXH-JNX-BRA-LCL_Junxion AO - Erin Mills_CO_L CEA BRA 017_CP2W404,950.33,completed,363.0,actions:offsite_conversion.fb_pixel_purchase,28656.0,85713.0,2.61798898,2025-03-31,96762.0,9.821314,167.0,5.690599,0.172588,298.0,0.307972,3.189027,3.3766750418760467,EXH,2025-03-21
2025-03-22,FY25_Q1_CEA_BRA_FBIG_EXH-EXH-JNX-BRA-LCL_Junxion AO - Kildonan_CO_L CEA BRA 017_CP2W404,940.23,completed,187.0,actions:offsite_conversion.fb_pixel_purchase,27306.0,102004.0,5.02796791,2025-03-31,121519.0,7.737309,196.0,4.797092,0.161292,349.0,0.287198,2.694069,4.4502673405112425,EXH,2025-03-14
2025-03-22,FY25_Q1_CEA_BRA_FBIG_EXH-EXH-JNX-BRA-LCL_Junxion AO - Erin Mills_CO_L CEA BRA 017_CP2W404,940.73,completed,306.0,actions:offsite_conversion.fb_pixel_purchase,30581.0,93931.0,3.07428105,2025-03-31,106647.0,8.82097,242.0,3.887314,0.226917,403.0,0.377882,2.334318,3.4873614335698635,EXH,2025-03-14
2025-03-15,FY25_Q1_CEA_BRA_FBIG_EXH-EXH-JNX-BRA-LCL_Junxion AO - Kildonan_CO_L CEA BRA 017_CP2W404,896.63,completed,191.0,actions:offsite_conversion.fb_pixel_purchase,30773.0,109236.0,4.69439791,2025-03-31,132544.0,6.764772,201.0,4.460846,0.151648,366.0,0.276135,2.449809,4.307152373834206,EXH,2025-03-07
2025-03-15,FY25_Q1_CEA_BRA_FBIG_EXH-EXH-JNX-BRA-LCL_Junxion AO - Erin Mills_CO_L CEA BRA 017_CP2W404,873.46,completed,381.0,actions:offsite_conversion.fb_pixel_purchase,30316.0,89268.0,2.29254593,2025-03-31,102183.0,8.547997,189.0,4.621481,0.184962,360.0,0.352309,2.426278,3.370596384747328,EXH,2025-03-07
2025-03-08,FY25_Q1_CEA_BRA_FBIG_EXH-EXH-JNX-BRA-LCL_Junxion AO - Kildonan_CO_L CEA BRA 017_CP2W404,908.5,completed,151.0,actions:offsite_conversion.fb_pixel_purchase,32447.0,120524.0,6.01655629,2025-03-31,142425.0,6.378796,207.0,4.388889,0.14534,379.0,0.266105,2.397098,4.389465898234043,EXH,2025-02-28
2025-03-08,FY25_Q1_CEA_BRA_FBIG_EXH-EXH-JNX-BRA-LCL_Junxion AO - Erin Mills_CO_L CEA BRA 017_CP2W404,906.18,completed,434.0,actions:offsite_conversion.fb_pixel_purchase,32408.0,102938.0,2.08797235,2025-03-31,114470.0,7.91631,250.0,3.62472,0.218398,453.0,0.395737,2.000397,3.53215255492471,EXH,2025-02-28
2025-03-01,FY25_Q1_CEA_BRA_FBIG_EXH-EXH-JNX-BRA-LCL_Junxion AO - Kildonan_CO_L CEA BRA 017_CP2W404,740.18,completed,127.0,actions:offsite_conversion.fb_pixel_purchase,25511.0,94331.0,5.82818898,2025-03-31,110254.0,6.713407,167.0,4.432216,0.151468,318.0,0.288425,2.32761,4.3218219591548745,EXH,2025-02-21
2025-03-01,FY25_Q1_CEA_BRA_FBIG_EXH-EXH-JNX-BRA-LCL_Junxion AO - Erin Mills_CO_L CEA BRA 017_CP2W404,735.69,completed,304.0,actions:offsite_conversion.fb_pixel_purchase,26993.0,83552.0,2.42003289,2025-03-31,91429.0,8.046572,204.0,3.606324,0.223124,362.0,0.395936,2.032293,3.387137405994147,EXH,2025-02-21
2025-04-05,FY25_Q1_CEA_FLM_FBIG_FLM-EXH-EXH-FLM-FRN_Inform Minecraft_CN_L CEA FLM 020_CP2X4WP,6411.8,completed,16634.0,actions:landing_page_view,747669.0,1182040.0,0.38546351,2025-04-03,1406096.0,4.560002,21706.0,0.295393,1.543707,45939.0,3.267131,0.139572,1.8806396948382238,EXH,2025-03-28
2025-03-29,FY25_Q1_CEA_FLM_FBIG_FLM-EXH-EXH-FLM-FRN_Inform Minecraft_CN_L CEA FLM 020_CP2X4WP,9198.45,completed,22668.0,actions:landing_page_view,740155.0,1257835.0,0.4057901,2025-04-03,1691425.0,5.438284,30596.0,0.300642,1.808889,67993.0,4.019865,0.135285,2.2852307962521365,EXH,2025-03-21
2025-03-22,FY25_Q1_CEA_FLM_FBIG_FLM-EXH-EXH-FLM-FRN_Inform Minecraft_CN_L CEA FLM 020_CP2X4WP,1936.92,completed,8046.0,actions:landing_page_view,206457.0,208521.0,0.2407308,2025-04-03,319288.0,6.066373,10343.0,0.187269,3.239395,23927.0,7.493861,0.080951,1.5465108957313145,EXH,2025-03-14
2025-04-12,FY25_Q1_CEA_FLM_FBIG_FLM-EXH-EXH-FLM-FRN_Convert & Upgrade -AVX & VIP_Conversion_L CEA FLM 017_CP2TXD1,327.66,completed,,,27523.0,38369.0,,2025-04-06,43279.0,7.570877,175.0,1.872343,0.404353,405.0,0.935789,0.809037,1.57246666424445,EXH,2025-04-04
2025-04-12,FY25_Q1_CEA_FLM_FBIG_FLM-EXH-EXH-FLM-FRN_Convert & Upgrade -MB-F&B-Recliner-Xscape_Conversion_L CEA FLM 017_CP2TXD1,1078.01,not_delivering,869.0,actions:offsite_conversion.fb_pixel_purchase,69687.0,115834.0,1.24051784,2025-04-06,126979.0,8.489672,512.0,2.105488,0.403216,2277.0,1.79321,0.473434,1.8221332529740124,EXH,2025-04-04
2025-04-05,FY25_Q1_CEA_FLM_FBIG_FLM-EXH-EXH-FLM-FRN_Convert & Upgrade -AVX & VIP_Conversion_L CEA FLM 017_CP2TXD1,2049.03,completed,,,95187.0,177593.0,,2025-04-06,199835.0,10.253609,953.0,2.150084,0.476893,2606.0,1.304076,0.786274,2.0993938247869983,EXH,2025-03-28
2025-04-05,FY25_Q1_CEA_FLM_FBIG_FLM-EXH-EXH-FLM-FRN_Convert & Upgrade -MB-F&B-Recliner-Xscape_Conversion_L CEA FLM 017_CP2TXD1,6882.19,not_delivering,4906.0,actions:offsite_conversion.fb_pixel_purchase,266388.0,707013.0,1.40281084,2025-04-06,773645.0,8.895798,3432.0,2.0053,0.443614,15431.0,1.994584,0.445998,2.904203642806733,EXH,2025-03-28
2025-03-29,FY25_Q1_CEA_FLM_FBIG_FLM-EXH-EXH-FLM-FRN_Convert & Upgrade -AVX & VIP_Conversion_L CEA FLM 017_CP2TXD1,2064.08,completed,,,88833.0,152256.0,,2025-04-06,182080.0,11.336116,1788.0,1.154407,0.981986,5384.0,2.956942,0.383373,2.0496887417964045,EXH,2025-03-21
2025-03-29,FY25_Q1_CEA_FLM_FBIG_FLM-EXH-EXH-FLM-FRN_Convert & Upgrade -MB-F&B-Recliner-Xscape_Conversion_L CEA FLM 017_CP2TXD1,6747.57,not_delivering,2378.0,actions:offsite_conversion.fb_pixel_purchase,269469.0,686628.0,2.8374979,2025-04-06,758114.0,8.900469,4590.0,1.470059,0.60545,19584.0,2.583253,0.344545,2.813362576029154,EXH,2025-03-21
2025-03-22,FY25_Q1_CEA_FLM_FBIG_FLM-EXH-EXH-FLM-FRN_Convert & Upgrade -AVX & VIP_Conversion_L CEA FLM 017_CP2TXD1,505.07,completed,,,27610.0,38704.0,,2025-04-06,41684.0,12.116639,258.0,1.957636,0.618943,761.0,1.825641,0.663693,1.5097428467946397,EXH,2025-03-14
2025-03-22,FY25_Q1_CEA_FLM_FBIG_FLM-EXH-EXH-FLM-FRN_Convert & Upgrade -MB-F&B-Recliner-Xscape_Conversion_L CEA FLM 017_CP2TXD1,4440.66,not_delivering,1382.0,actions:offsite_conversion.fb_pixel_purchase,178390.0,425870.0,3.21321274,2025-04-06,488432.0,9.091665,2491.0,1.782682,0.509999,8679.0,1.776911,0.511656,2.7380010090251696,EXH,2025-03-14
2025-03-15,FY25_Q1_CEA_FLM_FBIG_FLM-EXH-EXH-FLM-FRN_Convert & Upgrade -MB-F&B-Recliner-Xscape_Conversion_L CEA FLM 017_CP2TXD1,2946.47,not_delivering,1332.0,actions:offsite_conversion.fb_pixel_purchase,169843.0,341025.0,2.21206456,2025-04-06,360975.0,8.162532,2439.0,1.208065,0.67567,10896.0,3.018492,0.270418,2.1253451717174094,EXH,2025-03-07
2025-03-08,FY25_Q1_CEA_FLM_FBIG_FLM-EXH-EXH-FLM-FRN_Convert & Upgrade -AVX & VIP_Conversion_L CEA FLM 017_CP2TXD1,386.55,completed,,,35255.0,51578.0,,2025-04-06,54130.0,7.141142,178.0,2.171629,0.328838,483.0,0.892296,0.800311,1.535385051765707,EXH,2025-02-28
2025-03-08,FY25_Q1_CEA_FLM_FBIG_FLM-EXH-EXH-FLM-FRN_Convert & Upgrade -MB-F&B-Recliner-Xscape_Conversion_L CEA FLM 017_CP2TXD1,3023.59,not_delivering,1456.0,actions:offsite_conversion.fb_pixel_purchase,154175.0,344932.0,2.07664148,2025-04-06,387492.0,7.802974,2105.0,1.436385,0.543237,7476.0,1.92933,0.40444,2.5133257661748014,EXH,2025-02-28
2025-03-01,FY25_Q1_CEA_FLM_FBIG_FLM-EXH-EXH-FLM-FRN_Convert & Upgrade -AVX & VIP_Conversion_L CEA FLM 017_CP2TXD1,2603.1,completed,,,151618.0,307144.0,,2025-04-06,331605.0,7.850002,1193.0,2.181978,0.359765,3336.0,1.006016,0.780306,2.1871083908243083,EXH,2025-02-21
2025-03-01,FY25_Q1_CEA_FLM_FBIG_FLM-EXH-EXH-FLM-FRN_Convert & Upgrade -MB-F&B-Recliner-Xscape_Conversion_L CEA FLM 017_CP2TXD1,3310.13,not_delivering,1439.0,actions:offsite_conversion.fb_pixel_purchase,165190.0,361932.0,2.30029882,2025-04-06,415741.0,7.962,2685.0,1.232823,0.645835,9930.0,2.388506,0.333346,2.5167443549851685,EXH,2025-02-21
2025-02-22,FY25_Q1_CEA_FLM_FBIG_FLM-EXH-EXH-FLM-FRN_Convert & Upgrade -AVX & VIP_Conversion_L CEA FLM 017_CP2TXD1,2564.05,completed,,,156012.0,324998.0,,2025-04-06,339658.0,7.548917,1511.0,1.696923,0.444859,6541.0,1.925761,0.391997,2.177127400456375,EXH,2025-02-14
2025-02-22,FY25_Q1_CEA_FLM_FBIG_FLM-EXH-EXH-FLM-FRN_Convert & Upgrade -MB-F&B-Recliner-Xscape_Conversion_L CEA FLM 017_CP2TXD1,3307.5,not_delivering,1950.0,actions:offsite_conversion.fb_pixel_purchase,178568.0,452194.0,1.69615385,2025-04-06,481679.0,6.866606,2622.0,1.261442,0.544346,11727.0,2.434609,0.282041,2.6974541911204697,EXH,2025-02-14
2025-02-15,FY25_Q1_CEA_FLM_FBIG_FLM-EXH-EXH-FLM-FRN_Convert & Upgrade -AVX & VIP_Conversion_L CEA FLM 017_CP2TXD1,1012.57,completed,,,74371.0,112710.0,,2025-04-06,116366.0,8.701597,607.0,1.668155,0.52163,1989.0,1.709262,0.509085,1.5646690242164285,EXH,2025-02-07
2025-02-15,FY25_Q1_CEA_FLM_FBIG_FLM-EXH-EXH-FLM-FRN_Convert & Upgrade -MB-F&B-Recliner-Xscape_Conversion_L CEA FLM 017_CP2TXD1,3047.22,not_delivering,1866.0,actions:offsite_conversion.fb_pixel_purchase,162804.0,325964.0,1.63302251,2025-04-06,376089.0,8.102391,1854.0,1.643592,0.492968,5924.0,1.575159,0.514386,2.3100722340974422,EXH,2025-02-07
2025-02-08,FY25_Q1_CEA_FLM_FBIG_FLM-EXH-EXH-FLM-FRN_Convert & Upgrade -AVX & VIP_Conversion_L CEA FLM 017_CP2TXD1,2298.51,completed,,,135944.0,245993.0,,2025-04-06,248736.0,9.240761,1472.0,1.561488,0.591792,4551.0,1.829651,0.505056,1.8296945801212263,EXH,2025-01-31
2025-02-08,FY25_Q1_CEA_FLM_FBIG_FLM-EXH-EXH-FLM-FRN_Convert & Upgrade -MB-F&B-Recliner-Xscape_Conversion_L CEA FLM 017_CP2TXD1,2961.36,not_delivering,1336.0,actions:offsite_conversion.fb_pixel_purchase,165476.0,358588.0,2.21658683,2025-04-06,372507.0,7.94981,1973.0,1.500943,0.529654,6869.0,1.843992,0.43112,2.251124030070826,EXH,2025-01-31
2025-02-01,FY25_Q1_CEA_FLM_FBIG_FLM-EXH-EXH-FLM-FRN_Convert & Upgrade -AVX & VIP_Conversion_L CEA FLM 017_CP2TXD1,647.0,completed,,,41450.0,63659.0,,2025-04-06,63964.0,10.115065,532.0,1.216165,0.831718,2044.0,3.195548,0.316536,1.5431604342581424,EXH,2025-01-24
2025-02-01,FY25_Q1_CEA_FLM_FBIG_FLM-EXH-EXH-FLM-FRN_Convert & Upgrade -MB-F&B-Recliner-Xscape_Conversion_L CEA FLM 017_CP2TXD1,2933.8,not_delivering,1709.0,actions:offsite_conversion.fb_pixel_purchase,131665.0,293974.0,1.71667642,2025-04-06,339115.0,8.651342,1940.0,1.512268,0.572077,5964.0,1.758695,0.491918,2.5755895644248663,EXH,2025-01-24
2025-01-25,FY25_Q1_CEA_FLM_FBIG_FLM-EXH-EXH-FLM-FRN_Convert & Upgrade -MB-F&B-Recliner-Xscape_Conversion_L CEA FLM 017_CP2TXD1,2935.6,not_delivering,1387.0,actions:offsite_conversion.fb_pixel_purchase,114955.0,247788.0,2.11651045,2025-04-06,291196.0,10.081182,2396.0,1.225209,0.822814,7268.0,2.495913,0.403908,2.5331303553564437,EXH,2025-01-17
2025-01-18,FY25_Q1_CEA_FLM_FBIG_FLM-EXH-EXH-FLM-FRN_Convert & Upgrade -MB-F&B-Recliner-Xscape_Conversion_L CEA FLM 017_CP2TXD1,619.09,not_delivering,456.0,actions:offsite_conversion.fb_pixel_purchase,31832.0,53087.0,1.35765351,2025-04-06,59832.0,10.347139,468.0,1.322842,0.78219,1466.0,2.450194,0.422299,1.8796179944709726,EXH,2025-01-10
2025-04-30,FY25_Q2_CEA_FLM_FBIG_FLM-EXH-EXH-EXH-IMX_IMAX Sinners_CO_L CEA IMX 005_CP2Y44V,279.28,completed,295.0,actions:offsite_conversion.fb_pixel_purchase,19456.0,35749.0,0.94671186,2025-04-27,33783.0,8.26688,137.0,2.03854,0.405529,406.0,1.201788,0.687882,1.7363795230263157,EXH,2025-04-25
2025-04-26,FY25_Q2_CEA_FLM_FBIG_FLM-EXH-EXH-EXH-IMX_IMAX Sinners_CO_L CEA IMX 005_CP2Y44V,2041.24,completed,1819.0,actions:offsite_conversion.fb_pixel_purchase,82429.0,253559.0,1.12217702,2025-04-27,237968.0,8.577792,743.0,2.747295,0.312227,2240.0,0.941303,0.911268,2.8869451285348604,EXH,2025-04-18
2025-04-19,FY25_Q2_CEA_FLM_FBIG_FLM-EXH-EXH-EXH-IMX_IMAX Sinners_CO_L CEA IMX 005_CP2Y44V,2008.22,completed,1123.0,actions:offsite_conversion.fb_pixel_purchase,80485.0,271418.0,1.78826358,2025-04-27,252025.0,7.968336,701.0,2.864793,0.278147,1712.0,0.679298,1.173026,3.1313288190346027,EXH,2025-04-11
2025-04-12,FY25_Q2_CEA_FLM_FBIG_FLM-EXH-EXH-EXH-IMX_IMAX Sinners_CO_L CEA IMX 005_CP2Y44V,387.87,completed,290.0,actions:offsite_conversion.fb_pixel_purchase,24626.0,50001.0,1.33748276,2025-04-27,48303.0,8.029936,116.0,3.343707,0.240151,263.0,0.54448,1.474791,1.9614634938682693,EXH,2025-04-04
2025-04-30,FY25_Q2_CEA_EXH_FBIG_BRA-EXH-EXH-BRA-LTO_$5 Tuesday FR_CO_L CEA BRA 021_CP2YB2K,1761.56,completed,842.0,actions:offsite_conversion.fb_pixel_purchase,119129.0,245112.0,2.09211401,2025-04-29,246626.0,7.142637,1762.0,0.99975,0.714442,4908.0,1.990058,0.358916,2.070243181760948,EXH,2025-04-25
2025-04-30,FY25_Q2_CEA_EXH_FBIG_BRA-EXH-EXH-BRA-LTO_$5 Tuesday EN_CO_L CEA BRA 021_CP2YB2K,6949.17,completed,7457.0,actions:offsite_conversion.fb_pixel_purchase,561571.0,1207065.0,0.93189889,2025-04-29,1190944.0,5.83501,10091.0,0.68865,0.847311,22318.0,1.873976,0.311371,2.1207362915820083,EXH,2025-04-25
2025-04-26,FY25_Q2_CEA_EXH_FBIG_BRA-EXH-EXH-BRA-LTO_$5 Tuesday FR_CO_L CEA BRA 021_CP2YB2K,4121.56,completed,1562.0,actions:offsite_conversion.fb_pixel_purchase,205819.0,590929.0,2.63864277,2025-04-29,593869.0,6.940184,4186.0,0.984606,0.704869,15151.0,2.551236,0.272032,2.885394448520302,EXH,2025-04-18
2025-04-26,FY25_Q2_CEA_EXH_FBIG_BRA-EXH-EXH-BRA-LTO_$5 Tuesday EN_CO_L CEA BRA 021_CP2YB2K,16593.55,completed,12756.0,actions:offsite_conversion.fb_pixel_purchase,1121330.0,3169579.0,1.30084274,2025-04-29,3124752.0,5.310357,28215.0,0.588111,0.902952,72205.0,2.310743,0.229812,2.7866479983590913,EXH,2025-04-18
2025-04-19,FY25_Q2_CEA_EXH_FBIG_BRA-EXH-EXH-BRA-LTO_$5 Tuesday FR_CO_L CEA BRA 021_CP2YB2K,1664.04,completed,456.0,actions:offsite_conversion.fb_pixel_purchase,94862.0,213252.0,3.64921053,2025-04-29,211903.0,7.852838,1910.0,0.871225,0.901356,8167.0,3.854122,0.203752,2.2338027872066792,EXH,2025-04-11
2025-04-19,FY25_Q2_CEA_EXH_FBIG_BRA-EXH-EXH-BRA-LTO_$5 Tuesday EN_CO_L CEA BRA 021_CP2YB2K,6645.95,completed,2466.0,actions:offsite_conversion.fb_pixel_purchase,567390.0,1236478.0,2.69503244,2025-04-29,1180791.0,5.628388,15665.0,0.424255,1.326653,48918.0,4.142816,0.135859,2.081092370327288,EXH,2025-04-11
2025-04-30,FY25_Q2_CEA_FLM_FBIG_FLM-EXH-EXH-FLM-FRN_Inform Thunderbolts_CN_L CEA FLM 023_CP2YCQG,5033.54,completed,8152.0,actions:landing_page_view,1083155.0,2110554.0,0.61746075,2025-05-01,2281667.0,2.20608,9622.0,0.523128,0.421709,11211.0,0.491351,0.448982,2.106500916304684,EXH,2025-04-25
2025-04-26,FY25_Q2_CEA_FLM_FBIG_FLM-EXH-EXH-FLM-FRN_Inform Thunderbolts_CN_L CEA FLM 023_CP2YCQG,9029.04,completed,14925.0,actions:landing_page_view,1264535.0,2814968.0,0.6049608,2025-05-01,3300092.0,2.735996,18441.0,0.489618,0.558803,23166.0,0.70198,0.389754,2.609727686461822,EXH,2025-04-18
2025-04-19,FY25_Q2_CEA_FLM_FBIG_FLM-EXH-EXH-FLM-FRN_Inform Thunderbolts_CN_L CEA FLM 023_CP2YCQG,2452.7,completed,4669.0,actions:landing_page_view,262715.0,213927.0,0.52531591,2025-05-01,394019.0,6.224827,6394.0,0.383594,1.622764,9560.0,2.426279,0.256559,1.4997963572692843,EXH,2025-04-11
2025-04-30,FY25_Q2_CEA_FLM_FBIG_FLM-EXH-EXH-EXH-IMX_IMAX Thunderbolts_CO_L CEA IMX 006_CP2YLBR,3222.37,completed,981.0,actions:offsite_conversion.fb_pixel_purchase,155752.0,469210.0,3.28478084,2025-05-11,466926.0,6.901243,1174.0,2.744779,0.251432,2828.0,0.605663,1.139452,2.9978812471107914,EXH,2025-04-25
2025-04-26,FY25_Q2_CEA_FLM_FBIG_FLM-EXH-EXH-EXH-IMX_IMAX Thunderbolts_CO_L CEA IMX 006_CP2YLBR,1346.44,completed,498.0,actions:offsite_conversion.fb_pixel_purchase,78258.0,169214.0,2.70369478,2025-05-11,168367.0,7.997054,604.0,2.229205,0.35874,1973.0,1.171845,0.682433,2.151434997061003,EXH,2025-04-18
2025-04-30,FY25_Q1_CEA_GRP_FBIG_GNE-EXH-EXH-GNE-ALW_EXH G&E Grad FR_CN_L CEA GRP 007_CP2W775,149.91,active,223.0,actions:link_click,15570.0,20739.0,0.67224215,2025-05-30,21647.0,6.925209,223.0,0.672242,1.030166,326.0,1.505982,0.459847,1.3903018625561978,EXH,2025-04-25
2025-04-30,FY25_Q1_CEA_GRP_FBIG_GNE-EXH-EXH-GNE-ALW_EXH G&E Grad EN_CN_L CEA GRP 007_CP2W775,539.81,active,1028.0,actions:link_click,76092.0,120143.0,0.525107,2025-05-30,118265.0,4.56441,1028.0,0.525107,0.869234,1462.0,1.236207,0.369227,1.5542369762918573,EXH,2025-04-25
2025-04-26,FY25_Q1_CEA_GRP_FBIG_GNE-EXH-EXH-GNE-ALW_EXH G&E Grad FR_CN_L CEA GRP 007_CP2W775,263.36,active,361.0,actions:link_click,26057.0,42401.0,0.72952909,2025-05-30,44568.0,5.909173,361.0,0.729529,0.809998,560.0,1.256507,0.470286,1.710404114057643,EXH,2025-04-18
2025-04-26,FY25_Q1_CEA_GRP_FBIG_GNE-EXH-EXH-GNE-ALW_EXH G&E Grad EN_CN_L CEA GRP 007_CP2W775,951.64,active,1630.0,actions:link_click,107122.0,196892.0,0.58382822,2025-05-30,195751.0,4.861482,1630.0,0.583828,0.832691,2392.0,1.221961,0.397843,1.8273650603984242,EXH,2025-04-18
2025-04-19,FY25_Q1_CEA_GRP_FBIG_GNE-EXH-EXH-GNE-ALW_EXH G&E Grad FR_CN_L CEA GRP 007_CP2W775,262.11,active,431.0,actions:link_click,28145.0,44805.0,0.60814385,2025-05-30,47200.0,5.553178,431.0,0.608144,0.913136,635.0,1.345339,0.41277200000000003,1.6770296677917924,EXH,2025-04-11
2025-04-19,FY25_Q1_CEA_GRP_FBIG_GNE-EXH-EXH-GNE-ALW_EXH G&E Grad EN_CN_L CEA GRP 007_CP2W775,957.24,active,1565.0,actions:link_click,106328.0,189066.0,0.61165495,2025-05-30,189860.0,5.04182,1565.0,0.611655,0.824292,2255.0,1.187717,0.424497,1.7856068015950644,EXH,2025-04-11
2025-04-12,FY25_Q1_CEA_GRP_FBIG_GNE-EXH-EXH-GNE-ALW_EXH G&E Grad FR_CN_L CEA GRP 007_CP2W775,262.74,active,475.0,actions:link_click,24316.0,39288.0,0.55313684,2025-05-30,40917.0,6.421292,475.0,0.553137,1.160887,697.0,1.703448,0.376958,1.6827191972363875,EXH,2025-04-04
2025-04-12,FY25_Q1_CEA_GRP_FBIG_GNE-EXH-EXH-GNE-ALW_EXH G&E Grad EN_CN_L CEA GRP 007_CP2W775,959.32,active,1651.0,actions:link_click,93876.0,161829.0,0.58105391,2025-05-30,163836.0,5.855368,1651.0,0.581054,1.007715,2465.0,1.504553,0.389176,1.7452383995909497,EXH,2025-04-04
2025-04-05,FY25_Q1_CEA_GRP_FBIG_GNE-EXH-EXH-GNE-ALW_EXH G&E Grad FR_CN_L CEA GRP 007_CP2W775,265.15,active,470.0,actions:link_click,21672.0,36537.0,0.56414894,2025-05-30,38387.0,6.907286,470.0,0.564149,1.224373,673.0,1.753198,0.393982,1.7712716869693614,EXH,2025-03-28
2025-04-05,FY25_Q1_CEA_GRP_FBIG_GNE-EXH-EXH-GNE-ALW_EXH G&E Grad EN_CN_L CEA GRP 007_CP2W775,967.37,active,1661.0,actions:link_click,91835.0,178732.0,0.58240217,2025-05-30,179920.0,5.376667,1661.0,0.582402,0.923188,2319.0,1.288906,0.41715,1.959165895355801,EXH,2025-03-28
2025-03-29,FY25_Q1_CEA_GRP_FBIG_GNE-EXH-EXH-GNE-ALW_EXH G&E Grad FR_CN_L CEA GRP 007_CP2W775,261.55,active,375.0,actions:link_click,22454.0,37098.0,0.69746667,2025-05-30,40720.0,6.423134,375.0,0.697467,0.920923,589.0,1.446464,0.444058,1.8134853478222144,EXH,2025-03-21
2025-03-29,FY25_Q1_CEA_GRP_FBIG_GNE-EXH-EXH-GNE-ALW_EXH G&E Grad EN_CN_L CEA GRP 007_CP2W775,960.69,active,1427.0,actions:link_click,81979.0,151204.0,0.67322355,2025-05-30,154955.0,6.1998,1427.0,0.673224,0.920913,2072.0,1.337162,0.463653,1.890179192232157,EXH,2025-03-21
2025-03-22,FY25_Q1_CEA_GRP_FBIG_GNE-EXH-EXH-GNE-ALW_EXH G&E Grad FR_CN_L CEA GRP 007_CP2W775,262.61,active,420.0,actions:link_click,27112.0,47455.0,0.6252619,2025-05-30,53527.0,4.906122,420.0,0.625262,0.784651,704.0,1.315224,0.373026,1.9742918264974918,EXH,2025-03-14
2025-03-22,FY25_Q1_CEA_GRP_FBIG_GNE-EXH-EXH-GNE-ALW_EXH G&E Grad EN_CN_L CEA GRP 007_CP2W775,968.85,active,1460.0,actions:link_click,86435.0,156368.0,0.66359589,2025-05-30,162860.0,5.948975,1460.0,0.663596,0.896476,2088.0,1.282083,0.464009,1.8841904321166194,EXH,2025-03-14
2025-03-15,FY25_Q1_CEA_GRP_FBIG_GNE-EXH-EXH-GNE-ALW_EXH G&E Grad FR_CN_L CEA GRP 007_CP2W775,51.32,active,91.0,actions:link_click,7830.0,9186.0,0.56395604,2025-05-30,10558.0,4.860769,91.0,0.563956,0.861906,182.0,1.723811,0.281978,1.3484035759897828,EXH,2025-03-07
2025-03-15,FY25_Q1_CEA_GRP_FBIG_GNE-EXH-EXH-GNE-ALW_EXH G&E Grad EN_CN_L CEA GRP 007_CP2W775,947.67,active,1537.0,actions:link_click,86428.0,178931.0,0.61657124,2025-05-30,184932.0,5.124424,1537.0,0.616571,0.831116,2404.0,1.299937,0.394205,2.139723237839589,EXH,2025-03-07
2025-03-08,FY25_Q1_CEA_GRP_FBIG_GNE-EXH-EXH-GNE-ALW_EXH G&E Grad EN_CN_L CEA GRP 007_CP2W775,185.46,active,378.0,actions:link_click,24844.0,35151.0,0.49063492,2025-05-30,36586.0,5.069152,378.0,0.490635,1.033182,681.0,1.861368,0.272335,1.4726292062469812,EXH,2025-02-28
2025-04-26,FY25_Q2_CEA_FLM_FBIG_FLM-EXH-EXH-FLM-EVT_Event Cinema FR_CO_L CEA FLM 021_CP2XFWV,191.89,active,96.0,actions:offsite_conversion.fb_pixel_purchase,6306.0,17331.0,1.99885417,2025-06-18,19018.0,10.089915,51.0,3.762549,0.268167,133.0,0.699337,1.442782,3.0158579130986363,EXH,2025-04-18
2025-04-26,FY25_Q2_CEA_FLM_FBIG_FLM-EXH-EXH-FLM-EVT_Event Cinema EN_CO_L CEA FLM 021_CP2XFWV,780.34,active,904.0,actions:offsite_conversion.fb_pixel_purchase,30197.0,78283.0,0.86320796,2025-06-18,83428.0,9.353454,266.0,2.933609,0.318838,667.0,0.799492,1.169925,2.762791005729046,EXH,2025-04-18
2025-04-19,FY25_Q2_CEA_FLM_FBIG_FLM-EXH-EXH-FLM-EVT_Event Cinema FR_CO_L CEA FLM 021_CP2XFWV,225.76,active,72.0,actions:offsite_conversion.fb_pixel_purchase,7607.0,24272.0,3.13555556,2025-06-18,27110.0,8.327554,117.0,1.929573,0.431575,235.0,0.866839,0.960681,3.5638227947942682,EXH,2025-04-11
2025-04-19,FY25_Q2_CEA_FLM_FBIG_FLM-EXH-EXH-FLM-EVT_Event Cinema EN_CO_L CEA FLM 021_CP2XFWV,901.18,active,493.0,actions:offsite_conversion.fb_pixel_purchase,36983.0,97774.0,1.82795132,2025-06-18,96792.0,9.31048,590.0,1.527424,0.609555,1377.0,1.422638,0.654452,2.6172024984452316,EXH,2025-04-11
2025-04-12,FY25_Q2_CEA_FLM_FBIG_FLM-EXH-EXH-FLM-EVT_Event Cinema FR_CO_L CEA FLM 021_CP2XFWV,908.77,active,147.0,actions:offsite_conversion.fb_pixel_purchase,26516.0,89992.0,6.18210884,2025-06-18,97807.0,9.291462,444.0,2.046779,0.453955,1062.0,1.085812,0.855716,3.688603107557701,EXH,2025-04-04
2025-04-12,FY25_Q2_CEA_FLM_FBIG_FLM-EXH-EXH-FLM-EVT_Event Cinema EN_CO_L CEA FLM 021_CP2XFWV,3571.79,active,1468.0,actions:offsite_conversion.fb_pixel_purchase,133144.0,393730.0,2.43309946,2025-06-18,413704.0,8.633685,2350.0,1.519911,0.568039,6564.0,1.586642,0.544148,3.1071922129423784,EXH,2025-04-04
2025-04-05,FY25_Q2_CEA_FLM_FBIG_FLM-EXH-EXH-FLM-EVT_Event Cinema FR_CO_L CEA FLM 021_CP2XFWV,637.28,active,170.0,actions:offsite_conversion.fb_pixel_purchase,23983.0,58379.0,3.74870588,2025-06-18,64066.0,9.947242,268.0,2.37791,0.418319,685.0,1.06921,0.930336,2.671308843764333,EXH,2025-03-28
2025-04-05,FY25_Q2_CEA_FLM_FBIG_FLM-EXH-EXH-FLM-EVT_Event Cinema EN_CO_L CEA FLM 021_CP2XFWV,2645.7,active,1462.0,actions:offsite_conversion.fb_pixel_purchase,105192.0,243984.0,1.80964432,2025-06-18,271190.0,9.755891,1449.0,1.82588,0.534312,4127.0,1.521811,0.641071,2.5780477602859535,EXH,2025-03-28
2025-04-30,FY25_Q2_CEA_FLM_FBIG_FLM-EXH-EXH-FLM-EVT_Event Cinema FR_AW_L CEA FLM 021_CP2XFWV,223.66,active,18819.0,reach,18819.0,79239.0,11.88479728,2025-06-28,76585.0,2.920415,21.0,10.650476,0.027421,78.0,0.101848,2.867436,4.069557362240289,EXH,2025-04-25
2025-04-30,FY25_Q2_CEA_FLM_FBIG_FLM-EXH-EXH-FLM-EVT_Event Cinema EN_AW_L CEA FLM 021_CP2XFWV,896.95,active,135724.0,reach,135724.0,397196.0,6.60863222,2025-06-28,394230.0,2.275195,103.0,8.708252,0.026127,411.0,0.104254,2.18236,2.9046447201673984,EXH,2025-04-25
2025-04-26,FY25_Q2_CEA_FLM_FBIG_FLM-EXH-EXH-FLM-EVT_Event Cinema FR_AW_L CEA FLM 021_CP2XFWV,388.14,active,22012.0,reach,22012.0,140993.0,17.63310921,2025-06-28,136402.0,2.845559,38.0,10.214211,0.027859,169.0,0.123898,2.296686,6.196710884971834,EXH,2025-04-18
2025-04-26,FY25_Q2_CEA_FLM_FBIG_FLM-EXH-EXH-FLM-EVT_Event Cinema EN_AW_L CEA FLM 021_CP2XFWV,1547.24,active,170428.0,reach,170428.0,699917.0,9.07855517,2025-06-28,683488.0,2.263741,210.0,7.36781,0.030725,737.0,0.107829,2.099376,4.010420822869482,EXH,2025-04-18
2025-04-19,FY25_Q2_CEA_FLM_FBIG_FLM-EXH-EXH-FLM-EVT_Event Cinema FR_AW_L CEA FLM 021_CP2XFWV,390.28,active,21936.0,reach,21936.0,137856.0,17.79175784,2025-06-28,135061.0,2.889657,38.0,10.270526,0.028135,218.0,0.161409,1.790275,6.157047775346462,EXH,2025-04-11
2025-04-19,FY25_Q2_CEA_FLM_FBIG_FLM-EXH-EXH-FLM-EVT_Event Cinema EN_AW_L CEA FLM 021_CP2XFWV,1562.24,active,169392.0,reach,169392.0,688565.0,9.22263153,2025-06-28,686274.0,2.276409,194.0,8.052784,0.028269,739.0,0.107683,2.113992,4.051395579484273,EXH,2025-04-11
2025-04-12,FY25_Q2_CEA_FLM_FBIG_FLM-EXH-EXH-FLM-EVT_Event Cinema FR_AW_L CEA FLM 021_CP2XFWV,387.24,active,21634.0,reach,21634.0,135414.0,17.89960248,2025-06-28,136808.0,2.830536,42.0,9.22,0.0307,231.0,0.16885,1.676364,6.323749653323472,EXH,2025-04-04
2025-04-12,FY25_Q2_CEA_FLM_FBIG_FLM-EXH-EXH-FLM-EVT_Event Cinema EN_AW_L CEA FLM 021_CP2XFWV,1548.4,active,170201.0,reach,170201.0,696840.0,9.09747886,2025-06-28,709542.0,2.182253,191.0,8.106806,0.026919,787.0,0.110917,1.967471,4.1688474215780165,EXH,2025-04-04
2025-04-05,FY25_Q2_CEA_FLM_FBIG_FLM-EXH-EXH-FLM-EVT_Event Cinema FR_AW_L CEA FLM 021_CP2XFWV,180.89,active,16466.0,reach,16466.0,59925.0,10.98566744,2025-06-28,63785.0,2.835933,17.0,10.640588,0.026652,135.0,0.211649,1.339926,3.8737398275233814,EXH,2025-03-28
2025-04-05,FY25_Q2_CEA_FLM_FBIG_FLM-EXH-EXH-FLM-EVT_Event Cinema EN_AW_L CEA FLM 021_CP2XFWV,725.39,active,118862.0,reach,118862.0,326945.0,6.10279147,2025-06-28,340025.0,2.133343,117.0,6.199915,0.034409,421.0,0.123814,1.723017,2.860670357220979,EXH,2025-03-28
2025-04-30,FY25_Q1-Q2_CEA_EXH_FBIG_BRA-EXH-EXH-BRA-LTO_Evergreen Tuesday EN_CO_L CEA BRA 020_CP2WM9N,240.97,active,141.0,actions:offsite_conversion.fb_pixel_purchase,27131.0,36563.0,1.70900709,2025-06-30,36357.0,6.627885,489.0,0.492781,1.344995,1479.0,4.067992,0.162928,1.3400538129814603,EXH,2025-04-25
2025-04-30,FY25_Q1-Q2_CEA_EXH_FBIG_BRA-EXH-EXH-BRA-LTO_Evergreen Tuesday FR_CO_L CEA BRA 020_CP2WM9N,56.48,active,17.0,actions:offsite_conversion.fb_pixel_purchase,5212.0,7188.0,3.32235294,2025-06-30,7152.0,7.897092,138.0,0.409275,1.92953,416.0,5.816555,0.135769,1.3722179585571757,EXH,2025-04-25
2025-04-19,FY25_Q1-Q2_CEA_EXH_FBIG_BRA-EXH-EXH-BRA-LTO_Evergreen Tuesday EN_CO_L CEA BRA 020_CP2WM9N,1001.41,active,588.0,actions:offsite_conversion.fb_pixel_purchase,82680.0,160680.0,1.70307823,2025-06-30,156997.0,6.37853,1090.0,0.918725,0.694281,4436.0,2.825532,0.225746,1.89885099177552,EXH,2025-04-11
2025-04-19,FY25_Q1-Q2_CEA_EXH_FBIG_BRA-EXH-EXH-BRA-LTO_Evergreen Tuesday FR_CO_L CEA BRA 020_CP2WM9N,253.96,active,87.0,actions:offsite_conversion.fb_pixel_purchase,19682.0,35480.0,2.91908046,2025-06-30,35468.0,7.160257,387.0,0.656227,1.091124,1426.0,4.020526,0.178093,1.8020526369271415,EXH,2025-04-11
2025-04-12,FY25_Q1-Q2_CEA_EXH_FBIG_BRA-EXH-EXH-BRA-LTO_Evergreen Tuesday EN_CO_L CEA BRA 020_CP2WM9N,1750.23,active,1411.0,actions:offsite_conversion.fb_pixel_purchase,105220.0,238192.0,1.24041814,2025-06-30,236905.0,7.387898,1161.0,1.507519,0.49007,4594.0,1.939174,0.380982,2.2515206234556167,EXH,2025-04-04
2025-04-12,FY25_Q1-Q2_CEA_EXH_FBIG_BRA-EXH-EXH-BRA-LTO_Evergreen Tuesday FR_CO_L CEA BRA 020_CP2WM9N,430.85,active,194.0,actions:offsite_conversion.fb_pixel_purchase,20688.0,48366.0,2.22087629,2025-06-30,50003.0,8.616483,272.0,1.584007,0.543967,914.0,1.82789,0.47139,2.417005027068832,EXH,2025-04-04
2025-04-05,FY25_Q1-Q2_CEA_EXH_FBIG_BRA-EXH-EXH-BRA-LTO_Evergreen Tuesday EN_CO_L CEA BRA 020_CP2WM9N,1454.1,active,975.0,actions:offsite_conversion.fb_pixel_purchase,66929.0,141803.0,1.49138462,2025-06-30,159677.0,9.106509,553.0,2.629476,0.346324,1690.0,1.058387,0.860414,2.3857670068281314,EXH,2025-03-28
2025-04-05,FY25_Q1-Q2_CEA_EXH_FBIG_BRA-EXH-EXH-BRA-LTO_Evergreen Tuesday FR_CO_L CEA BRA 020_CP2WM9N,282.4,active,197.0,actions:offsite_conversion.fb_pixel_purchase,12437.0,26428.0,1.43350254,2025-06-30,29803.0,9.475556,92.0,3.069565,0.308694,242.0,0.811999,1.166942,2.3963174398970812,EXH,2025-03-28
2025-03-29,FY25_Q1-Q2_CEA_EXH_FBIG_BRA-EXH-EXH-BRA-LTO_Evergreen Tuesday EN_CO_L CEA BRA 020_CP2WM9N,1085.05,active,402.0,actions:offsite_conversion.fb_pixel_purchase,48918.0,99683.0,2.69912935,2025-06-30,121422.0,8.936189,503.0,2.157157,0.414258,1620.0,1.33419,0.669784,2.482153808414081,EXH,2025-03-21
2025-03-22,FY25_Q1-Q2_CEA_EXH_FBIG_BRA-EXH-EXH-BRA-LTO_Evergreen Tuesday EN_CO_L CEA BRA 020_CP2WM9N,1107.45,active,269.0,actions:offsite_conversion.fb_pixel_purchase,56142.0,108567.0,4.1169145,2025-06-30,132628.0,8.350047,629.0,1.760652,0.474259,2481.0,1.870646,0.446372,2.3623668554736206,EXH,2025-03-14
2025-03-15,FY25_Q1-Q2_CEA_EXH_FBIG_BRA-EXH-EXH-BRA-LTO_Evergreen Tuesday EN_CO_L CEA BRA 020_CP2WM9N,943.21,active,365.0,actions:offsite_conversion.fb_pixel_purchase,51637.0,96279.0,2.58413699,2025-06-30,117107.0,8.054258,571.0,1.651856,0.487588,2236.0,1.909365,0.421829,2.2678893041811103,EXH,2025-03-07
2025-03-08,FY25_Q1-Q2_CEA_EXH_FBIG_BRA-EXH-EXH-BRA-LTO_Evergreen Tuesday EN_CO_L CEA BRA 020_CP2WM9N,492.95,active,195.0,actions:offsite_conversion.fb_pixel_purchase,34844.0,52410.0,2.52794872,2025-06-30,64419.0,7.652245,375.0,1.314533,0.582126,1831.0,2.842329,0.269224,1.8487831477442314,EXH,2025-02-28
2025-04-30,FY25_Q2_CEA_FLM_FBIG_FLM-EXH-EXH-FLM-FRN_Convert & Upgrade -MB-F&B-Recliner-Xscape_Conversion_L CEA FLM 022_CP2XNHQ,1633.33,active,2859.0,actions:offsite_conversion.fb_pixel_purchase,71954.0,169929.0,0.57129416,2025-07-13,177752.0,9.188814,895.0,1.82495,0.503511,2805.0,1.578041,0.582292,2.470356060816633,EXH,2025-04-25
2025-04-26,FY25_Q2_CEA_FLM_FBIG_FLM-EXH-EXH-FLM-FRN_Convert & Upgrade -AVX & VIP_Conversion_L CEA FLM 022_CP2XNHQ,164.07,not_delivering,,,12550.0,16359.0,,2025-07-13,18800.0,8.727128,95.0,1.727053,0.505319,154.0,0.819149,1.06539,1.49800796812749,EXH,2025-04-18
2025-04-26,FY25_Q2_CEA_FLM_FBIG_FLM-EXH-EXH-FLM-FRN_Convert & Upgrade -MB-F&B-Recliner-Xscape_Conversion_L CEA FLM 022_CP2XNHQ,2985.22,active,3775.0,actions:offsite_conversion.fb_pixel_purchase,119110.0,312791.0,0.79078675,2025-07-13,328987.0,9.073976,1775.0,1.681814,0.539535,7319.0,2.224708,0.407873,2.762043489211653,EXH,2025-04-18
2025-04-19,FY25_Q2_CEA_FLM_FBIG_FLM-EXH-EXH-FLM-FRN_Convert & Upgrade -AVX & VIP_Conversion_L CEA FLM 022_CP2XNHQ,1493.01,not_delivering,,,106292.0,176916.0,,2025-07-13,181718.0,8.216082,988.0,1.511144,0.5437,2589.0,1.424735,0.576674,1.7096112595491664,EXH,2025-04-11
2025-04-19,FY25_Q2_CEA_FLM_FBIG_FLM-EXH-EXH-FLM-FRN_Convert & Upgrade -MB-F&B-Recliner-Xscape_Conversion_L CEA FLM 022_CP2XNHQ,2873.55,active,1799.0,actions:offsite_conversion.fb_pixel_purchase,143768.0,308554.0,1.59730406,2025-07-13,321940.0,8.925732,2316.0,1.240738,0.719389,8859.0,2.751755,0.324365,2.2393022091146846,EXH,2025-04-11
2025-04-12,FY25_Q2_CEA_FLM_FBIG_FLM-EXH-EXH-FLM-FRN_Convert & Upgrade -AVX & VIP_Conversion_L CEA FLM 022_CP2XNHQ,1589.1,not_delivering,,,105844.0,209095.0,,2025-07-13,214733.0,7.400353,1948.0,0.81576,0.907173,6069.0,2.826301,0.261839,2.0287687540153434,EXH,2025-04-04
2025-04-12,FY25_Q2_CEA_FLM_FBIG_FLM-EXH-EXH-FLM-FRN_Convert & Upgrade -MB-F&B-Recliner-Xscape_Conversion_L CEA FLM 022_CP2XNHQ,2952.02,active,2609.0,actions:offsite_conversion.fb_pixel_purchase,166531.0,369860.0,1.13147566,2025-07-13,378157.0,7.806334,3539.0,0.83414,0.935855,12832.0,3.3933,0.230051,2.270790423404651,EXH,2025-04-04
2025-04-05,FY25_Q2_CEA_FLM_FBIG_FLM-EXH-EXH-FLM-FRN_Convert & Upgrade -AVX & VIP_Conversion_L CEA FLM 022_CP2XNHQ,405.19,not_delivering,,,23618.0,38916.0,,2025-07-13,39723.0,10.200388,867.0,0.467347,2.182615,2657.0,6.68882,0.152499,1.681895164704886,EXH,2025-03-28
2025-04-05,FY25_Q2_CEA_FLM_FBIG_FLM-EXH-EXH-FLM-FRN_Convert & Upgrade -MB-F&B-Recliner-Xscape_Conversion_L CEA FLM 022_CP2XNHQ,1933.71,active,1293.0,actions:offsite_conversion.fb_pixel_purchase,108172.0,195456.0,1.49552204,2025-07-13,224263.0,8.62251,2181.0,0.886616,0.972519,7045.0,3.141401,0.27448,2.0732074843767334,EXH,2025-03-28
2025-04-30,FY25_Q2_CEA_LBE_FBIG_LBE-LBE-TRR-LBE-LTO_TRR NL Royalmount - EN_CN_L CEA LBE 019_CP2YQ88,97.81,,640.0,actions:link_click,12874.0,17975.0,0.15282813,2025-06-30,17926.0,5.45632,640.0,0.152828,3.570233,1211.0,6.755551,0.080768,1.392419,LBE,2025-04-25
2025-04-30,FY25_Q2_CEA_LBE_FBIG_LBE-LBE-TRR-LBE-LTO_NL Granville - EN_CN_L CEA LBE 019_CP2YQ88,188.65,,317.0,actions:link_click,28391.0,21577.0,0.59511041,2025-06-30,32404.0,5.821812,317.0,0.59511,0.978274,467.0,1.44118,0.403961,1.141348,LBE,2025-04-25
2025-04-30,FY25_Q2_CEA_LBE_FBIG_LBE-LBE-TRR-LBE-LTO_NL Granville - EN_AWA_L CEA LBE 019_CP2YQ88,182.88,,85816.0,reach,85816.0,96833.0,2.13107113,2025-06-30,92548.0,1.976056,73.0,2.505205,0.078878,108.0,0.116696,1.693333,1.078447,LBE,2025-04-25
2025-04-30,FY25_Q2_CEA_LBE_FBIG_LBE-LBE-TRR-LBE-LTO_TRR NL Royalmount - FR_CN_L CEA LBE 019_CP2YQ88,97.94,,448.0,actions:link_click,12774.0,16998.0,0.21861607,2025-06-30,16801.0,5.829415,448.0,0.218616,2.666508,905.0,5.386584,0.108221,1.31525,LBE,2025-04-25
2025-04-30,FY25_Q2_CEA_LBE_FBIG_LBE-LBE-TRR-LBE-LTO_TRR NL Royalmount - FR_AWA_L CEA LBE 019_CP2YQ88,174.56,,78992.0,reach,78992.0,89951.0,2.20984403,2025-06-30,85729.0,2.036184,65.0,2.685538,0.07582,125.0,0.145808,1.39648,1.085287,LBE,2025-04-25
2025-04-30,FY25_Q2_CEA_LBE_FBIG_LBE-LBE-TRR-LBE-LTO_TRR NL Royalmount - EN_AWA_L CEA LBE 019_CP2YQ88,170.54,,78918.0,reach,78918.0,90212.0,2.16097722,2025-06-30,85784.0,1.988016,55.0,3.100727,0.064115,93.0,0.108412,1.833763,1.087002,LBE,2025-04-25
2025-04-30,FY25_Q1_CEA_GRP_FBIG_GNE-LBE-PDM-GNE-ALW_PDM G&E Grad EN_CN_L CEA GRP 007_CP2W775,91.08,,120.0,actions:link_click,4551.0,5885.0,0.759,2025-05-30,5870.0,15.516184,120.0,0.759,2.044293,130.0,2.214651,0.700615,1.289826,LBE,2025-04-25
2025-04-30,FY25_Q1_CEA_GRP_FBIG_GNE-LBE-TRR-GNE-ALW_TRR G&E Grad FR_CN_L CEA GRP 007_CP2W775,79.96,,152.0,actions:link_click,3893.0,1230.0,0.52605263,2025-05-30,6059.0,13.196897,152.0,0.526053,2.508665,171.0,2.822248,0.467602,1.556383,LBE,2025-04-25
2025-04-30,FY25_Q1_CEA_GRP_FBIG_GNE-LBE-TRR-GNE-ALW_TRR G&E Grad EN_CN_L CEA GRP 007_CP2W775,293.57,,396.0,actions:link_click,27216.0,37106.0,0.74133838,2025-05-30,37899.0,7.746115,396.0,0.741338,1.044882,503.0,1.327212,0.583638,1.392526,LBE,2025-04-25
2025-04-26,FY25_Q1_CEA_GRP_FBIG_GNE-LBE-PDM-GNE-ALW_PDM G&E Grad EN_CN_L CEA GRP 007_CP2W775,165.19,,226.0,actions:link_click,9191.0,12713.0,0.7309292,2025-05-30,12702.0,13.005039,226.0,0.730929,1.779247,250.0,1.968194,0.66076,1.382004,LBE,2025-04-18
2025-04-26,FY25_Q1_CEA_GRP_FBIG_GNE-LBE-TRR-GNE-ALW_TRR G&E Grad FR_CN_L CEA GRP 007_CP2W775,140.32,,290.0,actions:link_click,5872.0,2474.0,0.48386207,2025-05-30,10029.0,13.991425,290.0,0.483862,2.891614,362.0,3.609532,0.387624,1.707936,LBE,2025-04-18
2025-04-26,FY25_Q1_CEA_GRP_FBIG_GNE-LBE-TRR-GNE-ALW_TRR G&E Grad EN_CN_L CEA GRP 007_CP2W775,509.97,,716.0,actions:link_click,36877.0,55843.0,0.7122486,2025-05-30,57351.0,8.892086,716.0,0.712249,1.248453,944.0,1.646004,0.540222,1.555197,LBE,2025-04-18
2025-04-19,FY25_Q1_CEA_GRP_FBIG_GNE-LBE-PDM-GNE-ALW_PDM G&E Grad EN_CN_L CEA GRP 007_CP2W775,161.55,,246.0,actions:link_click,10783.0,16123.0,0.65670732,2025-05-30,16114.0,10.025444,246.0,0.656707,1.526623,291.0,1.805883,0.555155,1.494389,LBE,2025-04-11
2025-04-19,FY25_Q1_CEA_GRP_FBIG_GNE-LBE-TRR-GNE-ALW_TRR G&E Grad FR_CN_L CEA GRP 007_CP2W775,140.85,,266.0,actions:link_click,5590.0,2523.0,0.52951128,2025-05-30,9992.0,14.096277,266.0,0.529511,2.66213,339.0,3.392714,0.415487,1.787478,LBE,2025-04-11
2025-04-19,FY25_Q1_CEA_GRP_FBIG_GNE-LBE-TRR-GNE-ALW_TRR G&E Grad EN_CN_L CEA GRP 007_CP2W775,513.6,,730.0,actions:link_click,44855.0,67432.0,0.70356164,2025-05-30,68141.0,7.537312,730.0,0.703562,1.071308,985.0,1.445532,0.521421,1.519139,LBE,2025-04-11
2025-04-12,FY25_Q1_CEA_GRP_FBIG_GNE-LBE-PDM-GNE-ALW_PDM G&E Grad EN_CN_L CEA GRP 007_CP2W775,160.09,,244.0,actions:link_click,10483.0,15464.0,0.65610656,2025-05-30,15603.0,10.260206,244.0,0.656107,1.563802,293.0,1.877844,0.546382,1.48841,LBE,2025-04-04
2025-04-12,FY25_Q1_CEA_GRP_FBIG_GNE-LBE-TRR-GNE-ALW_TRR G&E Grad FR_CN_L CEA GRP 007_CP2W775,141.67,,281.0,actions:link_click,5766.0,2508.0,0.5041637,2025-05-30,9661.0,14.664113,281.0,0.504164,2.908602,345.0,3.571059,0.410638,1.675512,LBE,2025-04-04
2025-04-12,FY25_Q1_CEA_GRP_FBIG_GNE-LBE-TRR-GNE-ALW_TRR G&E Grad EN_CN_L CEA GRP 007_CP2W775,516.17,,790.0,actions:link_click,36567.0,54643.0,0.65337975,2025-05-30,55333.0,9.32843,790.0,0.65338,1.427719,1056.0,1.908445,0.488797,1.513195,LBE,2025-04-04
2025-04-05,FY25_Q1_CEA_GRP_FBIG_GNE-LBE-PDM-GNE-ALW_PDM G&E Grad EN_CN_L CEA GRP 007_CP2W775,164.75,,211.0,actions:link_click,7305.0,10252.0,0.78080569,2025-05-30,10384.0,15.865755,211.0,0.780806,2.031972,241.0,2.320878,0.68361,1.421492,LBE,2025-03-28
2025-04-05,FY25_Q1_CEA_GRP_FBIG_GNE-LBE-TRR-GNE-ALW_TRR G&E Grad FR_CN_L CEA GRP 007_CP2W775,140.7,,289.0,actions:link_click,5507.0,2403.0,0.48685121,2025-05-30,9742.0,14.44262,289.0,0.486851,2.966537,337.0,3.459249,0.417507,1.769021,LBE,2025-03-28
2025-04-05,FY25_Q1_CEA_GRP_FBIG_GNE-LBE-TRR-GNE-ALW_TRR G&E Grad EN_CN_L CEA GRP 007_CP2W775,522.91,,750.0,actions:link_click,38674.0,58367.0,0.69721333,2025-05-30,60174.0,8.689966,750.0,0.697213,1.246385,990.0,1.645229,0.528192,1.555929,LBE,2025-03-28
2025-04-05,FY25_Q1_CEA_LBE_FBIG_LBE-LBE-TRR-LBE-LTO_TRR Brand Equity - FR_CN_L CEA LBE 016_CP2TDTV,229.39,,383.0,actions:link_click,27408.0,20583.0,0.5989295,2025-03-31,31942.0,7.181454,383.0,0.59893,1.199048,630.0,1.972325,0.364111,1.165426,LBE,2025-03-28
2025-04-05,FY25_Q1_CEA_LBE_FBIG_LBE-LBE-TRR-LBE-LTO_TRR Brand Equity - EN_CN_L CEA LBE 016_CP2TDTV,488.46,,888.0,actions:link_click,47234.0,27483.0,0.55006757,2025-03-31,53589.0,9.11493,888.0,0.550068,1.657056,1066.0,1.989214,0.458218,1.134543,LBE,2025-03-28
2025-04-05,FY25_Q1_CEA_LBE_FBIG_LBE-LBE-TRR-LBE-LTO_TRR Brand Equity - FR_AWA_L CEA LBE 016_CP2TDTV,219.75,,113217.0,reach,113217.0,122727.0,1.94096293,2025-03-31,122285.0,1.797032,135.0,1.627778,0.110398,144.0,0.117758,1.526042,1.080094,LBE,2025-03-28
2025-04-05,FY25_Q1_CEA_LBE_FBIG_LBE-LBE-TRR-LBE-LTO_TRR Brand Equity - EN_AWA_L CEA LBE 016_CP2TDTV,212.84,,151962.0,reach,151962.0,184030.0,1.40061331,2025-03-31,183402.0,1.160511,129.0,1.649922,0.070337,130.0,0.070883,1.637231,1.206894,LBE,2025-03-28
2025-04-05,FY25_Q1_CEA_LBE_FBIG_LBE-LBE-PDM-LBE-LTO_PDM - Brand Equity_CN_L CEA LBE 015_CP2TDRB,902.69,,1175.0,actions:link_click,63537.0,72521.0,0.76824681,2025-03-31,81568.0,11.066717,1175.0,0.768247,1.440516,1415.0,1.734749,0.637943,1.283787,LBE,2025-03-28
2025-03-29,FY25_Q1_CEA_GRP_FBIG_GNE-LBE-PDM-GNE-ALW_PDM G&E Grad EN_CN_L CEA GRP 007_CP2W775,162.99,,198.0,actions:link_click,6880.0,9744.0,0.82318182,2025-05-30,10139.0,16.07555,198.0,0.823182,1.952855,261.0,2.574218,0.624483,1.473692,LBE,2025-03-21
2025-03-29,FY25_Q1_CEA_GRP_FBIG_GNE-LBE-TRR-GNE-ALW_TRR G&E Grad FR_CN_L CEA GRP 007_CP2W775,138.15,,295.0,actions:link_click,5485.0,1725.0,0.46830508,2025-05-30,10083.0,13.701279,295.0,0.468305,2.925717,335.0,3.322424,0.412388,1.838286,LBE,2025-03-21
2025-03-29,FY25_Q1_CEA_GRP_FBIG_GNE-LBE-TRR-GNE-ALW_TRR G&E Grad EN_CN_L CEA GRP 007_CP2W775,510.77,,673.0,actions:link_click,39058.0,59972.0,0.75894502,2025-05-30,63612.0,8.02946,673.0,0.758945,1.057976,938.0,1.474565,0.544531,1.628655,LBE,2025-03-21
2025-03-29,FY25_Q1_CEA_LBE_FBIG_LBE-LBE-TRR-LBE-LTO_TRR Brand Equity - FR_CN_L CEA LBE 016_CP2TDTV,846.11,,1415.0,actions:link_click,76098.0,83371.0,0.5979576,2025-03-31,114113.0,7.414668,1415.0,0.597958,1.239999,2106.0,1.845539,0.401762,1.499553,LBE,2025-03-21
2025-03-29,FY25_Q1_CEA_LBE_FBIG_LBE-LBE-TRR-LBE-LTO_TRR Brand Equity - EN_CN_L CEA LBE 016_CP2TDTV,1801.35,,3091.0,actions:link_click,144059.0,108314.0,0.58277257,2025-03-31,202645.0,8.88919,3091.0,0.582773,1.525328,3802.0,1.876187,0.47379,1.406681,LBE,2025-03-21
2025-03-29,FY25_Q1_CEA_LBE_FBIG_LBE-LBE-TRR-LBE-LTO_TRR Brand Equity - FR_AWA_L CEA LBE 016_CP2TDTV,789.82,,371670.0,reach,371670.0,412121.0,2.12505717,2025-03-31,410333.0,1.924827,420.0,1.880524,0.102356,464.0,0.113079,1.702198,1.104025,LBE,2025-03-21
2025-03-29,FY25_Q1_CEA_LBE_FBIG_LBE-LBE-TRR-LBE-LTO_TRR Brand Equity - EN_AWA_L CEA LBE 016_CP2TDTV,775.22,,516396.0,reach,516396.0,638583.0,1.50121225,2025-03-31,635959.0,1.218978,610.0,1.270852,0.095918,612.0,0.096233,1.266699,1.231534,LBE,2025-03-21
2025-03-29,FY25_Q1_CEA_LBE_FBIG_LBE-LBE-PDM-LBE-LTO_PDM - Brand Equity_CN_L CEA LBE 015_CP2TDRB,3327.92,,4079.0,actions:link_click,145896.0,256169.0,0.81586663,2025-03-31,298557.0,11.146682,4079.0,0.815867,1.366238,5122.0,1.715585,0.649731,2.046369,LBE,2025-03-21
2025-03-22,FY25_Q1_CEA_GRP_FBIG_GNE-LBE-PDM-GNE-ALW_PDM G&E Grad EN_CN_L CEA GRP 007_CP2W775,166.21,,193.0,actions:link_click,6787.0,10155.0,0.86119171,2025-05-30,10360.0,16.043436,193.0,0.861192,1.862934,244.0,2.355212,0.681189,1.526448,LBE,2025-03-14
2025-03-22,FY25_Q1_CEA_GRP_FBIG_GNE-LBE-TRR-GNE-ALW_TRR G&E Grad FR_CN_L CEA GRP 007_CP2W775,140.0,,291.0,actions:link_click,7267.0,3949.0,0.48109966,2025-05-30,11845.0,11.819333,291.0,0.4811,2.456733,366.0,3.089911,0.382514,1.629971,LBE,2025-03-14
2025-03-22,FY25_Q1_CEA_GRP_FBIG_GNE-LBE-TRR-GNE-ALW_TRR G&E Grad EN_CN_L CEA GRP 007_CP2W775,498.73,,808.0,actions:link_click,22438.0,13868.0,0.6172401,2025-05-30,32683.0,15.259615,808.0,0.61724,2.472233,996.0,3.047456,0.500733,1.456592,LBE,2025-03-14
2025-03-22,FY25_Q1_CEA_LBE_FBIG_LBE-LBE-TRR-LBE-LTO_TRR Brand Equity - FR_CN_L CEA LBE 016_CP2TDTV,878.77,,1462.0,actions:link_click,83653.0,108772.0,0.60107387,2025-03-31,131160.0,6.699985,1462.0,0.601074,1.114669,2190.0,1.669716,0.401265,1.567906,LBE,2025-03-14
2025-03-22,FY25_Q1_CEA_LBE_FBIG_LBE-LBE-TRR-LBE-LTO_TRR Brand Equity - EN_CN_L CEA LBE 016_CP2TDTV,1878.42,,3370.0,actions:link_click,170210.0,153385.0,0.55739466,2025-03-31,243747.0,7.706433,3370.0,0.557395,1.382581,4239.0,1.739098,0.443128,1.432037,LBE,2025-03-14
2025-03-22,FY25_Q1_CEA_LBE_FBIG_LBE-LBE-TRR-LBE-LTO_TRR Brand Equity - FR_AWA_L CEA LBE 016_CP2TDTV,826.87,,390537.0,reach,390537.0,455487.0,2.11726418,2025-03-31,453099.0,1.824921,456.0,1.813311,0.10064,495.0,0.109248,1.670444,1.160195,LBE,2025-03-14
2025-03-22,FY25_Q1_CEA_LBE_FBIG_LBE-LBE-TRR-LBE-LTO_TRR Brand Equity - EN_AWA_L CEA LBE 016_CP2TDTV,817.98,,569714.0,reach,569714.0,700247.0,1.43577304,2025-03-31,697761.0,1.172293,642.0,1.274112,0.092009,645.0,0.092439,1.268186,1.224757,LBE,2025-03-14
2025-03-22,FY25_Q1_CEA_LBE_FBIG_LBE-LBE-PDM-LBE-LTO_PDM - Brand Equity_CN_L CEA LBE 015_CP2TDRB,3478.11,,4281.0,actions:link_click,164735.0,290155.0,0.8124527,2025-03-31,337048.0,10.319331,4281.0,0.812453,1.270146,5362.0,1.590871,0.648659,2.046001,LBE,2025-03-14
2025-03-15,FY25_Q1_CEA_GRP_FBIG_GNE-LBE-PDM-GNE-ALW_PDM G&E Grad EN_CN_L CEA GRP 007_CP2W775,163.45,,198.0,actions:link_click,9081.0,13565.0,0.82550505,2025-05-30,13946.0,11.720207,198.0,0.825505,1.419762,263.0,1.885845,0.621483,1.535734,LBE,2025-03-07
2025-03-15,FY25_Q1_CEA_GRP_FBIG_GNE-LBE-TRR-GNE-ALW_TRR G&E Grad FR_CN_L CEA GRP 007_CP2W775,27.76,,32.0,actions:link_click,3206.0,3261.0,0.8675,2025-05-30,3867.0,7.178691,32.0,0.8675,0.827515,77.0,1.991208,0.360519,1.206176,LBE,2025-03-07
2025-03-15,FY25_Q1_CEA_GRP_FBIG_GNE-LBE-TRR-GNE-ALW_TRR G&E Grad EN_CN_L CEA GRP 007_CP2W775,510.83,,1188.0,actions:link_click,19090.0,8100.0,0.42999158,2025-05-30,34019.0,15.01602,1188.0,0.429992,3.492166,1382.0,4.062436,0.369631,1.782032,LBE,2025-03-07
2025-03-15,FY25_Q1_CEA_LBE_FBIG_LBE-LBE-TRR-LBE-LTO_TRR Brand Equity - FR_CN_L CEA LBE 016_CP2TDTV,800.82,,1321.0,actions:link_click,84003.0,116301.0,0.60622256,2025-03-31,131779.0,6.076993,1321.0,0.606223,1.002436,2048.0,1.554117,0.391025,1.568742,LBE,2025-03-07
2025-03-15,FY25_Q1_CEA_LBE_FBIG_LBE-LBE-TRR-LBE-LTO_TRR Brand Equity - EN_CN_L CEA LBE 016_CP2TDTV,1707.83,,3040.0,actions:link_click,176956.0,179686.0,0.56178618,2025-03-31,252548.0,6.762398,3040.0,0.561786,1.203732,3921.0,1.552576,0.43556,1.42718,LBE,2025-03-07
2025-03-15,FY25_Q1_CEA_LBE_FBIG_LBE-LBE-TRR-LBE-LTO_TRR Brand Equity - FR_AWA_L CEA LBE 016_CP2TDTV,754.82,,385782.0,reach,385782.0,420522.0,1.95659725,2025-03-31,419846.0,1.79785,444.0,1.700045,0.105753,485.0,0.115519,1.55633,1.088299,LBE,2025-03-07
2025-03-15,FY25_Q1_CEA_LBE_FBIG_LBE-LBE-TRR-LBE-LTO_TRR Brand Equity - EN_AWA_L CEA LBE 016_CP2TDTV,738.42,,540286.0,reach,540286.0,646500.0,1.36672059,2025-03-31,643174.0,1.148087,602.0,1.226611,0.093598,613.0,0.095309,1.2046,1.190432,LBE,2025-03-07
2025-03-15,FY25_Q1_CEA_LBE_FBIG_LBE-LBE-PDM-LBE-LTO_PDM - Brand Equity_CN_L CEA LBE 015_CP2TDRB,3153.9,,4079.0,actions:link_click,171391.0,308788.0,0.77320422,2025-03-31,352378.0,8.950332,4079.0,0.773204,1.157564,5174.0,1.46831,0.609567,2.055989,LBE,2025-03-07
2025-03-08,FY25_Q1_CEA_GRP_FBIG_GNE-LBE-PDM-GNE-ALW_PDM G&E Grad EN_CN_L CEA GRP 007_CP2W775,31.38,,28.0,actions:link_click,3145.0,3678.0,1.12071429,2025-05-30,3847.0,8.157005,28.0,1.120714,0.72784,48.0,1.247726,0.65375,1.223211,LBE,2025-02-28
2025-03-08,FY25_Q1_CEA_GRP_FBIG_GNE-LBE-TRR-GNE-ALW_TRR G&E Grad EN_CN_L CEA GRP 007_CP2W775,106.08,,187.0,actions:link_click,12264.0,8531.0,0.56727273,2025-05-30,13394.0,7.919964,187.0,0.567273,1.396148,279.0,2.083022,0.380215,1.09214,LBE,2025-02-28
2025-03-08,FY25_Q1_CEA_LBE_FBIG_LBE-LBE-TRR-LBE-LTO_TRR Brand Equity - FR_CN_L CEA LBE 016_CP2TDTV,879.1,,1486.0,actions:link_click,97482.0,156888.0,0.59158816,2025-03-31,170909.0,5.143673,1486.0,0.591588,0.869469,2479.0,1.450479,0.354619,1.753236,LBE,2025-02-28
2025-03-08,FY25_Q1_CEA_LBE_FBIG_LBE-LBE-TRR-LBE-LTO_TRR Brand Equity - EN_CN_L CEA LBE 016_CP2TDTV,1875.89,,3517.0,actions:link_click,208063.0,250986.0,0.53337788,2025-03-31,319039.0,5.879814,3517.0,0.533378,1.102373,4491.0,1.407665,0.4177,1.533377,LBE,2025-02-28
2025-03-08,FY25_Q1_CEA_LBE_FBIG_LBE-LBE-TRR-LBE-LTO_TRR Brand Equity - FR_AWA_L CEA LBE 016_CP2TDTV,831.03,,425091.0,reach,425091.0,480423.0,1.95494612,2025-03-31,479604.0,1.732742,570.0,1.457947,0.118848,608.0,0.126771,1.366826,1.128238,LBE,2025-02-28
2025-03-08,FY25_Q1_CEA_LBE_FBIG_LBE-LBE-TRR-LBE-LTO_TRR Brand Equity - EN_AWA_L CEA LBE 016_CP2TDTV,815.6,,604708.0,reach,604708.0,735687.0,1.34875014,2025-03-31,734321.0,1.110686,694.0,1.175216,0.094509,698.0,0.095054,1.168481,1.21434,LBE,2025-02-28
2025-03-08,FY25_Q1_CEA_LBE_FBIG_LBE-LBE-PDM-LBE-LTO_PDM - Brand Equity_CN_L CEA LBE 015_CP2TDRB,3466.2,,4652.0,actions:link_click,176352.0,369484.0,0.74509888,2025-03-31,409302.0,8.468564,4652.0,0.745099,1.136569,5943.0,1.451984,0.583241,2.320938,LBE,2025-02-28
2025-03-01,FY25_Q1_CEA_LBE_FBIG_LBE-LBE-TRR-LBE-LTO_TRR Brand Equity - FR_CN_L CEA LBE 016_CP2TDTV,875.66,,1446.0,actions:link_click,100178.0,163242.0,0.605574,2025-03-31,176510.0,4.960965,1446.0,0.605574,0.819217,2407.0,1.363662,0.363797,1.761964,LBE,2025-02-21
2025-03-01,FY25_Q1_CEA_LBE_FBIG_LBE-LBE-TRR-LBE-LTO_TRR Brand Equity - EN_CN_L CEA LBE 016_CP2TDTV,1881.08,,3558.0,actions:link_click,203374.0,244063.0,0.52869028,2025-03-31,314715.0,5.97709,3558.0,0.52869,1.130547,4577.0,1.454332,0.410985,1.547469,LBE,2025-02-21
2025-03-01,FY25_Q1_CEA_LBE_FBIG_LBE-LBE-TRR-LBE-LTO_TRR Brand Equity - FR_AWA_L CEA LBE 016_CP2TDTV,828.38,,428523.0,reach,428523.0,494050.0,1.93310511,2025-03-31,492439.0,1.682198,566.0,1.463569,0.114938,606.0,0.123061,1.366964,1.149154,LBE,2025-02-21
2025-03-01,FY25_Q1_CEA_LBE_FBIG_LBE-LBE-TRR-LBE-LTO_TRR Brand Equity - EN_AWA_L CEA LBE 016_CP2TDTV,811.71,,574161.0,reach,574161.0,734060.0,1.41373239,2025-03-31,731527.0,1.10961,716.0,1.133673,0.097877,721.0,0.098561,1.125811,1.27408,LBE,2025-02-21
2025-03-01,FY25_Q1_CEA_LBE_FBIG_LBE-LBE-PDM-LBE-LTO_PDM - Brand Equity_CN_L CEA LBE 015_CP2TDRB,3472.05,,4596.0,actions:link_click,201790.0,387984.0,0.75545039,2025-03-31,426761.0,8.135818,4596.0,0.75545,1.076949,5827.0,1.365401,0.595856,2.114877,LBE,2025-02-21
2025-02-22,FY25_Q1_CEA_LBE_FBIG_LBE-LBE-TRR-LBE-LTO_TRR Brand Equity - FR_CN_L CEA LBE 016_CP2TDTV,886.63,,1515.0,actions:link_click,113642.0,150096.0,0.58523432,2025-03-31,192715.0,4.600732,1515.0,0.585234,0.786135,2608.0,1.353294,0.339965,1.695808,LBE,2025-02-14
2025-02-22,FY25_Q1_CEA_LBE_FBIG_LBE-LBE-TRR-LBE-LTO_TRR Brand Equity - EN_CN_L CEA LBE 016_CP2TDTV,1891.1,,3729.0,actions:link_click,219031.0,243100.0,0.50713328,2025-03-31,331115.0,5.711309,3729.0,0.507133,1.126195,4859.0,1.467466,0.389195,1.511727,LBE,2025-02-14
2025-02-22,FY25_Q1_CEA_LBE_FBIG_LBE-LBE-TRR-LBE-LTO_TRR Brand Equity - FR_AWA_L CEA LBE 016_CP2TDTV,834.99,,466552.0,reach,466552.0,533118.0,1.78970404,2025-03-31,532149.0,1.569091,593.0,1.408078,0.111435,642.0,0.120643,1.300607,1.1406,LBE,2025-02-14
2025-02-22,FY25_Q1_CEA_LBE_FBIG_LBE-LBE-TRR-LBE-LTO_TRR Brand Equity - EN_AWA_L CEA LBE 016_CP2TDTV,817.5,,635821.0,reach,635821.0,797118.0,1.28573923,2025-03-31,793218.0,1.030612,752.0,1.087101,0.094804,754.0,0.095056,1.084218,1.247549,LBE,2025-02-14
2025-02-22,FY25_Q1_CEA_LBE_FBIG_LBE-LBE-PDM-LBE-LTO_PDM - Brand Equity_CN_L CEA LBE 015_CP2TDRB,2301.24,,3273.0,actions:link_click,131249.0,225131.0,0.70309808,2025-03-31,258747.0,8.893784,3273.0,0.703098,1.264942,4133.0,1.597313,0.556797,1.971421,LBE,2025-02-14
2025-02-15,FY25_Q1_CEA_LBE_FBIG_LBE-LBE-TRR-LBE-LTO_TRR Brand Equity - FR_CN_L CEA LBE 016_CP2TDTV,1010.77,,1716.0,actions:link_click,106744.0,130962.0,0.58902681,2025-03-31,173949.0,5.810726,1716.0,0.589027,0.986496,2944.0,1.69245,0.343332,1.62959,LBE,2025-02-07
2025-02-15,FY25_Q1_CEA_LBE_FBIG_LBE-LBE-TRR-LBE-LTO_TRR Brand Equity - EN_CN_L CEA LBE 016_CP2TDTV,2759.54,,4942.0,actions:link_click,296733.0,328154.0,0.55838527,2025-03-31,441357.0,6.252399,4942.0,0.558385,1.119728,6355.0,1.439877,0.434231,1.487388,LBE,2025-02-07
2025-02-15,FY25_Q1_CEA_LBE_FBIG_LBE-LBE-TRR-LBE-LTO_TRR Brand Equity - FR_AWA_L CEA LBE 016_CP2TDTV,1378.51,,609109.0,reach,609109.0,726240.0,2.26315815,2025-03-31,720394.0,1.91355,727.0,1.896162,0.100917,922.0,0.127986,1.49513,1.182701,LBE,2025-02-07
2025-02-15,FY25_Q1_CEA_LBE_FBIG_LBE-LBE-TRR-LBE-LTO_TRR Brand Equity - EN_AWA_L CEA LBE 016_CP2TDTV,3776.01,,1959579.0,reach,1959579.0,2341450.0,1.92694962,2025-03-31,2322045.0,1.626157,2457.0,1.536838,0.105812,2759.0,0.11881800000000001,1.368615,1.184971,LBE,2025-02-07
2025-02-15,FY25_Q1_CEA_LBE_FBIG_LBE-LBE-PDM-LBE-LTO_PDM - Brand Equity_CN_L CEA LBE 015_CP2TDRB,1155.02,,1784.0,actions:link_click,66347.0,91475.0,0.64743274,2025-03-31,115162.0,10.029524,1784.0,0.647433,1.549122,2155.0,1.871277,0.535972,1.735753,LBE,2025-02-07
2025-02-08,FY24_Q4_CEA_LBE_FBIG_LBE-LBE-TRR-LBE-LTO_Granville Now Open - EN_CN_L CEA LBE 008_CP2QX45,1803.33,,2563.0,actions:link_click,151833.0,226876.0,0.70360125,2025-02-06,262171.0,6.87845,2563.0,0.703601,0.977606,3895.0,1.485672,0.462986,1.726706,LBE,2025-01-31
2025-02-08,FY24_Q4_CEA_LBE_FBIG_LBE-LBE-TRR-LBE-LTO_Granville Now Open - EN_AWA_L CEA LBE 008_CP2QX45,370.73,,187292.0,reach,187292.0,203436.0,1.97942251,2025-02-06,199005.0,1.862918,100.0,3.7073,0.05025,191.0,0.095977,1.940995,1.062539,LBE,2025-01-31
2025-02-08,FY25_Q1_CEA_LBE_FBIG_LBE-LBE-TRR-LBE-LTO_TRR Brand Equity - FR_CN_L CEA LBE 016_CP2TDTV,1054.13,,1919.0,actions:link_click,102831.0,115138.0,0.54931214,2025-03-31,173754.0,6.066796,1919.0,0.549312,1.104435,3252.0,1.871612,0.324148,1.689704,LBE,2025-01-31
2025-02-08,FY25_Q1_CEA_LBE_FBIG_LBE-LBE-TRR-LBE-LTO_TRR Brand Equity - EN_CN_L CEA LBE 016_CP2TDTV,5368.32,,10166.0,actions:link_click,462804.0,607907.0,0.5280661,2025-03-31,866276.0,6.197009,10166.0,0.528066,1.173529,13452.0,1.552854,0.399072,1.871799,LBE,2025-01-31
2025-02-08,FY25_Q1_CEA_LBE_FBIG_LBE-LBE-TRR-LBE-LTO_TRR Brand Equity - FR_AWA_L CEA LBE 016_CP2TDTV,1595.26,,749235.0,reach,749235.0,840674.0,2.1291851,2025-03-31,832816.0,1.915501,865.0,1.844231,0.103864,1117.0,0.134123,1.428165,1.111555,LBE,2025-01-31
2025-02-08,FY25_Q1_CEA_LBE_FBIG_LBE-LBE-TRR-LBE-LTO_TRR Brand Equity - EN_AWA_L CEA LBE 016_CP2TDTV,8064.83,,3017837.0,reach,3017837.0,4919308.0,2.67238754,2025-03-31,4884907.0,1.650969,4905.0,1.644206,0.100411,5642.0,0.115499,1.429428,1.618678,LBE,2025-01-31
2025-02-08,FY25_Q1_CEA_LBE_FBIG_LBE-LBE-PDM-LBE-LTO_PDM - Brand Equity_CN_L CEA LBE 015_CP2TDRB,3169.69,,4393.0,actions:link_click,160330.0,385656.0,0.72153198,2025-03-31,400495.0,7.914431,4393.0,0.721532,1.096893,5532.0,1.381291,0.572974,2.497942,LBE,2025-01-31
2025-02-01,FY24_Q4_CEA_LBE_FBIG_LBE-LBE-TRR-LBE-LTO_Granville Now Open - EN_CN_L CEA LBE 008_CP2QX45,2751.39,,3708.0,actions:link_click,207841.0,314119.0,0.74201456,2025-02-06,383572.0,7.173073,3708.0,0.742015,0.966702,5528.0,1.44119,0.497719,1.845507,LBE,2025-01-24
2025-02-01,FY24_Q4_CEA_LBE_FBIG_LBE-LBE-TRR-LBE-LTO_Granville Now Open - EN_AWA_L CEA LBE 008_CP2QX45,564.54,,275685.0,reach,275685.0,294340.0,2.04777191,2025-02-06,287861.0,1.961155,124.0,4.552742,0.043076,260.0,0.090321,2.171308,1.044166,LBE,2025-01-24
2025-02-01,FY25_Q1_CEA_LBE_FBIG_LBE-LBE-TRR-LBE-LTO_TRR Brand Equity - FR_CN_L CEA LBE 016_CP2TDTV,1064.76,,2024.0,actions:link_click,101864.0,109177.0,0.52606719,2025-03-31,172560.0,6.170376,2024.0,0.526067,1.172925,3486.0,2.020167,0.305439,1.694023,LBE,2025-01-24
2025-02-01,FY25_Q1_CEA_LBE_FBIG_LBE-LBE-TRR-LBE-LTO_TRR Brand Equity - EN_CN_L CEA LBE 016_CP2TDTV,5456.37,,10529.0,actions:link_click,454162.0,482472.0,0.518223,2025-03-31,797567.0,6.841269,10529.0,0.518223,1.32014,14081.0,1.765494,0.387499,1.756129,LBE,2025-01-24
2025-02-01,FY25_Q1_CEA_LBE_FBIG_LBE-LBE-TRR-LBE-LTO_TRR Brand Equity - FR_AWA_L CEA LBE 016_CP2TDTV,1587.88,,742231.0,reach,742231.0,968640.0,2.13933398,2025-03-31,962078.0,1.650469,973.0,1.631942,0.101135,1182.0,0.122859,1.343384,1.296198,LBE,2025-01-24
2025-02-01,FY25_Q1_CEA_LBE_FBIG_LBE-LBE-TRR-LBE-LTO_TRR Brand Equity - EN_AWA_L CEA LBE 016_CP2TDTV,8202.95,,3048366.0,reach,3048366.0,4947233.0,2.69093344,2025-03-31,4909649.0,1.670781,4797.0,1.710017,0.097706,5555.0,0.113145,1.476679,1.610584,LBE,2025-01-24
2025-02-01,FY25_Q1_CEA_LBE_FBIG_LBE-LBE-PDM-LBE-LTO_PDM - Brand Equity_CN_L CEA LBE 015_CP2TDRB,3943.82,,5078.0,actions:link_click,174420.0,423689.0,0.77664829,2025-03-31,440243.0,8.95828,5078.0,0.776648,1.153454,6237.0,1.416718,0.632326,2.52404,LBE,2025-01-24
2025-01-25,FY24_Q4_CEA_LBE_FBIG_LBE-LBE-TRR-LBE-LTO_Granville Now Open - EN_CN_L CEA LBE 008_CP2QX45,2827.67,,3893.0,actions:link_click,218248.0,324189.0,0.72634729,2025-02-06,403604.0,7.00605,3893.0,0.726347,0.964559,6064.0,1.502463,0.466304,1.849291,LBE,2025-01-17
2025-01-25,FY24_Q4_CEA_LBE_FBIG_LBE-LBE-TRR-LBE-LTO_Granville Now Open - EN_AWA_L CEA LBE 008_CP2QX45,582.12,,287658.0,reach,287658.0,306945.0,2.02365309,2025-02-06,300339.0,1.93821,133.0,4.376842,0.044283,286.0,0.095226,2.035385,1.044084,LBE,2025-01-17
2025-01-25,FY24_Q4_CEA_LBE_FBIG_LBE-LBE-TRR-LBE-LTO_TRR Royalmount - Now Open - FR_CVS_L CEA LBE 024_CP2QPZM,248.06,,384.0,actions:link_click,51222.0,60948.0,0.64598958,2025-01-20,62135.0,3.992275,384.0,0.64599,0.618009,828.0,1.332582,0.299589,1.213053,LBE,2025-01-17
2025-01-25,FY24_Q4_CEA_LBE_FBIG_LBE-LBE-TRR-LBE-LTO_TRR Royalmount - Now Open - EN_CVS_L CEA LBE 024_CP2QPZM,367.39,,669.0,actions:link_click,78280.0,105540.0,0.54916293,2025-01-20,114105.0,3.219754,669.0,0.549163,0.586302,1256.0,1.100741,0.292508,1.457652,LBE,2025-01-17
2025-01-25,FY25_Q1_CEA_LBE_FBIG_LBE-LBE-TRR-LBE-LTO_TRR Brand Equity - FR_CN_L CEA LBE 016_CP2TDTV,847.44,,1776.0,actions:link_click,77474.0,80200.0,0.47716216,2025-03-31,129162.0,6.561063,1776.0,0.477162,1.375017,3272.0,2.533253,0.258998,1.667166,LBE,2025-01-17
2025-01-25,FY25_Q1_CEA_LBE_FBIG_LBE-LBE-TRR-LBE-LTO_TRR Brand Equity - EN_CN_L CEA LBE 016_CP2TDTV,5494.06,,11926.0,actions:link_click,422649.0,391735.0,0.46067919,2025-03-31,775976.0,7.080193,11926.0,0.460679,1.536903,15837.0,2.040914,0.346913,1.835982,LBE,2025-01-17
2025-01-25,FY25_Q1_CEA_LBE_FBIG_LBE-LBE-TRR-LBE-LTO_TRR Brand Equity - FR_AWA_L CEA LBE 016_CP2TDTV,1288.54,,482396.0,reach,482396.0,883608.0,2.67112497,2025-03-31,878833.0,1.466194,843.0,1.528517,0.095923,902.0,0.102636,1.428537,1.821808,LBE,2025-01-17
2025-01-25,FY25_Q1_CEA_LBE_FBIG_LBE-LBE-TRR-LBE-LTO_TRR Brand Equity - EN_AWA_L CEA LBE 016_CP2TDTV,8304.15,,3177308.0,reach,3177308.0,5062792.0,2.61358043,2025-03-31,5022093.0,1.653524,4811.0,1.726076,0.095797,5667.0,0.112841,1.465352,1.580613,LBE,2025-01-17
2025-01-25,FY25_Q1_CEA_LBE_FBIG_LBE-LBE-PDM-LBE-LTO_PDM - Brand Equity_CN_L CEA LBE 015_CP2TDRB,3970.8,,5145.0,actions:link_click,178528.0,409674.0,0.77177843,2025-03-31,437333.0,9.07958,5145.0,0.771778,1.176449,6223.0,1.422943,0.638085,2.449661,LBE,2025-01-17
2025-01-18,FY24_Q4_CEA_LBE_FBIG_LBE-LBE-TRR-LBE-LTO_Granville Now Open - EN_CN_L CEA LBE 008_CP2QX45,2856.25,,4249.0,actions:link_click,225373.0,330778.0,0.67221699,2025-02-06,423051.0,6.75155,4249.0,0.672217,1.004371,6594.0,1.558677,0.433159,1.877115,LBE,2025-01-10
2025-01-18,FY24_Q4_CEA_LBE_FBIG_LBE-LBE-TRR-LBE-LTO_Granville Now Open - EN_AWA_L CEA LBE 008_CP2QX45,753.58,,367149.0,reach,367149.0,385540.0,2.05251819,2025-02-06,377632.0,1.995541,207.0,3.640483,0.054815,449.0,0.118899,1.678352,1.028552,LBE,2025-01-10
2025-01-18,FY24_Q4_CEA_LBE_FBIG_LBE-LBE-TRR-LBE-LTO_TRR Royalmount - Now Open - FR_CVS_L CEA LBE 024_CP2QPZM,1389.33,,2539.0,actions:link_click,185126.0,334168.0,0.54719575,2025-01-20,334167.0,4.157592,2539.0,0.547196,0.7598,4493.0,1.344537,0.309221,1.805079,LBE,2025-01-10
2025-01-18,FY24_Q4_CEA_LBE_FBIG_LBE-LBE-TRR-LBE-LTO_TRR Royalmount - Now Open - EN_CVS_L CEA LBE 024_CP2QPZM,1390.77,,2645.0,actions:link_click,203654.0,378432.0,0.52581096,2025-01-20,392346.0,3.544754,2645.0,0.525811,0.67415,4410.0,1.124008,0.315367,1.926532,LBE,2025-01-10
2025-01-18,FY25_Q1_CEA_LBE_FBIG_LBE-LBE-TRR-LBE-LTO_TRR Brand Equity - EN_CN_L CEA LBE 016_CP2TDTV,4742.46,,10385.0,actions:link_click,384076.0,426907.0,0.45666442,2025-03-31,751940.0,6.306966,10385.0,0.456664,1.381094,14728.0,1.958667,0.322003,1.95779,LBE,2025-01-10
2025-01-18,FY25_Q1_CEA_LBE_FBIG_LBE-LBE-TRR-LBE-LTO_TRR Brand Equity - EN_AWA_L CEA LBE 016_CP2TDTV,7224.34,,2845291.0,reach,2845291.0,4464721.0,2.53905137,2025-03-31,4418110.0,1.635165,3977.0,1.81653,0.090016,4891.0,0.110703,1.477068,1.55278,LBE,2025-01-10
2025-01-18,FY25_Q1_CEA_LBE_FBIG_LBE-LBE-PDM-LBE-LTO_PDM - Brand Equity_CN_L CEA LBE 015_CP2TDRB,3941.17,,5549.0,actions:link_click,156287.0,363763.0,0.71024869,2025-03-31,394120.0,9.999924,5549.0,0.710249,1.407947,6484.0,1.645184,0.60783,2.521771,LBE,2025-01-10
2025-01-11,FY24_Q4_CEA_LBE_FBIG_LBE-LBE-TRR-LBE-LTO_Granville Now Open - EN_CN_L CEA LBE 008_CP2QX45,2709.83,,5842.0,actions:link_click,240278.0,306148.0,0.46385313,2025-02-06,443153.0,6.114886,5842.0,0.463853,1.318281,8588.0,1.937931,0.315537,1.844334,LBE,2025-01-03
2025-01-11,FY24_Q4_CEA_LBE_FBIG_LBE-LBE-TRR-LBE-LTO_Granville Now Open - EN_AWA_L CEA LBE 008_CP2QX45,1648.82,,732587.0,reach,732587.0,811051.0,2.25068149,2025-02-06,803422.0,2.052247,484.0,3.406653,0.060242,1099.0,0.13679,1.500291,1.096692,LBE,2025-01-03
2025-01-11,FY24_Q4_CEA_LBE_FBIG_LBE-LBE-TRR-LBE-LTO_TRR Royalmount - Now Open - FR_CVS_L CEA LBE 024_CP2QPZM,1438.96,,2807.0,actions:link_click,202164.0,348658.0,0.5126327,2025-01-20,371440.0,3.874004,2807.0,0.512633,0.755708,5163.0,1.389996,0.278706,1.83732,LBE,2025-01-03
2025-01-11,FY24_Q4_CEA_LBE_FBIG_LBE-LBE-TRR-LBE-LTO_TRR Royalmount - Now Open - EN_CVS_L CEA LBE 024_CP2QPZM,1410.61,,3127.0,actions:link_click,230684.0,334366.0,0.45110649,2025-01-20,392269.0,3.596027,3127.0,0.451106,0.797157,5445.0,1.388078,0.259065,1.70046,LBE,2025-01-03
2025-01-11,FY25_Q1_CEA_LBE_FBIG_LBE-LBE-TRR-LBE-LTO_TRR Brand Equity - EN_CN_L CEA LBE 016_CP2TDTV,2149.46,,7248.0,actions:link_click,225882.0,127438.0,0.29655905,2025-03-31,306462.0,7.01379,7248.0,0.296559,2.365057,8938.0,2.916512,0.240486,1.356735,LBE,2025-01-03
2025-01-11,FY25_Q1_CEA_LBE_FBIG_LBE-LBE-TRR-LBE-LTO_TRR Brand Equity - EN_AWA_L CEA LBE 016_CP2TDTV,3181.83,,2049112.0,reach,2049112.0,2399922.0,1.55278482,2025-03-31,2370276.0,1.342388,2233.0,1.424913,0.094208,2598.0,0.109607,1.224723,1.156733,LBE,2025-01-03
2025-01-11,FY25_Q1_CEA_LBE_FBIG_LBE-LBE-PDM-LBE-LTO_PDM - Brand Equity_CN_L CEA LBE 015_CP2TDRB,1885.09,,3290.0,actions:link_click,140370.0,210101.0,0.57297568,2025-03-31,253985.0,7.422052,3290.0,0.572976,1.295352,3788.0,1.491427,0.497648,1.809397,LBE,2025-01-03
2025-01-04,FY24_Q3_CEA_GRP_FBIG_GNE-LBE-PDM-GNE-ALW_Groups and Events - Whitby EN_CN_L CEA GRP 003_CP2NK1W,472.28,,1.0,actions:landing_page_view,43423.0,111213.0,472.28,2024-12-31,114102.0,4.139104,288.0,1.639861,0.252406,534.0,0.468002,0.884419,2.627686,LBE,2024-12-27
2025-01-04,FY24_Q4_CEA_LBE_FBIG_LBE-LBE-TRR-LBE-LTO_Granville Now Open - EN_CN_L CEA LBE 008_CP2QX45,2857.37,,4859.0,actions:link_click,224838.0,431591.0,0.58805721,2025-02-06,478828.0,5.967425,4859.0,0.588057,1.014769,7325.0,1.529777,0.390085,2.129658,LBE,2024-12-27
2025-01-04,FY24_Q4_CEA_LBE_FBIG_LBE-LBE-TRR-LBE-LTO_Granville Now Open - EN_AWA_L CEA LBE 008_CP2QX45,1665.86,,781341.0,reach,781341.0,851195.0,2.13205246,2025-02-06,833354.0,1.998982,577.0,2.887106,0.069238,1169.0,0.140277,1.42503,1.066569,LBE,2024-12-27
2025-01-04,FY24_Q4_CEA_LBE_FBIG_LBE-LBE-TRR-LBE-LTO_TRR Royalmount - Now Open - FR_CVS_L CEA LBE 024_CP2QPZM,1478.13,,3009.0,actions:link_click,213165.0,397446.0,0.49123629,2025-01-20,408131.0,3.621705,3009.0,0.491236,0.737263,6261.0,1.534066,0.236085,1.914625,LBE,2024-12-27
2025-01-04,FY24_Q4_CEA_LBE_FBIG_LBE-LBE-TRR-LBE-LTO_TRR Royalmount - Now Open - EN_CVS_L CEA LBE 024_CP2QPZM,1461.14,,3322.0,actions:link_click,217272.0,363550.0,0.43983745,2025-01-20,392917.0,3.718699,3322.0,0.439837,0.845471,5608.0,1.427273,0.260546,1.808411,LBE,2024-12-27
2025-01-04,FY24_Q4_CEA_LBE_FBIG_LBE-LBE-PDM-LBE-LTO_PDM - Holiday Gifting Pack_CN_L CEA PPP 004_CP2RHJ0,547.3,,826.0,actions:link_click,37178.0,50203.0,0.6625908,2024-12-30,51114.0,10.707438,826.0,0.662591,1.615996,926.0,1.811637,0.591037,1.374845,LBE,2024-12-27
2025-01-04,FY24_Q4_CEA_LBE_FBIG_LBE-LBE-TRR-LBE-LTO_TRR - Holiday Gifting Pack_CN_L CEA PPP 004_CP2RHJ0,1583.08,,5729.0,actions:link_click,132574.0,164971.0,0.27632746,2024-12-30,167697.0,9.440121,5729.0,0.276327,3.416281,6928.0,4.131261,0.228505,1.264931,LBE,2024-12-27
2025-01-04,FY24_Q3_CEA_GRP_FBIG_GNE-LBE-PDM-GNE-ALW_Groups and Events - Dartmouth EN_CN_L CEA GRP 003_CP2NK1W,485.11,,1.0,actions:landing_page_view,28749.0,85305.0,485.11,2024-12-31,90290.0,5.372799,245.0,1.980041,0.271348,394.0,0.436372,1.231244,3.140631,LBE,2024-12-27
2025-01-04,FY24_Q3_CEA_GRP_FBIG_GNE-LBE-PDM-GNE-ALW_Groups and Events - Brampton EN_CN_L CEA GRP 003_CP2NK1W,469.03,,,,54695.0,124665.0,,2024-12-31,126860.0,3.697225,293.0,1.600785,0.230963,554.0,0.436702,0.846625,2.319408,LBE,2024-12-27
2025-01-04,FY24_Q3_CEA_GRP_FBIG_GNE-LBE-TRR-GNE-ALW_Group and Events - EN_CN_L CEA GRP 002_CP2NK61,1941.63,,1667.0,actions:landing_page_view,218942.0,322494.0,1.16474505,2024-12-31,398612.0,4.870977,2150.0,0.903084,0.539372,3238.0,0.812319,0.599639,1.820628,LBE,2024-12-27
2024-12-28,FY24_Q3_CEA_GRP_FBIG_GNE-LBE-PDM-GNE-ALW_Groups and Events - Whitby EN_CN_L CEA GRP 003_CP2NK1W,1792.17,,1.0,actions:landing_page_view,68184.0,371935.0,1792.17,2024-12-31,380917.0,4.704883,992.0,1.806623,0.260424,1810.0,0.475169,0.990149,5.586604,LBE,2024-12-20
2024-12-28,FY24_Q4_CEA_LBE_FBIG_LBE-LBE-PDM-LBE-LTO_PDM Fairview - Now Open_CN_L CEA LBE 012_CP2SXTG,2353.39,,20.0,actions:landing_page_view,126209.0,341801.0,117.6695,2024-12-25,344372.0,6.83386,1692.0,1.390892,0.491329,4070.0,1.181861,0.578229,2.728585,LBE,2024-12-20
2024-12-28,FY24_Q4_CEA_LBE_FBIG_LBE-LBE-TRR-LBE-LTO_Granville Now Open - EN_CN_L CEA LBE 008_CP2QX45,2889.12,,3648.0,actions:link_click,177665.0,351957.0,0.79197368,2025-02-06,359380.0,8.039179,3648.0,0.791974,1.015082,5271.0,1.466693,0.548116,2.022796,LBE,2024-12-20
2024-12-28,FY24_Q4_CEA_LBE_FBIG_LBE-LBE-TRR-LBE-LTO_Granville Now Open - EN_AWA_L CEA LBE 008_CP2QX45,1675.01,,612626.0,reach,612626.0,668349.0,2.73414775,2025-02-06,653485.0,2.563196,418.0,4.007201,0.063965,878.0,0.134357,1.907756,1.066695,LBE,2024-12-20
2024-12-28,FY24_Q4_CEA_LBE_FBIG_LBE-LBE-TRR-LBE-LTO_TRR Royalmount - Now Open - FR_CVS_L CEA LBE 024_CP2QPZM,1493.53,,2374.0,actions:link_click,161978.0,293964.0,0.62911963,2025-01-20,300543.0,4.969439,2374.0,0.62912,0.789904,5330.0,1.773457,0.280212,1.855456,LBE,2024-12-20
2024-12-28,FY24_Q4_CEA_LBE_FBIG_LBE-LBE-TRR-LBE-LTO_TRR Royalmount - Now Open - EN_CVS_L CEA LBE 024_CP2QPZM,1479.15,,2692.0,actions:link_click,176094.0,270335.0,0.54946137,2025-01-20,292979.0,5.048655,2692.0,0.549461,0.918837,5085.0,1.735619,0.290885,1.663765,LBE,2024-12-20
2024-12-28,FY24_Q4_CEA_LBE_FBIG_LBE-LBE-PDM-LBE-LTO_PDM - Holiday Gifting Pack_CN_L CEA PPP 004_CP2RHJ0,2076.19,,2745.0,actions:link_click,86783.0,181773.0,0.75635337,2024-12-30,184045.0,11.280882,2745.0,0.756353,1.491483,3096.0,1.682197,0.670604,2.120749,LBE,2024-12-20
2024-12-28,FY24_Q4_CEA_LBE_FBIG_LBE-LBE-TRR-LBE-LTO_TRR - Holiday Gifting Pack_CN_L CEA PPP 004_CP2RHJ0,5866.19,,19919.0,actions:link_click,276717.0,596894.0,0.29450223,2024-12-30,606527.0,9.671771,19919.0,0.294502,3.284108,23935.0,3.946238,0.245088,2.191868,LBE,2024-12-20
2024-12-28,FY24_Q3_CEA_GRP_FBIG_GNE-LBE-PDM-GNE-ALW_Groups and Events - Dartmouth EN_CN_L CEA GRP 003_CP2NK1W,1798.8,,,,46350.0,295143.0,,2024-12-31,313279.0,5.741847,817.0,2.201714,0.26079,1279.0,0.408262,1.406411,6.758986,LBE,2024-12-20
2024-12-28,FY24_Q3_CEA_GRP_FBIG_GNE-LBE-PDM-GNE-ALW_Groups and Events - Brampton EN_CN_L CEA GRP 003_CP2NK1W,1786.48,,5.0,actions:landing_page_view,92232.0,419284.0,357.296,2024-12-31,427713.0,4.17682,1043.0,1.712828,0.243855,1951.0,0.456147,0.915674,4.63736,LBE,2024-12-20
2024-12-28,FY24_Q3_CEA_GRP_FBIG_GNE-LBE-TRR-GNE-ALW_Group and Events - EN_CN_L CEA GRP 002_CP2NK61,4939.24,,4009.0,actions:landing_page_view,342069.0,733329.0,1.23203791,2024-12-31,888504.0,5.559052,5062.0,0.975749,0.569722,6569.0,0.739333,0.751901,2.597441,LBE,2024-12-20
2024-12-21,FY24_Q3_CEA_GRP_FBIG_GNE-LBE-PDM-GNE-ALW_Groups and Events - Whitby EN_CN_L CEA GRP 003_CP2NK1W,1788.26,,1.0,actions:landing_page_view,71360.0,277982.0,1788.26,2024-12-31,286468.0,6.242442,763.0,2.343722,0.266347,1336.0,0.46637,1.338518,4.014406,LBE,2024-12-13
2024-12-21,FY24_Q4_CEA_LBE_FBIG_LBE-LBE-PDM-LBE-LTO_PDM Fairview - Now Open_CN_L CEA LBE 012_CP2SXTG,1646.61,,48.0,actions:landing_page_view,93914.0,175249.0,34.304375,2024-12-25,176068.0,9.352125,2262.0,0.727944,1.284731,4746.0,2.695549,0.346947,1.874779,LBE,2024-12-13
2024-12-21,FY24_Q4_CEA_LBE_FBIG_LBE-LBE-TRR-LBE-LTO_Granville Now Open - EN_CN_L CEA LBE 008_CP2QX45,2889.26,,3451.0,actions:link_click,192912.0,364771.0,0.83722399,2025-02-06,371400.0,7.779375,3451.0,0.837224,0.929187,5516.0,1.485191,0.523796,1.92523,LBE,2024-12-13
2024-12-21,FY24_Q4_CEA_LBE_FBIG_LBE-LBE-TRR-LBE-LTO_Granville Now Open - EN_AWA_L CEA LBE 008_CP2QX45,1670.56,,561399.0,reach,561399.0,601772.0,2.9757089,2025-02-06,587310.0,2.844426,367.0,4.551935,0.062488,816.0,0.138939,2.047255,1.046154,LBE,2024-12-13
2024-12-21,FY24_Q3_CEA_LBE_FBIG_LBE-LBE-PDM-GMG-LTO_PDM Sustain- Whitby EN_CN_L CEA LBE 004_CP2Q2VS,193.23,,214.0,actions:link_click,16592.0,22210.0,0.90294393,2025-01-05,19748.0,9.784788,214.0,0.902944,1.083654,244.0,1.235568,0.791926,1.190212,LBE,2024-12-13
2024-12-21,FY24_Q4_CEA_LBE_FBIG_LBE-LBE-TRR-LBE-LTO_TRR Royalmount - Now Open - FR_CVS_L CEA LBE 024_CP2QPZM,1507.75,,2295.0,actions:link_click,153042.0,259351.0,0.65697168,2025-01-20,265219.0,5.684925,2295.0,0.656972,0.865323,5092.0,1.919923,0.296102,1.732982,LBE,2024-12-13
2024-12-21,FY24_Q3_CEA_LBE_FBIG_LBE-LBE-PDM-GMG-LTO_PDM Sustain - Brampton EN_CN_L CEA LBE 004_CP2Q2VS,192.9,,188.0,actions:link_click,18081.0,23921.0,1.02606383,2025-01-05,20982.0,9.193595,188.0,1.026064,0.896006,202.0,0.96273,0.954951,1.160445,LBE,2024-12-13
2024-12-21,FY24_Q4_CEA_LBE_FBIG_LBE-LBE-TRR-LBE-LTO_TRR Royalmount - Now Open - EN_CVS_L CEA LBE 024_CP2QPZM,1486.39,,2541.0,actions:link_click,147305.0,222942.0,0.58496261,2025-01-20,240114.0,6.190351,2541.0,0.584963,1.058247,4659.0,1.940328,0.319036,1.630047,LBE,2024-12-13
2024-12-21,FY24_Q3_CEA_LBE_FBIG_LBE-LBE-PDM-GMG-LTO_PDM Sustain - Dartmouth EN_CN_L CEA LBE 004_CP2Q2VS,199.21,,199.0,actions:link_click,16843.0,23461.0,1.00105528,2025-01-05,22981.0,8.668465,199.0,1.001055,0.865933,236.0,1.026935,0.84411,1.364424,LBE,2024-12-13
2024-12-21,FY24_Q4_CEA_LBE_FBIG_LBE-LBE-PDM-LBE-LTO_PDM - Holiday Gifting Pack_CN_L CEA PPP 004_CP2RHJ0,2168.78,,2543.0,actions:link_click,61076.0,115879.0,0.8528431,2024-12-30,117535.0,18.452206,2543.0,0.852843,2.163611,2860.0,2.433318,0.758315,1.924406,LBE,2024-12-13
2024-12-21,FY24_Q4_CEA_LBE_FBIG_LBE-LBE-TRR-LBE-LTO_TRR - Holiday Gifting Pack_CN_L CEA PPP 004_CP2RHJ0,6110.96,,16894.0,actions:link_click,236352.0,494938.0,0.36172369,2024-12-30,501945.0,12.174561,16894.0,0.361724,3.365707,20138.0,4.011993,0.303454,2.123718,LBE,2024-12-13
2024-12-21,FY24_Q4_CEA_LBE_FBIG_LBE-LBE-PDM-LBE-LTO_PDM Fairview_AW_L CEA LBE 010_CP2R81N,1451.97,,388670.0,reach,388670.0,571915.0,3.73573983,2024-12-18,558454.0,2.599981,285.0,5.094632,0.051034,565.0,0.101172,2.569858,1.436833,LBE,2024-12-13
2024-12-21,FY24_Q3_CEA_GRP_FBIG_GNE-LBE-PDM-GNE-ALW_Groups and Events - Dartmouth EN_CN_L CEA GRP 003_CP2NK1W,1751.24,,,,47459.0,216890.0,,2024-12-31,231030.0,7.580141,684.0,2.560292,0.296065,1050.0,0.454486,1.667848,4.867991,LBE,2024-12-13
2024-12-21,FY24_Q3_CEA_GRP_FBIG_GNE-LBE-PDM-GNE-ALW_Groups and Events - Brampton EN_CN_L CEA GRP 003_CP2NK1W,1774.23,,2.0,actions:landing_page_view,99554.0,313960.0,887.115,2024-12-31,323401.0,5.486161,864.0,2.053507,0.267161,1523.0,0.470932,1.164957,3.248498,LBE,2024-12-13
2024-12-21,FY24_Q3_CEA_GRP_FBIG_GNE-LBE-TRR-GNE-ALW_Group and Events - EN_CN_L CEA GRP 002_CP2NK61,5142.03,,3563.0,actions:landing_page_view,293951.0,589158.0,1.44317429,2024-12-31,737026.0,6.976728,4729.0,1.08734,0.641633,6100.0,0.827651,0.842956,2.507309,LBE,2024-12-13
2024-12-14,FY24_Q3_CEA_GRP_FBIG_GNE-LBE-PDM-GNE-ALW_Groups and Events - Whitby EN_CN_L CEA GRP 003_CP2NK1W,1413.55,,,,57732.0,162974.0,,2024-12-31,177071.0,7.982956,664.0,2.12884,0.374991,1002.0,0.565875,1.410729,3.06712,LBE,2024-12-06
2024-12-14,FY24_Q4_CEA_LBE_FBIG_LBE-LBE-TRR-LBE-BRA_TRR H2 Brand Refresh_CN_L CEA LBE 007_CP2QMXS,4015.7,,5446.0,actions:link_click,258894.0,333580.0,0.73736687,2025-01-05,418107.0,9.604479,5446.0,0.737367,1.302537,6920.0,1.655079,0.580303,1.614974,LBE,2024-12-06
2024-12-14,FY24_Q4_CEA_LBE_FBIG_LBE-LBE-TRR-LBE-LTO_Granville Now Open - EN_CN_L CEA LBE 008_CP2QX45,877.24,,1315.0,actions:link_click,81426.0,120091.0,0.66710266,2025-02-06,122477.0,7.162488,1315.0,0.667103,1.073671,2329.0,1.901582,0.37666,1.504151,LBE,2024-12-06
2024-12-14,FY24_Q4_CEA_LBE_FBIG_LBE-LBE-TRR-LBE-LTO_Granville Now Open - EN_AWA_L CEA LBE 008_CP2QX45,505.34,,187947.0,reach,187947.0,207966.0,2.68873672,2025-02-06,201031.0,2.513742,109.0,4.636147,0.05422,269.0,0.13381,1.878587,1.069615,LBE,2024-12-06
2024-12-14,FY24_Q3_CEA_LBE_FBIG_LBE-LBE-PDM-GMG-LTO_PDM Sustain- Whitby EN_CN_L CEA LBE 004_CP2Q2VS,810.62,,914.0,actions:link_click,40929.0,92917.0,0.88689278,2025-01-05,84846.0,9.554016,914.0,0.886893,1.077246,1031.0,1.215143,0.786246,2.073004,LBE,2024-12-06
2024-12-14,FY24_Q4_CEA_LBE_FBIG_LBE-LBE-TRR-LBE-LTO_TRR Royalmount - Now Open - FR_CVS_L CEA LBE 024_CP2QPZM,1446.29,,2170.0,actions:link_click,150569.0,252800.0,0.66649309,2025-01-20,257427.0,5.618253,2170.0,0.666493,0.842957,4917.0,1.910056,0.294141,1.709695,LBE,2024-12-06
2024-12-14,FY24_Q3_CEA_LBE_FBIG_LBE-LBE-PDM-GMG-LTO_PDM Sustain - Brampton EN_CN_L CEA LBE 004_CP2Q2VS,804.73,,931.0,actions:link_click,51544.0,97218.0,0.86437164,2025-01-05,87853.0,9.15996,931.0,0.864372,1.059725,1035.0,1.178104,0.777517,1.704427,LBE,2024-12-06
2024-12-14,FY24_Q4_CEA_LBE_FBIG_LBE-LBE-TRR-LBE-LTO_TRR Royalmount - Now Open - EN_CVS_L CEA LBE 024_CP2QPZM,1445.32,,2688.0,actions:link_click,142104.0,225419.0,0.53769345,2025-01-20,241864.0,5.975755,2688.0,0.537693,1.111368,5686.0,2.350908,0.254189,1.702021,LBE,2024-12-06
2024-12-14,FY24_Q3_CEA_LBE_FBIG_LBE-LBE-PDM-GMG-LTO_PDM Sustain - Dartmouth EN_CN_L CEA LBE 004_CP2Q2VS,821.15,,730.0,actions:link_click,38313.0,101524.0,1.12486301,2025-01-05,103989.0,7.896508,730.0,1.124863,0.701997,865.0,0.831819,0.949306,2.714196,LBE,2024-12-06
2024-12-14,FY24_Q4_CEA_LBE_FBIG_LBE-LBE-PDM-LBE-LTO_PDM - Holiday Gifting Pack_CN_L CEA PPP 004_CP2RHJ0,2173.69,,2517.0,actions:link_click,45001.0,82896.0,0.8636035,2024-12-30,84233.0,25.805682,2517.0,0.863604,2.98814,2810.0,3.335985,0.773555,1.871803,LBE,2024-12-06
2024-12-14,FY24_Q4_CEA_LBE_FBIG_LBE-LBE-TRR-LBE-LTO_TRR - Holiday Gifting Pack_CN_L CEA PPP 004_CP2RHJ0,6156.56,,14506.0,actions:link_click,260943.0,519746.0,0.42441472,2024-12-30,529813.0,11.620251,14506.0,0.424415,2.737947,17605.0,3.322871,0.349705,2.030378,LBE,2024-12-06
2024-12-14,FY24_Q4_CEA_LBE_FBIG_LBE-LBE-PDM-LBE-LTO_PDM Fairview_AW_L CEA LBE 010_CP2R81N,1760.96,,493710.0,reach,493710.0,634964.0,3.56679022,2024-12-18,601898.0,2.925678,378.0,4.658624,0.062801,770.0,0.127929,2.286961,1.219133,LBE,2024-12-06
2024-12-14,FY24_Q3_CEA_GRP_FBIG_GNE-LBE-PDM-GNE-ALW_Groups and Events - Dartmouth EN_CN_L CEA GRP 003_CP2NK1W,1425.44,,1.0,actions:landing_page_view,36861.0,128956.0,1425.44,2024-12-31,146719.0,9.715442,534.0,2.669363,0.363961,792.0,0.539807,1.799798,3.980332,LBE,2024-12-06
2024-12-14,FY24_Q4_CEA_LBE_FBIG_LBE-LBE-TRR-LBE-LTO_Granville - EN_AWA_L CEA LBE 008_CP2QX45,1142.77,,289299.0,reach,289299.0,436839.0,3.95013464,2024-12-11,428840.0,2.664793,199.0,5.742563,0.046404,426.0,0.099338,2.682559,1.482342,LBE,2024-12-06
2024-12-14,FY24_Q3_CEA_GRP_FBIG_GNE-LBE-PDM-GNE-ALW_Groups and Events - Brampton EN_CN_L CEA GRP 003_CP2NK1W,1432.46,,2.0,actions:landing_page_view,80337.0,190523.0,716.23,2024-12-31,206025.0,6.952846,658.0,2.176991,0.319379,996.0,0.483436,1.438213,2.56451,LBE,2024-12-06
2024-12-14,FY24_Q3_CEA_GRP_FBIG_GNE-LBE-TRR-GNE-ALW_Group and Events - EN_CN_L CEA GRP 002_CP2NK61,4025.42,,3521.0,actions:landing_page_view,285701.0,493724.0,1.14326044,2024-12-31,529808.0,7.597885,4121.0,0.976807,0.777829,5457.0,1.029996,0.737662,1.854414,LBE,2024-12-06
2024-12-14,FY24_Q4_CEA_LBE_FBIG_LBE-LBE-TRR-LBE-BRA_TRR H2 Brand Refresh_AW_L CEA LBE 007_CP2QMXS,4074.12,,1034952.0,reach,1034952.0,2372292.0,3.93653039,2025-01-05,2370079.0,1.718981,2579.0,1.579729,0.108815,2613.0,0.110249,1.559173,2.290038,LBE,2024-12-06
2024-12-07,FY24_Q3_CEA_GRP_FBIG_GNE-LBE-PDM-GNE-ALW_Groups and Events - Whitby EN_CN_L CEA GRP 003_CP2NK1W,1709.24,,2.0,actions:landing_page_view,42188.0,175043.0,854.62,2024-12-31,193732.0,8.822704,673.0,2.539733,0.347387,1025.0,0.529081,1.667551,4.592112,LBE,2024-11-29
2024-12-07,FY24_Q4_CEA_LBE_FBIG_LBE-LBE-TRR-LBE-BRA_TRR H2 Brand Refresh_CN_L CEA LBE 007_CP2QMXS,8211.26,,10069.0,actions:link_click,352172.0,540935.0,0.81549906,2025-01-05,692409.0,11.858974,10069.0,0.815499,1.454198,12444.0,1.797204,0.659857,1.96611,LBE,2024-11-29
2024-12-07,FY24_Q4_CEA_LBE_FBIG_LBE-LBE-TRR-LBE-SIG_TRR NYE Event_CN_L CEA LBE 011_CP2S6CX,3516.43,,3703.0,actions:link_click,175647.0,243385.0,0.94961653,2024-12-15,254133.0,13.836967,3703.0,0.949617,1.457111,4615.0,1.815978,0.761957,1.446839,LBE,2024-11-29
2024-12-07,FY24_Q3_CEA_LBE_FBIG_LBE-LBE-PDM-GMG-LTO_PDM Sustain- Whitby EN_CN_L CEA LBE 004_CP2Q2VS,834.89,,826.0,actions:link_click,37997.0,86577.0,1.01076271,2025-01-05,82187.0,10.158419,826.0,1.010763,1.005025,981.0,1.193619,0.85106,2.162987,LBE,2024-11-29
2024-12-07,FY24_Q4_CEA_LBE_FBIG_LBE-LBE-TRR-LBE-LTO_TRR Royalmount - Now Open - FR_CVS_L CEA LBE 024_CP2QPZM,1476.98,,2239.0,actions:link_click,126980.0,223925.0,0.65966056,2025-01-20,226868.0,6.510306,2239.0,0.659661,0.986918,5514.0,2.430488,0.26786,1.786644,LBE,2024-11-29
2024-12-07,FY24_Q3_CEA_LBE_FBIG_LBE-LBE-PDM-GMG-LTO_PDM Sustain - Brampton EN_CN_L CEA LBE 004_CP2Q2VS,833.48,,880.0,actions:link_click,47369.0,91303.0,0.94713636,2025-01-05,86294.0,9.658609,880.0,0.947136,1.01977,1023.0,1.185482,0.814741,1.82174,LBE,2024-11-29
2024-12-07,FY24_Q4_CEA_LBE_FBIG_LBE-LBE-TRR-LBE-LTO_TRR Royalmount - Now Open - EN_CVS_L CEA LBE 024_CP2QPZM,1450.78,,2906.0,actions:link_click,115395.0,212746.0,0.49923606,2025-01-20,220339.0,6.584309,2906.0,0.499236,1.318877,6801.0,3.086607,0.213319,1.909433,LBE,2024-11-29
2024-12-07,FY24_Q3_CEA_LBE_FBIG_LBE-LBE-PDM-GMG-LTO_PDM Sustain - Dartmouth EN_CN_L CEA LBE 004_CP2Q2VS,846.15,,741.0,actions:link_click,33797.0,93583.0,1.14190283,2025-01-05,95716.0,8.840215,741.0,1.141903,0.774165,869.0,0.907894,0.973705,2.832086,LBE,2024-11-29
2024-12-07,FY24_Q4_CEA_LBE_FBIG_LBE-LBE-PDM-LBE-LTO_PDM - Holiday Gifting Pack_CN_L CEA PPP 004_CP2RHJ0,2221.07,,2383.0,actions:link_click,45502.0,80050.0,0.93204784,2024-12-30,83631.0,26.557975,2383.0,0.932048,2.849422,2648.0,3.16629,0.838773,1.837963,LBE,2024-11-29
2024-12-07,FY24_Q4_CEA_LBE_FBIG_LBE-LBE-TRR-LBE-LTO_TRR - Holiday Gifting Pack_CN_L CEA PPP 004_CP2RHJ0,6303.85,,8692.0,actions:link_click,309007.0,639237.0,0.72524735,2024-12-30,670496.0,9.401771,8692.0,0.725247,1.296354,11842.0,1.766155,0.53233,2.169841,LBE,2024-11-29
2024-12-07,FY24_Q4_CEA_LBE_FBIG_LBE-LBE-PDM-LBE-LTO_PDM Fairview_AW_L CEA LBE 010_CP2R81N,9282.56,,1275183.0,reach,1275183.0,2585850.0,7.27939441,2024-12-18,2518349.0,3.68597,2040.0,4.550275,0.081005,4136.0,0.164235,2.244333,1.974892,LBE,2024-11-29
2024-12-07,FY24_Q3_CEA_GRP_FBIG_GNE-LBE-PDM-GNE-ALW_Groups and Events - Dartmouth EN_CN_L CEA GRP 003_CP2NK1W,1696.73,,2.0,actions:landing_page_view,28262.0,138637.0,848.365,2024-12-31,162145.0,10.464276,578.0,2.935519,0.356471,900.0,0.555059,1.885256,5.737209,LBE,2024-11-29
2024-12-07,FY24_Q4_CEA_LBE_FBIG_LBE-LBE-TRR-LBE-LTO_Granville - EN_AWA_L CEA LBE 008_CP2QX45,2179.41,,358609.0,reach,358609.0,727758.0,6.07739906,2024-12-11,712732.0,3.057825,371.0,5.87442,0.052053,792.0,0.111122,2.75178,1.987491,LBE,2024-11-29
2024-12-07,FY24_Q3_CEA_GRP_FBIG_GNE-LBE-PDM-GNE-ALW_Groups and Events - Brampton EN_CN_L CEA GRP 003_CP2NK1W,1712.2,,1.0,actions:landing_page_view,63066.0,209223.0,1712.2,2024-12-31,228675.0,7.487482,737.0,2.323202,0.322291,1165.0,0.509457,1.4697,3.625963,LBE,2024-11-29
2024-12-07,FY24_Q3_CEA_GRP_FBIG_GNE-LBE-TRR-GNE-ALW_Group and Events - EN_CN_L CEA GRP 002_CP2NK61,4934.15,,4099.0,actions:landing_page_view,200762.0,400682.0,1.20374482,2024-12-31,404505.0,12.197995,4910.0,1.004919,1.213829,5595.0,1.383172,0.881886,2.014848,LBE,2024-11-29
2024-12-07,FY24_Q4_CEA_LBE_FBIG_LBE-LBE-TRR-LBE-BRA_TRR H2 Brand Refresh_AW_L CEA LBE 007_CP2QMXS,8332.16,,1250944.0,reach,1250944.0,4461807.0,6.66069784,2025-01-05,4458431.0,1.868855,4784.0,1.741672,0.107302,4822.0,0.108155,1.727947,3.564053,LBE,2024-11-29
2024-11-30,FY24_Q3_CEA_GRP_FBIG_GNE-LBE-PDM-GNE-ALW_Groups and Events - Whitby EN_CN_L CEA GRP 003_CP2NK1W,1404.69,,1.0,actions:landing_page_view,39951.0,103369.0,1404.69,2024-12-31,113946.0,12.327682,553.0,2.540127,0.485318,803.0,0.70472,1.749303,2.852144,LBE,2024-11-22
2024-11-30,FY24_Q4_CEA_LBE_FBIG_LBE-LBE-TRR-LBE-LTO_TRR Royalmount - EN_AWA_L CEA LBE 024_CP2QPZM,321.68,,130738.0,reach,130738.0,142660.0,2.46049351,2024-11-25,142403.0,2.258941,164.0,1.961463,0.115166,182.0,0.127806,1.767473,1.089224,LBE,2024-11-22
2024-11-30,FY24_Q4_CEA_LBE_FBIG_LBE-LBE-TRR-LBE-BRA_TRR H2 Brand Refresh_CN_L CEA LBE 007_CP2QMXS,8207.96,,9548.0,actions:link_click,359805.0,541657.0,0.85965228,2025-01-05,700339.0,11.719981,9548.0,0.859652,1.36334,11747.0,1.677331,0.698728,1.94644,LBE,2024-11-22
2024-11-30,FY24_Q3_CEA_LBE_FBIG_LBE-LBE-PDM-GMG-LTO_PDM Sustain- Whitby EN_CN_L CEA LBE 004_CP2Q2VS,833.33,,718.0,actions:link_click,36238.0,80562.0,1.16062674,2025-01-05,79347.0,10.50235,718.0,1.160627,0.904886,868.0,1.093929,0.960058,2.189608,LBE,2024-11-22
2024-11-30,FY24_Q4_CEA_LBE_FBIG_LBE-LBE-TRR-LBE-LTO_TRR Royalmount - Now Open - FR_CVS_L CEA LBE 024_CP2QPZM,982.57,,1565.0,actions:link_click,84104.0,127533.0,0.62784026,2025-01-20,132218.0,7.431439,1565.0,0.62784,1.183651,3961.0,2.99581,0.248061,1.572077,LBE,2024-11-22
2024-11-30,FY24_Q3_CEA_LBE_FBIG_LBE-LBE-PDM-GMG-LTO_PDM Sustain - Brampton EN_CN_L CEA LBE 004_CP2Q2VS,831.96,,809.0,actions:link_click,44201.0,87089.0,1.02838072,2025-01-05,84135.0,9.888394,809.0,1.028381,0.96155,944.0,1.122006,0.881314,1.903464,LBE,2024-11-22
2024-11-30,FY24_Q4_CEA_LBE_FBIG_LBE-LBE-TRR-LBE-LTO_TRR Royalmount - Now Open - EN_CVS_L CEA LBE 024_CP2QPZM,970.27,,2208.0,actions:link_click,59418.0,100766.0,0.43943388,2025-01-20,111327.0,8.715496,2208.0,0.439434,1.983346,5091.0,4.573015,0.190585,1.873624,LBE,2024-11-22
2024-11-30,FY24_Q3_CEA_LBE_FBIG_LBE-LBE-PDM-GMG-LTO_PDM Sustain - Dartmouth EN_CN_L CEA LBE 004_CP2Q2VS,845.87,,758.0,actions:link_click,32152.0,85511.0,1.11592348,2025-01-05,88327.0,9.576573,758.0,1.115923,0.858175,883.0,0.999694,0.95795,2.74717,LBE,2024-11-22
2024-11-30,FY24_Q4_CEA_LBE_FBIG_LBE-LBE-PDM-LBE-LTO_PDM - Holiday Gifting Pack_CN_L CEA PPP 004_CP2RHJ0,2207.8,,2303.0,actions:link_click,45534.0,84117.0,0.95866261,2024-12-30,93869.0,23.520012,2303.0,0.958663,2.453419,2520.0,2.684592,0.876111,2.061514,LBE,2024-11-22
2024-11-30,FY24_Q4_CEA_LBE_FBIG_LBE-LBE-TRR-LBE-LTO_TRR - Holiday Gifting Pack_CN_L CEA PPP 004_CP2RHJ0,6247.66,,7063.0,actions:link_click,247001.0,508439.0,0.8845618,2024-12-30,550278.0,11.353643,7063.0,0.884562,1.283533,10446.0,1.898313,0.598091,2.227837,LBE,2024-11-22
2024-11-30,FY24_Q4_CEA_LBE_FBIG_LBE-LBE-PDM-LBE-LTO_PDM Fairview_AW_L CEA LBE 010_CP2R81N,9507.04,,1281630.0,reach,1281630.0,2387888.0,7.41792873,2024-12-18,2328459.0,4.082975,1747.0,5.441923,0.075028,3974.0,0.170671,2.39231,1.816795,LBE,2024-11-22
2024-11-30,FY24_Q3_CEA_GRP_FBIG_GNE-LBE-PDM-GNE-ALW_Groups and Events - Dartmouth EN_CN_L CEA GRP 003_CP2NK1W,1422.27,,2.0,actions:landing_page_view,32969.0,101228.0,711.135,2024-12-31,116112.0,12.249122,483.0,2.944658,0.415978,791.0,0.681239,1.798066,3.521854,LBE,2024-11-22
2024-11-30,FY24_Q4_CEA_LBE_FBIG_LBE-LBE-TRR-LBE-LTO_Granville - EN_AWA_L CEA LBE 008_CP2QX45,2210.98,,348936.0,reach,348936.0,676329.0,6.33634821,2024-12-11,661954.0,3.340081,343.0,6.446006,0.051816,746.0,0.112697,2.96378,1.897064,LBE,2024-11-22
2024-11-30,FY24_Q3_CEA_GRP_FBIG_GNE-LBE-PDM-GNE-ALW_Groups and Events - Brampton EN_CN_L CEA GRP 003_CP2NK1W,1407.19,,,,52599.0,116000.0,,2024-12-31,127392.0,11.046141,606.0,2.322096,0.475697,891.0,0.699416,1.579338,2.421947,LBE,2024-11-22
2024-11-30,FY24_Q4_CEA_LBE_FBIG_LBE-LBE-TRR-LBE-LTO_TRR Royalmount - FR_AWA_L CEA LBE 024_CP2QPZM,340.87,,126915.0,reach,126915.0,144198.0,2.68581334,2024-11-25,143768.0,2.370973,165.0,2.065879,0.114768,184.0,0.127984,1.852554,1.13279,LBE,2024-11-22
2024-11-30,FY24_Q3_CEA_GRP_FBIG_GNE-LBE-TRR-GNE-ALW_Group and Events - EN_CN_L CEA GRP 002_CP2NK61,4263.74,,2779.0,actions:landing_page_view,188830.0,380551.0,1.53427132,2024-12-31,401482.0,10.620003,3410.0,1.250364,0.849353,4329.0,1.078255,0.984925,2.126156,LBE,2024-11-22
2024-11-30,FY24_Q4_CEA_LBE_FBIG_LBE-LBE-TRR-LBE-BRA_TRR H2 Brand Refresh_AW_L CEA LBE 007_CP2QMXS,8392.19,,1193850.0,reach,1193850.0,3772358.0,7.02951795,2025-01-05,3768344.0,2.227023,4140.0,2.027099,0.109863,4222.0,0.112039,1.987729,3.156464,LBE,2024-11-22
2024-11-23,FY24_Q3_CEA_GRP_FBIG_GNE-LBE-PDM-GNE-ALW_Groups and Events - Whitby EN_CN_L CEA GRP 003_CP2NK1W,52.45,,,,4478.0,4783.0,,2024-12-31,4735.0,11.077086,43.0,1.219767,0.908131,54.0,1.140444,0.971296,1.057392,LBE,2024-11-15
2024-11-23,FY24_Q4_CEA_LBE_FBIG_LBE-LBE-TRR-LBE-LTO_TRR Royalmount - EN_AWA_L CEA LBE 024_CP2QPZM,1363.79,,552086.0,reach,552086.0,625003.0,2.4702492,2024-11-25,623565.0,2.187086,683.0,1.996764,0.109531,756.0,0.121238,1.803955,1.129471,LBE,2024-11-15
2024-11-23,FY24_Q4_CEA_LBE_FBIG_LBE-LBE-TRR-LBE-BRA_TRR H2 Brand Refresh_CN_L CEA LBE 007_CP2QMXS,7891.21,,10558.0,actions:link_click,373743.0,564703.0,0.74741523,2025-01-05,768386.0,10.269851,10558.0,0.747415,1.374049,13154.0,1.7119,0.59991,2.055921,LBE,2024-11-15
2024-11-23,FY24_Q3_CEA_LBE_FBIG_LBE-LBE-PDM-GMG-LTO_PDM Sustain- Whitby EN_CN_L CEA LBE 004_CP2Q2VS,800.92,,845.0,actions:link_click,36588.0,83305.0,0.94783432,2025-01-05,78166.0,10.246399,845.0,0.947834,1.081033,997.0,1.275491,0.80333,2.136384,LBE,2024-11-15
2024-11-23,FY24_Q3_CEA_LBE_FBIG_LBE-LBE-PDM-GMG-LTO_PDM Sustain - Brampton EN_CN_L CEA LBE 004_CP2Q2VS,803.72,,865.0,actions:link_click,47258.0,85875.0,0.92915607,2025-01-05,75972.0,10.579161,865.0,0.929156,1.138577,984.0,1.295214,0.816789,1.607601,LBE,2024-11-15
2024-11-23,FY24_Q3_CEA_LBE_FBIG_LBE-LBE-PDM-GMG-LTO_PDM Sustain - Dartmouth EN_CN_L CEA LBE 004_CP2Q2VS,808.7,,762.0,actions:link_click,37436.0,93178.0,1.06128609,2025-01-05,95222.0,8.492785,762.0,1.061286,0.800235,938.0,0.985066,0.862154,2.543594,LBE,2024-11-15
2024-11-23,FY24_Q4_CEA_LBE_FBIG_LBE-LBE-PDM-LBE-LTO_PDM - Holiday Gifting Pack_CN_L CEA PPP 004_CP2RHJ0,2143.95,,2406.0,actions:link_click,77832.0,146228.0,0.89108479,2024-12-30,160181.0,13.384546,2406.0,0.891085,1.502051,2865.0,1.788602,0.748325,2.058035,LBE,2024-11-15
2024-11-23,FY24_Q4_CEA_LBE_FBIG_LBE-LBE-TRR-LBE-LTO_TRR - Holiday Gifting Pack_CN_L CEA PPP 004_CP2RHJ0,6025.0,,8064.0,actions:link_click,319563.0,700198.0,0.74714782,2024-12-30,773879.0,7.785455,8064.0,0.747148,1.042023,13905.0,1.796793,0.433297,2.421679,LBE,2024-11-15
2024-11-23,FY24_Q4_CEA_LBE_FBIG_LBE-LBE-PDM-LBE-LTO_PDM Fairview_AW_L CEA LBE 010_CP2R81N,9239.36,,1398399.0,reach,1398399.0,2727552.0,6.60709855,2024-12-18,2648670.0,3.488302,2156.0,4.285417,0.081399,4822.0,0.182054,1.916085,1.894073,LBE,2024-11-15
2024-11-23,FY24_Q3_CEA_GRP_FBIG_GNE-LBE-PDM-GNE-ALW_Groups and Events - Dartmouth EN_CN_L CEA GRP 003_CP2NK1W,52.82,,,,4980.0,5429.0,,2024-12-31,5647.0,9.353639,42.0,1.257619,0.743758,71.0,1.257305,0.743944,1.133936,LBE,2024-11-15
2024-11-23,FY24_Q4_CEA_LBE_FBIG_LBE-LBE-TRR-LBE-LTO_Granville - EN_AWA_L CEA LBE 008_CP2QX45,470.22,,134192.0,reach,134192.0,171694.0,3.5040837,2024-12-11,166281.0,2.827864,102.0,4.61,0.061342,220.0,0.132306,2.137364,1.239128,LBE,2024-11-15
2024-11-23,FY24_Q3_CEA_GRP_FBIG_GNE-LBE-PDM-GNE-ALW_Groups and Events - Brampton EN_CN_L CEA GRP 003_CP2NK1W,51.3,,,,4340.0,4798.0,,2024-12-31,4785.0,10.721003,41.0,1.25122,0.856844,54.0,1.128527,0.95,1.102535,LBE,2024-11-15
2024-11-23,FY24_Q4_CEA_LBE_FBIG_LBE-LBE-TRR-LBE-LTO_TRR Royalmount - FR_AWA_L CEA LBE 024_CP2QPZM,1437.35,,572337.0,reach,572337.0,610080.0,2.51137005,2024-11-25,606480.0,2.369987,623.0,2.307143,0.102724,714.0,0.117729,2.013095,1.059655,LBE,2024-11-15
2024-11-23,FY24_Q3_CEA_GRP_FBIG_GNE-LBE-TRR-GNE-ALW_Group and Events - EN_CN_L CEA GRP 002_CP2NK61,131.78,,103.0,actions:landing_page_view,12622.0,10168.0,1.27941748,2024-12-31,14197.0,9.282243,141.0,0.93461,0.993168,225.0,1.584842,0.585689,1.124782,LBE,2024-11-15
2024-11-23,FY24_Q4_CEA_LBE_FBIG_LBE-LBE-TRR-LBE-BRA_TRR H2 Brand Refresh_AW_L CEA LBE 007_CP2QMXS,8057.27,,1282443.0,reach,1282443.0,4149741.0,6.28275097,2025-01-05,4144528.0,1.944074,4551.0,1.770439,0.109807,4655.0,0.112317,1.730885,3.231744,LBE,2024-11-15
2024-11-16,FY24_Q4_CEA_LBE_FBIG_LBE-LBE-TRR-LBE-LTO_TRR Royalmount - EN_AWA_L CEA LBE 024_CP2QPZM,1834.63,,723418.0,reach,723418.0,771300.0,2.53605799,2024-11-25,768152.0,2.388368,734.0,2.499496,0.095554,897.0,0.116774,2.045295,1.061837,LBE,2024-11-08
2024-11-16,FY24_Q4_CEA_LBE_FBIG_LBE-LBE-TRR-LBE-BRA_TRR H2 Brand Refresh_CN_L CEA LBE 007_CP2QMXS,8087.39,,11001.0,actions:link_click,267253.0,464043.0,0.73515044,2025-01-05,625633.0,12.926732,11001.0,0.73515,1.758379,13281.0,2.12281,0.608944,2.340977,LBE,2024-11-08
2024-11-16,FY24_Q3_CEA_LBE_FBIG_LBE-LBE-PDM-GMG-LTO_PDM Sustain- Whitby EN_CN_L CEA LBE 004_CP2Q2VS,819.16,,921.0,actions:link_click,49846.0,87082.0,0.88942454,2025-01-05,95169.0,8.607425,921.0,0.889425,0.967752,1105.0,1.161092,0.741321,1.909261,LBE,2024-11-08
2024-11-16,FY24_Q3_CEA_LBE_FBIG_LBE-LBE-PDM-GMG-LTO_PDM Sustain - Brampton EN_CN_L CEA LBE 004_CP2Q2VS,812.91,,1033.0,actions:link_click,43977.0,49125.0,0.78694095,2025-01-05,68073.0,11.941739,1033.0,0.786941,1.517489,1193.0,1.75253,0.6814,1.547923,LBE,2024-11-08
2024-11-16,FY24_Q3_CEA_LBE_FBIG_LBE-LBE-PDM-GMG-LTO_PDM Sustain - Dartmouth EN_CN_L CEA LBE 004_CP2Q2VS,829.9,,866.0,actions:link_click,46623.0,102549.0,0.95831409,2025-01-05,115614.0,7.178196,866.0,0.958314,0.749044,1146.0,0.991229,0.724171,2.479763,LBE,2024-11-08
2024-11-16,FY24_Q4_CEA_LBE_FBIG_LBE-LBE-PDM-LBE-LTO_PDM - Holiday Gifting Pack_CN_L CEA PPP 004_CP2RHJ0,611.98,,757.0,actions:link_click,37445.0,54530.0,0.80842801,2024-12-30,55799.0,10.96758,757.0,0.808428,1.356655,1006.0,1.8029,0.60833,1.490159,LBE,2024-11-08
2024-11-16,FY24_Q4_CEA_LBE_FBIG_LBE-LBE-TRR-LBE-LTO_TRR - Holiday Gifting Pack_CN_L CEA PPP 004_CP2RHJ0,1705.9,,2848.0,actions:link_click,153517.0,242619.0,0.59898174,2024-12-30,250034.0,6.822672,2848.0,0.598982,1.139045,5516.0,2.2061,0.309264,1.628706,LBE,2024-11-08
2024-11-16,FY24_Q4_CEA_LBE_FBIG_LBE-LBE-PDM-LBE-LTO_PDM Fairview_AW_L CEA LBE 010_CP2R81N,5758.03,,947078.0,reach,947078.0,1898661.0,6.07978435,2024-12-18,1849900.0,3.112617,1413.0,4.075039,0.076383,3185.0,0.172171,1.807859,1.953271,LBE,2024-11-08
2024-11-16,FY24_Q4_CEA_LBE_FBIG_LBE-LBE-TRR-LBE-LTO_TRR Royalmount - FR_AWA_L CEA LBE 024_CP2QPZM,1921.96,,722086.0,reach,722086.0,749676.0,2.66167742,2024-11-25,743676.0,2.584405,812.0,2.366946,0.109187,1087.0,0.146166,1.768132,1.029899,LBE,2024-11-08
2024-11-16,FY24_Q4_CEA_LBE_FBIG_LBE-LBE-TRR-LBE-BRA_TRR H2 Brand Refresh_AW_L CEA LBE 007_CP2QMXS,8411.24,,1250308.0,reach,1250308.0,4944710.0,6.72733438,2025-01-05,4940457.0,1.702523,5268.0,1.596667,0.10663,5346.0,0.108209,1.573371,3.951392,LBE,2024-11-08
2024-11-09,FY24_Q4_CEA_LBE_FBIG_LBE-LBE-TRR-LBE-LTO_TRR Royalmount - EN_AWA_L CEA LBE 024_CP2QPZM,2654.84,,951958.0,reach,951958.0,976151.0,2.78882052,2024-11-25,968687.0,2.740658,882.0,3.010023,0.091051,1301.0,0.134306,2.040615,1.017573,LBE,2024-11-01
2024-11-09,FY24_Q4_CEA_LBE_FBIG_LBE-LBE-TRR-LBE-BRA_TRR H2 Brand Refresh_CN_L CEA LBE 007_CP2QMXS,8161.02,,12535.0,actions:link_click,329850.0,544477.0,0.65105864,2025-01-05,788003.0,10.356585,12535.0,0.651059,1.59073,15324.0,1.944663,0.532565,2.388974,LBE,2024-11-01
2024-11-09,FY24_Q3_CEA_LBE_FBIG_LBE-LBE-PDM-GMG-LTO_PDM Sustain- Whitby EN_CN_L CEA LBE 004_CP2Q2VS,829.06,,927.0,actions:link_click,53405.0,102611.0,0.89434736,2025-01-05,111522.0,7.434049,927.0,0.894347,0.831226,1132.0,1.015046,0.732385,2.088231,LBE,2024-11-01
2024-11-09,FY24_Q3_CEA_LBE_FBIG_LBE-LBE-PDM-GMG-LTO_PDM Sustain - Brampton EN_CN_L CEA LBE 004_CP2Q2VS,839.45,,1100.0,actions:link_click,45877.0,47538.0,0.76313636,2025-01-05,76932.0,10.911584,1100.0,0.763136,1.429834,1288.0,1.674206,0.651747,1.676919,LBE,2024-11-01
2024-11-09,FY24_Q3_CEA_LBE_FBIG_LBE-LBE-PDM-GMG-LTO_PDM Sustain - Dartmouth EN_CN_L CEA LBE 004_CP2Q2VS,827.67,,888.0,actions:link_click,49604.0,121158.0,0.93206081,2025-01-05,128761.0,6.427956,888.0,0.932061,0.68965,1154.0,0.896234,0.717218,2.595779,LBE,2024-11-01
2024-11-09,FY24_Q4_CEA_LBE_FBIG_LBE-LBE-TRR-LBE-LTO_Granville - EN_AWA_L CEA LBE 008_CP2QX45,1654.57,,414404.0,reach,414404.0,679359.0,3.99264968,2024-12-11,661006.0,2.503109,375.0,4.412187,0.056732,864.0,0.13071,1.915012,1.595076,LBE,2024-11-01
2024-11-09,FY24_Q4_CEA_LBE_FBIG_LBE-LBE-TRR-LBE-LTO_TRR Royalmount - FR_AWA_L CEA LBE 024_CP2QPZM,2794.99,,898874.0,reach,898874.0,953192.0,3.10943469,2024-11-25,941596.0,2.968354,911.0,3.068046,0.096751,1555.0,0.165145,1.797421,1.047528,LBE,2024-11-01
2024-11-09,FY24_Q4_CEA_LBE_FBIG_LBE-LBE-TRR-LBE-BRA_TRR H2 Brand Refresh_AW_L CEA LBE 007_CP2QMXS,8427.73,,1247370.0,reach,1247370.0,5532361.0,6.75639946,2025-01-05,5527279.0,1.524752,5538.0,1.5218,0.100194,5618.0,0.101641,1.50013,4.431146,LBE,2024-11-01
2024-11-02,FY24_Q4_CEA_LBE_FBIG_LBE-LBE-TRR-LBE-LTO_TRR Royalmount - EN_AWA_L CEA LBE 024_CP2QPZM,3927.58,,1245379.0,reach,1245379.0,1321290.0,3.15372268,2024-11-25,1316850.0,2.982557,1129.0,3.478813,0.085735,1742.0,0.132285,2.254638,1.057389,LBE,2024-10-25
2024-11-02,FY24_Q4_CEA_LBE_FBIG_LBE-LBE-TRR-LBE-BRA_TRR H2 Brand Refresh_CN_L CEA LBE 007_CP2QMXS,8043.14,,13160.0,actions:link_click,303915.0,343455.0,0.61118085,2025-01-05,708573.0,11.35118,13160.0,0.611181,1.857254,16242.0,2.292213,0.495206,2.331484,LBE,2024-10-25
2024-11-02,FY24_Q3_CEA_LBE_FBIG_LBE-LBE-PDM-GMG-LTO_PDM Sustain- Whitby EN_CN_L CEA LBE 004_CP2Q2VS,838.93,,871.0,actions:link_click,58786.0,111633.0,0.96318025,2025-01-05,117322.0,7.150662,871.0,0.96318,0.742401,1086.0,0.925658,0.772495,1.995747,LBE,2024-10-25
2024-11-02,FY24_Q3_CEA_LBE_FBIG_LBE-LBE-PDM-GMG-LTO_PDM Sustain - Brampton EN_CN_L CEA LBE 004_CP2Q2VS,826.04,,1050.0,actions:link_click,35977.0,35272.0,0.78670476,2025-01-05,58748.0,14.060734,1050.0,0.786705,1.787295,1204.0,2.049431,0.68608,1.632932,LBE,2024-10-25
2024-11-02,FY24_Q3_CEA_LBE_FBIG_LBE-LBE-PDM-GMG-LTO_PDM Sustain - Dartmouth EN_CN_L CEA LBE 004_CP2Q2VS,826.2,,805.0,actions:link_click,49268.0,126915.0,1.0263354,2025-01-05,128765.0,6.41634,805.0,1.026335,0.62517,1037.0,0.805343,0.796721,2.613563,LBE,2024-10-25
2024-11-02,FY24_Q4_CEA_LBE_FBIG_LBE-LBE-TRR-LBE-LTO_Granville - EN_AWA_L CEA LBE 008_CP2QX45,1014.17,,254285.0,reach,254285.0,436800.0,3.98832019,2024-12-11,425451.0,2.383753,261.0,3.885709,0.061347,501.0,0.117757,2.024291,1.673127,LBE,2024-10-25
2024-11-02,FY24_Q4_CEA_LBE_FBIG_LBE-LBE-TRR-LBE-LTO_TRR Royalmount - FR_AWA_L CEA LBE 024_CP2QPZM,4108.97,,1114161.0,reach,1114161.0,1187150.0,3.68794995,2024-11-25,1184197.0,3.469837,1280.0,3.210133,0.10809,2308.0,0.1949,1.780316,1.06286,LBE,2024-10-25
2024-11-02,FY24_Q4_CEA_LBE_FBIG_LBE-LBE-TRR-LBE-BRA_TRR H2 Brand Refresh_AW_L CEA LBE 007_CP2QMXS,8482.87,,1190341.0,reach,1190341.0,5381996.0,7.12642008,2025-01-05,5379561.0,1.57687,5424.0,1.563951,0.100826,5485.0,0.10196,1.546558,4.519344,LBE,2024-10-25
2024-10-26,FY24_Q4_CEA_LBE_FBIG_LBE-LBE-TRR-LBE-LTO_TRR Royalmount - EN_AWA_L CEA LBE 024_CP2QPZM,1299.17,,546404.0,reach,546404.0,589092.0,2.37767293,2024-11-25,588069.0,2.209214,578.0,2.247699,0.098288,700.0,0.119034,1.855957,1.076253,LBE,2024-10-18
2024-10-26,FY24_Q4_CEA_LBE_FBIG_LBE-LBE-TRR-LBE-BRA_TRR H2 Brand Refresh_CN_L CEA LBE 007_CP2QMXS,3952.38,,7501.0,actions:link_click,169313.0,132823.0,0.52691374,2025-01-05,354233.0,11.157571,7501.0,0.526914,2.117533,9551.0,2.696248,0.413818,2.092178,LBE,2024-10-18
2024-10-26,FY24_Q4_CEA_LBE_FBIG_LBE-LBE-TRR-LBE-CAL_TRR Halloween Event_Conversion_L CEA LBE 006_CP2Q1C6,6512.75,,79.0,actions:offsite_conversion.fb_pixel_purchase,238404.0,613510.0,82.43987342,2024-10-25,615181.0,10.586722,2584.0,2.520414,0.420039,6218.0,1.010759,1.047403,2.580414,LBE,2024-10-18
2024-10-26,FY24_Q3_CEA_LBE_FBIG_LBE-LBE-PDM-GMG-LTO_PDM Sustain- Whitby EN_CN_L CEA LBE 004_CP2Q2VS,835.06,,838.0,actions:link_click,49786.0,99644.0,0.99649165,2025-01-05,109149.0,7.650643,838.0,0.996492,0.767758,1048.0,0.960155,0.796813,2.192363,LBE,2024-10-18
2024-10-26,FY24_Q3_CEA_LBE_FBIG_LBE-LBE-PDM-GMG-LTO_PDM Sustain - Brampton EN_CN_L CEA LBE 004_CP2Q2VS,831.9,,1020.0,actions:link_click,30364.0,26657.0,0.81558824,2025-01-05,52504.0,15.844507,1020.0,0.815588,1.942709,1183.0,2.253162,0.703212,1.729153,LBE,2024-10-18
2024-10-26,FY24_Q3_CEA_LBE_FBIG_LBE-LBE-PDM-GMG-LTO_PDM Sustain - Dartmouth EN_CN_L CEA LBE 004_CP2Q2VS,797.91,,728.0,actions:link_click,48466.0,112976.0,1.09603022,2025-01-05,118237.0,6.748395,728.0,1.09603,0.615713,964.0,0.815312,0.827707,2.439587,LBE,2024-10-18
2024-10-26,FY24_Q4_CEA_LBE_FBIG_LBE-LBE-TRR-LBE-LTO_TRR Royalmount - FR_AWA_L CEA LBE 024_CP2QPZM,795.8,,307333.0,reach,307333.0,331262.0,2.58937374,2024-11-25,330321.0,2.409172,363.0,2.192287,0.109893,476.0,0.144102,1.671849,1.074798,LBE,2024-10-18
2024-10-26,FY24_Q4_CEA_LBE_FBIG_LBE-LBE-TRR-LBE-BRA_TRR H2 Brand Refresh_AW_L CEA LBE 007_CP2QMXS,1571.78,,476601.0,reach,476601.0,928821.0,3.29789488,2025-01-05,928442.0,1.692922,884.0,1.778032,0.095213,891.0,0.095967,1.764063,1.948049,LBE,2024-10-18
2024-10-19,FY24_Q4_CEA_LBE_FBIG_LBE-LBE-TRR-LBE-CAL_TRR Halloween Event_Conversion_L CEA LBE 006_CP2Q1C6,5279.7,,23.0,actions:offsite_conversion.fb_pixel_purchase,283151.0,652958.0,229.55217391,2024-10-25,658127.0,8.022312,2485.0,2.124628,0.377587,6146.0,0.933862,0.859047,2.324297,LBE,2024-10-11
2024-10-19,FY24_Q4_CEA_LBE_FBIG_LBE-LBE-TRR-LBE-CAL_TRR Halloween Event_CN_L CEA LBE 006_CP2Q1C6,1714.23,,2160.0,actions:link_click,216380.0,254644.0,0.793625,2024-10-14,268998.0,6.37265,2160.0,0.793625,0.80298,3845.0,1.429379,0.445834,1.243174,LBE,2024-10-11
2024-10-19,FY24_Q3_CEA_LBE_FBIG_LBE-LBE-PDM-GMG-LTO_PDM Sustain- Whitby EN_CN_L CEA LBE 004_CP2Q2VS,830.39,,844.0,actions:link_click,47106.0,93491.0,0.98387441,2025-01-05,106493.0,7.797602,844.0,0.983874,0.79254,1080.0,1.014151,0.76888,2.26071,LBE,2024-10-11
2024-10-19,FY24_Q3_CEA_LBE_FBIG_LBE-LBE-PDM-GMG-LTO_PDM Sustain - Brampton EN_CN_L CEA LBE 004_CP2Q2VS,830.19,,1066.0,actions:link_click,30640.0,27478.0,0.77878987,2025-01-05,55679.0,14.910289,1066.0,0.77879,1.914546,1263.0,2.26836,0.657316,1.8172,LBE,2024-10-11
2024-10-19,FY24_Q3_CEA_LBE_FBIG_LBE-LBE-PDM-GMG-LTO_PDM Sustain - Dartmouth EN_CN_L CEA LBE 004_CP2Q2VS,815.68,,774.0,actions:link_click,46807.0,113094.0,1.05385013,2025-01-05,120276.0,6.781735,774.0,1.05385,0.64352,1070.0,0.889621,0.762318,2.569616,LBE,2024-10-11
2024-10-12,FY24_Q4_CEA_LBE_FBIG_LBE-LBE-TRR-LBE-CAL_TRR Halloween Event_CN_L CEA LBE 006_CP2Q1C6,6273.02,,7865.0,actions:link_click,573060.0,1014331.0,0.79758678,2024-10-14,1058159.0,5.92824,7865.0,0.797587,0.743272,14356.0,1.356696,0.436962,1.846506,LBE,2024-10-04
2024-10-12,FY24_Q3_CEA_LBE_FBIG_LBE-LBE-PDM-GMG-LTO_PDM Sustain- Whitby EN_CN_L CEA LBE 004_CP2Q2VS,835.13,,917.0,actions:link_click,43947.0,79532.0,0.91071974,2025-01-05,95518.0,8.743169,917.0,0.91072,0.960028,1178.0,1.233275,0.708939,2.173482,LBE,2024-10-04
2024-10-12,FY24_Q3_CEA_LBE_FBIG_LBE-LBE-PDM-GMG-LTO_PDM Sustain - Brampton EN_CN_L CEA LBE 004_CP2Q2VS,844.21,,1082.0,actions:link_click,30929.0,25170.0,0.78023105,2025-01-05,54928.0,15.369393,1082.0,0.780231,1.969851,1249.0,2.273886,0.675909,1.775938,LBE,2024-10-04
2024-10-12,FY24_Q3_CEA_LBE_FBIG_LBE-LBE-PDM-GMG-LTO_PDM Sustain - Dartmouth EN_CN_L CEA LBE 004_CP2Q2VS,818.78,,790.0,actions:link_click,46163.0,107831.0,1.03643038,2025-01-05,117346.0,6.977485,790.0,1.03643,0.673223,1088.0,0.927173,0.752555,2.541993,LBE,2024-10-04
2024-10-05,FY24_Q3_CEA_GRP_FBIG_GNE-LBE-PDM-GNE-ALW_Groups and Events - Whitby EN_CN_L CEA GRP 003_CP2NK1W,202.12,,186.0,actions:landing_page_view,19242.0,28371.0,1.08666667,2024-12-31,28148.0,7.180617,195.0,1.036513,0.692767,268.0,0.95211,0.754179,1.462842,LBE,2024-09-27
2024-10-05,FY24_Q4_CEA_LBE_FBIG_LBE-LBE-TRR-LBE-CAL_TRR Halloween Event_CN_L CEA LBE 006_CP2Q1C6,3805.2,,6362.0,actions:link_click,418987.0,744157.0,0.5981138,2024-10-14,767826.0,4.95581,6362.0,0.598114,0.828573,14494.0,1.887667,0.262536,1.832577,LBE,2024-09-27
2024-10-05,FY24_Q3_CEA_LBE_FBIG_LBE-LBE-PDM-GMG-LTO_PDM Sustain- Whitby EN_CN_L CEA LBE 004_CP2Q2VS,428.13,,500.0,actions:link_click,31266.0,46201.0,0.85626,2025-01-05,55339.0,7.736497,500.0,0.85626,0.903522,662.0,1.196263,0.646722,1.769942,LBE,2024-09-27
2024-10-05,FY24_Q3_CEA_LBE_FBIG_LBE-LBE-PDM-GMG-LTO_PDM Sustain - Brampton EN_CN_L CEA LBE 004_CP2Q2VS,438.68,,678.0,actions:link_click,22064.0,18291.0,0.64702065,2025-01-05,35270.0,12.437766,678.0,0.647021,1.922314,766.0,2.171817,0.572689,1.598532,LBE,2024-09-27
2024-10-05,FY24_Q3_CEA_LBE_FBIG_LBE-LBE-PDM-GMG-LTO_PDM Sustain - Dartmouth EN_CN_L CEA LBE 004_CP2Q2VS,409.46,,440.0,actions:link_click,30977.0,53821.0,0.93059091,2025-01-05,62304.0,6.57197,440.0,0.930591,0.706215,607.0,0.974255,0.674563,2.011299,LBE,2024-09-27
2024-10-05,Kimberly Lawrence - PDM E-Gift Card 2024 - Consideration Boost,595.51,,603.0,actions:link_click,81605.0,114842.0,0.98757877,2024-09-30,114982.0,5.179158,603.0,0.987579,0.52443,821.0,0.714025,0.725347,1.409007,LBE,2024-09-27
2024-10-05,Kimberly Lawrence - TRR E-Gift Card 2024 - Consideration Boost,1151.0,,1125.0,actions:link_click,119653.0,196664.0,1.02311111,2024-09-30,203784.0,5.648137,1125.0,1.023111,0.552055,1831.0,0.8985,0.628618,1.703125,LBE,2024-09-27
2024-10-05,FY24_Q3_CEA_GRP_FBIG_GNE-LBE-PDM-GNE-ALW_Groups and Events - Dartmouth EN_CN_L CEA GRP 003_CP2NK1W,222.06,,178.0,actions:landing_page_view,18061.0,30553.0,1.24752809,2024-12-31,31443.0,7.062303,207.0,1.072754,0.658334,288.0,0.915943,0.771042,1.740934,LBE,2024-09-27
2024-10-05,FY24_Q3_CEA_GRP_FBIG_GNE-LBE-PDM-GNE-ALW_Groups and Events - Brampton EN_CN_L CEA GRP 003_CP2NK1W,201.06,,195.0,actions:landing_page_view,19976.0,27778.0,1.03107692,2024-12-31,27540.0,7.300654,209.0,0.96201,0.758896,270.0,0.980392,0.744667,1.378654,LBE,2024-09-27
2024-10-05,FY24_Q3_CEA_GRP_FBIG_GNE-LBE-TRR-GNE-ALW_Group and Events - EN_CN_L CEA GRP 002_CP2NK61,530.36,,433.0,actions:landing_page_view,65394.0,66378.0,1.22484988,2024-12-31,89203.0,5.94554,510.0,1.039922,0.57173,845.0,0.947278,0.627645,1.364085,LBE,2024-09-27
2024-09-28,FY24_Q3_CEA_GRP_FBIG_GNE-LBE-PDM-GNE-ALW_Groups and Events - Whitby EN_CN_L CEA GRP 003_CP2NK1W,744.23,,593.0,actions:landing_page_view,43384.0,26815.0,1.2550253,2024-12-31,100880.0,7.377379,658.0,1.131049,0.65226,905.0,0.897105,0.822354,2.325281,LBE,2024-09-20
2024-09-28,Kimberly Lawrence - PDM E-Gift Card 2024 - Consideration Boost,2096.02,,2014.0,actions:link_click,177095.0,117188.0,1.04072493,2024-09-30,411301.0,5.096073,2014.0,1.040725,0.489666,2706.0,0.657912,0.774582,2.322488,LBE,2024-09-20
2024-09-28,Kimberly Lawrence - TRR E-Gift Card 2024 - Consideration Boost,3935.5,,3616.0,actions:link_click,215193.0,175385.0,1.0883573,2024-09-30,648987.0,6.064066,3616.0,1.088357,0.557176,5723.0,0.881836,0.687664,3.015837,LBE,2024-09-20
2024-09-28,FY24_Q3_CEA_GRP_FBIG_GNE-LBE-PDM-GNE-ALW_Groups and Events - Dartmouth EN_CN_L CEA GRP 003_CP2NK1W,760.85,,497.0,actions:landing_page_view,32103.0,26028.0,1.53088531,2024-12-31,97111.0,7.834849,591.0,1.287394,0.608582,862.0,0.887644,0.882657,3.024982,LBE,2024-09-20
2024-09-28,FY24_Q3_CEA_GRP_FBIG_GNE-LBE-PDM-GNE-ALW_Groups and Events - Brampton EN_CN_L CEA GRP 003_CP2NK1W,742.07,,561.0,actions:landing_page_view,49747.0,26552.0,1.32276292,2024-12-31,99414.0,7.464442,640.0,1.159484,0.643773,860.0,0.865069,0.862872,1.998392,LBE,2024-09-20
2024-09-28,FY24_Q3_CEA_GRP_FBIG_GNE-LBE-TRR-GNE-ALW_Group and Events - EN_CN_L CEA GRP 002_CP2NK61,1893.06,,1437.0,actions:landing_page_view,159502.0,72293.0,1.31736952,2024-12-31,331701.0,5.707128,1700.0,1.113565,0.51251,2747.0,0.828155,0.689137,2.079604,LBE,2024-09-20
2024-09-21,FY24_Q3_CEA_GRP_FBIG_GNE-LBE-PDM-GNE-ALW_Groups and Events - Whitby EN_CN_L CEA GRP 003_CP2NK1W,728.92,,631.0,actions:landing_page_view,50026.0,,1.15518225,2024-12-31,103690.0,7.0298,695.0,1.048806,0.670267,989.0,0.953805,0.737027,2.072722,LBE,2024-09-13
2024-09-21,Kimberly Lawrence - PDM E-Gift Card 2024 - Consideration Boost,2100.54,,2031.0,actions:link_click,172712.0,,1.03423929,2024-09-30,397880.0,5.27933,2031.0,1.034239,0.510455,2882.0,0.724339,0.728848,2.303719,LBE,2024-09-13
2024-09-21,Kimberly Lawrence - TRR E-Gift Card 2024 - Consideration Boost,3965.47,,4126.0,actions:link_click,281814.0,,0.96109307,2024-09-30,757191.0,5.23708,4126.0,0.961093,0.544909,6307.0,0.832947,0.628741,2.686847,LBE,2024-09-13
2024-09-21,FY24_Q3_CEA_GRP_FBIG_GNE-LBE-PDM-GNE-ALW_Groups and Events - Dartmouth EN_CN_L CEA GRP 003_CP2NK1W,723.65,,523.0,actions:landing_page_view,35824.0,,1.38365201,2024-12-31,95712.0,7.560703,619.0,1.169063,0.646732,965.0,1.008233,0.749896,2.671728,LBE,2024-09-13
2024-09-21,FY24_Q3_CEA_GRP_FBIG_GNE-LBE-PDM-GNE-ALW_Groups and Events - Brampton EN_CN_L CEA GRP 003_CP2NK1W,746.77,,620.0,actions:landing_page_view,51347.0,,1.20446774,2024-12-31,102686.0,7.272364,694.0,1.076037,0.675847,954.0,0.929046,0.782778,1.999844,LBE,2024-09-13
2024-09-21,FY24_Q3_CEA_GRP_FBIG_GNE-LBE-TRR-GNE-ALW_Group and Events - EN_CN_L CEA GRP 002_CP2NK61,1878.45,,1606.0,actions:landing_page_view,147610.0,,1.16964508,2024-12-31,294993.0,6.367778,1885.0,0.996525,0.638998,3283.0,1.112908,0.572175,1.998462,LBE,2024-09-13
2024-09-14,FY24_Q3_CEA_GRP_FBIG_GNE-LBE-PDM-GNE-ALW_Groups and Events - Whitby EN_CN_L CEA GRP 003_CP2NK1W,760.22,,693.0,actions:landing_page_view,51166.0,,1.09699856,2024-12-31,115169.0,6.600908,792.0,0.959874,0.687685,1082.0,0.939489,0.702606,2.250889,LBE,2024-09-06
2024-09-14,Kimberly Lawrence - PDM E-Gift Card 2024 - Consideration Boost,2125.48,,2154.0,actions:link_click,169628.0,,0.98675952,2024-09-30,392288.0,5.418162,2154.0,0.98676,0.549086,3154.0,0.804001,0.6739,2.312637,LBE,2024-09-06
2024-09-14,Kimberly Lawrence - TRR E-Gift Card 2024 - Consideration Boost,3976.1,,4297.0,actions:link_click,304637.0,,0.92531999,2024-09-30,797014.0,4.988745,4297.0,0.92532,0.539137,6989.0,0.876898,0.568908,2.616274,LBE,2024-09-06
2024-09-14,FY24_Q3_CEA_GRP_FBIG_GNE-LBE-PDM-GNE-ALW_Groups and Events - Dartmouth EN_CN_L CEA GRP 003_CP2NK1W,761.89,,579.0,actions:landing_page_view,36871.0,,1.31587219,2024-12-31,105543.0,7.218764,704.0,1.08223,0.667027,1028.0,0.974011,0.741138,2.862494,LBE,2024-09-06
2024-09-14,FY24_Q3_CEA_GRP_FBIG_GNE-LBE-PDM-GNE-ALW_Groups and Events - Brampton EN_CN_L CEA GRP 003_CP2NK1W,765.38,,653.0,actions:landing_page_view,55099.0,,1.17209801,2024-12-31,109548.0,6.986709,756.0,1.012407,0.690108,1052.0,0.96031,0.727548,1.988203,LBE,2024-09-06
2024-09-14,FY24_Q3_CEA_GRP_FBIG_GNE-LBE-TRR-GNE-ALW_Group and Events - EN_CN_L CEA GRP 002_CP2NK61,1931.98,,1791.0,actions:landing_page_view,139200.0,,1.0787158,2024-12-31,283781.0,6.807996,2087.0,0.925721,0.735426,2722.0,0.95919,0.709765,2.038657,LBE,2024-09-06
2024-09-07,FY24_Q3_CEA_GRP_FBIG_GNE-LBE-PDM-GNE-ALW_Groups and Events - Whitby EN_CN_L CEA GRP 003_CP2NK1W,775.74,,708.0,actions:landing_page_view,54926.0,,1.09567797,2024-12-31,126601.0,6.12744,791.0,0.980708,0.624798,1093.0,0.863342,0.709735,2.304938,LBE,2024-08-30
2024-09-07,Kimberly Lawrence - PDM E-Gift Card 2024 - Consideration Boost,1082.45,,1096.0,actions:link_click,119099.0,,0.98763686,2024-09-30,212449.0,5.095105,1096.0,0.987637,0.515889,1971.0,0.927752,0.549188,1.783802,LBE,2024-08-30
2024-09-07,Kimberly Lawrence - TRR E-Gift Card 2024 - Consideration Boost,1971.93,,2547.0,actions:link_click,255788.0,,0.77421673,2024-09-30,482263.0,4.08891,2547.0,0.774217,0.528135,5156.0,1.069126,0.382453,1.885401,LBE,2024-08-30
2024-09-07,FY24_Q3_CEA_GRP_FBIG_GNE-LBE-PDM-GNE-ALW_Groups and Events - Dartmouth EN_CN_L CEA GRP 003_CP2NK1W,773.65,,614.0,actions:landing_page_view,38210.0,,1.26001629,2024-12-31,114624.0,6.749459,720.0,1.074514,0.628141,1017.0,0.887249,0.760718,2.999843,LBE,2024-08-30
2024-09-07,FY24_Q3_CEA_GRP_FBIG_GNE-LBE-PDM-GNE-ALW_Groups and Events - Brampton EN_CN_L CEA GRP 003_CP2NK1W,771.53,,695.0,actions:landing_page_view,54752.0,,1.11011511,2024-12-31,118441.0,6.514045,825.0,0.935188,0.696549,1099.0,0.927888,0.702029,2.163227,LBE,2024-08-30
2024-09-07,FY24_Q3_CEA_GRP_FBIG_GNE-LBE-TRR-GNE-ALW_Group and Events - EN_CN_L CEA GRP 002_CP2NK61,1946.29,,1797.0,actions:landing_page_view,157325.0,,1.08307735,2024-12-31,351830.0,5.531905,2147.0,0.906516,0.610238,2935.0,0.83421,0.663131,2.236326,LBE,2024-08-30
2024-08-31,FY24_Q3_CEA_GRP_FBIG_GNE-LBE-PDM-GNE-ALW_Groups and Events - Whitby EN_CN_L CEA GRP 003_CP2NK1W,778.44,,681.0,actions:landing_page_view,49211.0,,1.1430837,2024-12-31,110939.0,7.016829,786.0,0.990382,0.708497,1070.0,0.964494,0.727514,2.254354,LBE,2024-08-23
2024-08-31,FY24_Q3_CEA_GRP_FBIG_GNE-LBE-PDM-GNE-ALW_Groups and Events - Dartmouth EN_CN_L CEA GRP 003_CP2NK1W,760.31,,565.0,actions:landing_page_view,38486.0,,1.34568142,2024-12-31,113360.0,6.70704,681.0,1.116461,0.600741,1011.0,0.891849,0.752038,2.945487,LBE,2024-08-23
2024-08-31,FY24_Q3_CEA_GRP_FBIG_GNE-LBE-PDM-GNE-ALW_Groups and Events - Brampton EN_CN_L CEA GRP 003_CP2NK1W,771.68,,626.0,actions:landing_page_view,52818.0,,1.23271565,2024-12-31,110369.0,6.991818,747.0,1.033039,0.67682,1024.0,0.927797,0.753594,2.08961,LBE,2024-08-23
2024-08-31,FY24_Q3_CEA_GRP_FBIG_GNE-LBE-TRR-GNE-ALW_Group and Events - EN_CN_L CEA GRP 002_CP2NK61,1958.07,,1738.0,actions:landing_page_view,165663.0,,1.12662255,2024-12-31,360303.0,5.434509,2133.0,0.917989,0.592002,3381.0,0.938377,0.579139,2.174915,LBE,2024-08-23
2024-08-24,FY24_Q3_CEA_GRP_FBIG_GNE-LBE-PDM-GNE-ALW_Groups and Events - Whitby EN_CN_L CEA GRP 003_CP2NK1W,368.73,,292.0,actions:landing_page_view,24384.0,,1.26277397,2024-12-31,41568.0,8.870525,374.0,0.985909,0.899731,489.0,1.176386,0.754049,1.704724,LBE,2024-08-16
2024-08-24,FY24_Q3_CEA_GRP_FBIG_GNE-LBE-PDM-GNE-ALW_Groups and Events - Dartmouth EN_CN_L CEA GRP 003_CP2NK1W,356.03,,264.0,actions:landing_page_view,23698.0,,1.34859848,2024-12-31,47975.0,7.421157,329.0,1.082158,0.685774,517.0,1.077645,0.688646,2.024432,LBE,2024-08-16
2024-08-24,FY24_Q3_CEA_GRP_FBIG_GNE-LBE-PDM-GNE-ALW_Groups and Events - Brampton EN_CN_L CEA GRP 003_CP2NK1W,359.93,,295.0,actions:landing_page_view,27876.0,,1.22010169,2024-12-31,43969.0,8.185995,352.0,1.022528,0.800564,476.0,1.082581,0.756155,1.577307,LBE,2024-08-16
2024-08-24,FY24_Q3_CEA_GRP_FBIG_GNE-LBE-TRR-GNE-ALW_Group and Events - EN_CN_L CEA GRP 002_CP2NK61,923.11,,730.0,actions:landing_page_view,87374.0,,1.26453425,2024-12-31,146998.0,6.279745,948.0,0.973745,0.644907,1523.0,1.036069,0.606113,1.6824,LBE,2024-08-16
2024-08-17,FY24_Q2_CEA_LBE_FBIG_LBE-LBE-TRR-LBE-LTO_TRR TOM (High Performing Locations)_CN_L CEA TLB 003_CP2L436,3421.88,,4837.0,actions:link_click,338267.0,,0.70743849,2024-08-31,597959.0,5.7226,4837.0,0.707438,0.808918,7692.0,1.286376,0.444862,1.767713,LBE,2024-08-09
2024-08-17,FY24_Q2_CEA_LBE_FBIG_LBE-LBE-TRR-LBE-LTO_TRR TOM (Low Performing Locations)_CN_L CEA TLB 003_CP2L436,3609.98,,4309.0,actions:link_click,364693.0,,0.83777675,2024-08-31,715391.0,5.046164,4309.0,0.837777,0.602328,6881.0,0.961852,0.52463,1.961625,LBE,2024-08-09
2024-08-17,FY24_Q2 to Q3_CEA_LBE_FBIG_LBE-LBE-PDM-LBE-LTO_PDM TOM_CN_L CEA LBE 002_CP2L453,1617.96,,1745.0,actions:link_click,156792.0,,0.92719771,2024-09-02,289857.0,5.581925,1745.0,0.927198,0.602021,2140.0,0.738295,0.756056,1.848672,LBE,2024-08-09
2024-08-10,FY24_Q2_CEA_LBE_FBIG_LBE-LBE-TRR-LBE-LTO_TRR TOM (High Performing Locations)_CN_L CEA TLB 003_CP2L436,6679.13,,10168.0,actions:link_click,467819.0,,0.65687746,2024-08-31,1178886.0,5.665628,10168.0,0.656877,0.862509,15639.0,1.326591,0.427082,2.519962,LBE,2024-08-02
2024-08-10,FY24_Q2_CEA_LBE_FBIG_LBE-LBE-TRR-LBE-LTO_TRR TOM (Low Performing Locations)_CN_L CEA TLB 003_CP2L436,7018.43,,8411.0,actions:link_click,511288.0,,0.83443467,2024-08-31,1484796.0,4.726865,8411.0,0.834435,0.566475,13707.0,0.923157,0.512033,2.904031,LBE,2024-08-02
2024-08-10,FY24_Q2 to Q3_CEA_LBE_FBIG_LBE-LBE-PDM-LBE-LTO_PDM TOM_CN_L CEA LBE 002_CP2L453,3124.82,,3569.0,actions:link_click,218066.0,,0.87554497,2024-09-02,583238.0,5.35771,3569.0,0.875545,0.611929,4629.0,0.793673,0.675053,2.674594,LBE,2024-08-02
2024-08-03,FY24_Q2_CEA_LBE_FBIG_LBE-LBE-TRR-LBE-LTO_TRR TOM (High Performing Locations)_CN_L CEA TLB 003_CP2L436,6878.93,,9803.0,actions:link_click,535711.0,,0.70171682,2024-08-31,1314576.0,5.232813,9803.0,0.701717,0.745716,17505.0,1.331608,0.392969,2.45389,LBE,2024-07-26
2024-08-03,FY24_Q2_CEA_LBE_FBIG_LBE-LBE-TRR-LBE-LTO_TRR TOM (Low Performing Locations)_CN_L CEA TLB 003_CP2L436,7097.17,,8704.0,actions:link_click,523000.0,,0.81539177,2024-08-31,1389213.0,5.10877,8704.0,0.815392,0.626542,13899.0,1.000495,0.510625,2.656239,LBE,2024-07-26
2024-08-03,FY24_Q2 to Q3_CEA_LBE_FBIG_LBE-LBE-PDM-LBE-LTO_PDM TOM_CN_L CEA LBE 002_CP2L453,3253.98,,3604.0,actions:link_click,219889.0,,0.90288013,2024-09-02,563959.0,5.769888,3604.0,0.90288,0.639054,4453.0,0.789596,0.730739,2.564744,LBE,2024-07-26
2024-07-27,FY24_Q2_CEA_LBE_FBIG_LBE-LBE-TRR-LBE-LTO_TRR TOM (High Performing Locations)_CN_L CEA TLB 003_CP2L436,6607.18,,9937.0,actions:link_click,502315.0,,0.66490691,2024-08-31,1263131.0,5.230796,9937.0,0.664907,0.786696,20229.0,1.601497,0.326619,2.514619,LBE,2024-07-19
2024-07-27,FY24_Q2_CEA_LBE_FBIG_LBE-LBE-TRR-LBE-LTO_TRR TOM (Low Performing Locations)_CN_L CEA TLB 003_CP2L436,7015.77,,8610.0,actions:link_click,468547.0,,0.81483972,2024-08-31,1321013.0,5.310902,8610.0,0.81484,0.651773,15132.0,1.145485,0.463638,2.819382,LBE,2024-07-19
2024-07-27,FY24_Q2 to Q3_CEA_LBE_FBIG_LBE-LBE-PDM-LBE-LTO_PDM TOM_CN_L CEA LBE 002_CP2L453,3200.44,,3395.0,actions:link_click,215822.0,,0.94269219,2024-09-02,530796.0,6.02951,3395.0,0.942692,0.639605,4156.0,0.782975,0.770077,2.459416,LBE,2024-07-19
2024-07-20,FY24_Q2_CEA_LBE_FBIG_LBE-LBE-TRR-LBE-LTO_TRR TOM (High Performing Locations)_CN_L CEA TLB 003_CP2L436,6854.74,,10786.0,actions:link_click,498983.0,,0.63552197,2024-08-31,1085469.0,6.315003,10786.0,0.635522,0.993672,19482.0,1.7948,0.35185,2.175363,LBE,2024-07-12
2024-07-20,FY24_Q2_CEA_LBE_FBIG_LBE-LBE-TRR-LBE-LTO_TRR TOM (Low Performing Locations)_CN_L CEA TLB 003_CP2L436,7122.9,,9308.0,actions:link_click,441256.0,,0.76524495,2024-08-31,1167149.0,6.10282,9308.0,0.765245,0.797499,15732.0,1.3479,0.452765,2.645061,LBE,2024-07-12
2024-07-20,FY24_Q2 to Q3_CEA_LBE_FBIG_LBE-LBE-PDM-LBE-LTO_PDM TOM_CN_L CEA LBE 002_CP2L453,3205.41,,3469.0,actions:link_click,209594.0,,0.92401557,2024-09-02,531378.0,6.03226,3469.0,0.924016,0.652831,4228.0,0.795667,0.758139,2.535273,LBE,2024-07-12
2024-07-13,FY24_Q2_CEA_LBE_FBIG_LBE-LBE-TRR-LBE-LTO_TRR TOM (High Performing Locations)_CN_L CEA TLB 003_CP2L436,6694.81,,8702.0,actions:link_click,442602.0,,0.76934153,2024-08-31,1018172.0,6.575323,8702.0,0.769342,0.854669,11054.0,1.085671,0.605646,2.300423,LBE,2024-07-05
2024-07-13,FY24_Q2_CEA_LBE_FBIG_LBE-LBE-TRR-LBE-LTO_TRR TOM (Low Performing Locations)_CN_L CEA TLB 003_CP2L436,7094.7,,8661.0,actions:link_click,419815.0,,0.81915483,2024-08-31,1110110.0,6.390988,8661.0,0.819155,0.780193,10840.0,0.97648,0.654493,2.644284,LBE,2024-07-05
2024-07-13,FY24_Q2 to Q3_CEA_LBE_FBIG_LBE-LBE-PDM-LBE-LTO_PDM TOM_CN_L CEA LBE 002_CP2L453,3197.44,,3547.0,actions:link_click,199043.0,,0.90144911,2024-09-02,533780.0,5.990183,3547.0,0.901449,0.664506,4249.0,0.796021,0.752516,2.681732,LBE,2024-07-05
2024-07-06,FY24_Q2_CEA_LBE_FBIG_LBE-LBE-TRR-LBE-LTO_TRR TOM (High Performing Locations)_CN_L CEA TLB 003_CP2L436,6701.19,,8822.0,actions:link_click,439498.0,,0.75959986,2024-08-31,981843.0,6.825114,8822.0,0.7596,0.898514,11154.0,1.136027,0.600788,2.23401,LBE,2024-06-28
2024-07-06,FY24_Q2_CEA_LBE_FBIG_LBE-LBE-TRR-LBE-LTO_TRR TOM (Low Performing Locations)_CN_L CEA TLB 003_CP2L436,7130.29,,8806.0,actions:link_click,402374.0,,0.80970815,2024-08-31,1080998.0,6.596025,8806.0,0.809708,0.814618,10852.0,1.003887,0.657048,2.68655,LBE,2024-06-28
2024-07-06,FY24_Q2 to Q3_CEA_LBE_FBIG_LBE-LBE-PDM-LBE-LTO_PDM TOM_CN_L CEA LBE 002_CP2L453,3205.36,,3583.0,actions:link_click,195643.0,,0.89460229,2024-09-02,514531.0,6.229673,3583.0,0.894602,0.696362,4307.0,0.837073,0.744221,2.629948,LBE,2024-06-28
2024-07-06,Q2 to Q2_CEC_TGP_NA_FY24 AO TRR Groups & Event_FBIG_TC_EN_L CEC TGP 141_CP2JQYP,69.08,,78.0,actions:landing_page_view,9648.0,,0.88564103,2024-06-30,10470.0,6.597899,80.0,0.8635,0.764088,99.0,0.945559,0.697778,1.085199,LBE,2024-06-28
2024-07-06,Q2 to Q2_CEC_GRP_PDM_FY24 PDM Dartmouth_FBIG_CVS_ENFR_L CEC TGP 143_CP2JQX5,50.83,,45.0,actions:landing_page_view,7703.0,,1.12955556,2024-06-30,9387.0,5.414936,50.0,1.0166,0.532652,75.0,0.798977,0.677733,1.218616,LBE,2024-06-28
2024-07-06,Q2 to Q2_CEC_GRP_PDM_FY24 PDM Whitby_FBIG_CVS_ENFR_L CEC TGP 143_CP2JQX5,49.46,,46.0,actions:landing_page_view,6712.0,,1.07521739,2024-06-30,8060.0,6.136476,53.0,0.933208,0.657568,75.0,0.930521,0.659467,1.200834,LBE,2024-06-28
2024-07-06,Q2 to Q2_CEC_GRP_PDM_FY24 PDM Brampton_FBIG_CVS_ENFR_L CEC TGP 143_CP2JQX5,49.8,,41.0,actions:landing_page_view,7278.0,,1.21463415,2024-06-30,8364.0,5.954089,48.0,1.0375,0.573888,64.0,0.765184,0.778125,1.149217,LBE,2024-06-28
2024-06-29,FY24_Q2_CEA_LBE_FBIG_LBE-LBE-TRR-LBE-LTO_TRR TOM (High Performing Locations)_CN_L CEA TLB 003_CP2L436,6851.37,,8068.0,actions:link_click,430800.0,,0.84920302,2024-08-31,943886.0,7.258684,8068.0,0.849203,0.854764,10601.0,1.123123,0.646295,2.191007,LBE,2024-06-21
2024-06-29,FY24_Q2_CEA_LBE_FBIG_LBE-LBE-TRR-LBE-LTO_TRR TOM (Low Performing Locations)_CN_L CEA TLB 003_CP2L436,7233.28,,7914.0,actions:link_click,385984.0,,0.91398534,2024-08-31,1021129.0,7.08361,7914.0,0.913985,0.775025,10132.0,0.992235,0.713904,2.645522,LBE,2024-06-21
2024-06-29,FY24_Q2 to Q3_CEA_LBE_FBIG_LBE-LBE-PDM-LBE-LTO_PDM TOM_CN_L CEA LBE 002_CP2L453,3230.5,,3187.0,actions:link_click,192631.0,,1.0136492,2024-09-02,507945.0,6.359941,3187.0,1.013649,0.62743,3845.0,0.756972,0.840182,2.636881,LBE,2024-06-21
2024-06-29,Q2 to Q2_CEC_TGP_NA_FY24 AO TRR Groups & Event_FBIG_TC_EN_L CEC TGP 141_CP2JQYP,918.98,,839.0,actions:landing_page_view,65093.0,,1.09532777,2024-06-30,121415.0,7.568917,1110.0,0.82791,0.91422,1449.0,1.193428,0.634217,1.865254,LBE,2024-06-21
2024-06-29,Q2 to Q2_CEC_GRP_PDM_FY24 PDM Dartmouth_FBIG_CVS_ENFR_L CEC TGP 143_CP2JQX5,383.08,,281.0,actions:landing_page_view,28581.0,,1.36327402,2024-06-30,68204.0,5.616679,352.0,1.088295,0.516099,547.0,0.802006,0.700329,2.386341,LBE,2024-06-21
2024-06-29,Q2 to Q2_CEC_GRP_PDM_FY24 PDM Whitby_FBIG_CVS_ENFR_L CEC TGP 143_CP2JQX5,374.95,,340.0,actions:landing_page_view,29664.0,,1.10279412,2024-06-30,59463.0,6.305602,384.0,0.976432,0.64578,508.0,0.854313,0.738091,2.004551,LBE,2024-06-21
2024-06-29,Q2 to Q2_CEC_GRP_PDM_FY24 PDM Brampton_FBIG_CVS_ENFR_L CEC TGP 143_CP2JQX5,376.43,,327.0,actions:landing_page_view,32590.0,,1.15116208,2024-06-30,61281.0,6.142687,385.0,0.97774,0.628253,528.0,0.861605,0.712936,1.880362,LBE,2024-06-21
2024-06-22,FY24_Q2_CEA_LBE_FBIG_LBE-LBE-TRR-LBE-LTO_TRR TOM (High Performing Locations)_CN_L CEA TLB 003_CP2L436,6776.8,,8836.0,actions:link_click,418930.0,,0.76695337,2024-08-31,898630.0,7.541257,8836.0,0.766953,0.983275,11029.0,1.227313,0.614453,2.14506,LBE,2024-06-14
2024-06-22,FY24_Q2_CEA_LBE_FBIG_LBE-LBE-TRR-LBE-LTO_TRR TOM (Low Performing Locations)_CN_L CEA TLB 003_CP2L436,7228.75,,8797.0,actions:link_click,412056.0,,0.821729,2024-08-31,941130.0,7.680926,8797.0,0.821729,0.934727,10581.0,1.124287,0.683182,2.283986,LBE,2024-06-14
2024-06-22,FY24_Q2 to Q3_CEA_LBE_FBIG_LBE-LBE-PDM-LBE-LTO_PDM TOM_CN_L CEA LBE 002_CP2L453,3286.14,,3423.0,actions:link_click,190275.0,,0.96001753,2024-09-02,530807.0,6.190838,3423.0,0.960018,0.644867,4097.0,0.771844,0.802084,2.789683,LBE,2024-06-14
2024-06-22,Q2 to Q2_CEC_TGP_NA_FY24 AO TRR Groups & Event_FBIG_TC_EN_L CEC TGP 141_CP2JQYP,951.53,,942.0,actions:landing_page_view,67625.0,,1.01011677,2024-06-30,121560.0,7.827657,1177.0,0.808437,0.968246,1502.0,1.235604,0.633509,1.79756,LBE,2024-06-14
2024-06-22,Q2 to Q2_CEC_GRP_PDM_FY24 PDM Dartmouth_FBIG_CVS_ENFR_L CEC TGP 143_CP2JQX5,395.71,,304.0,actions:landing_page_view,28652.0,,1.30167763,2024-06-30,67047.0,5.901979,377.0,1.049629,0.562292,603.0,0.899369,0.656235,2.340046,LBE,2024-06-14
2024-06-22,Q2 to Q2_CEC_GRP_PDM_FY24 PDM Whitby_FBIG_CVS_ENFR_L CEC TGP 143_CP2JQX5,390.98,,357.0,actions:landing_page_view,31554.0,,1.09518207,2024-06-30,61498.0,6.357605,406.0,0.963005,0.660184,542.0,0.881329,0.721365,1.948976,LBE,2024-06-14
2024-06-22,Q2 to Q2_CEC_GRP_PDM_FY24 PDM Brampton_FBIG_CVS_ENFR_L CEC TGP 143_CP2JQX5,390.14,,346.0,actions:landing_page_view,33835.0,,1.12757225,2024-06-30,62814.0,6.211036,413.0,0.944649,0.657497,544.0,0.866049,0.717169,1.85648,LBE,2024-06-14
2024-06-15,FY24_Q2_CEA_LBE_FBIG_LBE-LBE-TRR-LBE-LTO_TRR TOM (High Performing Locations)_CN_L CEA TLB 003_CP2L436,6690.37,,9450.0,actions:link_click,371029.0,,0.70797566,2024-08-31,763311.0,8.764933,9450.0,0.707976,1.238027,11385.0,1.491528,0.587648,2.057281,LBE,2024-06-07
2024-06-15,FY24_Q2_CEA_LBE_FBIG_LBE-LBE-TRR-LBE-LTO_TRR TOM (Low Performing Locations)_CN_L CEA TLB 003_CP2L436,7205.64,,9329.0,actions:link_click,368875.0,,0.77239147,2024-08-31,774681.0,9.301429,9329.0,0.772391,1.204238,10743.0,1.386764,0.670729,2.100118,LBE,2024-06-07
2024-06-15,FY24_Q2 to Q3_CEA_LBE_FBIG_LBE-LBE-PDM-LBE-LTO_PDM TOM_CN_L CEA LBE 002_CP2L453,3200.36,,3264.0,actions:link_click,182134.0,,0.98050245,2024-09-02,455680.0,7.023262,3264.0,0.980502,0.716292,3828.0,0.840063,0.83604,2.501894,LBE,2024-06-07
2024-06-15,Q2 to Q2_CEC_TGP_NA_FY24 AO TRR Groups & Event_FBIG_TC_EN_L CEC TGP 141_CP2JQYP,963.45,,854.0,actions:landing_page_view,67897.0,,1.12816159,2024-06-30,123952.0,7.772767,1076.0,0.8954,0.868078,1377.0,1.110914,0.699673,1.825589,LBE,2024-06-07
2024-06-15,Q2 to Q2_CEC_GRP_PDM_FY24 PDM Dartmouth_FBIG_CVS_ENFR_L CEC TGP 143_CP2JQX5,392.66,,321.0,actions:landing_page_view,26109.0,,1.22323988,2024-06-30,62700.0,6.26252,393.0,0.999135,0.626794,607.0,0.968102,0.646886,2.401471,LBE,2024-06-07
2024-06-15,Q2 to Q2_CEC_GRP_PDM_FY24 PDM Whitby_FBIG_CVS_ENFR_L CEC TGP 143_CP2JQX5,390.46,,344.0,actions:landing_page_view,30173.0,,1.13505814,2024-06-30,59379.0,6.575725,391.0,0.998619,0.658482,508.0,0.855521,0.768622,1.967951,LBE,2024-06-07
2024-06-15,Q2 to Q2_CEC_GRP_PDM_FY24 PDM Brampton_FBIG_CVS_ENFR_L CEC TGP 143_CP2JQX5,390.21,,326.0,actions:landing_page_view,33116.0,,1.19696319,2024-06-30,59752.0,6.530493,370.0,1.054622,0.619226,493.0,0.825077,0.791501,1.804324,LBE,2024-06-07
2024-06-08,FY24_Q2_CEA_LBE_FBIG_LBE-LBE-TRR-LBE-LTO_TRR TOM (High Performing Locations)_CN_L CEA TLB 003_CP2L436,4353.11,,6192.0,actions:link_click,285164.0,,0.70302164,2024-08-31,518759.0,8.391392,6192.0,0.703022,1.193618,7553.0,1.455975,0.576342,1.81916,LBE,2024-05-31
2024-06-08,FY24_Q2_CEA_LBE_FBIG_LBE-LBE-TRR-LBE-LTO_TRR TOM (Low Performing Locations)_CN_L CEA TLB 003_CP2L436,4719.42,,6505.0,actions:link_click,283107.0,,0.72550653,2024-08-31,531612.0,8.877565,6505.0,0.725507,1.223637,7553.0,1.420773,0.62484,1.877778,LBE,2024-05-31
2024-06-08,FY24_Q2 to Q3_CEA_LBE_FBIG_LBE-LBE-PDM-LBE-LTO_PDM TOM_CN_L CEA LBE 002_CP2L453,3311.39,,3678.0,actions:link_click,194782.0,,0.90032355,2024-09-02,507733.0,6.521912,3678.0,0.900324,0.724396,4194.0,0.826025,0.789554,2.606673,LBE,2024-05-31
2024-06-08,Q2 to Q2_CEC_TGP_NA_FY24 AO TRR Groups & Event_FBIG_TC_EN_L CEC TGP 141_CP2JQYP,975.75,,1004.0,actions:landing_page_view,85769.0,,0.97186255,2024-06-30,154375.0,6.320648,1268.0,0.769519,0.821377,1677.0,1.086316,0.581843,1.799893,LBE,2024-05-31
2024-06-08,Q2 to Q2_CEC_GRP_PDM_FY24 PDM Dartmouth_FBIG_CVS_ENFR_L CEC TGP 143_CP2JQX5,393.71,,338.0,actions:landing_page_view,29461.0,,1.16482249,2024-06-30,69130.0,5.695212,412.0,0.955607,0.595979,608.0,0.879502,0.647549,2.346492,LBE,2024-05-31
2024-06-08,Q2 to Q2_CEC_GRP_PDM_FY24 PDM Whitby_FBIG_CVS_ENFR_L CEC TGP 143_CP2JQX5,389.96,,391.0,actions:landing_page_view,29749.0,,0.99734015,2024-06-30,63058.0,6.184148,452.0,0.862743,0.7168,582.0,0.92296,0.670034,2.119668,LBE,2024-05-31
2024-06-08,Q2 to Q2_CEC_GRP_PDM_FY24 PDM Brampton_FBIG_CVS_ENFR_L CEC TGP 143_CP2JQX5,395.55,,440.0,actions:landing_page_view,33043.0,,0.89897727,2024-06-30,63539.0,6.22531,499.0,0.792685,0.785344,646.0,1.016698,0.612307,1.922919,LBE,2024-05-31
2024-06-01,Q1 to Q2_CEC_LBE_TRR_FY24 LBE TRR TOM (Low Performing Locations)_FBIG_TC_EN_L CEC TLB 117_CP2GB6Y_JoshTeixeira,10882.64,,13769.0,actions:link_click,537099.0,,0.79037258,2024-05-31,1268837.0,8.576862,13769.0,0.790373,1.085167,15851.0,1.249254,0.686559,2.362389,LBE,2024-05-24
2024-06-01,Q1 to Q2_CEC_LBE_TRR_FY24 LBE TRR TOM (High Performing Locations) _FBIG_TC_EN_L CEC TLB 117_CP2GB6Y_JoshTeixeira,5798.71,,8527.0,actions:link_click,346760.0,,0.68004105,2024-05-31,663402.0,8.740869,8527.0,0.680041,1.285344,10597.0,1.597372,0.547203,1.913145,LBE,2024-05-24
2024-06-01,FY24_Q2 to Q3_CEA_LBE_FBIG_LBE-LBE-PDM-LBE-LTO_PDM TOM_CN_L CEA LBE 002_CP2L453,351.9,,322.0,actions:link_click,46466.0,,1.09285714,2024-09-02,55970.0,6.287297,322.0,1.092857,0.575308,375.0,0.670002,0.9384,1.204537,LBE,2024-05-24
2024-06-01,Q2 to Q2_CEC_TGP_NA_FY24 AO TRR Groups & Event_FBIG_TC_EN_L CEC TGP 141_CP2JQYP,986.54,,939.0,actions:landing_page_view,87527.0,,1.05062833,2024-06-30,158992.0,6.204966,1094.0,0.901773,0.688085,1380.0,0.867968,0.714884,1.816491,LBE,2024-05-24
2024-06-01,Q2 to Q2_CEC_GRP_PDM_FY24 PDM Dartmouth_FBIG_CVS_ENFR_L CEC TGP 143_CP2JQX5,399.94,,344.0,actions:landing_page_view,28684.0,,1.16261628,2024-06-30,72287.0,5.532668,432.0,0.925787,0.597618,618.0,0.854926,0.647152,2.520116,LBE,2024-05-24
2024-06-01,Q2 to Q2_CEC_GRP_PDM_FY24 PDM Whitby_FBIG_CVS_ENFR_L CEC TGP 143_CP2JQX5,399.7,,427.0,actions:landing_page_view,28946.0,,0.93606557,2024-06-30,66408.0,6.018853,486.0,0.822428,0.73184,623.0,0.93814,0.641573,2.294203,LBE,2024-05-24
2024-06-01,Q2 to Q2_CEC_GRP_PDM_FY24 PDM Brampton_FBIG_CVS_ENFR_L CEC TGP 143_CP2JQX5,401.95,,390.0,actions:landing_page_view,33527.0,,1.03064103,2024-06-30,66046.0,6.08591,441.0,0.911451,0.667716,576.0,0.872119,0.69783,1.969935,LBE,2024-05-24
2024-06-01,Q1 to Q2_CEC_LBE_PDM_FY24 LBE PDM Locations TOM  Always On_FBIG_TC_EN_L CEC TLB 118_CP2GB81_JoshTeixeira,5221.8,,6099.0,actions:link_click,263985.0,,0.85617314,2024-05-31,641198.0,8.143818,6099.0,0.856173,0.951188,6687.0,1.042892,0.780888,2.428918,LBE,2024-05-24
2024-05-25,Q1 to Q2_CEC_LBE_TRR_FY24 LBE TRR TOM (Low Performing Locations)_FBIG_TC_EN_L CEC TLB 117_CP2GB6Y_JoshTeixeira,12751.61,,16403.0,actions:link_click,621969.0,,0.77739499,2024-05-31,1521515.0,8.380864,16403.0,0.777395,1.07807,18713.0,1.229893,0.681431,2.446288,LBE,2024-05-17
2024-05-25,Q1 to Q2_CEC_LBE_TRR_FY24 LBE TRR TOM (High Performing Locations) _FBIG_TC_EN_L CEC TLB 117_CP2GB6Y_JoshTeixeira,6786.83,,10162.0,actions:link_click,425251.0,,0.66786361,2024-05-31,780659.0,8.693719,10162.0,0.667864,1.301721,11790.0,1.510262,0.575643,1.835761,LBE,2024-05-17
2024-05-25,Q2 to Q2_CEC_TGP_NA_FY24 AO TRR Groups & Event_FBIG_TC_EN_L CEC TGP 141_CP2JQYP,966.55,,958.0,actions:landing_page_view,87823.0,,1.00892484,2024-06-30,159890.0,6.045094,1124.0,0.85992,0.702983,1395.0,0.872475,0.692867,1.820594,LBE,2024-05-17
2024-05-25,Q2 to Q2_CEC_GRP_PDM_FY24 PDM Dartmouth_FBIG_CVS_ENFR_L CEC TGP 143_CP2JQX5,395.03,,319.0,actions:landing_page_view,27753.0,,1.23833856,2024-06-30,71069.0,5.558401,395.0,1.000076,0.555798,594.0,0.835807,0.665034,2.560768,LBE,2024-05-17
2024-05-25,Q2 to Q2_CEC_GRP_PDM_FY24 PDM Whitby_FBIG_CVS_ENFR_L CEC TGP 143_CP2JQX5,398.32,,397.0,actions:landing_page_view,31423.0,,1.00332494,2024-06-30,66382.0,6.000422,457.0,0.871597,0.68844,576.0,0.867705,0.691528,2.112529,LBE,2024-05-17
2024-05-25,Q2 to Q2_CEC_GRP_PDM_FY24 PDM Brampton_FBIG_CVS_ENFR_L CEC TGP 143_CP2JQX5,397.69,,408.0,actions:landing_page_view,34519.0,,0.97473039,2024-06-30,66213.0,6.006222,465.0,0.855247,0.702279,635.0,0.959026,0.626283,1.918161,LBE,2024-05-17
2024-05-25,Q1 to Q2_CEC_LBE_PDM_FY24 LBE PDM Locations TOM  Always On_FBIG_TC_EN_L CEC TLB 118_CP2GB81_JoshTeixeira,6090.63,,7419.0,actions:link_click,298523.0,,0.82095026,2024-05-31,779552.0,7.812987,7419.0,0.82095,0.9517,8111.0,1.040469,0.75091,2.611363,LBE,2024-05-17
2024-05-18,Q1 to Q2_CEC_LBE_TRR_FY24 LBE TRR TOM (Low Performing Locations)_FBIG_TC_EN_L CEC TLB 117_CP2GB6Y_JoshTeixeira,12812.81,,15840.0,actions:link_click,656231.0,,0.80888952,2024-05-31,1733473.0,7.39141,15840.0,0.80889,0.913773,17788.0,1.026148,0.720306,2.641559,LBE,2024-05-10
2024-05-18,Q1 to Q2_CEC_LBE_TRR_FY24 LBE TRR TOM (High Performing Locations) _FBIG_TC_EN_L CEC TLB 117_CP2GB6Y_JoshTeixeira,6692.63,,9955.0,actions:link_click,427122.0,,0.6722883,2024-05-31,859021.0,7.790997,9955.0,0.672288,1.158877,11160.0,1.299153,0.599698,2.011184,LBE,2024-05-10
2024-05-18,Q2 to Q2_CEC_TGP_NA_FY24 AO TRR Groups & Event_FBIG_TC_EN_L CEC TGP 141_CP2JQYP,983.04,,947.0,actions:landing_page_view,85455.0,,1.03805702,2024-06-30,166828.0,5.892536,1125.0,0.873813,0.674347,1399.0,0.838588,0.702673,1.952232,LBE,2024-05-10
2024-05-18,Q2 to Q2_CEC_GRP_PDM_FY24 PDM Dartmouth_FBIG_CVS_ENFR_L CEC TGP 143_CP2JQX5,396.75,,334.0,actions:landing_page_view,26608.0,,1.18787425,2024-06-30,73119.0,5.426086,414.0,0.958333,0.5662,644.0,0.880756,0.616071,2.748008,LBE,2024-05-10
2024-05-18,Q2 to Q2_CEC_GRP_PDM_FY24 PDM Whitby_FBIG_CVS_ENFR_L CEC TGP 143_CP2JQX5,400.4,,366.0,actions:landing_page_view,27703.0,,1.09398907,2024-06-30,67408.0,5.939948,425.0,0.942118,0.630489,571.0,0.84708,0.701226,2.433238,LBE,2024-05-10
2024-05-18,Q2 to Q2_CEC_GRP_PDM_FY24 PDM Brampton_FBIG_CVS_ENFR_L CEC TGP 143_CP2JQX5,398.1,,338.0,actions:landing_page_view,31595.0,,1.17781065,2024-06-30,67471.0,5.900313,386.0,1.031347,0.572098,551.0,0.816647,0.722505,2.135496,LBE,2024-05-10
2024-05-18,Q1 to Q2_CEC_LBE_PDM_FY24 LBE PDM Locations TOM  Always On_FBIG_TC_EN_L CEC TLB 118_CP2GB81_JoshTeixeira,6186.55,,6835.0,actions:link_click,357727.0,,0.90512802,2024-05-31,942580.0,6.563422,6835.0,0.905128,0.725137,7598.0,0.806085,0.814234,2.634914,LBE,2024-05-10
2024-05-11,Q1 to Q2_CEC_LBE_TRR_FY24 LBE TRR TOM (Low Performing Locations)_FBIG_TC_EN_L CEC TLB 117_CP2GB6Y_JoshTeixeira,9148.03,,10472.0,actions:link_click,479736.0,,0.87357047,2024-05-31,1160080.0,7.885689,10472.0,0.87357,0.902696,11894.0,1.025274,0.76913,2.418163,LBE,2024-05-03
2024-05-11,Q1 to Q2_CEC_LBE_TRR_FY24 LBE TRR TOM (High Performing Locations) _FBIG_TC_EN_L CEC TLB 117_CP2GB6Y_JoshTeixeira,6709.07,,9428.0,actions:link_click,408524.0,,0.71161116,2024-05-31,780346.0,8.597558,9428.0,0.711611,1.208182,10558.0,1.35299,0.635449,1.91016,LBE,2024-05-03
2024-05-11,Q2 to Q2_CEC_LBE_NA_TRR Signature Events – Mother’s Day Drag Brunch_FBIG_CVS_EN_L CEA LBE 001_CP2K6FB,9017.08,,41.0,actions:offsite_conversion.fb_pixel_purchase,434696.0,,219.92878049,2024-05-11,1017739.0,8.859914,5643.0,1.597923,0.554464,14857.0,1.459805,0.606925,2.341266,LBE,2024-05-03
2024-05-11,Q2 to Q2_CEC_TGP_NA_FY24 AO TRR Groups & Event_FBIG_TC_EN_L CEC TGP 141_CP2JQYP,999.83,,980.0,actions:landing_page_view,88523.0,,1.02023469,2024-06-30,184723.0,5.412591,1153.0,0.867155,0.624178,1459.0,0.789831,0.685284,2.086723,LBE,2024-05-03
2024-05-11,Q2 to Q2_CEC_GRP_PDM_FY24 PDM Dartmouth_FBIG_CVS_ENFR_L CEC TGP 143_CP2JQX5,272.53,,212.0,actions:landing_page_view,21686.0,,1.28551887,2024-06-30,46657.0,5.841139,267.0,1.020712,0.572261,451.0,0.966629,0.604279,2.15148,LBE,2024-05-03
2024-05-11,Q2 to Q2_CEC_GRP_PDM_FY24 PDM Whitby_FBIG_CVS_ENFR_L CEC TGP 143_CP2JQX5,276.4,,244.0,actions:landing_page_view,24028.0,,1.13278689,2024-06-30,44836.0,6.164689,285.0,0.969825,0.63565,395.0,0.880988,0.699747,1.86599,LBE,2024-05-03
2024-05-11,Q2 to Q2_CEC_GRP_PDM_FY24 PDM Brampton_FBIG_CVS_ENFR_L CEC TGP 143_CP2JQX5,274.38,,239.0,actions:landing_page_view,24036.0,,1.14803347,2024-06-30,43311.0,6.335111,283.0,0.969541,0.653414,401.0,0.925862,0.684239,1.801922,LBE,2024-05-03
2024-05-11,Q1 to Q2_CEC_LBE_PDM_FY24 LBE PDM Locations TOM  Always On_FBIG_TC_EN_L CEC TLB 118_CP2GB81_JoshTeixeira,6184.27,,6835.0,actions:link_click,310968.0,,0.90479444,2024-05-31,848581.0,7.287778,6835.0,0.904794,0.805462,7662.0,0.902919,0.807135,2.728837,LBE,2024-05-03
2024-05-04,Q1 to Q2_CEC_LBE_TRR_FY24 LBE TRR TOM (Low Performing Locations)_FBIG_TC_EN_L CEC TLB 117_CP2GB6Y_JoshTeixeira,12020.48,,14220.0,actions:link_click,572944.0,,0.84532208,2024-05-31,1458703.0,8.240526,14220.0,0.845322,0.974839,16069.0,1.101595,0.748054,2.545978,LBE,2024-04-26
2024-05-04,Q1 to Q2_CEC_LBE_TRR_FY24 LBE TRR TOM (High Performing Locations) _FBIG_TC_EN_L CEC TLB 117_CP2GB6Y_JoshTeixeira,6761.28,,9545.0,actions:link_click,405352.0,,0.7083583,2024-05-31,796595.0,8.487726,9545.0,0.708358,1.198225,10867.0,1.364181,0.622185,1.965193,LBE,2024-04-26
2024-05-04,Q2 to Q2_CEC_LBE_NA_TRR Signature Events – Mother’s Day Drag Brunch_FBIG_CVS_EN_L CEA LBE 001_CP2K6FB,3494.32,,26.0,actions:offsite_conversion.fb_pixel_purchase,226134.0,,134.39692308,2024-05-11,401624.0,8.700476,3882.0,0.900134,0.966576,10880.0,2.709001,0.321169,1.776044,LBE,2024-04-26
2024-05-04,Q2 to Q2_CEC_TGP_NA_FY24 AO TRR Groups & Event_FBIG_TC_EN_L CEC TGP 141_CP2JQYP,1005.82,,982.0,actions:landing_page_view,89349.0,,1.02425662,2024-06-30,179764.0,5.595225,1200.0,0.838183,0.667542,1587.0,0.882824,0.633787,2.011931,LBE,2024-04-26
2024-05-04,Q2 to Q2_CEC_GRP_PDM_FY24 PDM Dartmouth_FBIG_CVS_ENFR_L CEC TGP 143_CP2JQX5,394.2,,322.0,actions:landing_page_view,26347.0,,1.2242236,2024-06-30,71121.0,5.542667,396.0,0.995455,0.556798,643.0,0.904093,0.613064,2.699397,LBE,2024-04-26
2024-05-04,Q2 to Q2_CEC_GRP_PDM_FY24 PDM Whitby_FBIG_CVS_ENFR_L CEC TGP 143_CP2JQX5,397.55,,341.0,actions:landing_page_view,26987.0,,1.16583578,2024-06-30,69627.0,5.70971,402.0,0.98893,0.577362,561.0,0.805722,0.708645,2.58002,LBE,2024-04-26
2024-05-04,Q2 to Q2_CEC_GRP_PDM_FY24 PDM Brampton_FBIG_CVS_ENFR_L CEC TGP 143_CP2JQX5,395.99,,330.0,actions:landing_page_view,28356.0,,1.1999697,2024-06-30,67392.0,5.87592,399.0,0.992456,0.592058,561.0,0.832443,0.705865,2.37664,LBE,2024-04-26
2024-05-04,Q1 to Q2_CEC_LBE_PDM_FY24 LBE PDM Locations TOM  Always On_FBIG_TC_EN_L CEC TLB 118_CP2GB81_JoshTeixeira,6319.89,,7024.0,actions:link_click,317755.0,,0.89975655,2024-05-31,874979.0,7.222905,7024.0,0.899757,0.802762,7986.0,0.912708,0.791371,2.753628,LBE,2024-04-26
2024-04-27,Q1 to Q2_CEC_LBE_TRR_FY24 LBE TRR TOM (Low Performing Locations)_FBIG_TC_EN_L CEC TLB 117_CP2GB6Y_JoshTeixeira,12124.53,,14115.0,actions:link_click,595362.0,,0.85898193,2024-05-31,1449052.0,8.367215,14115.0,0.858982,0.974085,16205.0,1.118317,0.748197,2.433901,LBE,2024-04-19
2024-04-27,Q1 to Q2_CEC_LBE_TRR_FY24 LBE TRR TOM (High Performing Locations) _FBIG_TC_EN_L CEC TLB 117_CP2GB6Y_JoshTeixeira,6785.26,,9253.0,actions:link_click,385823.0,,0.73330379,2024-05-31,832948.0,8.146079,9253.0,0.733304,1.110874,10732.0,1.288436,0.632246,2.158886,LBE,2024-04-19
2024-04-27,Q2 to Q2_CEC_TGP_NA_FY24 AO TRR Groups & Event_FBIG_TC_EN_L CEC TGP 141_CP2JQYP,1011.09,,854.0,actions:landing_page_view,93613.0,,1.18394614,2024-06-30,195608.0,5.16896,1047.0,0.965702,0.535254,1635.0,0.835855,0.618404,2.089539,LBE,2024-04-19
2024-04-27,Q2 to Q2_CEC_GRP_PDM_FY24 PDM Dartmouth_FBIG_CVS_ENFR_L CEC TGP 143_CP2JQX5,398.03,,344.0,actions:landing_page_view,22370.0,,1.15706395,2024-06-30,61408.0,6.481729,422.0,0.943199,0.687207,624.0,1.016154,0.637869,2.745105,LBE,2024-04-19
2024-04-27,Q2 to Q2_CEC_GRP_PDM_FY24 PDM Whitby_FBIG_CVS_ENFR_L CEC TGP 143_CP2JQX5,401.19,,353.0,actions:landing_page_view,27020.0,,1.13651558,2024-06-30,60012.0,6.685163,408.0,0.983309,0.679864,558.0,0.929814,0.718978,2.221021,LBE,2024-04-19
2024-04-27,Q2 to Q2_CEC_GRP_PDM_FY24 PDM Brampton_FBIG_CVS_ENFR_L CEC TGP 143_CP2JQX5,400.53,,374.0,actions:landing_page_view,26629.0,,1.07093583,2024-06-30,57177.0,7.005089,425.0,0.942424,0.743306,580.0,1.014394,0.690569,2.14717,LBE,2024-04-19
2024-04-27,Q1 to Q2_CEC_LBE_PDM_FY24 LBE PDM Locations TOM  Always On_FBIG_TC_EN_L CEC TLB 118_CP2GB81_JoshTeixeira,6316.34,,6815.0,actions:link_click,341188.0,,0.92682905,2024-05-31,915143.0,6.902025,6815.0,0.926829,0.744692,7841.0,0.856806,0.805553,2.682225,LBE,2024-04-19
2024-04-20,Q1 to Q2_CEC_LBE_TRR_FY24 LBE TRR TOM (Low Performing Locations)_FBIG_TC_EN_L CEC TLB 117_CP2GB6Y_JoshTeixeira,11938.87,,13312.0,actions:link_click,645259.0,,0.89685021,2024-05-31,1732347.0,6.891731,13312.0,0.89685,0.768437,15588.0,0.89982,0.765901,2.684731,LBE,2024-04-12
2024-04-20,Q1 to Q2_CEC_LBE_TRR_FY24 LBE TRR TOM (High Performing Locations) _FBIG_TC_EN_L CEC TLB 117_CP2GB6Y_JoshTeixeira,6675.26,,8959.0,actions:link_click,425138.0,,0.74508985,2024-05-31,969948.0,6.88208,8959.0,0.74509,0.923658,10612.0,1.094079,0.629029,2.28149,LBE,2024-04-12
2024-04-20,Q2 to Q2_CEC_TGP_NA_FY24 AO TRR Groups & Event_FBIG_TC_EN_L CEC TGP 141_CP2JQYP,439.31,,359.0,actions:landing_page_view,48051.0,,1.22370474,2024-06-30,76551.0,5.738789,437.0,1.005286,0.570861,669.0,0.873927,0.656667,1.59312,LBE,2024-04-12
2024-04-20,Q2 to Q2_CEC_GRP_PDM_FY24 PDM Dartmouth_FBIG_CVS_ENFR_L CEC TGP 143_CP2JQX5,174.5,,146.0,actions:landing_page_view,11580.0,,1.19520548,2024-06-30,23043.0,7.572799,175.0,0.997143,0.75945,276.0,1.197761,0.632246,1.989896,LBE,2024-04-12
2024-04-20,Q2 to Q2_CEC_GRP_PDM_FY24 PDM Whitby_FBIG_CVS_ENFR_L CEC TGP 143_CP2JQX5,177.61,,143.0,actions:landing_page_view,13402.0,,1.24202797,2024-06-30,23040.0,7.708767,169.0,1.050947,0.733507,231.0,1.002604,0.768874,1.719146,LBE,2024-04-12
2024-04-20,Q2 to Q2_CEC_GRP_PDM_FY24 PDM Brampton_FBIG_CVS_ENFR_L CEC TGP 143_CP2JQX5,176.22,,160.0,actions:landing_page_view,14859.0,,1.101375,2024-06-30,24987.0,7.052467,189.0,0.932381,0.756393,260.0,1.040541,0.677769,1.681607,LBE,2024-04-12
2024-04-20,Q1 to Q2_CEC_LBE_PDM_FY24 LBE PDM Locations TOM  Always On_FBIG_TC_EN_L CEC TLB 118_CP2GB81_JoshTeixeira,6253.47,,6156.0,actions:link_click,364147.0,,1.01583333,2024-05-31,1107669.0,5.645613,6156.0,1.015833,0.555762,7230.0,0.652722,0.864934,3.041818,LBE,2024-04-12
2024-04-13,Q1 to Q2_CEC_LBE_TRR_FY24 LBE TRR TOM (Low Performing Locations)_FBIG_TC_EN_L CEC TLB 117_CP2GB6Y_JoshTeixeira,12108.16,,13515.0,actions:link_click,701331.0,,0.89590529,2024-05-31,1935449.0,6.255995,13515.0,0.895905,0.698288,16041.0,0.8288,0.754826,2.75968,LBE,2024-04-05
2024-04-13,Q1 to Q2_CEC_LBE_TRR_FY24 LBE TRR TOM (High Performing Locations) _FBIG_TC_EN_L CEC TLB 117_CP2GB6Y_JoshTeixeira,6766.88,,9258.0,actions:link_click,457381.0,,0.73092245,2024-05-31,1054432.0,6.417559,9258.0,0.730922,0.878008,10994.0,1.042647,0.615507,2.305369,LBE,2024-04-05
2024-04-13,Q1 to Q2_CEC_LBE_PDM_FY24 LBE PDM Locations TOM  Always On_FBIG_TC_EN_L CEC TLB 118_CP2GB81_JoshTeixeira,6207.04,,5995.0,actions:link_click,386499.0,,1.03536947,2024-05-31,1220845.0,5.084216,5995.0,1.035369,0.491053,7038.0,0.576486,0.881932,3.158727,LBE,2024-04-05
2024-04-06,Q1 to Q2_CEC_LBE_TRR_FY24 LBE TRR TOM (Low Performing Locations)_FBIG_TC_EN_L CEC TLB 117_CP2GB6Y_JoshTeixeira,12061.21,,13956.0,actions:link_click,715157.0,,0.86423116,2024-05-31,2020330.0,5.969921,13956.0,0.864231,0.690778,16878.0,0.835408,0.714611,2.825016,LBE,2024-03-29
2024-04-06,Q1 to Q2_CEC_LBE_TRR_FY24 LBE TRR TOM (High Performing Locations) _FBIG_TC_EN_L CEC TLB 117_CP2GB6Y_JoshTeixeira,6798.41,,9740.0,actions:link_click,495023.0,,0.69798871,2024-05-31,1115695.0,6.093431,9740.0,0.697989,0.872998,11832.0,1.060505,0.574578,2.253825,LBE,2024-03-29
2024-04-06,Ruaa Abbasi - TRR/PDM - Grad Celebrations - Consideration Boost,851.87,,1010.0,actions:link_click,48625.0,,0.84343564,2024-03-31,64588.0,13.189292,1010.0,0.843436,1.563758,1089.0,1.686072,0.78225,1.328288,LBE,2024-03-29
2024-04-06,Q1 to Q2_CEC_LBE_PDM_FY24 LBE PDM Locations TOM  Always On_FBIG_TC_EN_L CEC TLB 118_CP2GB81_JoshTeixeira,6284.34,,6560.0,actions:link_click,435255.0,,0.95797866,2024-05-31,1258293.0,4.994338,6560.0,0.957979,0.521341,7842.0,0.623225,0.80137,2.890933,LBE,2024-03-29
2024-03-30,Q1 to Q2_CEC_LBE_TRR_FY24 LBE TRR TOM (Low Performing Locations)_FBIG_TC_EN_L CEC TLB 117_CP2GB6Y_JoshTeixeira,11965.21,,12641.0,actions:link_click,644838.0,,0.94653983,2024-05-31,1793947.0,6.669768,12641.0,0.94654,0.704647,15554.0,0.867027,0.769269,2.782012,LBE,2024-03-22
2024-03-30,Q1 to Q2_CEC_LBE_TRR_FY24 LBE TRR TOM (High Performing Locations) _FBIG_TC_EN_L CEC TLB 117_CP2GB6Y_JoshTeixeira,6735.61,,8832.0,actions:link_click,422139.0,,0.762637,2024-05-31,929372.0,7.247485,8832.0,0.762637,0.950319,10918.0,1.174772,0.616927,2.201578,LBE,2024-03-22
2024-03-30,Ruaa Abbasi - TRR/PDM - Grad Celebrations - Consideration Boost,5810.88,,6784.0,actions:link_click,210224.0,,0.8565566,2024-03-31,471324.0,12.328844,6784.0,0.856557,1.43935,7456.0,1.581927,0.779356,2.242009,LBE,2024-03-22
2024-03-30,Enzo Tuason - TRR Signature Events - Easter Egg Hunt - Boost,1901.42,,13.0,actions:offsite_conversion.fb_pixel_purchase,76805.0,,146.26307692,2024-03-29,185326.0,10.259866,825.0,2.304752,0.445162,2727.0,1.471461,0.697257,2.412942,LBE,2024-03-22
2024-03-30,Q1 to Q2_CEC_LBE_PDM_FY24 LBE PDM Locations TOM  Always On_FBIG_TC_EN_L CEC TLB 118_CP2GB81_JoshTeixeira,6816.4,,6289.0,actions:link_click,453580.0,,1.08386071,2024-05-31,1215999.0,5.605597,6289.0,1.083861,0.517188,7939.0,0.652879,0.858597,2.680892,LBE,2024-03-22
2024-03-23,Q1 to Q2_CEC_LBE_TRR_FY24 LBE TRR TOM (Low Performing Locations)_FBIG_TC_EN_L CEC TLB 117_CP2GB6Y_JoshTeixeira,9128.49,,10773.0,actions:link_click,514374.0,,0.84734893,2024-05-31,1198559.0,7.616221,10773.0,0.847349,0.898829,12801.0,1.068033,0.713108,2.330131,LBE,2024-03-15
2024-03-23,Q1 to Q2_CEC_LBE_TRR_FY24 LBE TRR TOM (High Performing Locations) _FBIG_TC_EN_L CEC TLB 117_CP2GB6Y_JoshTeixeira,5172.9,,7783.0,actions:link_click,332758.0,,0.66464088,2024-05-31,643381.0,8.040181,7783.0,0.664641,1.209703,9189.0,1.428236,0.562945,1.93348,LBE,2024-03-15
2024-03-23,Ruaa Abbasi - TRR/PDM - Grad Celebrations - Consideration Boost,3336.25,,3545.0,actions:link_click,179936.0,,0.94111425,2024-03-31,348759.0,9.566061,3545.0,0.941114,1.016461,4218.0,1.209431,0.790955,1.938239,LBE,2024-03-15
2024-03-23,Enzo Tuason - TRR Signature Events - Easter Egg Hunt - Boost,2540.53,,12.0,actions:offsite_conversion.fb_pixel_purchase,112472.0,,211.71083333,2024-03-29,302179.0,8.407368,1210.0,2.099612,0.400425,3867.0,1.279705,0.656977,2.686704,LBE,2024-03-15
2024-03-23,Q1 to Q2_CEC_LBE_PDM_FY24 LBE PDM Locations TOM  Always On_FBIG_TC_EN_L CEC TLB 118_CP2GB81_JoshTeixeira,7121.63,,6908.0,actions:link_click,430516.0,,1.03092501,2024-05-31,1141237.0,6.240273,6908.0,1.030925,0.605308,9568.0,0.838389,0.744318,2.650859,LBE,2024-03-15
2024-03-16,Q1 to Q2_CEC_LBE_TRR_FY24 LBE TRR TOM (Low Performing Locations)_FBIG_TC_EN_L CEC TLB 117_CP2GB6Y_JoshTeixeira,10646.95,,11299.0,actions:link_click,583466.0,,0.94229135,2024-05-31,1367370.0,7.786444,11299.0,0.942291,0.826331,14182.0,1.037174,0.750737,2.34353,LBE,2024-03-08
2024-03-16,Q1 to Q2_CEC_LBE_TRR_FY24 LBE TRR TOM (High Performing Locations) _FBIG_TC_EN_L CEC TLB 117_CP2GB6Y_JoshTeixeira,5467.34,,7488.0,actions:link_click,343678.0,,0.7301469,2024-05-31,695660.0,7.859213,7488.0,0.730147,1.076388,8991.0,1.292442,0.60809,2.024162,LBE,2024-03-08
2024-03-16,Enzo Tuason - TRR Signature Events - Easter Egg Hunt - Boost,2108.05,,10.0,actions:offsite_conversion.fb_pixel_purchase,97051.0,,210.805,2024-03-29,267538.0,7.879441,1355.0,1.555756,0.50647,4601.0,1.719756,0.458172,2.756674,LBE,2024-03-08
2024-03-16,Q1 to Q2_CEC_LBE_PDM_FY24 LBE PDM Locations TOM  Always On_FBIG_TC_EN_L CEC TLB 118_CP2GB81_JoshTeixeira,6144.33,,7132.0,actions:link_click,352555.0,,0.8615157,2024-05-31,987683.0,6.220953,7132.0,0.861516,0.722094,12782.0,1.29414,0.480702,2.8015,LBE,2024-03-08
2024-03-09,Q1 to Q2_CEC_LBE_TRR_FY24 LBE TRR TOM (Low Performing Locations)_FBIG_TC_EN_L CEC TLB 117_CP2GB6Y_JoshTeixeira,18222.52,,22195.0,actions:link_click,803700.0,,0.82101915,2024-05-31,2538195.0,7.179322,22195.0,0.821019,0.87444,28754.0,1.132852,0.633739,3.158137,LBE,2024-03-01
2024-03-09,Q1 to Q2_CEC_LBE_TRR_FY24 LBE TRR TOM (High Performing Locations) _FBIG_TC_EN_L CEC TLB 117_CP2GB6Y_JoshTeixeira,8676.67,,13972.0,actions:link_click,482418.0,,0.62100415,2024-05-31,1211630.0,7.161155,13972.0,0.621004,1.153157,16711.0,1.379216,0.519219,2.511577,LBE,2024-03-01
2024-03-09,Q1 to Q2_CEC_LBE_PDM_FY24 LBE PDM Locations TOM  Always On_FBIG_TC_EN_L CEC TLB 118_CP2GB81_JoshTeixeira,6337.67,,6498.0,actions:link_click,394044.0,,0.97532625,2024-05-31,1135659.0,5.58061,6498.0,0.975326,0.572179,7923.0,0.697657,0.799908,2.882061,LBE,2024-03-01
2024-03-02,Q1 to Q2_CEC_LBE_TRR_FY24 LBE TRR TOM (Low Performing Locations)_FBIG_TC_EN_L CEC TLB 117_CP2GB6Y_JoshTeixeira,12160.28,,14899.0,actions:link_click,664049.0,,0.81618095,2024-05-31,1862208.0,6.530033,14899.0,0.816181,0.800072,18422.0,0.989256,0.660096,2.804323,LBE,2024-02-23
2024-03-02,Q1 to Q2_CEC_LBE_TRR_FY24 LBE TRR TOM (High Performing Locations) _FBIG_TC_EN_L CEC TLB 117_CP2GB6Y_JoshTeixeira,6615.25,,10611.0,actions:link_click,422996.0,,0.62343323,2024-05-31,999508.0,6.618506,10611.0,0.623433,1.061622,13016.0,1.302241,0.50824,2.362925,LBE,2024-02-23
2024-03-02,Q1 to Q2_CEC_LBE_PDM_FY24 LBE PDM Locations TOM  Always On_FBIG_TC_EN_L CEC TLB 118_CP2GB81_JoshTeixeira,6324.91,,6734.0,actions:link_click,380839.0,,0.93925007,2024-05-31,1173087.0,5.39168,6734.0,0.93925,0.574041,7994.0,0.68145,0.791207,3.08027,LBE,2024-02-23
2024-02-24,Q1 to Q2_CEC_LBE_TRR_FY24 LBE TRR TOM (Low Performing Locations)_FBIG_TC_EN_L CEC TLB 117_CP2GB6Y_JoshTeixeira,12133.08,,15189.0,actions:link_click,620102.0,,0.79880703,2024-05-31,1979462.0,6.129484,15189.0,0.798807,0.76733,18309.0,0.924948,0.662684,3.192155,LBE,2024-02-16
2024-02-24,Q1 to Q2_CEC_LBE_TRR_FY24 LBE TRR TOM (High Performing Locations) _FBIG_TC_EN_L CEC TLB 117_CP2GB6Y_JoshTeixeira,6682.35,,11055.0,actions:link_click,404958.0,,0.60446404,2024-05-31,1089863.0,6.131367,11055.0,0.604464,1.014348,13058.0,1.198132,0.511744,2.691299,LBE,2024-02-16
2024-02-24,Q1 to Q2_CEC_LBE_PDM_FY24 LBE PDM Locations TOM  Always On_FBIG_TC_EN_L CEC TLB 118_CP2GB81_JoshTeixeira,6327.01,,7090.0,actions:link_click,377021.0,,0.89238505,2024-05-31,1215930.0,5.203433,7090.0,0.892385,0.583093,8457.0,0.695517,0.748139,3.225099,LBE,2024-02-16
2024-02-17,Q1 to Q2_CEC_LBE_TRR_FY24 LBE TRR TOM (Low Performing Locations)_FBIG_TC_EN_L CEC TLB 117_CP2GB6Y_JoshTeixeira,12250.39,,16815.0,actions:link_click,611967.0,,0.7285394,2024-05-31,1962297.0,6.242883,16815.0,0.728539,0.856904,20823.0,1.061154,0.588311,3.206541,LBE,2024-02-09
2024-02-17,Q1 to Q2_CEC_LBE_TRR_FY24 LBE TRR TOM (High Performing Locations) _FBIG_TC_EN_L CEC TLB 117_CP2GB6Y_JoshTeixeira,6774.16,,12956.0,actions:link_click,385010.0,,0.52285891,2024-05-31,1046380.0,6.473901,12956.0,0.522859,1.238174,15241.0,1.456545,0.44447,2.7178,LBE,2024-02-09
2024-02-17,Q1 to Q1_CEC_LBE_TLB_TRR Signature Events - Valentines Day_FBIG_CVS_EN_L CEC TLB 120_CP2GGPX,2653.1,,38.0,actions:offsite_conversion.fb_pixel_purchase,155110.0,,69.81842105,2024-02-14,308944.0,8.58764,1672.0,1.586782,0.541198,3905.0,1.263983,0.679411,1.991774,LBE,2024-02-09
2024-02-17,Q1 to Q1_CEC_LBE_TLB_TRR Signature Events - Superbowl_FBIG_CVS_EN_L CEC TLB 119_CP2GGKN,975.16,,4.0,actions:offsite_conversion.fb_pixel_purchase,57285.0,,243.79,2024-02-11,99542.0,9.796468,283.0,3.445795,0.284302,913.0,0.917201,1.068083,1.737663,LBE,2024-02-09
2024-02-17,Q1 to Q2_CEC_LBE_PDM_FY24 LBE PDM Locations TOM  Always On_FBIG_TC_EN_L CEC TLB 118_CP2GB81_JoshTeixeira,6420.83,,7401.0,actions:link_click,384051.0,,0.86756249,2024-05-31,1245885.0,5.15363,7401.0,0.867562,0.594036,9317.0,0.747822,0.689152,3.244061,LBE,2024-02-09
2024-02-10,Q1 to Q2_CEC_LBE_PDM_FY24 LBE PDM TOM Always On Dartmouth_FBIG_TC_EN_L CEC TLB 118_CP2GB81_JoshTeixeira,374.72,,436.0,actions:link_click,40225.0,,0.85944954,2024-03-14,81625.0,4.59075,436.0,0.85945,0.53415,574.0,0.703216,0.652822,2.029211,LBE,2024-02-02
2024-02-10,Q1 to Q2_CEC_LBE_TRR_FY24 LBE TRR TOM (Low Performing Locations)_FBIG_TC_EN_L CEC TLB 117_CP2GB6Y_JoshTeixeira,9240.91,,13430.0,actions:link_click,392055.0,,0.68807967,2024-05-31,1293645.0,7.143312,13430.0,0.68808,1.038152,16450.0,1.271601,0.561757,3.299652,LBE,2024-02-02
2024-02-10,Q1 to Q2_CEC_LBE_PDM_FY24 LBE PDM TOM Always On Whitby_FBIG_TC_EN_L CEC TLB 118_CP2GB81_JoshTeixeira,373.67,,438.0,actions:link_click,33363.0,,0.85312785,2024-03-14,61559.0,6.070112,438.0,0.853128,0.711513,519.0,0.843094,0.719981,1.845128,LBE,2024-02-02
2024-02-10,Q1 to Q2_CEC_LBE_TRR_FY24 LBE TRR TOM (High Performing Locations) _FBIG_TC_EN_L CEC TLB 117_CP2GB6Y_JoshTeixeira,5098.58,,10205.0,actions:link_click,260612.0,,0.49961587,2024-05-31,696354.0,7.321822,10205.0,0.499616,1.46549,11815.0,1.696695,0.431534,2.671995,LBE,2024-02-02
2024-02-10,Q1 to Q2_CEC_LBE_TRR_FY24 LBE TRR TOM (Low Performing Locations) West Edmonton_FBIG_TC_EN_L CEC TLB 117_CP2GB6Y_JoshTeixeira,189.6,,369.0,actions:link_click,19041.0,,0.51382114,2024-03-14,27353.0,6.931598,369.0,0.513821,1.349029,424.0,1.550104,0.44717,1.436532,LBE,2024-02-02
2024-02-10,Q1 to Q1_CEC_LBE_TLB_TRR Signature Events - Valentines Day_FBIG_CVS_EN_L CEC TLB 120_CP2GGPX,4846.9,,41.0,actions:offsite_conversion.fb_pixel_purchase,279289.0,,118.21707317,2024-02-14,613199.0,7.904286,3973.0,1.21996,0.647914,9765.0,1.592468,0.496354,2.195572,LBE,2024-02-02
2024-02-10,Q1 to Q2_CEC_LBE_TRR_FY24 LBE TRR TOM (Low Performing Locations) London_FBIG_TC_EN_L CEC TLB 117_CP2GB6Y_JoshTeixeira,186.7,,321.0,actions:link_click,15873.0,,0.58161994,2024-03-14,26906.0,6.938973,321.0,0.58162,1.193042,375.0,1.393741,0.497867,1.69508,LBE,2024-02-02
2024-02-10,Q1 to Q1_CEC_LBE_TLB_TRR Signature Events - Superbowl_FBIG_CVS_EN_L CEC TLB 119_CP2GGKN,7709.22,,28.0,actions:offsite_conversion.fb_pixel_purchase,261610.0,,275.32928571,2024-02-11,927637.0,8.3106,1974.0,3.90538,0.212799,6250.0,0.673755,1.233475,3.545877,LBE,2024-02-02
2024-02-10,Q1 to Q2_CEC_LBE_PDM_FY24 LBE PDM TOM Always On Brampton_FBIG_TC_EN_L CEC TLB 118_CP2GB81_JoshTeixeira,367.0,,481.0,actions:link_click,44637.0,,0.76299376,2024-03-14,72787.0,5.042109,481.0,0.762994,0.660832,590.0,0.810584,0.622034,1.630643,LBE,2024-02-02
2024-02-10,Q1 to Q2_CEC_LBE_TRR_FY24 LBE TRR TOM (High Performing Locations) South Edmonton_FBIG_TC_EN_L CEC TLB 117_CP2GB6Y_JoshTeixeira,141.33,,318.0,actions:link_click,13292.0,,0.44443396,2024-03-14,19573.0,7.220661,318.0,0.444434,1.624687,361.0,1.844377,0.391496,1.47254,LBE,2024-02-02
2024-02-10,Q1 to Q2_CEC_LBE_TRR_FY24 LBE TRR TOM (High Performing Locations) Burnaby_FBIG_TC_EN_L CEC TLB 117_CP2GB6Y_JoshTeixeira,143.79,,370.0,actions:link_click,13267.0,,0.38862162,2024-03-14,19061.0,7.543676,370.0,0.388622,1.941136,402.0,2.109018,0.357687,1.436723,LBE,2024-02-02
2024-02-10,Q1 to Q2_CEC_LBE_TRR_FY24 LBE TRR TOM (High Performing Locations) Winnipeg_FBIG_TC_EN_L CEC TLB 117_CP2GB6Y_JoshTeixeira,144.51,,408.0,actions:link_click,14696.0,,0.35419118,2024-03-14,24451.0,5.910188,408.0,0.354191,1.668643,460.0,1.881314,0.314152,1.663786,LBE,2024-02-02
2024-02-10,Q1 to Q2_CEC_LBE_TRR_FY24 LBE TRR TOM (High Performing Locations) Calgary_FBIG_TC_EN_L CEC TLB 117_CP2GB6Y_JoshTeixeira,141.75,,371.0,actions:link_click,12702.0,,0.38207547,2024-03-14,19207.0,7.380122,371.0,0.382075,1.931587,420.0,2.186703,0.3375,1.512124,LBE,2024-02-02
2024-02-10,Q1 to Q2_CEC_LBE_TRR_FY24 LBE TRR TOM (High Performing Locations) Toronto_FBIG_TC_EN_L CEC TLB 117_CP2GB6Y_JoshTeixeira,140.81,,388.0,actions:link_click,12953.0,,0.36291237,2024-03-14,18054.0,7.79938,388.0,0.362912,2.149108,431.0,2.387283,0.326705,1.393808,LBE,2024-02-02
2024-02-10,Q1 to Q2_CEC_LBE_TRR_FY24 LBE TRR TOM (Low Performing Locations) Mississauga_FBIG_TC_EN_L CEC TLB 117_CP2GB6Y_JoshTeixeira,188.06,,450.0,actions:link_click,16423.0,,0.41791111,2024-03-14,22478.0,8.366403,450.0,0.417911,2.001957,502.0,2.233295,0.374622,1.36869,LBE,2024-02-02
2024-02-10,Q1 to Q2_CEC_LBE_TRR_FY24 LBE TRR TOM (Low Performing Locations) Barrie_FBIG_TC_EN_L CEC TLB 117_CP2GB6Y_JoshTeixeira,194.97,,219.0,actions:link_click,16209.0,,0.89027397,2024-03-14,28466.0,6.849224,219.0,0.890274,0.769339,279.0,0.980117,0.698817,1.756185,LBE,2024-02-02
2024-02-10,Q1 to Q2_CEC_LBE_TRR_FY24 LBE TRR TOM (Low Performing Locations) St. John's_FBIG_TC_EN_L CEC TLB 117_CP2GB6Y_JoshTeixeira,190.86,,251.0,actions:link_click,18283.0,,0.76039841,2024-03-14,37682.0,5.065018,251.0,0.760398,0.666101,315.0,0.835943,0.605905,2.06104,LBE,2024-02-02
2024-02-10,Q1 to Q2_CEC_LBE_PDM_FY24 LBE PDM Locations TOM  Always On_FBIG_TC_EN_L CEC TLB 118_CP2GB81_JoshTeixeira,2342.14,,2800.0,actions:link_click,211973.0,,0.83647857,2024-05-31,431690.0,5.425514,2800.0,0.836479,0.648614,3704.0,0.858023,0.632327,2.036533,LBE,2024-02-02
2024-02-03,Q1 to Q2_CEC_LBE_PDM_FY24 LBE PDM TOM Always On Dartmouth_FBIG_TC_EN_L CEC TLB 118_CP2GB81_JoshTeixeira,994.21,,1138.0,actions:link_click,62281.0,,0.87364675,2024-03-14,215206.0,4.619806,1138.0,0.873647,0.528796,1612.0,0.74905,0.616756,3.455404,LBE,2024-01-26
2024-02-03,Q1 to Q2_CEC_LBE_PDM_FY24 LBE PDM TOM Always On Whitby_FBIG_TC_EN_L CEC TLB 118_CP2GB81_JoshTeixeira,988.56,,1101.0,actions:link_click,47568.0,,0.89787466,2024-03-14,161176.0,6.133419,1101.0,0.897875,0.683104,1368.0,0.848762,0.722632,3.388328,LBE,2024-01-26
2024-02-03,Q1 to Q2_CEC_LBE_TRR_FY24 LBE TRR TOM (Low Performing Locations) West Edmonton_FBIG_TC_EN_L CEC TLB 117_CP2GB6Y_JoshTeixeira,509.37,,1029.0,actions:link_click,42330.0,,0.49501458,2024-03-14,84136.0,6.054127,1029.0,0.495015,1.22302,1199.0,1.425074,0.424829,1.987621,LBE,2024-01-26
2024-02-03,Q1 to Q2_CEC_LBE_TRR_FY24 LBE TRR TOM (Low Performing Locations) London_FBIG_TC_EN_L CEC TLB 117_CP2GB6Y_JoshTeixeira,510.7,,627.0,actions:link_click,33716.0,,0.81451356,2024-03-14,88001.0,5.803343,627.0,0.814514,0.712492,811.0,0.92158,0.629716,2.610066,LBE,2024-01-26
2024-02-03,Q1 to Q1_CEC_LBE_TLB_TRR Signature Events - Superbowl_FBIG_CVS_EN_L CEC TLB 119_CP2GGKN,2815.62,,16.0,actions:offsite_conversion.fb_pixel_purchase,136832.0,,175.97625,2024-02-11,396666.0,7.098214,1137.0,2.476359,0.286639,4212.0,1.061851,0.668476,2.898927,LBE,2024-01-26
2024-02-03,Q1 to Q2_CEC_LBE_PDM_FY24 LBE PDM TOM Always On Brampton_FBIG_TC_EN_L CEC TLB 118_CP2GB81_JoshTeixeira,1006.78,,1227.0,actions:link_click,69837.0,,0.8205216,2024-03-14,200897.0,5.011424,1227.0,0.820522,0.610761,1666.0,0.829281,0.60431,2.876656,LBE,2024-01-26
2024-02-03,Q1 to Q2_CEC_LBE_TRR_FY24 LBE TRR TOM (High Performing Locations) South Edmonton_FBIG_TC_EN_L CEC TLB 117_CP2GB6Y_JoshTeixeira,390.05,,506.0,actions:link_click,33324.0,,0.7708498,2024-03-14,71209.0,5.477538,506.0,0.77085,0.710584,663.0,0.931062,0.588311,2.136868,LBE,2024-01-26
2024-02-03,Q1 to Q2_CEC_LBE_TRR_FY24 LBE TRR TOM (High Performing Locations) Burnaby_FBIG_TC_EN_L CEC TLB 117_CP2GB6Y_JoshTeixeira,379.04,,531.0,actions:link_click,32110.0,,0.71382298,2024-03-14,64821.0,5.847488,531.0,0.713823,0.819179,682.0,1.052128,0.555777,2.018717,LBE,2024-01-26
2024-02-03,Q1 to Q2_CEC_LBE_TRR_FY24 LBE TRR TOM (High Performing Locations) Winnipeg_FBIG_TC_EN_L CEC TLB 117_CP2GB6Y_JoshTeixeira,380.07,,787.0,actions:link_click,29650.0,,0.4829352,2024-03-14,76779.0,4.950182,787.0,0.482935,1.02502,945.0,1.230805,0.40219,2.589511,LBE,2024-01-26
2024-02-03,Q1 to Q2_CEC_LBE_TRR_FY24 LBE TRR TOM (High Performing Locations) Calgary_FBIG_TC_EN_L CEC TLB 117_CP2GB6Y_JoshTeixeira,380.88,,890.0,actions:link_click,27260.0,,0.42795506,2024-03-14,57785.0,6.59133,890.0,0.427955,1.540192,997.0,1.725361,0.382026,2.119773,LBE,2024-01-26
2024-02-03,Q1 to Q2_CEC_LBE_TRR_FY24 LBE TRR TOM (High Performing Locations) Toronto_FBIG_TC_EN_L CEC TLB 117_CP2GB6Y_JoshTeixeira,398.23,,607.0,actions:link_click,32236.0,,0.6560626,2024-03-14,62662.0,6.355207,607.0,0.656063,0.968689,714.0,1.139447,0.557745,1.943852,LBE,2024-01-26
2024-02-03,Q1 to Q2_CEC_LBE_TRR_FY24 LBE TRR TOM (Low Performing Locations) Mississauga_FBIG_TC_EN_L CEC TLB 117_CP2GB6Y_JoshTeixeira,515.61,,1166.0,actions:link_click,37995.0,,0.44220412,2024-03-14,67977.0,7.585066,1166.0,0.442204,1.715286,1295.0,1.905056,0.398154,1.789104,LBE,2024-01-26
2024-02-03,Q1 to Q2_CEC_LBE_TRR_FY24 LBE TRR TOM (Low Performing Locations) Barrie_FBIG_TC_EN_L CEC TLB 117_CP2GB6Y_JoshTeixeira,507.47,,588.0,actions:link_click,28972.0,,0.86304422,2024-03-14,78520.0,6.462939,588.0,0.863044,0.748854,735.0,0.936067,0.690435,2.710203,LBE,2024-01-26
2024-02-03,Q1 to Q2_CEC_LBE_TRR_FY24 LBE TRR TOM (Low Performing Locations) St. John's_FBIG_TC_EN_L CEC TLB 117_CP2GB6Y_JoshTeixeira,510.18,,615.0,actions:link_click,30045.0,,0.82956098,2024-03-14,112156.0,4.548843,615.0,0.829561,0.548343,829.0,0.739149,0.615416,3.732934,LBE,2024-01-26
2024-01-13,Q2 to Q4_CEC_LBE_TRR_FY23 LBE TRR TOM Always On Burnaby_FBIG_TC_EN_L CEC TLB 043_CP21ZY9_JoshTeixeira,339.52,,591.0,actions:link_click,62808.0,,0.57448393,2024-01-07,79510.0,4.270155,591.0,0.574484,0.743303,742.0,0.933216,0.457574,1.265922,LBE,2024-01-05
2024-01-13,Q2 to Q4_CEC_LBE_TRR_FY23 LBE TRR TOM Always On Winnipeg_FBIG_TC_EN_L CEC TLB 043_CP21ZY9_JoshTeixeira,244.86,,444.0,actions:link_click,47332.0,,0.55148649,2024-01-07,69180.0,3.539462,444.0,0.551486,0.641804,569.0,0.822492,0.430334,1.46159,LBE,2024-01-05
2024-01-13,Q2 to Q4_CEC_LBE_TRR_FY23 LBE TRR TOM Always On St. Johns_FBIG_TC_EN_L CEC TLB 043_CP21ZY9_JoshTeixeira,239.27,,392.0,actions:link_click,33217.0,,0.61038265,2024-01-07,57819.0,4.138259,392.0,0.610383,0.677978,445.0,0.769643,0.537685,1.740645,LBE,2024-01-05
2024-01-13,Q2 to Q4_CEC_LBE_TRR_FY23 LBE TRR TOM Always On Mississauga_FBIG_TC_EN_L CEC TLB 043_CP21ZY9_JoshTeixeira,848.36,,1377.0,actions:link_click,145963.0,,0.61609296,2024-01-07,179015.0,4.739044,1377.0,0.616093,0.769209,1685.0,0.941262,0.503478,1.226441,LBE,2024-01-05
2024-01-13,Q2 to Q4_CEC_LBE_TRR_FY23 LBE TRR TOM Always On London_FBIG_TC_EN_L CEC TLB 043_CP21ZY9_JoshTeixeira,222.77,,351.0,actions:link_click,34444.0,,0.63467236,2024-01-07,47824.0,4.658121,351.0,0.634672,0.733941,420.0,0.87822,0.530405,1.388457,LBE,2024-01-05
2024-01-13,Q2 to Q4_CEC_LBE_TRR_FY23 LBE TRR TOM Always On West Edmonton_FBIG_TC_EN_L CEC TLB 043_CP21ZY9_JoshTeixeira,258.6,,452.0,actions:link_click,45318.0,,0.57212389,2024-01-07,57964.0,4.46139,452.0,0.572124,0.779794,536.0,0.924712,0.482463,1.27905,LBE,2024-01-05
2024-01-13,Q2 to Q4_CEC_LBE_TRR_FY23 LBE TRR TOM Always On Calgary_FBIG_TC_EN_L CEC TLB 043_CP21ZY9_JoshTeixeira,244.31,,414.0,actions:link_click,42216.0,,0.59012077,2024-01-07,54181.0,4.509145,414.0,0.590121,0.764106,505.0,0.932061,0.483782,1.283423,LBE,2024-01-05
2024-01-13,Q4 to Q1_CEC_GAM_PDM_FY23 PDM Fall Bonus Credit_FBIG_TC_EN_L CEC TGA 121_CP2CM04_JoshTeixeira,769.01,,1152.0,actions:link_click,116041.0,,0.6675434,2024-01-07,183525.0,4.190219,1152.0,0.667543,0.627707,1424.0,0.775916,0.540035,1.581553,LBE,2024-01-05
2024-01-13,Q2 to Q4_CEC_LBE_TRR_FY23 LBE TRR TOM Always On Toronto_FBIG_TC_EN_L CEC TLB 043_CP21ZY9_JoshTeixeira,828.61,,1356.0,actions:link_click,142709.0,,0.61106932,2024-01-07,179670.0,4.611844,1356.0,0.611069,0.754717,1594.0,0.887182,0.519831,1.258996,LBE,2024-01-05
2024-01-13,Q4 to Q1_CEC_GAM_TRR_FY23 TRR Fall Bonus Credit (Low Performing Locations)_FBIG_TC_EN_L CEC TGA 120 _CP2CM04_JoshTeixeira,890.96,,1467.0,actions:link_click,148486.0,,0.6073347,2024-01-07,222314.0,4.007665,1467.0,0.607335,0.659877,1757.0,0.790324,0.507092,1.497205,LBE,2024-01-05
2024-01-13,Q2 to Q4_CEC_LBE_TRR_FY23 LBE TRR TOM Always On South Edmonton_FBIG_TC_EN_L CEC TLB 043_CP21ZY9_JoshTeixeira,228.12,,373.0,actions:link_click,39375.0,,0.61158177,2024-01-07,55744.0,4.092279,373.0,0.611582,0.66913,436.0,0.782147,0.523211,1.415721,LBE,2024-01-05
2024-01-13,Q4 to Q1_CEC_GAM_TRR_FY23 TRR Fall Bonus Credit (High Performing Locations)_FBIG_TC_EN_L CEC TGA 120 _CP2CM04_JoshTeixeira,547.95,,942.0,actions:link_click,93012.0,,0.5816879,2024-01-07,141135.0,3.882453,942.0,0.581688,0.667446,1159.0,0.8212,0.472778,1.517385,LBE,2024-01-05
2024-01-13,Q2 to Q4_CEC_LBE_TRR_FY23 LBE TRR TOM Always On Barrie_FBIG_TC_EN_L CEC TLB 043_CP21ZY9_JoshTeixeira,237.16,,362.0,actions:link_click,35573.0,,0.65513812,2024-01-07,49120.0,4.828176,362.0,0.655138,0.736971,429.0,0.873371,0.552821,1.380823,LBE,2024-01-05
2024-01-06,Q2 to Q4_CEC_LBE_TRR_FY23 LBE TRR TOM Always On Burnaby_FBIG_TC_EN_L CEC TLB 043_CP21ZY9_JoshTeixeira,2635.75,,4328.0,actions:link_click,219220.0,,0.60899954,2024-01-07,594781.0,4.431463,4328.0,0.609,0.727663,5544.0,0.932108,0.475424,2.713169,LBE,2023-12-29
2024-01-06,Q2 to Q4_CEC_LBE_TRR_FY23 LBE TRR TOM Always On Winnipeg_FBIG_TC_EN_L CEC TLB 043_CP21ZY9_JoshTeixeira,1974.41,,3293.0,actions:link_click,149040.0,,0.59957789,2024-01-07,558996.0,3.532065,3293.0,0.599578,0.589092,4465.0,0.798753,0.442197,3.750644,LBE,2023-12-29
2024-01-06,Q2 to Q4_CEC_LBE_TRR_FY23 LBE TRR TOM Always On St. Johns_FBIG_TC_EN_L CEC TLB 043_CP21ZY9_JoshTeixeira,1858.56,,2643.0,actions:link_click,78289.0,,0.70320091,2024-01-07,456315.0,4.072976,2643.0,0.703201,0.579205,3410.0,0.747291,0.545032,5.828597,LBE,2023-12-29
2024-01-06,Q2 to Q4_CEC_TGP_NA_FY23 AO TRR Groups & Event_FBIG_TC_EN_L CEC TGP 074_CP24GT8,126.94,,125.0,actions:landing_page_view,24560.0,,1.01552,2023-12-31,29469.0,4.307577,142.0,0.893944,0.481862,184.0,0.624385,0.689891,1.199878,LBE,2023-12-29
2024-01-06,Q2 to Q4_CEC_LBE_TRR_FY23 LBE TRR TOM Always On Mississauga_FBIG_TC_EN_L CEC TLB 043_CP21ZY9_JoshTeixeira,6874.13,,10406.0,actions:link_click,510567.0,,0.66059293,2024-01-07,1453805.0,4.728371,10406.0,0.660593,0.715777,12649.0,0.870062,0.543452,2.847432,LBE,2023-12-29
2024-01-06,Q2 to Q4_CEC_TGP_NA_FY23 AO PDM Whitby Groups & Event_FBIG_TC_EN_L CEC TGP 075_CP24GTX,39.56,,31.0,actions:landing_page_view,6567.0,,1.27612903,2023-12-31,8403.0,4.707842,41.0,0.964878,0.487921,58.0,0.69023,0.682069,1.27958,LBE,2023-12-29
2024-01-06,Q2 to Q4_CEC_LBE_TRR_FY23 LBE TRR TOM Always On London_FBIG_TC_EN_L CEC TLB 043_CP21ZY9_JoshTeixeira,1790.63,,2746.0,actions:link_click,114764.0,,0.65208667,2024-01-07,384709.0,4.654505,2746.0,0.652087,0.713786,3379.0,0.878326,0.529929,3.352175,LBE,2023-12-29
2024-01-06,Q2 to Q4_CEC_TGP_NA_FY23 AO PDM Dartmouth Groups & Event_FBIG_TC_EN_L CEC TGP 075_CP24GTX,39.56,,40.0,actions:landing_page_view,6524.0,,0.989,2023-12-31,8649.0,4.573939,45.0,0.879111,0.520291,63.0,0.728408,0.627937,1.32572,LBE,2023-12-29
2024-01-06,Q2 to Q4_CEC_LBE_TRR_FY23 LBE TRR TOM Always On West Edmonton_FBIG_TC_EN_L CEC TLB 043_CP21ZY9_JoshTeixeira,2043.41,,3340.0,actions:link_click,151312.0,,0.6117994,2024-01-07,468610.0,4.360577,3340.0,0.611799,0.712746,4168.0,0.889439,0.490262,3.096978,LBE,2023-12-29
2024-01-06,Q2 to Q4_CEC_TGP_NA_FY23 AO PDM Brampton Groups & Event_FBIG_TC_EN_L CEC TGP 075_CP24GTX,39.62,,39.0,actions:landing_page_view,6800.0,,1.01589744,2023-12-31,8983.0,4.410553,44.0,0.900455,0.489814,61.0,0.67906,0.649508,1.321029,LBE,2023-12-29
2024-01-06,Q4 to Q4_CEC_LBE_TLB_TRR Signature Events - NYE Bash_FBIG_CVS_EN_L CEC TLB 108_CP29NRN,1097.86,,67.0,actions:offsite_conversion.fb_pixel_purchase,94537.0,,16.38597015,2023-12-31,166788.0,6.582368,677.0,1.621654,0.405905,2086.0,1.25069,0.526299,1.764262,LBE,2023-12-29
2024-01-06,Q2 to Q4_CEC_LBE_TRR_FY23 LBE TRR TOM Always On Calgary_FBIG_TC_EN_L CEC TLB 043_CP21ZY9_JoshTeixeira,1951.22,,3307.0,actions:link_click,130086.0,,0.59002721,2024-01-07,405541.0,4.8114,3307.0,0.590027,0.815454,4177.0,1.029982,0.467134,3.117484,LBE,2023-12-29
2024-01-06,Q4 to Q1_CEC_GAM_PDM_FY23 PDM Fall Bonus Credit_FBIG_TC_EN_L CEC TGA 121_CP2CM04_JoshTeixeira,5764.23,,7764.0,actions:link_click,256546.0,,0.74243045,2024-01-07,1138929.0,5.061097,7764.0,0.74243,0.681693,9514.0,0.835346,0.605868,4.439473,LBE,2023-12-29
2024-01-06,Q2 to Q4_CEC_LBE_TRR_FY23 LBE TRR TOM Always On Toronto_FBIG_TC_EN_L CEC TLB 043_CP21ZY9_JoshTeixeira,6561.84,,10349.0,actions:link_click,507428.0,,0.63405546,2024-01-07,1381818.0,4.748701,10349.0,0.634055,0.748941,12331.0,0.892375,0.532142,2.72318,LBE,2023-12-29
2024-01-06,Q4 to Q1_CEC_GAM_TRR_FY23 TRR Fall Bonus Credit (Low Performing Locations)_FBIG_TC_EN_L CEC TGA 120 _CP2CM04_JoshTeixeira,6777.42,,10680.0,actions:link_click,443807.0,,0.63458989,2024-01-07,1661255.0,4.079699,10680.0,0.63459,0.642887,13105.0,0.788861,0.517163,3.743192,LBE,2023-12-29
2024-01-06,Q2 to Q4_CEC_LBE_TRR_FY23 LBE TRR TOM Always On South Edmonton_FBIG_TC_EN_L CEC TLB 043_CP21ZY9_JoshTeixeira,1790.15,,2827.0,actions:link_click,125255.0,,0.63323311,2024-01-07,435800.0,4.107733,2827.0,0.633233,0.648692,3445.0,0.7905,0.519637,3.479302,LBE,2023-12-29
2024-01-06,Q4 to Q1_CEC_GAM_TRR_FY23 TRR Fall Bonus Credit (High Performing Locations)_FBIG_TC_EN_L CEC TGA 120 _CP2CM04_JoshTeixeira,4370.16,,7428.0,actions:link_click,287573.0,,0.58833603,2024-01-07,1110175.0,3.93646,7428.0,0.588336,0.669084,9152.0,0.824375,0.477509,3.860498,LBE,2023-12-29
2024-01-06,Q4 to Q4_CEC_PPP_N/A_Prepaid B2C TRR Holiday Campaign_FBIG_TC_EN_L CEC TPP 101_CP2CHGH,1180.41,,1541.0,actions:link_click,200298.0,,0.7660026,2023-12-31,256978.0,4.593428,1541.0,0.766003,0.599662,2132.0,0.829643,0.553663,1.282978,LBE,2023-12-29
2024-01-06,Q4 to Q4_CEC_PPP_N/A_PrePaid B2C PDM Holiday Campaign_FBIG_TC_EN_L CEC TPP 102_CP2CH84,277.89,,359.0,actions:link_click,54398.0,,0.77406685,2023-12-31,68458.0,4.059277,359.0,0.774067,0.524409,457.0,0.667563,0.608074,1.258465,LBE,2023-12-29
2024-01-06,Q2 to Q4_CEC_LBE_TRR_FY23 LBE TRR TOM Always On Barrie_FBIG_TC_EN_L CEC TLB 043_CP21ZY9_JoshTeixeira,1949.99,,2832.0,actions:link_click,120709.0,,0.68855579,2024-01-07,404754.0,4.817716,2832.0,0.688556,0.699684,3534.0,0.873123,0.55178,3.353139,LBE,2023-12-29
2023-12-30,Q2 to Q4_CEC_LBE_TRR_FY23 LBE TRR TOM Always On Burnaby_FBIG_TC_EN_L CEC TLB 043_CP21ZY9_JoshTeixeira,2645.53,,3491.0,actions:link_click,174474.0,,0.75781438,2024-01-07,408456.0,6.476903,3491.0,0.757814,0.854682,4662.0,1.141371,0.567467,2.341071,LBE,2023-12-22
2023-12-30,Q2 to Q4_CEC_LBE_TRR_FY23 LBE TRR TOM Always On Winnipeg_FBIG_TC_EN_L CEC TLB 043_CP21ZY9_JoshTeixeira,2005.87,,2561.0,actions:link_click,126552.0,,0.78323702,2024-01-07,397208.0,5.049923,2561.0,0.783237,0.64475,3679.0,0.926215,0.545222,3.138694,LBE,2023-12-22
2023-12-30,Q2 to Q4_CEC_LBE_TRR_FY23 LBE TRR TOM Always On St. Johns_FBIG_TC_EN_L CEC TLB 043_CP21ZY9_JoshTeixeira,1902.44,,1907.0,actions:link_click,75208.0,,0.99760881,2024-01-07,357635.0,5.319502,1907.0,0.997609,0.533225,2613.0,0.730633,0.728067,4.755279,LBE,2023-12-22
2023-12-30,Q2 to Q4_CEC_TGP_NA_FY23 AO TRR Groups & Event_FBIG_TC_EN_L CEC TGP 074_CP24GT8,915.91,,768.0,actions:landing_page_view,77431.0,,1.19259115,2023-12-31,191736.0,4.776933,956.0,0.958065,0.498602,1195.0,0.623253,0.766452,2.476218,LBE,2023-12-22
2023-12-30,Q2 to Q4_CEC_LBE_TRR_FY23 LBE TRR TOM Always On Mississauga_FBIG_TC_EN_L CEC TLB 043_CP21ZY9_JoshTeixeira,7043.15,,7800.0,actions:link_click,447448.0,,0.90296795,2024-01-07,1073603.0,6.560293,7800.0,0.902968,0.726526,9817.0,0.914398,0.717444,2.399392,LBE,2023-12-22
2023-12-30,Q2 to Q4_CEC_TGP_NA_FY23 AO PDM Whitby Groups & Event_FBIG_TC_EN_L CEC TGP 075_CP24GTX,306.99,,243.0,actions:landing_page_view,21343.0,,1.26333333,2023-12-31,60278.0,5.092903,279.0,1.100323,0.462855,387.0,0.642025,0.793256,2.824252,LBE,2023-12-22
2023-12-30,Q2 to Q4_CEC_LBE_TRR_FY23 LBE TRR TOM Always On London_FBIG_TC_EN_L CEC TLB 043_CP21ZY9_JoshTeixeira,1836.45,,2149.0,actions:link_click,105439.0,,0.85456026,2024-01-07,305645.0,6.008441,2149.0,0.85456,0.703103,2913.0,0.953066,0.630433,2.898785,LBE,2023-12-22
2023-12-30,Q2 to Q4_CEC_TGP_NA_FY23 AO PDM Dartmouth Groups & Event_FBIG_TC_EN_L CEC TGP 075_CP24GTX,310.03,,248.0,actions:landing_page_view,18934.0,,1.25012097,2023-12-31,61414.0,5.048197,302.0,1.026589,0.491745,422.0,0.68714,0.734668,3.243583,LBE,2023-12-22
2023-12-30,Q2 to Q4_CEC_LBE_TRR_FY23 LBE TRR TOM Always On West Edmonton_FBIG_TC_EN_L CEC TLB 043_CP21ZY9_JoshTeixeira,2069.85,,2522.0,actions:link_click,120524.0,,0.82071768,2024-01-07,333272.0,6.210693,2522.0,0.820718,0.756739,3249.0,0.974879,0.637073,2.765192,LBE,2023-12-22
2023-12-30,Q2 to Q4_CEC_TGP_NA_FY23 AO PDM Brampton Groups & Event_FBIG_TC_EN_L CEC TGP 075_CP24GTX,308.1,,254.0,actions:landing_page_view,22220.0,,1.21299213,2023-12-31,63514.0,4.850899,288.0,1.069792,0.453443,391.0,0.615612,0.78798,2.858416,LBE,2023-12-22
2023-12-30,Q4 to Q4_CEC_LBE_TLB_TRR Signature Events - NYE Bash_FBIG_CVS_EN_L CEC TLB 108_CP29NRN,9357.25,,135.0,actions:offsite_conversion.fb_pixel_purchase,376539.0,,69.31296296,2023-12-31,1324224.0,7.066214,3554.0,2.632878,0.268384,9822.0,0.741717,0.952683,3.516831,LBE,2023-12-22
2023-12-30,Q2 to Q4_CEC_LBE_TRR_FY23 LBE TRR TOM Always On Calgary_FBIG_TC_EN_L CEC TLB 043_CP21ZY9_JoshTeixeira,1985.4,,2717.0,actions:link_click,97997.0,,0.73073243,2024-01-07,274149.0,7.242047,2717.0,0.730732,0.991067,3569.0,1.301847,0.55629,2.797524,LBE,2023-12-22
2023-12-30,Q4 to Q1_CEC_GAM_PDM_FY23 PDM Fall Bonus Credit_FBIG_TC_EN_L CEC TGA 121_CP2CM04_JoshTeixeira,5826.17,,5671.0,actions:link_click,205448.0,,1.02736202,2024-01-07,820179.0,7.103535,5671.0,1.027362,0.691434,6902.0,0.841524,0.844128,3.992149,LBE,2023-12-22
2023-12-30,Q2 to Q4_CEC_LBE_TRR_FY23 LBE TRR TOM Always On Toronto_FBIG_TC_EN_L CEC TLB 043_CP21ZY9_JoshTeixeira,6737.18,,7637.0,actions:link_click,435470.0,,0.88217625,2024-01-07,999179.0,6.742716,7637.0,0.882176,0.764328,9318.0,0.932566,0.723029,2.294484,LBE,2023-12-22
2023-12-30,Q4 to Q1_CEC_GAM_TRR_FY23 TRR Fall Bonus Credit (Low Performing Locations)_FBIG_TC_EN_L CEC TGA 120 _CP2CM04_JoshTeixeira,6774.48,,7497.0,actions:link_click,360886.0,,0.90362545,2024-01-07,1270942.0,5.330283,7497.0,0.903625,0.589877,9561.0,0.752277,0.708554,3.521727,LBE,2023-12-22
2023-12-30,Q2 to Q4_CEC_LBE_TRR_FY23 LBE TRR TOM Always On South Edmonton_FBIG_TC_EN_L CEC TLB 043_CP21ZY9_JoshTeixeira,1809.68,,2133.0,actions:link_click,112165.0,,0.84842007,2024-01-07,324231.0,5.581453,2133.0,0.84842,0.657864,2887.0,0.890415,0.626838,2.890661,LBE,2023-12-22
2023-12-30,Q2 to Q4_CEC_LBE_PDM_FY23 LBE PDM TOM Always On Dartmouth_FBIG_TC_EN_L CEC TLB 044_CP21ZN6_JoshTeixeira,1729.53,,777.0,actions:link_click,3498.0,,2.22590734,2023-12-31,103062.0,16.781452,777.0,2.225907,0.753915,1050.0,1.018804,1.647171,29.463122,LBE,2023-12-22
2023-12-30,Q4 to Q1_CEC_GAM_TRR_FY23 TRR Fall Bonus Credit (High Performing Locations)_FBIG_TC_EN_L CEC TGA 120 _CP2CM04_JoshTeixeira,4444.52,,5086.0,actions:link_click,262499.0,,0.87387338,2024-01-07,863001.0,5.150075,5086.0,0.873873,0.589339,6607.0,0.765584,0.672699,3.287635,LBE,2023-12-22
2023-12-30,Q2 to Q4_CEC_LBE_PDM_FY23 LBE PDM TOM Always On Whitby_FBIG_TC_EN_L CEC TLB 044_CP21ZN6_JoshTeixeira,1568.38,,1263.0,actions:link_click,7639.0,,1.24178939,2023-12-31,98687.0,15.892468,1263.0,1.241789,1.279804,1542.0,1.562516,1.017108,12.918838,LBE,2023-12-22
2023-12-30,Q4 to Q4_CEC_PPP_N/A_Prepaid B2C TRR Holiday Campaign_FBIG_TC_EN_L CEC TPP 101_CP2CHGH,8255.46,,9632.0,actions:link_click,586407.0,,0.85708679,2023-12-31,1688543.0,4.889103,9632.0,0.857087,0.570433,13453.0,0.796722,0.613652,2.879473,LBE,2023-12-22
2023-12-30,Q2 to Q4_CEC_LBE_PDM_FY23 LBE PDM TOM Always On Brampton_FBIG_TC_EN_L CEC TLB 044_CP21ZN6_JoshTeixeira,1588.56,,1335.0,actions:link_click,10449.0,,1.18993258,2023-12-31,105292.0,15.087186,1335.0,1.189933,1.267903,1641.0,1.558523,0.968044,10.076754,LBE,2023-12-22
2023-12-30,Q4 to Q4_CEC_PPP_N/A_PrePaid B2C PDM Holiday Campaign_FBIG_TC_EN_L CEC TPP 102_CP2CH84,2133.2,,2405.0,actions:link_click,161928.0,,0.88698545,2023-12-31,468315.0,4.555054,2405.0,0.886985,0.513543,2965.0,0.633121,0.71946,2.892119,LBE,2023-12-22
2023-12-30,Q2 to Q4_CEC_LBE_TRR_FY23 LBE TRR TOM Always On Barrie_FBIG_TC_EN_L CEC TLB 043_CP21ZY9_JoshTeixeira,2008.86,,2238.0,actions:link_click,114519.0,,0.89761394,2024-01-07,321828.0,6.24203,2238.0,0.897614,0.695403,3030.0,0.941497,0.66299,2.810259,LBE,2023-12-22
2023-12-23,Q2 to Q4_CEC_LBE_TRR_FY23 LBE TRR TOM Always On Burnaby_FBIG_TC_EN_L CEC TLB 043_CP21ZY9_JoshTeixeira,2849.42,,3105.0,actions:link_click,168316.0,,0.9176876,2024-01-07,366472.0,7.775273,3105.0,0.917688,0.847268,4160.0,1.135148,0.684957,2.177286,LBE,2023-12-15
2023-12-23,Q2 to Q4_CEC_LBE_TRR_FY23 LBE TRR TOM Always On Winnipeg_FBIG_TC_EN_L CEC TLB 043_CP21ZY9_JoshTeixeira,1831.05,,2072.0,actions:link_click,104173.0,,0.88371139,2024-01-07,306533.0,5.973419,2072.0,0.883711,0.675947,2909.0,0.949001,0.629443,2.942538,LBE,2023-12-15
2023-12-23,Q2 to Q4_CEC_LBE_TRR_FY23 LBE TRR TOM Always On St. Johns_FBIG_TC_EN_L CEC TLB 043_CP21ZY9_JoshTeixeira,1640.87,,1502.0,actions:link_click,65050.0,,1.09245672,2024-01-07,262029.0,6.262169,1502.0,1.092457,0.573219,2074.0,0.791515,0.791162,4.028117,LBE,2023-12-15
2023-12-23,Q2 to Q4_CEC_TGP_NA_FY23 AO TRR Groups & Event_FBIG_TC_EN_L CEC TGP 074_CP24GT8,930.54,,672.0,actions:landing_page_view,58396.0,,1.38473214,2023-12-31,154636.0,6.017616,822.0,1.132044,0.531571,1049.0,0.678367,0.887073,2.648058,LBE,2023-12-15
2023-12-23,Q2 to Q4_CEC_LBE_TRR_FY23 LBE TRR TOM Always On Mississauga_FBIG_TC_EN_L CEC TLB 043_CP21ZY9_JoshTeixeira,9629.13,,9058.0,actions:link_click,487297.0,,1.06305255,2024-01-07,1189387.0,8.095876,9058.0,1.063053,0.761569,11357.0,0.954862,0.847859,2.440785,LBE,2023-12-15
2023-12-23,Q2 to Q4_CEC_TGP_NA_FY23 AO PDM Whitby Groups & Event_FBIG_TC_EN_L CEC TGP 075_CP24GTX,318.12,,234.0,actions:landing_page_view,17878.0,,1.35948718,2023-12-31,51655.0,6.158552,264.0,1.205,0.511083,346.0,0.669829,0.919422,2.889305,LBE,2023-12-15
2023-12-23,Q2 to Q4_CEC_LBE_TRR_FY23 LBE TRR TOM Always On London_FBIG_TC_EN_L CEC TLB 043_CP21ZY9_JoshTeixeira,1545.15,,1552.0,actions:link_click,84368.0,,0.99558634,2024-01-07,215857.0,7.158211,1552.0,0.995586,0.718995,2110.0,0.977499,0.732299,2.558517,LBE,2023-12-15
2023-12-23,Q2 to Q4_CEC_TGP_NA_FY23 AO PDM Dartmouth Groups & Event_FBIG_TC_EN_L CEC TGP 075_CP24GTX,319.91,,243.0,actions:landing_page_view,15807.0,,1.31650206,2023-12-31,50023.0,6.395258,313.0,1.022077,0.625712,417.0,0.833617,0.76717,3.164611,LBE,2023-12-15
2023-12-23,Q2 to Q4_CEC_LBE_TRR_FY23 LBE TRR TOM Always On West Edmonton_FBIG_TC_EN_L CEC TLB 043_CP21ZY9_JoshTeixeira,1950.6,,2140.0,actions:link_click,103190.0,,0.91149533,2024-01-07,258394.0,7.548937,2140.0,0.911495,0.828193,2645.0,1.023631,0.737467,2.50406,LBE,2023-12-15
2023-12-23,Q2 to Q4_CEC_TGP_NA_FY23 AO PDM Brampton Groups & Event_FBIG_TC_EN_L CEC TGP 075_CP24GTX,318.88,,209.0,actions:landing_page_view,19219.0,,1.52574163,2023-12-31,53956.0,5.910001,246.0,1.29626,0.455927,330.0,0.611609,0.966303,2.80743,LBE,2023-12-15
2023-12-23,Q4 to Q4_CEC_LBE_TLB_TRR Signature Events - NYE Bash_FBIG_CVS_EN_L CEC TLB 108_CP29NRN,9825.44,,41.0,actions:offsite_conversion.fb_pixel_purchase,393507.0,,239.64487805,2023-12-31,1197435.0,8.205406,3283.0,2.992824,0.274169,9838.0,0.821589,0.998723,3.042983,LBE,2023-12-15
2023-12-23,Q2 to Q4_CEC_LBE_TRR_FY23 LBE TRR TOM Always On Calgary_FBIG_TC_EN_L CEC TLB 043_CP21ZY9_JoshTeixeira,1803.93,,1992.0,actions:link_click,79688.0,,0.90558735,2024-01-07,205658.0,8.771504,1992.0,0.905587,0.968598,2559.0,1.244299,0.704936,2.58079,LBE,2023-12-15
2023-12-23,Q4 to Q1_CEC_GAM_PDM_FY23 PDM Fall Bonus Credit_FBIG_TC_EN_L CEC TGA 121_CP2CM04_JoshTeixeira,5943.65,,5165.0,actions:link_click,237259.0,,1.15075508,2024-01-07,838263.0,7.090436,5165.0,1.150755,0.616155,6346.0,0.757042,0.936598,3.533114,LBE,2023-12-15
2023-12-23,Q2 to Q4_CEC_LBE_TRR_FY23 LBE TRR TOM Always On Toronto_FBIG_TC_EN_L CEC TLB 043_CP21ZY9_JoshTeixeira,9134.24,,8948.0,actions:link_click,456921.0,,1.02081359,2024-01-07,1086581.0,8.406405,8948.0,1.020814,0.823501,10597.0,0.975261,0.861965,2.37805,LBE,2023-12-15
2023-12-23,Q4 to Q1_CEC_GAM_TRR_FY23 TRR Fall Bonus Credit (Low Performing Locations)_FBIG_TC_EN_L CEC TGA 120 _CP2CM04_JoshTeixeira,6949.25,,6917.0,actions:link_click,298116.0,,1.00466243,2024-01-07,1087855.0,6.38803,6917.0,1.004662,0.635838,8872.0,0.81555,0.783279,3.6491,LBE,2023-12-15
2023-12-23,Q2 to Q4_CEC_LBE_TRR_FY23 LBE TRR TOM Always On South Edmonton_FBIG_TC_EN_L CEC TLB 043_CP21ZY9_JoshTeixeira,1537.3,,1650.0,actions:link_click,79604.0,,0.93169697,2024-01-07,228746.0,6.720555,1650.0,0.931697,0.721324,2137.0,0.934224,0.719373,2.873549,LBE,2023-12-15
2023-12-23,Q2 to Q4_CEC_LBE_PDM_FY23 LBE PDM TOM Always On Dartmouth_FBIG_TC_EN_L CEC TLB 044_CP21ZN6_JoshTeixeira,1721.21,,725.0,actions:link_click,3605.0,,2.37408276,2023-12-31,92274.0,18.65325,725.0,2.374083,0.785703,974.0,1.055552,1.767156,25.596117,LBE,2023-12-15
2023-12-23,Q4 to Q1_CEC_GAM_TRR_FY23 TRR Fall Bonus Credit (High Performing Locations)_FBIG_TC_EN_L CEC TGA 120 _CP2CM04_JoshTeixeira,4599.34,,4637.0,actions:link_click,228692.0,,0.99187837,2024-01-07,747872.0,6.149903,4637.0,0.991878,0.620026,6046.0,0.808427,0.760724,3.270215,LBE,2023-12-15
2023-12-23,Q2 to Q4_CEC_LBE_PDM_FY23 LBE PDM TOM Always On Whitby_FBIG_TC_EN_L CEC TLB 044_CP21ZN6_JoshTeixeira,1655.85,,1133.0,actions:link_click,6881.0,,1.46147396,2023-12-31,86673.0,19.104565,1133.0,1.461474,1.307212,1440.0,1.661417,1.149896,12.595989,LBE,2023-12-15
2023-12-23,Q4 to Q4_CEC_PPP_N/A_Prepaid B2C TRR Holiday Campaign_FBIG_TC_EN_L CEC TPP 101_CP2CHGH,8368.49,,8563.0,actions:link_click,541232.0,,0.97728483,2023-12-31,1493115.0,5.604719,8563.0,0.977285,0.573499,12658.0,0.847758,0.661123,2.758734,LBE,2023-12-15
2023-12-23,Q2 to Q4_CEC_LBE_PDM_FY23 LBE PDM TOM Always On Brampton_FBIG_TC_EN_L CEC TLB 044_CP21ZN6_JoshTeixeira,1684.04,,1254.0,actions:link_click,9003.0,,1.34293461,2023-12-31,91896.0,18.325498,1254.0,1.342935,1.364586,1539.0,1.674719,1.094243,10.207264,LBE,2023-12-15
2023-12-23,Q4 to Q4_CEC_PPP_N/A_PrePaid B2C PDM Holiday Campaign_FBIG_TC_EN_L CEC TPP 102_CP2CH84,2241.02,,2071.0,actions:link_click,151557.0,,1.08209561,2023-12-31,438563.0,5.109916,2071.0,1.082096,0.472224,2614.0,0.596038,0.857314,2.893717,LBE,2023-12-15
2023-12-23,Q2 to Q4_CEC_LBE_TRR_FY23 LBE TRR TOM Always On Barrie_FBIG_TC_EN_L CEC TLB 043_CP21ZY9_JoshTeixeira,1826.9,,1720.0,actions:link_click,92890.0,,1.06215116,2024-01-07,247087.0,7.393752,1720.0,1.062151,0.696111,2312.0,0.935703,0.790182,2.659996,LBE,2023-12-15
2023-12-16,Q2 to Q4_CEC_LBE_TRR_FY23 LBE TRR TOM Always On Burnaby_FBIG_TC_EN_L CEC TLB 043_CP21ZY9_JoshTeixeira,2904.35,,3057.0,actions:link_click,166897.0,,0.95006542,2024-01-07,367567.0,7.901553,3057.0,0.950065,0.831685,4204.0,1.143737,0.690854,2.202358,LBE,2023-12-08
2023-12-16,Q2 to Q4_CEC_LBE_TRR_FY23 LBE TRR TOM Always On Winnipeg_FBIG_TC_EN_L CEC TLB 043_CP21ZY9_JoshTeixeira,1774.03,,1915.0,actions:link_click,96606.0,,0.92638642,2024-01-07,282441.0,6.281064,1915.0,0.926386,0.678018,2695.0,0.954182,0.658267,2.923638,LBE,2023-12-08
2023-12-16,Q2 to Q4_CEC_LBE_TRR_FY23 LBE TRR TOM Always On St. Johns_FBIG_TC_EN_L CEC TLB 043_CP21ZY9_JoshTeixeira,1544.14,,1440.0,actions:link_click,61135.0,,1.07231944,2024-01-07,229181.0,6.737644,1440.0,1.072319,0.628324,1902.0,0.829912,0.811851,3.748769,LBE,2023-12-08
2023-12-16,Q2 to Q4_CEC_TGP_NA_FY23 AO TRR Groups & Event_FBIG_TC_EN_L CEC TGP 074_CP24GT8,933.38,,606.0,actions:landing_page_view,58056.0,,1.54023102,2023-12-31,143763.0,6.492491,723.0,1.290982,0.502911,909.0,0.632291,1.026821,2.476282,LBE,2023-12-08
2023-12-16,Q2 to Q4_CEC_LBE_TRR_FY23 LBE TRR TOM Always On Mississauga_FBIG_TC_EN_L CEC TLB 043_CP21ZY9_JoshTeixeira,10547.86,,9550.0,actions:link_click,507768.0,,1.10448796,2024-01-07,1260205.0,8.369956,9550.0,1.104488,0.757813,11952.0,0.948417,0.882518,2.481852,LBE,2023-12-08
2023-12-16,Q2 to Q4_CEC_TGP_NA_FY23 AO PDM Whitby Groups & Event_FBIG_TC_EN_L CEC TGP 075_CP24GTX,320.42,,261.0,actions:landing_page_view,17305.0,,1.22766284,2023-12-31,49375.0,6.489519,291.0,1.1011,0.589367,365.0,0.739241,0.877863,2.853222,LBE,2023-12-08
2023-12-16,Q2 to Q4_CEC_LBE_TRR_FY23 LBE TRR TOM Always On London_FBIG_TC_EN_L CEC TLB 043_CP21ZY9_JoshTeixeira,1458.73,,1404.0,actions:link_click,80794.0,,1.03898148,2024-01-07,197111.0,7.400551,1404.0,1.038981,0.712289,1938.0,0.983202,0.752699,2.439674,LBE,2023-12-08
2023-12-16,Q2 to Q4_CEC_TGP_NA_FY23 AO PDM Dartmouth Groups & Event_FBIG_TC_EN_L CEC TGP 075_CP24GTX,321.89,,216.0,actions:landing_page_view,13699.0,,1.49023148,2023-12-31,46248.0,6.960085,250.0,1.28756,0.540564,349.0,0.754627,0.922321,3.376013,LBE,2023-12-08
2023-12-16,Q2 to Q4_CEC_LBE_TRR_FY23 LBE TRR TOM Always On West Edmonton_FBIG_TC_EN_L CEC TLB 043_CP21ZY9_JoshTeixeira,1890.45,,1922.0,actions:link_click,95698.0,,0.98358481,2024-01-07,236653.0,7.988278,1922.0,0.983585,0.81216,2438.0,1.0302,0.77541,2.472915,LBE,2023-12-08
2023-12-16,Q2 to Q4_CEC_TGP_NA_FY23 AO PDM Brampton Groups & Event_FBIG_TC_EN_L CEC TGP 075_CP24GTX,320.94,,243.0,actions:landing_page_view,17772.0,,1.32074074,2023-12-31,50078.0,6.408802,276.0,1.162826,0.55114,360.0,0.718879,0.8915,2.817803,LBE,2023-12-08
2023-12-16,Q4 to Q4_CEC_LBE_TLB_TRR Signature Events - NYE Bash_FBIG_CVS_EN_L CEC TLB 108_CP29NRN,8020.39,,14.0,actions:offsite_conversion.fb_pixel_purchase,295817.0,,572.885,2023-12-31,891793.0,8.993556,3225.0,2.486943,0.361631,11332.0,1.270698,0.707765,3.014678,LBE,2023-12-08
2023-12-16,Q2 to Q4_CEC_LBE_TRR_FY23 LBE TRR TOM Always On Calgary_FBIG_TC_EN_L CEC TLB 043_CP21ZY9_JoshTeixeira,1738.54,,2083.0,actions:link_click,73851.0,,0.83463274,2024-01-07,182412.0,9.530842,2083.0,0.834633,1.14192,2665.0,1.460978,0.65236,2.47,LBE,2023-12-08
2023-12-16,Q4 to Q1_CEC_GAM_PDM_FY23 PDM Fall Bonus Credit_FBIG_TC_EN_L CEC TGA 121_CP2CM04_JoshTeixeira,5882.0,,4749.0,actions:link_click,229246.0,,1.23857654,2024-01-07,794496.0,7.403436,4749.0,1.238577,0.597737,6118.0,0.770048,0.961425,3.465692,LBE,2023-12-08
2023-12-16,Q2 to Q4_CEC_LBE_TRR_FY23 LBE TRR TOM Always On Toronto_FBIG_TC_EN_L CEC TLB 043_CP21ZY9_JoshTeixeira,9982.16,,9235.0,actions:link_click,456377.0,,1.08090525,2024-01-07,1106499.0,9.021391,9235.0,1.080905,0.834614,11124.0,1.005333,0.897353,2.424528,LBE,2023-12-08
2023-12-16,Q4 to Q1_CEC_GAM_TRR_FY23 TRR Fall Bonus Credit (Low Performing Locations)_FBIG_TC_EN_L CEC TGA 120 _CP2CM04_JoshTeixeira,6914.29,,6537.0,actions:link_click,279047.0,,1.05771608,2024-01-07,1015339.0,6.809834,6537.0,1.057716,0.643824,8453.0,0.83253,0.817969,3.638595,LBE,2023-12-08
2023-12-16,Q2 to Q4_CEC_LBE_TRR_FY23 LBE TRR TOM Always On South Edmonton_FBIG_TC_EN_L CEC TLB 043_CP21ZY9_JoshTeixeira,1424.82,,1486.0,actions:link_click,76740.0,,0.95882907,2024-01-07,203171.0,7.01291,1486.0,0.958829,0.731404,1946.0,0.957814,0.732179,2.647524,LBE,2023-12-08
2023-12-16,Q2 to Q4_CEC_LBE_PDM_FY23 LBE PDM TOM Always On Dartmouth_FBIG_TC_EN_L CEC TLB 044_CP21ZN6_JoshTeixeira,1690.69,,687.0,actions:link_click,3491.0,,2.46097525,2023-12-31,83347.0,20.284953,687.0,2.460975,0.824265,950.0,1.139813,1.779674,23.874821,LBE,2023-12-08
2023-12-16,Q4 to Q1_CEC_GAM_TRR_FY23 TRR Fall Bonus Credit (High Performing Locations)_FBIG_TC_EN_L CEC TGA 120 _CP2CM04_JoshTeixeira,4649.73,,4812.0,actions:link_click,204522.0,,0.96627805,2024-01-07,704388.0,6.601092,4812.0,0.966278,0.683146,6263.0,0.889141,0.742413,3.44407,LBE,2023-12-08
2023-12-16,Q2 to Q4_CEC_LBE_PDM_FY23 LBE PDM TOM Always On Whitby_FBIG_TC_EN_L CEC TLB 044_CP21ZN6_JoshTeixeira,1655.83,,1095.0,actions:link_click,6211.0,,1.51217352,2023-12-31,77633.0,21.328945,1095.0,1.512174,1.410483,1366.0,1.759561,1.212174,12.499275,LBE,2023-12-08
2023-12-16,Q4 to Q4_CEC_PPP_N/A_Prepaid B2C TRR Holiday Campaign_FBIG_TC_EN_L CEC TPP 101_CP2CHGH,8282.28,,8208.0,actions:link_click,498733.0,,1.00904971,2023-12-31,1397872.0,5.92492,8208.0,1.00905,0.587178,12291.0,0.879265,0.673849,2.802846,LBE,2023-12-08
2023-12-16,Q2 to Q4_CEC_LBE_PDM_FY23 LBE PDM TOM Always On Brampton_FBIG_TC_EN_L CEC TLB 044_CP21ZN6_JoshTeixeira,1659.14,,1205.0,actions:link_click,8084.0,,1.37687967,2023-12-31,78848.0,21.042259,1205.0,1.37688,1.528257,1506.0,1.910004,1.101687,9.753587,LBE,2023-12-08
2023-12-16,Q4 to Q4_CEC_PPP_N/A_PrePaid B2C PDM Holiday Campaign_FBIG_TC_EN_L CEC TPP 102_CP2CH84,2237.88,,1957.0,actions:link_click,151249.0,,1.1435258,2023-12-31,418123.0,5.352205,1957.0,1.143526,0.468044,2487.0,0.594801,0.899831,2.764468,LBE,2023-12-08
2023-12-16,Q2 to Q4_CEC_LBE_TRR_FY23 LBE TRR TOM Always On Barrie_FBIG_TC_EN_L CEC TLB 043_CP21ZY9_JoshTeixeira,1773.28,,1661.0,actions:link_click,90669.0,,1.06759783,2024-01-07,235388.0,7.533434,1661.0,1.067598,0.705643,2242.0,0.95247,0.790937,2.596124,LBE,2023-12-08
2023-12-09,Q2 to Q4_CEC_LBE_TRR_FY23 LBE TRR TOM Always On Burnaby_FBIG_TC_EN_L CEC TLB 043_CP21ZY9_JoshTeixeira,2901.61,,3279.0,actions:link_click,156125.0,,0.88490698,2024-01-07,361380.0,8.029249,3279.0,0.884907,0.907355,4415.0,1.221706,0.657216,2.314684,LBE,2023-12-01
2023-12-09,Q2 to Q4_CEC_LBE_TRR_FY23 LBE TRR TOM Always On Winnipeg_FBIG_TC_EN_L CEC TLB 043_CP21ZY9_JoshTeixeira,1785.79,,1942.0,actions:link_click,96974.0,,0.91956231,2024-01-07,280664.0,6.362733,1942.0,0.919562,0.691931,2748.0,0.979107,0.649851,2.894219,LBE,2023-12-01
2023-12-09,Q2 to Q4_CEC_LBE_TRR_FY23 LBE TRR TOM Always On St. Johns_FBIG_TC_EN_L CEC TLB 043_CP21ZY9_JoshTeixeira,1554.21,,1444.0,actions:link_click,62833.0,,1.07632271,2024-01-07,236321.0,6.57669,1444.0,1.076323,0.611033,1991.0,0.842498,0.780618,3.761097,LBE,2023-12-01
2023-12-09,Q2 to Q4_CEC_TGP_NA_FY23 AO TRR Groups & Event_FBIG_TC_EN_L CEC TGP 074_CP24GT8,941.9,,668.0,actions:landing_page_view,58045.0,,1.41002994,2023-12-31,147069.0,6.404477,786.0,1.198346,0.534443,981.0,0.667034,0.960143,2.533707,LBE,2023-12-01
2023-12-09,Q2 to Q4_CEC_LBE_TRR_FY23 LBE TRR TOM Always On Mississauga_FBIG_TC_EN_L CEC TLB 043_CP21ZY9_JoshTeixeira,10582.74,,9877.0,actions:link_click,518584.0,,1.07145287,2024-01-07,1279617.0,8.27024,9877.0,1.071453,0.771872,11930.0,0.93231,0.88707,2.467521,LBE,2023-12-01
2023-12-09,Q2 to Q4_CEC_TGP_NA_FY23 AO PDM Whitby Groups & Event_FBIG_TC_EN_L CEC TGP 075_CP24GTX,323.31,,211.0,actions:landing_page_view,19131.0,,1.53227488,2023-12-31,50470.0,6.405984,247.0,1.308947,0.4894,341.0,0.675649,0.948123,2.638127,LBE,2023-12-01
2023-12-09,Q2 to Q4_CEC_LBE_TRR_FY23 LBE TRR TOM Always On London_FBIG_TC_EN_L CEC TLB 043_CP21ZY9_JoshTeixeira,1464.71,,1415.0,actions:link_click,80826.0,,1.03513074,2024-01-07,203288.0,7.205098,1415.0,1.035131,0.696057,1882.0,0.92578,0.778273,2.515131,LBE,2023-12-01
2023-12-09,Q2 to Q4_CEC_TGP_NA_FY23 AO PDM Dartmouth Groups & Event_FBIG_TC_EN_L CEC TGP 075_CP24GTX,325.91,,240.0,actions:landing_page_view,13786.0,,1.35795833,2023-12-31,45308.0,7.193211,291.0,1.119966,0.642271,374.0,0.825461,0.871417,3.286523,LBE,2023-12-01
2023-12-09,Q2 to Q4_CEC_LBE_TRR_FY23 LBE TRR TOM Always On West Edmonton_FBIG_TC_EN_L CEC TLB 043_CP21ZY9_JoshTeixeira,1895.81,,2118.0,actions:link_click,89704.0,,0.89509443,2024-01-07,226329.0,8.376346,2118.0,0.895094,0.935806,2654.0,1.172629,0.714322,2.523065,LBE,2023-12-01
2023-12-09,Q2 to Q4_CEC_TGP_NA_FY23 AO PDM Brampton Groups & Event_FBIG_TC_EN_L CEC TGP 075_CP24GTX,324.31,,245.0,actions:landing_page_view,18276.0,,1.32371429,2023-12-31,51199.0,6.334303,286.0,1.133951,0.558605,386.0,0.753921,0.840181,2.801434,LBE,2023-12-01
2023-12-09,Q2 to Q4_CEC_LBE_TRR_FY23 LBE TRR TOM Always On Calgary_FBIG_TC_EN_L CEC TLB 043_CP21ZY9_JoshTeixeira,1739.84,,2256.0,actions:link_click,69357.0,,0.77120567,2024-01-07,184748.0,9.417369,2256.0,0.771206,1.221123,2824.0,1.528569,0.616091,2.663725,LBE,2023-12-01
2023-12-09,Q4 to Q1_CEC_GAM_PDM_FY23 PDM Fall Bonus Credit_FBIG_TC_EN_L CEC TGA 121_CP2CM04_JoshTeixeira,5875.27,,4720.0,actions:link_click,119919.0,,1.24476059,2024-01-07,598337.0,9.819333,4720.0,1.244761,0.788853,6051.0,1.011303,0.970959,4.98951,LBE,2023-12-01
2023-12-09,Q2 to Q4_CEC_LBE_TRR_FY23 LBE TRR TOM Always On Toronto_FBIG_TC_EN_L CEC TLB 043_CP21ZY9_JoshTeixeira,10022.99,,10236.0,actions:link_click,422079.0,,0.97919011,2024-01-07,1043015.0,9.609632,10236.0,0.97919,0.981386,12103.0,1.160386,0.828141,2.471137,LBE,2023-12-01
2023-12-09,Q4 to Q1_CEC_GAM_TRR_FY23 TRR Fall Bonus Credit (Low Performing Locations)_FBIG_TC_EN_L CEC TGA 120 _CP2CM04_JoshTeixeira,6819.35,,6740.0,actions:link_click,297612.0,,1.011773,2024-01-07,1003905.0,6.792824,6740.0,1.011773,0.671378,8709.0,0.867512,0.783023,3.373201,LBE,2023-12-01
2023-12-09,Q2 to Q4_CEC_LBE_TRR_FY23 LBE TRR TOM Always On South Edmonton_FBIG_TC_EN_L CEC TLB 043_CP21ZY9_JoshTeixeira,1434.4,,1591.0,actions:link_click,78104.0,,0.90157134,2024-01-07,201034.0,7.135111,1591.0,0.901571,0.791408,2065.0,1.027189,0.694625,2.573927,LBE,2023-12-01
2023-12-09,Q2 to Q4_CEC_LBE_PDM_FY23 LBE PDM TOM Always On Dartmouth_FBIG_TC_EN_L CEC TLB 044_CP21ZN6_JoshTeixeira,1680.61,,682.0,actions:link_click,4059.0,,2.46423754,2023-12-31,79185.0,21.223843,682.0,2.464238,0.861274,905.0,1.142893,1.857028,19.5085,LBE,2023-12-01
2023-12-09,Q4 to Q1_CEC_GAM_TRR_FY23 TRR Fall Bonus Credit (High Performing Locations)_FBIG_TC_EN_L CEC TGA 120 _CP2CM04_JoshTeixeira,4723.79,,4888.0,actions:link_click,224465.0,,0.96640548,2024-01-07,727303.0,6.494941,4888.0,0.966405,0.672072,6381.0,0.877351,0.74029,3.240162,LBE,2023-12-01
2023-12-09,Q2 to Q4_CEC_LBE_PDM_FY23 LBE PDM TOM Always On Whitby_FBIG_TC_EN_L CEC TLB 044_CP21ZN6_JoshTeixeira,1685.27,,1047.0,actions:link_click,6604.0,,1.60961796,2023-12-31,73099.0,23.054625,1047.0,1.609618,1.432304,1326.0,1.813978,1.270943,11.068898,LBE,2023-12-01
2023-12-09,Q4 to Q4_CEC_PPP_N/A_Prepaid B2C TRR Holiday Campaign_FBIG_TC_EN_L CEC TPP 101_CP2CHGH,8253.16,,8751.0,actions:link_click,482026.0,,0.9431105,2023-12-31,1378040.0,5.989057,8751.0,0.943111,0.635032,13476.0,0.977911,0.612434,2.85885,LBE,2023-12-01
2023-12-09,Q2 to Q4_CEC_LBE_PDM_FY23 LBE PDM TOM Always On Brampton_FBIG_TC_EN_L CEC TLB 044_CP21ZN6_JoshTeixeira,1673.97,,1178.0,actions:link_click,8120.0,,1.42102716,2023-12-31,69828.0,23.972762,1178.0,1.421027,1.687002,1434.0,2.053617,1.167343,8.599507,LBE,2023-12-01
2023-12-09,Q4 to Q4_CEC_PPP_N/A_PrePaid B2C PDM Holiday Campaign_FBIG_TC_EN_L CEC TPP 102_CP2CH84,2233.21,,2155.0,actions:link_click,154899.0,,1.03629234,2023-12-31,446623.0,5.000213,2155.0,1.036292,0.48251,2857.0,0.639689,0.781663,2.883318,LBE,2023-12-01
2023-12-09,Q2 to Q4_CEC_LBE_TRR_FY23 LBE TRR TOM Always On Barrie_FBIG_TC_EN_L CEC TLB 043_CP21ZY9_JoshTeixeira,1794.29,,1689.0,actions:link_click,90443.0,,1.06233866,2024-01-07,237383.0,7.558629,1689.0,1.062339,0.711508,2280.0,0.960473,0.786969,2.62467,LBE,2023-12-01
2023-12-02,Q2 to Q4_CEC_LBE_TRR_FY23 LBE TRR TOM Always On Burnaby_FBIG_TC_EN_L CEC TLB 043_CP21ZY9_JoshTeixeira,2974.46,,2798.0,actions:link_click,149464.0,,1.06306648,2024-01-07,329957.0,9.01469,2798.0,1.063066,0.847989,4035.0,1.222887,0.737165,2.207602,LBE,2023-11-24
2023-12-02,Q2 to Q4_CEC_LBE_TRR_FY23 LBE TRR TOM Always On Winnipeg_FBIG_TC_EN_L CEC TLB 043_CP21ZY9_JoshTeixeira,1840.37,,1939.0,actions:link_click,96998.0,,0.94913357,2024-01-07,273735.0,6.723181,1939.0,0.949134,0.708349,2749.0,1.004256,0.669469,2.822069,LBE,2023-11-24
2023-12-02,Q2 to Q4_CEC_LBE_TRR_FY23 LBE TRR TOM Always On St. Johns_FBIG_TC_EN_L CEC TLB 043_CP21ZY9_JoshTeixeira,1584.98,,1374.0,actions:link_click,60279.0,,1.15355167,2024-01-07,229050.0,6.919799,1374.0,1.153552,0.599869,1999.0,0.872735,0.792886,3.799831,LBE,2023-11-24
2023-12-02,Q2 to Q4_CEC_TGP_NA_FY23 AO TRR Groups & Event_FBIG_TC_EN_L CEC TGP 074_CP24GT8,959.78,,590.0,actions:landing_page_view,56389.0,,1.62674576,2023-12-31,133677.0,7.179844,700.0,1.371114,0.52365,915.0,0.684486,1.04894,2.370622,LBE,2023-11-24
2023-12-02,Q2 to Q4_CEC_LBE_TRR_FY23 LBE TRR TOM Always On Mississauga_FBIG_TC_EN_L CEC TLB 043_CP21ZY9_JoshTeixeira,10809.74,,8853.0,actions:link_click,470146.0,,1.22102564,2024-01-07,1174825.0,9.201149,8853.0,1.221026,0.753559,10980.0,0.934607,0.984494,2.498851,LBE,2023-11-24
2023-12-02,Q2 to Q4_CEC_TGP_NA_FY23 AO PDM Whitby Groups & Event_FBIG_TC_EN_L CEC TGP 075_CP24GTX,330.04,,239.0,actions:landing_page_view,16215.0,,1.3809205,2023-12-31,43080.0,7.661096,265.0,1.245434,0.615135,360.0,0.835655,0.916778,2.656799,LBE,2023-11-24
2023-12-02,Q2 to Q4_CEC_LBE_TRR_FY23 LBE TRR TOM Always On London_FBIG_TC_EN_L CEC TLB 043_CP21ZY9_JoshTeixeira,1511.42,,1226.0,actions:link_click,79955.0,,1.23280587,2024-01-07,199869.0,7.562053,1226.0,1.232806,0.613402,1775.0,0.888082,0.851504,2.499769,LBE,2023-11-24
2023-12-02,Q2 to Q4_CEC_TGP_NA_FY23 AO PDM Dartmouth Groups & Event_FBIG_TC_EN_L CEC TGP 075_CP24GTX,328.81,,185.0,actions:landing_page_view,12756.0,,1.77735135,2023-12-31,38952.0,8.441415,211.0,1.558341,0.541692,295.0,0.757342,1.11461,3.053622,LBE,2023-11-24
2023-12-02,Q2 to Q4_CEC_LBE_TRR_FY23 LBE TRR TOM Always On West Edmonton_FBIG_TC_EN_L CEC TLB 043_CP21ZY9_JoshTeixeira,1907.38,,1868.0,actions:link_click,82272.0,,1.02108137,2024-01-07,216485.0,8.81068,1868.0,1.021081,0.862877,2413.0,1.114627,0.79046,2.631333,LBE,2023-11-24
2023-12-02,Q2 to Q4_CEC_TGP_NA_FY23 AO PDM Brampton Groups & Event_FBIG_TC_EN_L CEC TGP 075_CP24GTX,328.84,,199.0,actions:landing_page_view,16050.0,,1.65246231,2023-12-31,43357.0,7.584473,221.0,1.487964,0.509722,315.0,0.726526,1.043937,2.701371,LBE,2023-11-24
2023-12-02,Q2 to Q4_CEC_LBE_TRR_FY23 LBE TRR TOM Always On Calgary_FBIG_TC_EN_L CEC TLB 043_CP21ZY9_JoshTeixeira,1771.94,,2009.0,actions:link_click,70645.0,,0.882001,2024-01-07,172923.0,10.246989,2009.0,0.882001,1.161789,2560.0,1.480428,0.692164,2.447774,LBE,2023-11-24
2023-12-02,Q4 to Q1_CEC_GAM_PDM_FY23 PDM Fall Bonus Credit_FBIG_TC_EN_L CEC TGA 121_CP2CM04_JoshTeixeira,6175.12,,4411.0,actions:link_click,255318.0,,1.39993652,2024-01-07,794274.0,7.774546,4411.0,1.399937,0.55535,5652.0,0.711593,1.092555,3.110921,LBE,2023-11-24
2023-12-02,Q2 to Q4_CEC_LBE_TRR_FY23 LBE TRR TOM Always On Toronto_FBIG_TC_EN_L CEC TLB 043_CP21ZY9_JoshTeixeira,10001.86,,8812.0,actions:link_click,384886.0,,1.13502724,2024-01-07,920975.0,10.860078,8812.0,1.135027,0.956812,10494.0,1.139445,0.953103,2.392851,LBE,2023-11-24
2023-12-02,Q4 to Q1_CEC_GAM_TRR_FY23 TRR Fall Bonus Credit (Low Performing Locations)_FBIG_TC_EN_L CEC TGA 120 _CP2CM04_JoshTeixeira,7218.39,,6473.0,actions:link_click,279209.0,,1.11515372,2024-01-07,948526.0,7.610113,6473.0,1.115154,0.682427,8294.0,0.874409,0.870315,3.39719,LBE,2023-11-24
2023-12-02,Q2 to Q4_CEC_LBE_TRR_FY23 LBE TRR TOM Always On South Edmonton_FBIG_TC_EN_L CEC TLB 043_CP21ZY9_JoshTeixeira,1439.36,,1363.0,actions:link_click,76264.0,,1.05602348,2024-01-07,189705.0,7.587359,1363.0,1.056023,0.718484,1806.0,0.952004,0.796988,2.487478,LBE,2023-11-24
2023-12-02,Q2 to Q4_CEC_LBE_PDM_FY23 LBE PDM TOM Always On Dartmouth_FBIG_TC_EN_L CEC TLB 044_CP21ZN6_JoshTeixeira,1663.27,,897.0,actions:link_click,29100.0,,1.85425864,2023-12-31,94246.0,17.648176,897.0,1.854259,0.951765,1217.0,1.291301,1.366697,3.238694,LBE,2023-11-24
2023-12-02,Q4 to Q1_CEC_GAM_TRR_FY23 TRR Fall Bonus Credit (High Performing Locations)_FBIG_TC_EN_L CEC TGA 120 _CP2CM04_JoshTeixeira,4862.32,,4549.0,actions:link_click,215220.0,,1.06887668,2024-01-07,675403.0,7.199139,4549.0,1.068877,0.673524,5816.0,0.861116,0.836025,3.138198,LBE,2023-11-24
2023-12-02,Q2 to Q4_CEC_LBE_PDM_FY23 LBE PDM TOM Always On Whitby_FBIG_TC_EN_L CEC TLB 044_CP21ZN6_JoshTeixeira,1654.27,,1265.0,actions:link_click,25742.0,,1.30772332,2023-12-31,71974.0,22.984272,1265.0,1.307723,1.757579,1552.0,2.156334,1.065896,2.795975,LBE,2023-11-24
2023-12-02,Q4 to Q4_CEC_PPP_N/A_Prepaid B2C TRR Holiday Campaign_FBIG_TC_EN_L CEC TPP 101_CP2CHGH,6821.32,,7059.0,actions:link_click,384376.0,,0.96632951,2023-12-31,999630.0,6.823845,7059.0,0.96633,0.706161,10811.0,1.0815,0.630961,2.600657,LBE,2023-11-24
2023-12-02,Q2 to Q4_CEC_LBE_PDM_FY23 LBE PDM TOM Always On Brampton_FBIG_TC_EN_L CEC TLB 044_CP21ZN6_JoshTeixeira,1651.39,,1448.0,actions:link_click,26051.0,,1.14046271,2023-12-31,65338.0,25.274572,1448.0,1.140463,2.216168,1737.0,2.658484,0.950714,2.50808,LBE,2023-11-24
2023-12-02,Q4 to Q4_CEC_PPP_N/A_PrePaid B2C PDM Holiday Campaign_FBIG_TC_EN_L CEC TPP 102_CP2CH84,2303.41,,1789.0,actions:link_click,145245.0,,1.28754053,2023-12-31,400042.0,5.75792,1789.0,1.287541,0.447203,2543.0,0.635683,0.905785,2.754257,LBE,2023-11-24
2023-12-02,Q2 to Q4_CEC_LBE_TRR_FY23 LBE TRR TOM Always On Barrie_FBIG_TC_EN_L CEC TLB 043_CP21ZY9_JoshTeixeira,1841.95,,1521.0,actions:link_click,85471.0,,1.21101249,2024-01-07,225015.0,8.185899,1521.0,1.211012,0.675955,2209.0,0.981712,0.833839,2.632647,LBE,2023-11-24
2023-11-25,Q2 to Q4_CEC_LBE_TRR_FY23 LBE TRR TOM Always On Burnaby_FBIG_TC_EN_L CEC TLB 043_CP21ZY9_JoshTeixeira,3029.32,,2580.0,actions:link_click,148536.0,,1.17415504,2024-01-07,348024.0,8.704342,2580.0,1.174155,0.741328,3967.0,1.139864,0.76363,2.343028,LBE,2023-11-17
2023-11-25,Q2 to Q4_CEC_LBE_TRR_FY23 LBE TRR TOM Always On Winnipeg_FBIG_TC_EN_L CEC TLB 043_CP21ZY9_JoshTeixeira,1862.87,,1762.0,actions:link_click,90135.0,,1.05724745,2024-01-07,272064.0,6.847176,1762.0,1.057247,0.647642,2591.0,0.952349,0.718977,3.018406,LBE,2023-11-17
2023-11-25,Q2 to Q4_CEC_LBE_TRR_FY23 LBE TRR TOM Always On St. Johns_FBIG_TC_EN_L CEC TLB 043_CP21ZY9_JoshTeixeira,1573.9,,1345.0,actions:link_click,54464.0,,1.17018587,2024-01-07,213864.0,7.35935,1345.0,1.170186,0.628904,2011.0,0.940317,0.782645,3.926704,LBE,2023-11-17
2023-11-25,Q2 to Q4_CEC_TGP_NA_FY23 AO TRR Groups & Event_FBIG_TC_EN_L CEC TGP 074_CP24GT8,950.33,,579.0,actions:landing_page_view,54848.0,,1.64132988,2023-12-31,127132.0,7.475144,697.0,1.363458,0.548249,912.0,0.717365,1.042029,2.317897,LBE,2023-11-17
2023-11-25,Q2 to Q4_CEC_LBE_TRR_FY23 LBE TRR TOM Always On Mississauga_FBIG_TC_EN_L CEC TLB 043_CP21ZY9_JoshTeixeira,10857.21,,8463.0,actions:link_click,424507.0,,1.28290323,2024-01-07,1119572.0,9.697643,8463.0,1.282903,0.755914,10866.0,0.970549,0.999191,2.637346,LBE,2023-11-17
2023-11-25,Q2 to Q4_CEC_TGP_NA_FY23 AO PDM Whitby Groups & Event_FBIG_TC_EN_L CEC TGP 075_CP24GTX,325.46,,208.0,actions:landing_page_view,14386.0,,1.56471154,2023-12-31,39675.0,8.203151,230.0,1.415043,0.57971,308.0,0.776308,1.056688,2.75789,LBE,2023-11-17
2023-11-25,Q2 to Q4_CEC_LBE_TRR_FY23 LBE TRR TOM Always On London_FBIG_TC_EN_L CEC TLB 043_CP21ZY9_JoshTeixeira,1519.78,,1154.0,actions:link_click,77899.0,,1.31696707,2024-01-07,198685.0,7.649193,1154.0,1.316967,0.580819,1793.0,0.902434,0.847619,2.550546,LBE,2023-11-17
2023-11-25,Q2 to Q4_CEC_TGP_NA_FY23 AO PDM Dartmouth Groups & Event_FBIG_TC_EN_L CEC TGP 075_CP24GTX,326.56,,195.0,actions:landing_page_view,10692.0,,1.67466667,2023-12-31,33784.0,9.666114,230.0,1.419826,0.680796,332.0,0.982714,0.983614,3.159746,LBE,2023-11-17
2023-11-25,Q2 to Q4_CEC_LBE_TRR_FY23 LBE TRR TOM Always On West Edmonton_FBIG_TC_EN_L CEC TLB 043_CP21ZY9_JoshTeixeira,1980.8,,1806.0,actions:link_click,72188.0,,1.09678848,2024-01-07,208085.0,9.519187,1806.0,1.096788,0.867915,2362.0,1.135113,0.838611,2.882543,LBE,2023-11-17
2023-11-25,Q2 to Q4_CEC_TGP_NA_FY23 AO PDM Brampton Groups & Event_FBIG_TC_EN_L CEC TGP 075_CP24GTX,324.49,,211.0,actions:landing_page_view,15181.0,,1.5378673,2023-12-31,41686.0,7.784148,243.0,1.33535,0.58293,342.0,0.820419,0.948801,2.745932,LBE,2023-11-17
2023-11-25,Q2 to Q4_CEC_LBE_TRR_FY23 LBE TRR TOM Always On Calgary_FBIG_TC_EN_L CEC TLB 043_CP21ZY9_JoshTeixeira,1829.04,,1976.0,actions:link_click,61399.0,,0.92562753,2024-01-07,170681.0,10.716131,1976.0,0.925628,1.157715,2454.0,1.43777,0.74533,2.779866,LBE,2023-11-17
2023-11-25,Q4 to Q1_CEC_GAM_PDM_FY23 PDM Fall Bonus Credit_FBIG_TC_EN_L CEC TGA 121_CP2CM04_JoshTeixeira,1499.5,,886.0,actions:link_click,86553.0,,1.69243792,2024-01-07,144177.0,10.400411,886.0,1.692438,0.614522,1194.0,0.828149,1.255863,1.665765,LBE,2023-11-17
2023-11-25,Q2 to Q4_CEC_LBE_TRR_FY23 LBE TRR TOM Always On Toronto_FBIG_TC_EN_L CEC TLB 043_CP21ZY9_JoshTeixeira,10215.24,,8633.0,actions:link_click,365693.0,,1.18327812,2024-01-07,958377.0,10.658895,8633.0,1.183278,0.900794,10391.0,1.084229,0.983085,2.620715,LBE,2023-11-17
2023-11-25,Q4 to Q1_CEC_GAM_TRR_FY23 TRR Fall Bonus Credit (Low Performing Locations)_FBIG_TC_EN_L CEC TGA 120 _CP2CM04_JoshTeixeira,1804.85,,1032.0,actions:link_click,127591.0,,1.74888566,2024-01-07,225095.0,8.01817,1032.0,1.748886,0.458473,1609.0,0.714809,1.121722,1.764192,LBE,2023-11-17
2023-11-25,Q2 to Q4_CEC_LBE_TRR_FY23 LBE TRR TOM Always On South Edmonton_FBIG_TC_EN_L CEC TLB 043_CP21ZY9_JoshTeixeira,1495.52,,1358.0,actions:link_click,72509.0,,1.10126657,2024-01-07,196640.0,7.60537,1358.0,1.101267,0.690602,1774.0,0.902156,0.843021,2.711939,LBE,2023-11-17
2023-11-25,Q2 to Q4_CEC_LBE_PDM_FY23 LBE PDM TOM Always On Dartmouth_FBIG_TC_EN_L CEC TLB 044_CP21ZN6_JoshTeixeira,1704.91,,1288.0,actions:link_click,61169.0,,1.32368789,2023-12-31,191859.0,8.886265,1288.0,1.323688,0.671326,1744.0,0.909001,0.977586,3.13654,LBE,2023-11-17
2023-11-25,Q4 to Q1_CEC_GAM_TRR_FY23 TRR Fall Bonus Credit (High Performing Locations)_FBIG_TC_EN_L CEC TGA 120 _CP2CM04_JoshTeixeira,1235.3,,763.0,actions:link_click,92059.0,,1.61900393,2024-01-07,160669.0,7.688478,763.0,1.619004,0.474889,1210.0,0.753101,1.020909,1.745283,LBE,2023-11-17
2023-11-25,Q2 to Q4_CEC_LBE_PDM_FY23 LBE PDM TOM Always On Whitby_FBIG_TC_EN_L CEC TLB 044_CP21ZN6_JoshTeixeira,1675.61,,1565.0,actions:link_click,50341.0,,1.07067732,2023-12-31,135240.0,12.389899,1565.0,1.070677,1.157202,1926.0,1.424135,0.869995,2.686478,LBE,2023-11-17
2023-11-25,Q4 to Q4_CEC_PPP_N/A_Prepaid B2C TRR Holiday Campaign_FBIG_TC_EN_L CEC TPP 101_CP2CHGH,4901.34,,5418.0,actions:link_click,267671.0,,0.90464009,2023-12-31,675502.0,7.255848,5418.0,0.90464,0.80207,8979.0,1.329234,0.545867,2.523628,LBE,2023-11-17
2023-11-25,Q2 to Q4_CEC_LBE_PDM_FY23 LBE PDM TOM Always On Brampton_FBIG_TC_EN_L CEC TLB 044_CP21ZN6_JoshTeixeira,1668.43,,1794.0,actions:link_click,49666.0,,0.93000557,2023-12-31,117375.0,14.214526,1794.0,0.930006,1.528435,2131.0,1.815548,0.782933,2.363287,LBE,2023-11-17
2023-11-25,Q4 to Q4_CEC_PPP_N/A_PrePaid B2C PDM Holiday Campaign_FBIG_TC_EN_L CEC TPP 102_CP2CH84,2248.72,,1772.0,actions:link_click,125363.0,,1.26902935,2023-12-31,371890.0,6.046734,1772.0,1.269029,0.476485,2600.0,0.699131,0.864892,2.966505,LBE,2023-11-17
2023-11-25,Q2 to Q4_CEC_LBE_TRR_FY23 LBE TRR TOM Always On Barrie_FBIG_TC_EN_L CEC TLB 043_CP21ZY9_JoshTeixeira,1847.21,,1394.0,actions:link_click,79626.0,,1.32511478,2024-01-07,224066.0,8.244044,1394.0,1.325115,0.622138,2040.0,0.910446,0.905495,2.81398,LBE,2023-11-17
2023-11-18,Q2 to Q4_CEC_LBE_TRR_FY23 LBE TRR TOM Always On Burnaby_FBIG_TC_EN_L CEC TLB 043_CP21ZY9_JoshTeixeira,3063.13,,3099.0,actions:link_click,184678.0,,0.9884253,2024-01-07,425858.0,7.192844,3099.0,0.988425,0.727707,5263.0,1.235858,0.582012,2.305949,LBE,2023-11-10
2023-11-18,Q2 to Q4_CEC_LBE_TRR_FY23 LBE TRR TOM Always On Winnipeg_FBIG_TC_EN_L CEC TLB 043_CP21ZY9_JoshTeixeira,1906.26,,1900.0,actions:link_click,108820.0,,1.00329474,2024-01-07,315317.0,6.045535,1900.0,1.003295,0.602568,3200.0,1.014852,0.595706,2.897602,LBE,2023-11-10
2023-11-18,Q2 to Q4_CEC_LBE_TRR_FY23 LBE TRR TOM Always On St. Johns_FBIG_TC_EN_L CEC TLB 043_CP21ZY9_JoshTeixeira,1593.09,,1479.0,actions:link_click,61604.0,,1.07713996,2024-01-07,264348.0,6.026488,1479.0,1.07714,0.55949,2794.0,1.05694,0.570183,4.291085,LBE,2023-11-10
2023-11-18,Q2 to Q4_CEC_TGP_NA_FY23 AO TRR Groups & Event_FBIG_TC_EN_L CEC TGP 074_CP24GT8,942.57,,705.0,actions:landing_page_view,80053.0,,1.33697872,2023-12-31,145023.0,6.499452,858.0,1.098566,0.59163,1176.0,0.810906,0.801505,1.811587,LBE,2023-11-10
2023-11-18,Q2 to Q4_CEC_LBE_TRR_FY23 LBE TRR TOM Always On Mississauga_FBIG_TC_EN_L CEC TLB 043_CP21ZY9_JoshTeixeira,10912.11,,9419.0,actions:link_click,515592.0,,1.15852107,2024-01-07,1313065.0,8.310411,9419.0,1.158521,0.717329,12626.0,0.961567,0.864257,2.546713,LBE,2023-11-10
2023-11-18,Q2 to Q4_CEC_TGP_NA_FY23 AO PDM Whitby Groups & Event_FBIG_TC_EN_L CEC TGP 075_CP24GTX,325.02,,265.0,actions:landing_page_view,18937.0,,1.22649057,2023-12-31,43386.0,7.491357,308.0,1.05526,0.709906,429.0,0.988798,0.757622,2.29107,LBE,2023-11-10
2023-11-18,Q2 to Q4_CEC_LBE_TRR_FY23 LBE TRR TOM Always On London_FBIG_TC_EN_L CEC TLB 043_CP21ZY9_JoshTeixeira,1537.07,,1345.0,actions:link_click,87812.0,,1.14280297,2024-01-07,230410.0,6.671021,1345.0,1.142803,0.583742,2252.0,0.977388,0.682536,2.623901,LBE,2023-11-10
2023-11-18,Q2 to Q4_CEC_TGP_NA_FY23 AO PDM Dartmouth Groups & Event_FBIG_TC_EN_L CEC TGP 075_CP24GTX,325.74,,240.0,actions:landing_page_view,13967.0,,1.35725,2023-12-31,37754.0,8.62796,298.0,1.093087,0.78932,432.0,1.14425,0.754028,2.703086,LBE,2023-11-10
2023-11-18,Q2 to Q4_CEC_LBE_TRR_FY23 LBE TRR TOM Always On West Edmonton_FBIG_TC_EN_L CEC TLB 043_CP21ZY9_JoshTeixeira,2015.84,,2077.0,actions:link_click,108176.0,,0.97055368,2024-01-07,283319.0,7.115089,2077.0,0.970554,0.733096,2931.0,1.034523,0.687765,2.619056,LBE,2023-11-10
2023-11-18,Q2 to Q4_CEC_TGP_NA_FY23 AO PDM Brampton Groups & Event_FBIG_TC_EN_L CEC TGP 075_CP24GTX,324.4,,215.0,actions:landing_page_view,20514.0,,1.50883721,2023-12-31,44538.0,7.283668,257.0,1.262257,0.577035,377.0,0.846468,0.860477,2.171103,LBE,2023-11-10
2023-11-18,Q2 to Q4_CEC_LBE_TRR_FY23 LBE TRR TOM Always On Calgary_FBIG_TC_EN_L CEC TLB 043_CP21ZY9_JoshTeixeira,1840.47,,2122.0,actions:link_click,96511.0,,0.86732799,2024-01-07,235066.0,7.829588,2122.0,0.867328,0.902725,3038.0,1.292403,0.605816,2.435639,LBE,2023-11-10
2023-11-18,Q2 to Q4_CEC_LBE_TRR_FY23 LBE TRR TOM Always On Toronto_FBIG_TC_EN_L CEC TLB 043_CP21ZY9_JoshTeixeira,10269.53,,9397.0,actions:link_click,473780.0,,1.09285197,2024-01-07,1185065.0,8.665795,9397.0,1.092852,0.792952,11796.0,0.995388,0.870594,2.501298,LBE,2023-11-10
2023-11-18,Q2 to Q4_CEC_LBE_TRR_FY23 LBE TRR TOM Always On South Edmonton_FBIG_TC_EN_L CEC TLB 043_CP21ZY9_JoshTeixeira,1513.2,,1511.0,actions:link_click,85189.0,,1.00145599,2024-01-07,235990.0,6.412136,1511.0,1.001456,0.640281,2309.0,0.978431,0.655349,2.770193,LBE,2023-11-10
2023-11-18,Q2 to Q4_CEC_LBE_PDM_FY23 LBE PDM TOM Always On Dartmouth_FBIG_TC_EN_L CEC TLB 044_CP21ZN6_JoshTeixeira,1727.93,,1579.0,actions:link_click,77107.0,,1.09431919,2023-12-31,241496.0,7.155108,1579.0,1.094319,0.653841,2131.0,0.882416,0.810854,3.131959,LBE,2023-11-10
2023-11-18,Q2 to Q4_CEC_LBE_PDM_FY23 LBE PDM TOM Always On Whitby_FBIG_TC_EN_L CEC TLB 044_CP21ZN6_JoshTeixeira,1678.03,,1786.0,actions:link_click,72214.0,,0.93954647,2023-12-31,165540.0,10.136704,1786.0,0.939546,1.078893,2233.0,1.348919,0.751469,2.292353,LBE,2023-11-10
2023-11-18,Q4 to Q4_CEC_PPP_N/A_Prepaid B2C TRR Holiday Campaign_FBIG_TC_EN_L CEC TPP 101_CP2CHGH,1106.67,,1932.0,actions:link_click,72517.0,,0.57281056,2023-12-31,125319.0,8.830824,1932.0,0.572811,1.541666,3320.0,2.649239,0.333334,1.728133,LBE,2023-11-10
2023-11-18,Q2 to Q4_CEC_LBE_PDM_FY23 LBE PDM TOM Always On Brampton_FBIG_TC_EN_L CEC TLB 044_CP21ZN6_JoshTeixeira,1672.35,,2215.0,actions:link_click,61709.0,,0.75501129,2023-12-31,136257.0,12.273498,2215.0,0.755011,1.625605,2581.0,1.894215,0.647947,2.208057,LBE,2023-11-10
2023-11-18,Q4 to Q4_CEC_PPP_N/A_PrePaid B2C PDM Holiday Campaign_FBIG_TC_EN_L CEC TPP 102_CP2CH84,475.56,,445.0,actions:link_click,42842.0,,1.06867416,2023-12-31,80960.0,5.874012,445.0,1.068674,0.549654,733.0,0.905385,0.648786,1.889734,LBE,2023-11-10
2023-11-18,Q2 to Q4_CEC_LBE_TRR_FY23 LBE TRR TOM Always On Barrie_FBIG_TC_EN_L CEC TLB 043_CP21ZY9_JoshTeixeira,1876.71,,1572.0,actions:link_click,87273.0,,1.19383588,2024-01-07,259409.0,7.23456,1572.0,1.193836,0.605993,2719.0,1.048152,0.690221,2.972386,LBE,2023-11-10
2023-11-11,Q2 to Q4_CEC_LBE_TRR_FY23 LBE TRR TOM Always On Burnaby_FBIG_TC_EN_L CEC TLB 043_CP21ZY9_JoshTeixeira,3058.41,,3095.0,actions:link_click,162793.0,,0.98817771,2024-01-07,460664.0,6.639134,3095.0,0.988178,0.671856,4074.0,0.884376,0.750714,2.829753,LBE,2023-11-03
2023-11-11,Q2 to Q4_CEC_LBE_TRR_FY23 LBE TRR TOM Always On Winnipeg_FBIG_TC_EN_L CEC TLB 043_CP21ZY9_JoshTeixeira,1867.03,,1823.0,actions:link_click,92250.0,,1.0241525,2024-01-07,325383.0,5.737946,1823.0,1.024153,0.560263,2534.0,0.778775,0.736792,3.527187,LBE,2023-11-03
2023-11-11,Q2 to Q4_CEC_LBE_TRR_FY23 LBE TRR TOM Always On St. Johns_FBIG_TC_EN_L CEC TLB 043_CP21ZY9_JoshTeixeira,1560.78,,1418.0,actions:link_click,54606.0,,1.10069111,2024-01-07,264024.0,5.911508,1418.0,1.100691,0.537072,1952.0,0.739327,0.79958,4.835073,LBE,2023-11-03
2023-11-11,Q2 to Q4_CEC_TGP_NA_FY23 AO TRR Groups & Event_FBIG_TC_EN_L CEC TGP 074_CP24GT8,951.67,,659.0,actions:landing_page_view,79088.0,,1.44411229,2023-12-31,159903.0,5.951546,895.0,1.063318,0.559714,1316.0,0.822999,0.723154,2.021836,LBE,2023-11-03
2023-11-11,Q2 to Q4_CEC_LBE_TRR_FY23 LBE TRR TOM Always On Mississauga_FBIG_TC_EN_L CEC TLB 043_CP21ZY9_JoshTeixeira,10925.02,,9354.0,actions:link_click,497095.0,,1.16795168,2024-01-07,1467023.0,7.447068,9354.0,1.167952,0.637618,11893.0,0.810689,0.918609,2.951192,LBE,2023-11-03
2023-11-11,Q2 to Q4_CEC_TGP_NA_FY23 AO PDM Whitby Groups & Event_FBIG_TC_EN_L CEC TGP 075_CP24GTX,326.69,,286.0,actions:landing_page_view,19433.0,,1.14227273,2023-12-31,48766.0,6.699135,351.0,0.930741,0.719764,456.0,0.935078,0.716425,2.509443,LBE,2023-11-03
2023-11-11,Q2 to Q4_CEC_LBE_TRR_FY23 LBE TRR TOM Always On London_FBIG_TC_EN_L CEC TLB 043_CP21ZY9_JoshTeixeira,1532.19,,1335.0,actions:link_click,74045.0,,1.14770787,2024-01-07,229111.0,6.687544,1335.0,1.147708,0.582687,1793.0,0.78259,0.85454,3.094213,LBE,2023-11-03
2023-11-11,Q2 to Q4_CEC_TGP_NA_FY23 AO PDM Dartmouth Groups & Event_FBIG_TC_EN_L CEC TGP 075_CP24GTX,326.07,,250.0,actions:landing_page_view,14136.0,,1.30428,2023-12-31,42198.0,7.727143,300.0,1.0869,0.710934,431.0,1.021375,0.756543,2.985144,LBE,2023-11-03
2023-11-11,Q2 to Q4_CEC_LBE_TRR_FY23 LBE TRR TOM Always On West Edmonton_FBIG_TC_EN_L CEC TLB 043_CP21ZY9_JoshTeixeira,1984.0,,2004.0,actions:link_click,107536.0,,0.99001996,2024-01-07,325800.0,6.089626,2004.0,0.99002,0.615101,2660.0,0.816452,0.745865,3.029683,LBE,2023-11-03
2023-11-11,Q2 to Q4_CEC_TGP_NA_FY23 AO PDM Brampton Groups & Event_FBIG_TC_EN_L CEC TGP 075_CP24GTX,327.61,,246.0,actions:landing_page_view,18958.0,,1.33174797,2023-12-31,49673.0,6.595333,294.0,1.11432,0.591871,406.0,0.817345,0.806921,2.62016,LBE,2023-11-03
2023-11-11,Q2 to Q4_CEC_LBE_TRR_FY23 LBE TRR TOM Always On Calgary_FBIG_TC_EN_L CEC TLB 043_CP21ZY9_JoshTeixeira,1833.87,,1899.0,actions:link_click,96700.0,,0.965703,2024-01-07,267815.0,6.847525,1899.0,0.965703,0.709072,2492.0,0.930493,0.735903,2.769545,LBE,2023-11-03
2023-11-11,Q2 to Q4_CEC_LBE_TRR_FY23 LBE TRR TOM Always On Toronto_FBIG_TC_EN_L CEC TLB 043_CP21ZY9_JoshTeixeira,10325.26,,9252.0,actions:link_click,480128.0,,1.11600303,2024-01-07,1388358.0,7.43703,9252.0,1.116003,0.666399,11474.0,0.826444,0.899883,2.891641,LBE,2023-11-03
2023-11-11,Q2 to Q4_CEC_LBE_TRR_FY23 LBE TRR TOM Always On South Edmonton_FBIG_TC_EN_L CEC TLB 043_CP21ZY9_JoshTeixeira,1502.51,,1609.0,actions:link_click,77409.0,,0.93381603,2024-01-07,246106.0,6.105134,1609.0,0.933816,0.653783,2102.0,0.854104,0.7148,3.179294,LBE,2023-11-03
2023-11-11,Q2 to Q4_CEC_LBE_PDM_FY23 LBE PDM TOM Always On Dartmouth_FBIG_TC_EN_L CEC TLB 044_CP21ZN6_JoshTeixeira,1690.74,,1641.0,actions:link_click,79461.0,,1.03031079,2023-12-31,246080.0,6.870692,1641.0,1.030311,0.666856,2149.0,0.873293,0.786757,3.096865,LBE,2023-11-03
2023-11-11,Q2 to Q4_CEC_LBE_PDM_FY23 LBE PDM TOM Always On Whitby_FBIG_TC_EN_L CEC TLB 044_CP21ZN6_JoshTeixeira,1676.07,,1788.0,actions:link_click,78576.0,,0.93739933,2023-12-31,184444.0,9.087148,1788.0,0.937399,0.9694,2201.0,1.193316,0.761504,2.347333,LBE,2023-11-03
2023-11-11,Q2 to Q4_CEC_LBE_PDM_FY23 LBE PDM TOM Always On Brampton_FBIG_TC_EN_L CEC TLB 044_CP21ZN6_JoshTeixeira,1681.56,,2122.0,actions:link_click,75985.0,,0.79244109,2023-12-31,157270.0,10.692185,2122.0,0.792441,1.349272,2500.0,1.589623,0.672624,2.069751,LBE,2023-11-03
2023-11-11,Q2 to Q4_CEC_LBE_TRR_FY23 LBE TRR TOM Always On Barrie_FBIG_TC_EN_L CEC TLB 043_CP21ZY9_JoshTeixeira,1851.36,,1659.0,actions:link_click,74322.0,,1.11594937,2024-01-07,251774.0,7.353261,1659.0,1.115949,0.658924,2127.0,0.844805,0.870409,3.387611,LBE,2023-11-03
2023-11-04,Q2 to Q4_CEC_LBE_TRR_FY23 LBE TRR TOM Always On Burnaby_FBIG_TC_EN_L CEC TLB 043_CP21ZY9_JoshTeixeira,3028.13,,2810.0,actions:link_click,161729.0,,1.07762633,2024-01-07,466746.0,6.487747,2810.0,1.077626,0.602041,3834.0,0.821432,0.78981,2.885976,LBE,2023-10-27
2023-11-04,Q4 to Q4_CEC_TLB_N/A_FY23 Q4 PDM Community Day Brampton_FBIG_TC_EN_L CEC TLB 114_CP2B4NT,1310.36,,2438.0,actions:landing_page_view,93463.0,,0.53747334,2023-11-03,206310.0,6.351413,2571.0,0.509669,1.246183,4600.0,2.229654,0.284861,2.207398,LBE,2023-10-27
2023-11-04,Q2 to Q4_CEC_LBE_TRR_FY23 LBE TRR TOM Always On Winnipeg_FBIG_TC_EN_L CEC TLB 043_CP21ZY9_JoshTeixeira,1863.67,,1764.0,actions:link_click,90900.0,,1.05650227,2024-01-07,321967.0,5.788388,1764.0,1.056502,0.547882,2524.0,0.783931,0.73838,3.541991,LBE,2023-10-27
2023-11-04,Q4 to Q4_CEC_TLB_N/A_FY23 Q4 PDM Community Day Whitby_FBIG_TC_EN_L CEC TLB 114_CP2B4NT,1316.09,,2062.0,actions:landing_page_view,86663.0,,0.63825897,2023-11-03,212116.0,6.204577,2213.0,0.594709,1.043297,4490.0,2.116766,0.293116,2.447596,LBE,2023-10-27
2023-11-04,Q2 to Q4_CEC_LBE_TRR_FY23 LBE TRR TOM Always On St. Johns_FBIG_TC_EN_L CEC TLB 043_CP21ZY9_JoshTeixeira,1572.35,,1236.0,actions:link_click,53032.0,,1.27212783,2024-01-07,253275.0,6.208074,1236.0,1.272128,0.488007,1775.0,0.700819,0.885831,4.77589,LBE,2023-10-27
2023-11-04,Q2 to Q4_CEC_TGP_NA_FY23 AO TRR Groups & Event_FBIG_TC_EN_L CEC TGP 074_CP24GT8,966.7,,715.0,actions:landing_page_view,82256.0,,1.35202797,2023-12-31,170238.0,5.678521,956.0,1.011192,0.561567,1520.0,0.892868,0.635987,2.069612,LBE,2023-10-27
2023-11-04,Q4 to Q4_CEC_TLB_N/A_FY23 Q4 TRR Community Day Barrie_FBIG_TC_EN_L CEC TLB 113_CP2B3X7,1398.45,,1208.0,actions:landing_page_view,68340.0,,1.15765728,2023-11-03,230915.0,6.056125,1380.0,1.01337,0.597623,3293.0,1.426066,0.424674,3.378914,LBE,2023-10-27
2023-11-04,Q2 to Q4_CEC_LBE_TRR_FY23 LBE TRR TOM Always On Mississauga_FBIG_TC_EN_L CEC TLB 043_CP21ZY9_JoshTeixeira,10887.72,,9323.0,actions:link_click,559002.0,,1.1678343899999999,2024-01-07,1499749.0,7.259695,9323.0,1.167834,0.621637,12145.0,0.809802,0.896478,2.682905,LBE,2023-10-27
2023-11-04,Q2 to Q4_CEC_TGP_NA_FY23 AO PDM Whitby Groups & Event_FBIG_TC_EN_L CEC TGP 075_CP24GTX,327.85,,279.0,actions:landing_page_view,19234.0,,1.17508961,2023-12-31,47320.0,6.92836,321.0,1.02134,0.67836,418.0,0.883347,0.78433,2.460227,LBE,2023-10-27
2023-11-04,Q4 to Q4_CEC_TLB_N/A_FY23 Q4 TRR Community Day Burnaby_FBIG_TC_EN_L CEC TLB 113_CP2B3X7,1152.51,,2266.0,actions:landing_page_view,109957.0,,0.50860989,2023-11-03,215374.0,5.351203,2401.0,0.480012,1.114805,4518.0,2.097746,0.255093,1.958711,LBE,2023-10-27
2023-11-04,Q2 to Q4_CEC_LBE_TRR_FY23 LBE TRR TOM Always On London_FBIG_TC_EN_L CEC TLB 043_CP21ZY9_JoshTeixeira,1522.76,,1336.0,actions:link_click,74905.0,,1.13979042,2024-01-07,228386.0,6.667484,1336.0,1.13979,0.584975,1821.0,0.797334,0.836222,3.049009,LBE,2023-10-27
2023-11-04,Q2 to Q4_CEC_TGP_NA_FY23 AO PDM Dartmouth Groups & Event_FBIG_TC_EN_L CEC TGP 075_CP24GTX,327.94,,215.0,actions:landing_page_view,13778.0,,1.52530233,2023-12-31,39912.0,8.216576,274.0,1.196861,0.68651,389.0,0.974644,0.843033,2.896792,LBE,2023-10-27
2023-11-04,Q4 to Q4_CEC_TLB_N/A_FY23 Q4 TRR Community Day Winnipeg_FBIG_TC_EN_L CEC TLB 113_CP2B3X7,1143.63,,1643.0,actions:landing_page_view,93929.0,,0.69606208,2023-11-03,236350.0,4.838714,1835.0,0.623232,0.776391,4260.0,1.802412,0.268458,2.516262,LBE,2023-10-27
2023-11-04,Q2 to Q4_CEC_LBE_TRR_FY23 LBE TRR TOM Always On West Edmonton_FBIG_TC_EN_L CEC TLB 043_CP21ZY9_JoshTeixeira,1993.66,,1963.0,actions:link_click,107946.0,,1.01561895,2024-01-07,319936.0,6.231434,1963.0,1.015619,0.61356,2579.0,0.806099,0.773036,2.963852,LBE,2023-10-27
2023-11-04,Q2 to Q4_CEC_TGP_NA_FY23 AO PDM Brampton Groups & Event_FBIG_TC_EN_L CEC TGP 075_CP24GTX,329.38,,259.0,actions:landing_page_view,20548.0,,1.27173745,2023-12-31,48719.0,6.760812,312.0,1.055705,0.640407,412.0,0.845666,0.799466,2.370985,LBE,2023-10-27
2023-11-04,Q4 to Q4_CEC_TLB_N/A_FY23 Q4 TRR Community Day St. John_FBIG_TC_EN_L CEC TLB 113_CP2B3X7,1414.83,,921.0,actions:landing_page_view,65800.0,,1.53618893,2023-11-03,272956.0,5.183363,1187.0,1.191938,0.434869,3811.0,1.396196,0.371249,4.148267,LBE,2023-10-27
2023-11-04,Q2 to Q4_CEC_LBE_TRR_FY23 LBE TRR TOM Always On Calgary_FBIG_TC_EN_L CEC TLB 043_CP21ZY9_JoshTeixeira,1796.08,,1898.0,actions:link_click,90622.0,,0.94630137,2024-01-07,255948.0,7.017363,1898.0,0.946301,0.741557,2548.0,0.995515,0.704898,2.824347,LBE,2023-10-27
2023-11-04,Q4 to Q4_CEC_TLB_N/A_FY23 Q4 TRR Community Day Mississauga_FBIG_TC_EN_L CEC TLB 113_CP2B3X7,1257.13,,2155.0,actions:landing_page_view,111601.0,,0.58335499,2023-11-03,213285.0,5.894132,2277.0,0.552099,1.067586,3627.0,1.700542,0.346603,1.911139,LBE,2023-10-27
2023-11-04,Q2 to Q4_CEC_LBE_TRR_FY23 LBE TRR TOM Always On Toronto_FBIG_TC_EN_L CEC TLB 043_CP21ZY9_JoshTeixeira,10177.69,,8853.0,actions:link_click,474050.0,,1.14963176,2024-01-07,1340284.0,7.593682,8853.0,1.149632,0.660532,11203.0,0.835868,0.908479,2.827305,LBE,2023-10-27
2023-11-04,Q4 to Q4_CEC_TLB_N/A_FY23 Q4 TRR Community Day London_FBIG_TC_EN_L CEC TLB 113_CP2B3X7,1651.48,,1657.0,actions:landing_page_view,109106.0,,0.99666868,2023-11-03,313167.0,5.27348,1892.0,0.872875,0.604151,4176.0,1.333474,0.395469,2.8703,LBE,2023-10-27
2023-11-04,Q2 to Q4_CEC_LBE_TRR_FY23 LBE TRR TOM Always On South Edmonton_FBIG_TC_EN_L CEC TLB 043_CP21ZY9_JoshTeixeira,1488.22,,1515.0,actions:link_click,79569.0,,0.98232343,2024-01-07,235625.0,6.316053,1515.0,0.982323,0.642971,2017.0,0.856021,0.737838,2.961266,LBE,2023-10-27
2023-11-04,Q2 to Q4_CEC_LBE_PDM_FY23 LBE PDM TOM Always On Dartmouth_FBIG_TC_EN_L CEC TLB 044_CP21ZN6_JoshTeixeira,1651.56,,1514.0,actions:link_click,78828.0,,1.09085865,2023-12-31,232287.0,7.109998,1514.0,1.090859,0.65178,1940.0,0.835174,0.85132,2.946758,LBE,2023-10-27
2023-11-04,Q4 to Q4_CEC_TLB_N/A_FY23 Q4 TRR Community Day West Edmonton_FBIG_TC_EN_L CEC TLB 113_CP2B3X7,1407.25,,1551.0,actions:landing_page_view,119261.0,,0.90731786,2023-11-03,257228.0,5.470827,1755.0,0.801852,0.682274,4011.0,1.559317,0.350848,2.156849,LBE,2023-10-27
2023-11-04,Q2 to Q4_CEC_LBE_PDM_FY23 LBE PDM TOM Always On Whitby_FBIG_TC_EN_L CEC TLB 044_CP21ZN6_JoshTeixeira,1691.24,,1866.0,actions:link_click,81770.0,,0.90634512,2023-12-31,182740.0,9.254898,1866.0,0.906345,1.021123,2273.0,1.243844,0.744056,2.234805,LBE,2023-10-27
2023-11-04,Q4 to Q4_CEC_TLB_N/A_FY23 Q4 TRR Community Day Calgary_FBIG_TC_EN_L CEC TLB 113_CP2B3X7,1270.14,,2064.0,actions:landing_page_view,105097.0,,0.61537791,2023-11-03,226072.0,5.618299,2251.0,0.564256,0.9957,5165.0,2.28467,0.245913,2.151079,LBE,2023-10-27
2023-11-04,Q2 to Q4_CEC_LBE_PDM_FY23 LBE PDM TOM Always On Brampton_FBIG_TC_EN_L CEC TLB 044_CP21ZN6_JoshTeixeira,1700.45,,2188.0,actions:link_click,77100.0,,0.77717093,2023-12-31,154259.0,11.023344,2188.0,0.777171,1.418394,2572.0,1.667326,0.661139,2.000765,LBE,2023-10-27
2023-11-04,Q4 to Q4_CEC_TLB_N/A_FY23 Q4 TRR Community Day Toronto_FBIG_TC_EN_L CEC TLB 113_CP2B3X7,1008.68,,2101.0,actions:landing_page_view,109838.0,,0.48009519,2023-11-03,181959.0,5.543447,2204.0,0.457659,1.211262,3242.0,1.78172,0.311129,1.656612,LBE,2023-10-27
2023-11-04,Q2 to Q4_CEC_LBE_TRR_FY23 LBE TRR TOM Always On Barrie_FBIG_TC_EN_L CEC TLB 043_CP21ZY9_JoshTeixeira,1862.17,,1561.0,actions:link_click,77014.0,,1.19293402,2024-01-07,255062.0,7.300852,1561.0,1.192934,0.612008,2089.0,0.819017,0.891417,3.311891,LBE,2023-10-27
2023-11-04,Q4 to Q4_CEC_TLB_N/A_FY23 Q4 TRR Community Day South Edmonton_FBIG_TC_EN_L CEC TLB 113_CP2B3X7,1020.05,,1090.0,actions:landing_page_view,94286.0,,0.93582569,2023-11-03,190648.0,5.350436,1250.0,0.81604,0.655659,3032.0,1.590365,0.336428,2.022018,LBE,2023-10-27
2023-11-04,Q4 to Q4_CEC_TLB_N/A_FY23 Q4 PDM Community Day Dartmouth_FBIG_TC_EN_L CEC TLB 114_CP2B4NT,1361.19,,1102.0,actions:landing_page_view,67129.0,,1.23519964,2023-11-03,240469.0,5.660563,1239.0,1.09862,0.515243,2969.0,1.234671,0.458468,3.582193,LBE,2023-10-27
2023-10-28,Q2 to Q4_CEC_LBE_TRR_FY23 LBE TRR TOM Always On Burnaby_FBIG_TC_EN_L CEC TLB 043_CP21ZY9_JoshTeixeira,2972.29,,2547.0,actions:link_click,144125.0,,1.16697684,2024-01-07,438143.0,6.783835,2547.0,1.166977,0.581317,3474.0,0.792892,0.855581,3.040021,LBE,2023-10-20
2023-10-28,Q4 to Q4_CEC_LBE_TLB_TRR Signature Events - Haunted Carnival_FBIG_CVS_EN_L CEC TLB 108_CP29NRN,3395.39,,68.0,actions:offsite_conversion.fb_pixel_purchase,146317.0,,49.93220588,2023-10-28,415309.0,8.175575,1736.0,1.95587,0.418002,7867.0,1.894252,0.431599,2.838419,LBE,2023-10-20
2023-10-28,Q4 to Q4_CEC_TLB_N/A_FY23 Q4 PDM Community Day Brampton_FBIG_TC_EN_L CEC TLB 114_CP2B4NT,1520.28,,2994.0,actions:landing_page_view,85033.0,,0.50777555,2023-11-03,201926.0,7.528897,3222.0,0.471844,1.595634,6195.0,3.067956,0.245404,2.374678,LBE,2023-10-20
2023-10-28,Q2 to Q4_CEC_LBE_TRR_FY23 LBE TRR TOM Always On Winnipeg_FBIG_TC_EN_L CEC TLB 043_CP21ZY9_JoshTeixeira,1831.2,,1690.0,actions:link_click,78444.0,,1.0835503,2024-01-07,291727.0,6.277102,1690.0,1.08355,0.579309,2354.0,0.806919,0.77791,3.718921,LBE,2023-10-20
2023-10-28,Q4 to Q4_CEC_TLB_N/A_FY23 Q4 PDM Community Day Whitby_FBIG_TC_EN_L CEC TLB 114_CP2B4NT,1504.77,,2698.0,actions:landing_page_view,77075.0,,0.55773536,2023-11-03,205117.0,7.336154,2910.0,0.517103,1.418703,6307.0,3.07483,0.238587,2.661265,LBE,2023-10-20
2023-10-28,Q2 to Q4_CEC_LBE_TRR_FY23 LBE TRR TOM Always On St. Johns_FBIG_TC_EN_L CEC TLB 043_CP21ZY9_JoshTeixeira,1514.62,,1134.0,actions:link_click,45119.0,,1.33564374,2024-01-07,228548.0,6.627142,1134.0,1.335644,0.496176,1505.0,0.658505,1.006392,5.065449,LBE,2023-10-20
2023-10-28,Q2 to Q4_CEC_TGP_NA_FY23 AO TRR Groups & Event_FBIG_TC_EN_L CEC TGP 074_CP24GT8,949.79,,730.0,actions:landing_page_view,78086.0,,1.30108219,2023-12-31,152875.0,6.212854,923.0,1.029025,0.603761,1382.0,0.904007,0.687258,1.957777,LBE,2023-10-20
2023-10-28,Q4 to Q4_CEC_TLB_N/A_FY23 Q4 TRR Community Day Barrie_FBIG_TC_EN_L CEC TLB 113_CP2B3X7,1594.84,,1355.0,actions:landing_page_view,62467.0,,1.17700369,2023-11-03,225865.0,7.061032,1526.0,1.045111,0.675625,4163.0,1.843136,0.383099,3.615749,LBE,2023-10-20
2023-10-28,Q2 to Q4_CEC_LBE_TRR_FY23 LBE TRR TOM Always On Mississauga_FBIG_TC_EN_L CEC TLB 043_CP21ZY9_JoshTeixeira,10590.44,,9096.0,actions:link_click,463076.0,,1.16429639,2024-01-07,1467461.0,7.216846,9096.0,1.164296,0.619846,11766.0,0.801793,0.900088,3.168942,LBE,2023-10-20
2023-10-28,Q2 to Q4_CEC_TGP_NA_FY23 AO PDM Whitby Groups & Event_FBIG_TC_EN_L CEC TGP 075_CP24GTX,325.01,,242.0,actions:landing_page_view,18398.0,,1.34301653,2023-12-31,44884.0,7.24111,284.0,1.144401,0.632742,376.0,0.837715,0.864388,2.439613,LBE,2023-10-20
2023-10-28,Q4 to Q4_CEC_TLB_N/A_FY23 Q4 TRR Community Day Burnaby_FBIG_TC_EN_L CEC TLB 113_CP2B3X7,1293.32,,3017.0,actions:landing_page_view,94741.0,,0.42867749,2023-11-03,197731.0,6.540805,3182.0,0.406449,1.609257,6851.0,3.464808,0.188778,2.087069,LBE,2023-10-20
2023-10-28,Q2 to Q4_CEC_LBE_TRR_FY23 LBE TRR TOM Always On London_FBIG_TC_EN_L CEC TLB 043_CP21ZY9_JoshTeixeira,1507.78,,1308.0,actions:link_click,62114.0,,1.152737,2024-01-07,214928.0,7.01528,1308.0,1.152737,0.608576,1782.0,0.829115,0.846117,3.460218,LBE,2023-10-20
2023-10-28,Q2 to Q4_CEC_TGP_NA_FY23 AO PDM Dartmouth Groups & Event_FBIG_TC_EN_L CEC TGP 075_CP24GTX,324.37,,207.0,actions:landing_page_view,14077.0,,1.56700483,2023-12-31,39431.0,8.226269,248.0,1.307944,0.628947,343.0,0.869874,0.945685,2.801094,LBE,2023-10-20
2023-10-28,Q4 to Q4_CEC_TLB_N/A_FY23 Q4 TRR Community Day Winnipeg_FBIG_TC_EN_L CEC TLB 113_CP2B3X7,1293.53,,1976.0,actions:landing_page_view,84110.0,,0.65462045,2023-11-03,226523.0,5.710369,2158.0,0.599411,0.952663,5354.0,2.363557,0.241601,2.693176,LBE,2023-10-20
2023-10-28,Q2 to Q4_CEC_LBE_TRR_FY23 LBE TRR TOM Always On West Edmonton_FBIG_TC_EN_L CEC TLB 043_CP21ZY9_JoshTeixeira,1945.6,,1820.0,actions:link_click,92552.0,,1.06901099,2024-01-07,295326.0,6.587974,1820.0,1.069011,0.616268,2411.0,0.816386,0.806968,3.19092,LBE,2023-10-20
2023-10-28,Q2 to Q4_CEC_TGP_NA_FY23 AO PDM Brampton Groups & Event_FBIG_TC_EN_L CEC TGP 075_CP24GTX,325.74,,230.0,actions:landing_page_view,19332.0,,1.41626087,2023-12-31,45385.0,7.177261,276.0,1.180217,0.60813,375.0,0.826264,0.86864,2.347662,LBE,2023-10-20
2023-10-28,Q4 to Q4_CEC_TLB_N/A_FY23 Q4 TRR Community Day St. John_FBIG_TC_EN_L CEC TLB 113_CP2B3X7,1592.28,,1131.0,actions:landing_page_view,62883.0,,1.40785146,2023-11-03,274467.0,5.801353,1453.0,1.095857,0.52939,5222.0,1.902597,0.304918,4.364725,LBE,2023-10-20
2023-10-28,Q2 to Q4_CEC_LBE_TRR_FY23 LBE TRR TOM Always On Calgary_FBIG_TC_EN_L CEC TLB 043_CP21ZY9_JoshTeixeira,1770.82,,1759.0,actions:link_click,75578.0,,1.00671973,2024-01-07,237378.0,7.459916,1759.0,1.00672,0.741012,2323.0,0.978608,0.762299,3.140835,LBE,2023-10-20
2023-10-28,Q4 to Q4_CEC_TLB_N/A_FY23 Q4 TRR Community Day Mississauga_FBIG_TC_EN_L CEC TLB 113_CP2B3X7,1449.85,,2712.0,actions:landing_page_view,101786.0,,0.53460546,2023-11-03,209479.0,6.921219,2873.0,0.504647,1.371498,4644.0,2.216929,0.312199,2.058034,LBE,2023-10-20
2023-10-28,Q2 to Q4_CEC_LBE_TRR_FY23 LBE TRR TOM Always On Toronto_FBIG_TC_EN_L CEC TLB 043_CP21ZY9_JoshTeixeira,10015.12,,8349.0,actions:link_click,423974.0,,1.19955923,2024-01-07,1219692.0,8.211188,8349.0,1.199559,0.684517,10605.0,0.869482,0.944377,2.876808,LBE,2023-10-20
2023-10-28,Q4 to Q4_CEC_TLB_N/A_FY23 Q4 TRR Community Day London_FBIG_TC_EN_L CEC TLB 113_CP2B3X7,1881.21,,1914.0,actions:landing_page_view,98342.0,,0.98286834,2023-11-03,308894.0,6.090147,2129.0,0.883612,0.689233,5461.0,1.76792,0.344481,3.141018,LBE,2023-10-20
2023-10-28,Q2 to Q4_CEC_LBE_TRR_FY23 LBE TRR TOM Always On South Edmonton_FBIG_TC_EN_L CEC TLB 043_CP21ZY9_JoshTeixeira,1476.43,,1287.0,actions:link_click,63628.0,,1.14718726,2024-01-07,217160.0,6.798812,1287.0,1.147187,0.592651,1697.0,0.781451,0.870024,3.412963,LBE,2023-10-20
2023-10-28,Q2 to Q4_CEC_LBE_PDM_FY23 LBE PDM TOM Always On Dartmouth_FBIG_TC_EN_L CEC TLB 044_CP21ZN6_JoshTeixeira,1676.89,,1518.0,actions:link_click,78387.0,,1.10467062,2023-12-31,226930.0,7.389459,1518.0,1.104671,0.668929,1922.0,0.846957,0.872471,2.894995,LBE,2023-10-20
2023-10-28,Q4 to Q4_CEC_TLB_N/A_FY23 Q4 TRR Community Day West Edmonton_FBIG_TC_EN_L CEC TLB 113_CP2B3X7,1587.02,,1784.0,actions:landing_page_view,109633.0,,0.8895852,2023-11-03,246284.0,6.443862,1960.0,0.809704,0.795829,4626.0,1.878319,0.343065,2.24644,LBE,2023-10-20
2023-10-28,Q2 to Q4_CEC_LBE_PDM_FY23 LBE PDM TOM Always On Whitby_FBIG_TC_EN_L CEC TLB 044_CP21ZN6_JoshTeixeira,1695.97,,1864.0,actions:link_click,75981.0,,0.90985515,2023-12-31,168849.0,10.0443,1864.0,0.909855,1.103945,2282.0,1.351503,0.743195,2.222253,LBE,2023-10-20
2023-10-28,Q4 to Q4_CEC_TLB_N/A_FY23 Q4 TRR Community Day Calgary_FBIG_TC_EN_L CEC TLB 113_CP2B3X7,1448.44,,2357.0,actions:landing_page_view,89993.0,,0.61452694,2023-11-03,209528.0,6.912871,2531.0,0.57228,1.207953,6067.0,2.895556,0.238741,2.32827,LBE,2023-10-20
2023-10-28,Q2 to Q4_CEC_LBE_PDM_FY23 LBE PDM TOM Always On Brampton_FBIG_TC_EN_L CEC TLB 044_CP21ZN6_JoshTeixeira,1688.28,,2166.0,actions:link_click,68091.0,,0.77944598,2023-12-31,136677.0,12.352334,2166.0,0.779446,1.584758,2556.0,1.870103,0.660516,2.00727,LBE,2023-10-20
2023-10-28,Q4 to Q4_CEC_TLB_N/A_FY23 Q4 TRR Community Day Toronto_FBIG_TC_EN_L CEC TLB 113_CP2B3X7,1151.13,,2412.0,actions:landing_page_view,95891.0,,0.47725124,2023-11-03,175223.0,6.569514,2527.0,0.455532,1.442162,3873.0,2.210326,0.297219,1.827314,LBE,2023-10-20
2023-10-28,Q2 to Q4_CEC_LBE_TRR_FY23 LBE TRR TOM Always On Barrie_FBIG_TC_EN_L CEC TLB 043_CP21ZY9_JoshTeixeira,1829.87,,1517.0,actions:link_click,64630.0,,1.20624258,2024-01-07,228973.0,7.991641,1517.0,1.206243,0.662524,1916.0,0.83678,0.955047,3.542828,LBE,2023-10-20
2023-10-28,Q4 to Q4_CEC_TLB_N/A_FY23 Q4 TRR Community Day South Edmonton_FBIG_TC_EN_L CEC TLB 113_CP2B3X7,1157.31,,1338.0,actions:landing_page_view,94454.0,,0.86495516,2023-11-03,186199.0,6.215447,1495.0,0.77412,0.802904,3838.0,2.061236,0.30154,1.971319,LBE,2023-10-20
2023-10-28,Q4 to Q4_CEC_TLB_N/A_FY23 Q4 PDM Community Day Dartmouth_FBIG_TC_EN_L CEC TLB 114_CP2B4NT,1496.52,,1351.0,actions:landing_page_view,61804.0,,1.10771281,2023-11-03,242605.0,6.168546,1547.0,0.967369,0.637662,4499.0,1.854455,0.332634,3.925393,LBE,2023-10-20
2023-10-21,Q2 to Q4_CEC_LBE_TRR_FY23 LBE TRR TOM Always On Burnaby_FBIG_TC_EN_L CEC TLB 043_CP21ZY9_JoshTeixeira,2948.57,,2821.0,actions:link_click,146200.0,,1.04522155,2024-01-07,461943.0,6.382974,2821.0,1.045222,0.610681,3678.0,0.796202,0.801678,3.159665,LBE,2023-10-13
2023-10-21,Q4 to Q4_CEC_LBE_TLB_TRR Signature Events - Haunted Carnival_FBIG_CVS_EN_L CEC TLB 108_CP29NRN,3535.26,,30.0,actions:offsite_conversion.fb_pixel_purchase,178714.0,,117.842,2023-10-28,459938.0,7.686384,1640.0,2.155646,0.35657,8105.0,1.762194,0.436183,2.573598,LBE,2023-10-13
2023-10-21,Q4 to Q4_CEC_TLB_N/A_FY23 Q4 PDM Community Day Brampton_FBIG_TC_EN_L CEC TLB 114_CP2B4NT,530.94,,1110.0,actions:landing_page_view,30844.0,,0.47832432,2023-11-03,54399.0,9.760106,1221.0,0.43484,2.244527,2457.0,4.516627,0.216093,1.763682,LBE,2023-10-13
2023-10-21,Q2 to Q4_CEC_LBE_TRR_FY23 LBE TRR TOM Always On Winnipeg_FBIG_TC_EN_L CEC TLB 043_CP21ZY9_JoshTeixeira,1820.69,,1765.0,actions:link_click,80036.0,,1.03155241,2024-01-07,312633.0,5.823729,1765.0,1.031552,0.56456,2498.0,0.79902,0.728859,3.906155,LBE,2023-10-13
2023-10-21,Q4 to Q4_CEC_TLB_N/A_FY23 Q4 PDM Community Day Whitby_FBIG_TC_EN_L CEC TLB 114_CP2B4NT,526.58,,1204.0,actions:landing_page_view,28455.0,,0.4373588,2023-11-03,56464.0,9.325942,1298.0,0.405686,2.29881,3132.0,5.546897,0.168129,1.984326,LBE,2023-10-13
2023-10-21,Q2 to Q4_CEC_LBE_TRR_FY23 LBE TRR TOM Always On St. Johns_FBIG_TC_EN_L CEC TLB 043_CP21ZY9_JoshTeixeira,1514.68,,1238.0,actions:link_click,46870.0,,1.2234895,2024-01-07,255009.0,5.939712,1238.0,1.22349,0.485473,1619.0,0.63488,0.935565,5.440772,LBE,2023-10-13
2023-10-21,Q2 to Q4_CEC_TGP_NA_FY23 AO TRR Groups & Event_FBIG_TC_EN_L CEC TGP 074_CP24GT8,940.72,,685.0,actions:landing_page_view,82513.0,,1.37331387,2023-12-31,168533.0,5.581815,900.0,1.045244,0.53402,1360.0,0.806964,0.691706,2.042502,LBE,2023-10-13
2023-10-21,Q4 to Q4_CEC_TLB_N/A_FY23 Q4 TRR Community Day Barrie_FBIG_TC_EN_L CEC TLB 113_CP2B3X7,537.57,,742.0,actions:landing_page_view,25221.0,,0.72448787,2023-11-03,63942.0,8.40715,819.0,0.656374,1.280848,2738.0,4.282006,0.196337,2.535268,LBE,2023-10-13
2023-10-21,Q2 to Q4_CEC_LBE_TRR_FY23 LBE TRR TOM Always On Mississauga_FBIG_TC_EN_L CEC TLB 043_CP21ZY9_JoshTeixeira,10705.02,,9555.0,actions:link_click,467695.0,,1.12035793,2024-01-07,1589584.0,6.734479,9555.0,1.120358,0.601101,12427.0,0.781777,0.861432,3.398762,LBE,2023-10-13
2023-10-21,Q2 to Q4_CEC_TGP_NA_FY23 AO PDM Whitby Groups & Event_FBIG_TC_EN_L CEC TGP 075_CP24GTX,328.68,,254.0,actions:landing_page_view,17923.0,,1.29401575,2023-12-31,47759.0,6.882054,283.0,1.161413,0.592558,386.0,0.808225,0.851503,2.664677,LBE,2023-10-13
2023-10-21,Q4 to Q4_CEC_TLB_N/A_FY23 Q4 TRR Community Day Burnaby_FBIG_TC_EN_L CEC TLB 113_CP2B3X7,443.07,,1361.0,actions:landing_page_view,32293.0,,0.32554739,2023-11-03,55810.0,7.9389,1478.0,0.299777,2.648271,3312.0,5.93442,0.133777,1.728238,LBE,2023-10-13
2023-10-21,Q2 to Q4_CEC_LBE_TRR_FY23 LBE TRR TOM Always On London_FBIG_TC_EN_L CEC TLB 043_CP21ZY9_JoshTeixeira,1507.26,,1334.0,actions:link_click,63617.0,,1.12988006,2024-01-07,233330.0,6.459778,1334.0,1.12988,0.571722,1688.0,0.723439,0.892927,3.66773,LBE,2023-10-13
2023-10-21,Q2 to Q4_CEC_TGP_NA_FY23 AO PDM Dartmouth Groups & Event_FBIG_TC_EN_L CEC TGP 075_CP24GTX,326.18,,222.0,actions:landing_page_view,16046.0,,1.46927928,2023-12-31,44122.0,7.392684,255.0,1.279137,0.577943,361.0,0.818186,0.903546,2.74972,LBE,2023-10-13
2023-10-21,Q4 to Q4_CEC_TLB_N/A_FY23 Q4 TRR Community Day Winnipeg_FBIG_TC_EN_L CEC TLB 113_CP2B3X7,451.71,,938.0,actions:landing_page_view,35619.0,,0.48156716,2023-11-03,69186.0,6.528922,1045.0,0.432258,1.510421,3544.0,5.122424,0.127458,1.94239,LBE,2023-10-13
2023-10-21,Q2 to Q4_CEC_LBE_TRR_FY23 LBE TRR TOM Always On West Edmonton_FBIG_TC_EN_L CEC TLB 043_CP21ZY9_JoshTeixeira,1954.59,,1923.0,actions:link_click,95539.0,,1.01642746,2024-01-07,321864.0,6.07272,1923.0,1.016427,0.597457,2506.0,0.77859,0.779964,3.368928,LBE,2023-10-13
2023-10-21,Q2 to Q4_CEC_TGP_NA_FY23 AO PDM Brampton Groups & Event_FBIG_TC_EN_L CEC TGP 075_CP24GTX,326.64,,297.0,actions:landing_page_view,19569.0,,1.09979798,2023-12-31,50161.0,6.511832,326.0,1.001963,0.649907,431.0,0.859233,0.757865,2.563289,LBE,2023-10-13
2023-10-21,Q4 to Q4_CEC_TLB_N/A_FY23 Q4 TRR Community Day St. John_FBIG_TC_EN_L CEC TLB 113_CP2B3X7,523.76,,641.0,actions:landing_page_view,29049.0,,0.81709828,2023-11-03,81739.0,6.407712,771.0,0.679326,0.943246,3780.0,4.624475,0.138561,2.813832,LBE,2023-10-13
2023-10-21,Q2 to Q4_CEC_LBE_TRR_FY23 LBE TRR TOM Always On Calgary_FBIG_TC_EN_L CEC TLB 043_CP21ZY9_JoshTeixeira,1774.24,,1782.0,actions:link_click,75884.0,,0.99564534,2024-01-07,260638.0,6.807296,1782.0,0.995645,0.683707,2397.0,0.919666,0.740192,3.43469,LBE,2023-10-13
2023-10-21,Q4 to Q4_CEC_TLB_N/A_FY23 Q4 TRR Community Day Mississauga_FBIG_TC_EN_L CEC TLB 113_CP2B3X7,502.87,,1248.0,actions:landing_page_view,33623.0,,0.40294071,2023-11-03,60347.0,8.332974,1335.0,0.376682,2.212206,2303.0,3.816263,0.218354,1.794813,LBE,2023-10-13
2023-10-21,Q2 to Q4_CEC_LBE_TRR_FY23 LBE TRR TOM Always On Toronto_FBIG_TC_EN_L CEC TLB 043_CP21ZY9_JoshTeixeira,9998.2,,8834.0,actions:link_click,422389.0,,1.13178628,2024-01-07,1285099.0,7.780101,8834.0,1.131786,0.687418,11115.0,0.864914,0.899523,3.042454,LBE,2023-10-13
2023-10-21,Q4 to Q4_CEC_TLB_N/A_FY23 Q4 TRR Community Day London_FBIG_TC_EN_L CEC TLB 113_CP2B3X7,640.12,,1036.0,actions:landing_page_view,42658.0,,0.61787645,2023-11-03,91146.0,7.023018,1157.0,0.553258,1.269392,3448.0,3.782942,0.18565,2.136668,LBE,2023-10-13
2023-10-21,Q2 to Q4_CEC_LBE_TRR_FY23 LBE TRR TOM Always On South Edmonton_FBIG_TC_EN_L CEC TLB 043_CP21ZY9_JoshTeixeira,1481.15,,1424.0,actions:link_click,67864.0,,1.04013343,2024-01-07,235070.0,6.300889,1424.0,1.040133,0.605777,1820.0,0.774237,0.813819,3.463839,LBE,2023-10-13
2023-10-21,Q2 to Q4_CEC_LBE_PDM_FY23 LBE PDM TOM Always On Dartmouth_FBIG_TC_EN_L CEC TLB 044_CP21ZN6_JoshTeixeira,1665.31,,1675.0,actions:link_click,79491.0,,0.99421493,2023-12-31,243302.0,6.844621,1675.0,0.994215,0.688445,2072.0,0.851617,0.803721,3.060749,LBE,2023-10-13
2023-10-21,Q4 to Q4_CEC_TLB_N/A_FY23 Q4 TRR Community Day West Edmonton_FBIG_TC_EN_L CEC TLB 113_CP2B3X7,536.55,,891.0,actions:landing_page_view,38212.0,,0.60218855,2023-11-03,70440.0,7.617121,1009.0,0.531764,1.432425,2972.0,4.219194,0.180535,1.8434,LBE,2023-10-13
2023-10-21,Q2 to Q4_CEC_LBE_PDM_FY23 LBE PDM TOM Always On Whitby_FBIG_TC_EN_L CEC TLB 044_CP21ZN6_JoshTeixeira,1672.83,,1899.0,actions:link_click,79240.0,,0.88090047,2023-12-31,182751.0,9.153602,1899.0,0.8809,1.039119,2324.0,1.271676,0.719806,2.306297,LBE,2023-10-13
2023-10-21,Q4 to Q4_CEC_TLB_N/A_FY23 Q4 TRR Community Day Calgary_FBIG_TC_EN_L CEC TLB 113_CP2B3X7,491.31,,1151.0,actions:landing_page_view,33296.0,,0.42685491,2023-11-03,60449.0,8.127678,1280.0,0.383836,2.117487,3410.0,5.641119,0.144079,1.815503,LBE,2023-10-13
2023-10-21,Q2 to Q4_CEC_LBE_PDM_FY23 LBE PDM TOM Always On Brampton_FBIG_TC_EN_L CEC TLB 044_CP21ZN6_JoshTeixeira,1676.55,,2428.0,actions:link_click,68632.0,,0.69050659,2023-12-31,141618.0,11.838537,2428.0,0.690507,1.714471,2813.0,1.986329,0.596001,2.06344,LBE,2023-10-13
2023-10-21,Q4 to Q4_CEC_TLB_N/A_FY23 Q4 TRR Community Day Toronto_FBIG_TC_EN_L CEC TLB 113_CP2B3X7,408.1,,1026.0,actions:landing_page_view,32769.0,,0.39775828,2023-11-03,51541.0,7.917968,1131.0,0.360831,2.19437,1730.0,3.356551,0.235896,1.572858,LBE,2023-10-13
2023-10-21,Q2 to Q4_CEC_LBE_TRR_FY23 LBE TRR TOM Always On Barrie_FBIG_TC_EN_L CEC TLB 043_CP21ZY9_JoshTeixeira,1816.28,,1449.0,actions:link_click,67361.0,,1.25347136,2024-01-07,249570.0,7.277638,1449.0,1.253471,0.580599,1894.0,0.758905,0.958965,3.704963,LBE,2023-10-13
2023-10-21,Q4 to Q4_CEC_TLB_N/A_FY23 Q4 TRR Community Day South Edmonton_FBIG_TC_EN_L CEC TLB 113_CP2B3X7,390.51,,840.0,actions:landing_page_view,36477.0,,0.46489286,2023-11-03,58746.0,6.647431,946.0,0.412801,1.610322,2864.0,4.875226,0.136351,1.610494,LBE,2023-10-13
2023-10-21,Q4 to Q4_CEC_TLB_N/A_FY23 Q4 PDM Community Day Dartmouth_FBIG_TC_EN_L CEC TLB 114_CP2B4NT,503.81,,802.0,actions:landing_page_view,25120.0,,0.62819202,2023-11-03,67076.0,7.511032,873.0,0.577102,1.301509,3165.0,4.718528,0.159182,2.670223,LBE,2023-10-13
2023-10-14,Q2 to Q4_CEC_LBE_TRR_FY23 LBE TRR TOM Always On Burnaby_FBIG_TC_EN_L CEC TLB 043_CP21ZY9_JoshTeixeira,3051.97,,3090.0,actions:link_click,146949.0,,0.98769256,2024-01-07,498807.0,6.118539,3090.0,0.987693,0.619478,4147.0,0.831384,0.735946,3.394423,LBE,2023-10-06
2023-10-14,Q4 to Q4_CEC_LBE_TLB_TRR Signature Events - Haunted Carnival_FBIG_CVS_EN_L CEC TLB 108_CP29NRN,3702.46,,34.0,actions:offsite_conversion.fb_pixel_purchase,222554.0,,108.89588235,2023-10-28,546043.0,6.780528,1986.0,1.86428,0.363708,10031.0,1.837035,0.369102,2.45353,LBE,2023-10-06
2023-10-14,Q2 to Q4_CEC_LBE_TRR_FY23 LBE TRR TOM Always On Winnipeg_FBIG_TC_EN_L CEC TLB 043_CP21ZY9_JoshTeixeira,1875.82,,2035.0,actions:link_click,82775.0,,0.92177887,2024-01-07,346558.0,5.412716,2035.0,0.921779,0.587203,2753.0,0.794384,0.681373,4.186747,LBE,2023-10-06
2023-10-14,Q2 to Q4_CEC_LBE_TRR_FY23 LBE TRR TOM Always On St. Johns_FBIG_TC_EN_L CEC TLB 043_CP21ZY9_JoshTeixeira,1555.24,,1394.0,actions:link_click,46007.0,,1.11566714,2024-01-07,273094.0,5.694889,1394.0,1.115667,0.510447,1837.0,0.672662,0.846619,5.935923,LBE,2023-10-06
2023-10-14,Q2 to Q4_CEC_TGP_NA_FY23 AO TRR Groups & Event_FBIG_TC_EN_L CEC TGP 074_CP24GT8,967.15,,744.0,actions:landing_page_view,74379.0,,1.2999328,2023-12-31,176069.0,5.493017,991.0,0.975933,0.562848,1421.0,0.80707,0.680612,2.367187,LBE,2023-10-06
2023-10-14,Q2 to Q4_CEC_LBE_TRR_FY23 LBE TRR TOM Always On Mississauga_FBIG_TC_EN_L CEC TLB 043_CP21ZY9_JoshTeixeira,10888.5,,10200.0,actions:link_click,432521.0,,1.0675,2024-01-07,1617473.0,6.731797,10200.0,1.0675,0.630613,13584.0,0.839829,0.801568,3.73964,LBE,2023-10-06
2023-10-14,Q2 to Q4_CEC_TGP_NA_FY23 AO PDM Whitby Groups & Event_FBIG_TC_EN_L CEC TGP 075_CP24GTX,335.84,,256.0,actions:landing_page_view,17486.0,,1.311875,2023-12-31,51161.0,6.564375,304.0,1.104737,0.594203,402.0,0.785755,0.835423,2.925826,LBE,2023-10-06
2023-10-14,Q2 to Q4_CEC_LBE_TRR_FY23 LBE TRR TOM Always On London_FBIG_TC_EN_L CEC TLB 043_CP21ZY9_JoshTeixeira,1530.82,,1490.0,actions:link_click,63269.0,,1.02739597,2024-01-07,247856.0,6.176248,1490.0,1.027396,0.601156,1977.0,0.797641,0.774315,3.917495,LBE,2023-10-06
2023-10-14,Q2 to Q4_CEC_TGP_NA_FY23 AO PDM Dartmouth Groups & Event_FBIG_TC_EN_L CEC TGP 075_CP24GTX,335.28,,256.0,actions:landing_page_view,15688.0,,1.3096875,2023-12-31,47416.0,7.071031,314.0,1.067771,0.662224,408.0,0.860469,0.821765,3.022438,LBE,2023-10-06
2023-10-14,Q2 to Q4_CEC_LBE_TRR_FY23 LBE TRR TOM Always On West Edmonton_FBIG_TC_EN_L CEC TLB 043_CP21ZY9_JoshTeixeira,1995.98,,2133.0,actions:link_click,97610.0,,0.93576184,2024-01-07,347346.0,5.746374,2133.0,0.935762,0.614085,2835.0,0.816189,0.704049,3.558508,LBE,2023-10-06
2023-10-14,Q2 to Q4_CEC_TGP_NA_FY23 AO PDM Brampton Groups & Event_FBIG_TC_EN_L CEC TGP 075_CP24GTX,334.97,,299.0,actions:landing_page_view,19767.0,,1.120301,2023-12-31,53220.0,6.294062,348.0,0.962557,0.65389,462.0,0.868095,0.725043,2.692366,LBE,2023-10-06
2023-10-14,Q2 to Q4_CEC_LBE_TRR_FY23 LBE TRR TOM Always On Calgary_FBIG_TC_EN_L CEC TLB 043_CP21ZY9_JoshTeixeira,1812.5,,1945.0,actions:link_click,77464.0,,0.93187661,2024-01-07,281237.0,6.444742,1945.0,0.931877,0.691588,2586.0,0.919509,0.700889,3.630551,LBE,2023-10-06
2023-10-14,Q2 to Q4_CEC_LBE_TRR_FY23 LBE TRR TOM Always On Toronto_FBIG_TC_EN_L CEC TLB 043_CP21ZY9_JoshTeixeira,10292.32,,9636.0,actions:link_click,428733.0,,1.06811125,2024-01-07,1426464.0,7.215268,9636.0,1.068111,0.675517,12424.0,0.870965,0.828422,3.327162,LBE,2023-10-06
2023-10-14,Q2 to Q4_CEC_LBE_TRR_FY23 LBE TRR TOM Always On South Edmonton_FBIG_TC_EN_L CEC TLB 043_CP21ZY9_JoshTeixeira,1509.89,,1574.0,actions:link_click,69619.0,,0.95926938,2024-01-07,250415.0,6.029551,1574.0,0.959269,0.628557,2079.0,0.830222,0.726258,3.596935,LBE,2023-10-06
2023-10-14,Q2 to Q4_CEC_LBE_PDM_FY23 LBE PDM TOM Always On Dartmouth_FBIG_TC_EN_L CEC TLB 044_CP21ZN6_JoshTeixeira,1731.58,,1765.0,actions:link_click,78668.0,,0.98106516,2023-12-31,262674.0,6.592126,1765.0,0.981065,0.671936,2173.0,0.827261,0.796861,3.33902,LBE,2023-10-06
2023-10-14,Q2 to Q4_CEC_LBE_PDM_FY23 LBE PDM TOM Always On Whitby_FBIG_TC_EN_L CEC TLB 044_CP21ZN6_JoshTeixeira,1729.15,,2033.0,actions:link_click,85225.0,,0.85054107,2023-12-31,202819.0,8.525582,2033.0,0.850541,1.002372,2501.0,1.233119,0.691383,2.379806,LBE,2023-10-06
2023-10-14,Q2 to Q4_CEC_LBE_PDM_FY23 LBE PDM TOM Always On Brampton_FBIG_TC_EN_L CEC TLB 044_CP21ZN6_JoshTeixeira,1731.71,,2620.0,actions:link_click,73769.0,,0.66095802,2023-12-31,161915.0,10.69518,2620.0,0.660958,1.618133,2997.0,1.850971,0.577814,2.194892,LBE,2023-10-06
2023-10-14,Q2 to Q4_CEC_LBE_TRR_FY23 LBE TRR TOM Always On Barrie_FBIG_TC_EN_L CEC TLB 043_CP21ZY9_JoshTeixeira,1867.99,,1675.0,actions:link_click,68382.0,,1.11521791,2024-01-07,281255.0,6.641624,1675.0,1.115218,0.595545,2238.0,0.795719,0.834669,4.112998,LBE,2023-10-06
2023-10-07,Q2 to Q4_CEC_LBE_TRR_FY23 LBE TRR TOM Always On Burnaby_FBIG_TC_EN_L CEC TLB 043_CP21ZY9_JoshTeixeira,3070.24,,3048.0,actions:link_click,163882.0,,1.00729659,2024-01-07,495047.0,6.201916,3048.0,1.007297,0.615699,3974.0,0.802752,0.772582,3.020753,LBE,2023-09-29
2023-10-07,Q4 to Q4_CEC_LBE_TLB_TRR Signature Events - Haunted Carnival_FBIG_CVS_EN_L CEC TLB 108_CP29NRN,3517.61,,27.0,actions:offsite_conversion.fb_pixel_purchase,243804.0,,130.28185185,2023-10-28,584813.0,6.014931,2551.0,1.378914,0.436208,16213.0,2.772339,0.216962,2.398701,LBE,2023-09-29
2023-10-07,Q2 to Q4_CEC_LBE_TRR_FY23 LBE TRR TOM Always On Winnipeg_FBIG_TC_EN_L CEC TLB 043_CP21ZY9_JoshTeixeira,1885.48,,2024.0,actions:link_click,89268.0,,0.93156126,2024-01-07,341364.0,5.523371,2024.0,0.931561,0.592915,2749.0,0.805299,0.685879,3.824035,LBE,2023-09-29
2023-10-07,Q2 to Q4_CEC_LBE_TRR_FY23 LBE TRR TOM Always On St. Johns_FBIG_TC_EN_L CEC TLB 043_CP21ZY9_JoshTeixeira,1556.42,,1395.0,actions:link_click,49660.0,,1.11571326,2024-01-07,271162.0,5.739816,1395.0,1.115713,0.514453,1830.0,0.674873,0.850503,5.460371,LBE,2023-09-29
2023-10-07,Q2 to Q4_CEC_TGP_NA_FY23 AO TRR Groups & Event_FBIG_TC_EN_L CEC TGP 074_CP24GT8,968.04,,772.0,actions:landing_page_view,73271.0,,1.25393782,2023-12-31,176252.0,5.492363,1058.0,0.914972,0.600277,1468.0,0.832898,0.659428,2.405481,LBE,2023-09-29
2023-10-07,Q2 to Q4_CEC_LBE_TRR_FY23 LBE TRR TOM Always On Mississauga_FBIG_TC_EN_L CEC TLB 043_CP21ZY9_JoshTeixeira,10985.68,,10551.0,actions:link_click,511912.0,,1.04119799,2024-01-07,1621907.0,6.773311,10551.0,1.041198,0.650531,13281.0,0.818851,0.827173,3.168332,LBE,2023-09-29
2023-10-07,Q2 to Q4_CEC_TGP_NA_FY23 AO PDM Whitby Groups & Event_FBIG_TC_EN_L CEC TGP 075_CP24GTX,335.68,,276.0,actions:landing_page_view,17596.0,,1.21623188,2023-12-31,52150.0,6.436817,313.0,1.07246,0.600192,426.0,0.816874,0.787981,2.963742,LBE,2023-09-29
2023-10-07,Q2 to Q4_CEC_LBE_TRR_FY23 LBE TRR TOM Always On London_FBIG_TC_EN_L CEC TLB 043_CP21ZY9_JoshTeixeira,1542.42,,1454.0,actions:link_click,66744.0,,1.06081155,2024-01-07,235742.0,6.542831,1454.0,1.060812,0.616776,1865.0,0.791119,0.827035,3.532033,LBE,2023-09-29
2023-10-07,Q2 to Q4_CEC_TGP_NA_FY23 AO PDM Dartmouth Groups & Event_FBIG_TC_EN_L CEC TGP 075_CP24GTX,334.76,,267.0,actions:landing_page_view,15859.0,,1.25378277,2023-12-31,50173.0,6.672114,346.0,0.967514,0.689614,469.0,0.934766,0.713774,3.163693,LBE,2023-09-29
2023-10-07,Q2 to Q4_CEC_LBE_TRR_FY23 LBE TRR TOM Always On West Edmonton_FBIG_TC_EN_L CEC TLB 043_CP21ZY9_JoshTeixeira,2020.57,,2112.0,actions:link_click,100008.0,,0.95670928,2024-01-07,334630.0,6.038221,2112.0,0.956709,0.631145,2614.0,0.781161,0.77298,3.346032,LBE,2023-09-29
2023-10-07,Q2 to Q4_CEC_TGP_NA_FY23 AO PDM Brampton Groups & Event_FBIG_TC_EN_L CEC TGP 075_CP24GTX,335.42,,277.0,actions:landing_page_view,19602.0,,1.21090253,2023-12-31,53968.0,6.215165,337.0,0.995312,0.624444,464.0,0.859769,0.722888,2.753188,LBE,2023-09-29
2023-10-07,Q2 to Q4_CEC_LBE_TRR_FY23 LBE TRR TOM Always On Calgary_FBIG_TC_EN_L CEC TLB 043_CP21ZY9_JoshTeixeira,1824.43,,1907.0,actions:link_click,83565.0,,0.95670163,2024-01-07,278704.0,6.546121,1907.0,0.956702,0.684238,2511.0,0.900956,0.726575,3.335176,LBE,2023-09-29
2023-10-07,Q2 to Q4_CEC_LBE_TRR_FY23 LBE TRR TOM Always On Toronto_FBIG_TC_EN_L CEC TLB 043_CP21ZY9_JoshTeixeira,10321.47,,10180.0,actions:link_click,533449.0,,1.01389686,2024-01-07,1472710.0,7.008488,10180.0,1.013897,0.691243,12503.0,0.848979,0.825519,2.760733,LBE,2023-09-29
2023-10-07,Q2 to Q4_CEC_LBE_TRR_FY23 LBE TRR TOM Always On South Edmonton_FBIG_TC_EN_L CEC TLB 043_CP21ZY9_JoshTeixeira,1532.12,,1634.0,actions:link_click,68840.0,,0.93764994,2024-01-07,248078.0,6.175961,1634.0,0.93765,0.658664,2127.0,0.857392,0.72032,3.60369,LBE,2023-09-29
2023-10-07,Q2 to Q4_CEC_LBE_PDM_FY23 LBE PDM TOM Always On Dartmouth_FBIG_TC_EN_L CEC TLB 044_CP21ZN6_JoshTeixeira,1744.68,,1736.0,actions:link_click,76684.0,,1.005,2023-12-31,247769.0,7.041559,1736.0,1.005,0.700653,2109.0,0.851196,0.827255,3.231039,LBE,2023-09-29
2023-10-07,Q2 to Q4_CEC_LBE_PDM_FY23 LBE PDM TOM Always On Whitby_FBIG_TC_EN_L CEC TLB 044_CP21ZN6_JoshTeixeira,1741.61,,2133.0,actions:link_click,74350.0,,0.81650727,2023-12-31,191457.0,9.096612,2133.0,0.816507,1.114088,2634.0,1.375766,0.661203,2.575077,LBE,2023-09-29
2023-10-07,Q2 to Q4_CEC_LBE_PDM_FY23 LBE PDM TOM Always On Brampton_FBIG_TC_EN_L CEC TLB 044_CP21ZN6_JoshTeixeira,1742.78,,2632.0,actions:link_click,74602.0,,0.66215046,2023-12-31,164591.0,10.58855,2632.0,0.66215,1.599115,3039.0,1.846395,0.573472,2.206255,LBE,2023-09-29
2023-10-07,Q2 to Q4_CEC_LBE_TRR_FY23 LBE TRR TOM Always On Barrie_FBIG_TC_EN_L CEC TLB 043_CP21ZY9_JoshTeixeira,1881.93,,1670.0,actions:link_click,71548.0,,1.12690419,2024-01-07,268405.0,7.011531,1670.0,1.126904,0.622194,2128.0,0.792832,0.884366,3.751398,LBE,2023-09-29
2023-09-30,Q2 to Q4_CEC_LBE_TRR_FY23 LBE TRR TOM Always On Burnaby_FBIG_TC_EN_L CEC TLB 043_CP21ZY9_JoshTeixeira,3084.5,,2861.0,actions:link_click,134366.0,,1.07811954,2024-01-07,434777.0,7.094442,2861.0,1.07812,0.658038,3875.0,0.891262,0.796,3.235766,LBE,2023-09-22
2023-09-30,Q2 to Q4_CEC_LBE_TRR_FY23 LBE TRR TOM Always On Winnipeg_FBIG_TC_EN_L CEC TLB 043_CP21ZY9_JoshTeixeira,1904.31,,1842.0,actions:link_click,77211.0,,1.03382736,2024-01-07,310554.0,6.131977,1842.0,1.033827,0.593134,2582.0,0.831417,0.737533,4.022147,LBE,2023-09-22
2023-09-30,Q2 to Q4_CEC_LBE_TRR_FY23 LBE TRR TOM Always On St. Johns_FBIG_TC_EN_L CEC TLB 043_CP21ZY9_JoshTeixeira,1543.45,,1207.0,actions:link_click,48442.0,,1.27874896,2024-01-07,262916.0,5.870506,1207.0,1.278749,0.459082,1636.0,0.622252,0.943429,5.427439,LBE,2023-09-22
2023-09-30,Q2 to Q4_CEC_TGP_NA_FY23 AO TRR Groups & Event_FBIG_TC_EN_L CEC TGP 074_CP24GT8,899.89,,652.0,actions:landing_page_view,59692.0,,1.38019939,2023-12-31,141684.0,6.351388,895.0,1.005464,0.631687,1228.0,0.866717,0.732809,2.373584,LBE,2023-09-22
2023-09-30,Q2 to Q4_CEC_LBE_TRR_FY23 LBE TRR TOM Always On Mississauga_FBIG_TC_EN_L CEC TLB 043_CP21ZY9_JoshTeixeira,11038.54,,9385.0,actions:link_click,401288.0,,1.17618966,2024-01-07,1442863.0,7.650442,9385.0,1.17619,0.650443,12317.0,0.85365,0.896204,3.59558,LBE,2023-09-22
2023-09-30,Q2 to Q4_CEC_TGP_NA_FY23 AO PDM Whitby Groups & Event_FBIG_TC_EN_L CEC TGP 075_CP24GTX,312.17,,229.0,actions:landing_page_view,15445.0,,1.36318777,2023-12-31,42521.0,7.341549,283.0,1.103074,0.665553,368.0,0.865455,0.848288,2.753059,LBE,2023-09-22
2023-09-30,Q2 to Q4_CEC_LBE_TRR_FY23 LBE TRR TOM Always On London_FBIG_TC_EN_L CEC TLB 043_CP21ZY9_JoshTeixeira,1548.31,,1328.0,actions:link_click,60634.0,,1.16589608,2024-01-07,221838.0,6.979462,1328.0,1.165896,0.598635,1740.0,0.784356,0.889833,3.65864,LBE,2023-09-22
2023-09-30,Q2 to Q4_CEC_TGP_NA_FY23 AO PDM Dartmouth Groups & Event_FBIG_TC_EN_L CEC TGP 075_CP24GTX,313.15,,197.0,actions:landing_page_view,15025.0,,1.58959391,2023-12-31,40975.0,7.642465,252.0,1.242659,0.615009,365.0,0.890787,0.857945,2.727121,LBE,2023-09-22
2023-09-30,Q2 to Q4_CEC_LBE_TRR_FY23 LBE TRR TOM Always On West Edmonton_FBIG_TC_EN_L CEC TLB 043_CP21ZY9_JoshTeixeira,2027.19,,1867.0,actions:link_click,87936.0,,1.08580075,2024-01-07,309155.0,6.557196,1867.0,1.085801,0.603904,2454.0,0.793777,0.826076,3.515682,LBE,2023-09-22
2023-09-30,Q2 to Q4_CEC_TGP_NA_FY23 AO PDM Brampton Groups & Event_FBIG_TC_EN_L CEC TGP 075_CP24GTX,313.26,,231.0,actions:landing_page_view,17627.0,,1.3561039,2023-12-31,44750.0,7.000223,278.0,1.126835,0.621229,349.0,0.779888,0.897593,2.538719,LBE,2023-09-22
2023-09-30,Q2 to Q4_CEC_LBE_TRR_FY23 LBE TRR TOM Always On Calgary_FBIG_TC_EN_L CEC TLB 043_CP21ZY9_JoshTeixeira,1839.59,,1878.0,actions:link_click,70063.0,,0.97954739,2024-01-07,243167.0,7.56513,1878.0,0.979547,0.772309,2460.0,1.01165,0.747801,3.470691,LBE,2023-09-22
2023-09-30,Q2 to Q4_CEC_LBE_TRR_FY23 LBE TRR TOM Always On Toronto_FBIG_TC_EN_L CEC TLB 043_CP21ZY9_JoshTeixeira,10372.22,,8998.0,actions:link_click,436603.0,,1.15272505,2024-01-07,1349526.0,7.685825,8998.0,1.152725,0.666753,11613.0,0.860524,0.893156,3.090968,LBE,2023-09-22
2023-09-30,Q2 to Q4_CEC_LBE_TRR_FY23 LBE TRR TOM Always On South Edmonton_FBIG_TC_EN_L CEC TLB 043_CP21ZY9_JoshTeixeira,1532.03,,1475.0,actions:link_click,63476.0,,1.03866441,2024-01-07,223939.0,6.841283,1475.0,1.038664,0.658662,1927.0,0.860502,0.795034,3.527932,LBE,2023-09-22
2023-09-30,Q2 to Q4_CEC_LBE_PDM_FY23 LBE PDM TOM Always On Dartmouth_FBIG_TC_EN_L CEC TLB 044_CP21ZN6_JoshTeixeira,1736.94,,1580.0,actions:link_click,70203.0,,1.09932911,2023-12-31,237506.0,7.313247,1580.0,1.099329,0.665246,1992.0,0.838716,0.871958,3.383132,LBE,2023-09-22
2023-09-30,Q2 to Q4_CEC_LBE_PDM_FY23 LBE PDM TOM Always On Whitby_FBIG_TC_EN_L CEC TLB 044_CP21ZN6_JoshTeixeira,1741.69,,1906.0,actions:link_click,65026.0,,0.91379328,2023-12-31,160824.0,10.829789,1906.0,0.913793,1.185147,2266.0,1.408994,0.768619,2.473226,LBE,2023-09-22
2023-09-30,Q2 to Q4_CEC_LBE_PDM_FY23 LBE PDM TOM Always On Brampton_FBIG_TC_EN_L CEC TLB 044_CP21ZN6_JoshTeixeira,1746.38,,2327.0,actions:link_click,66058.0,,0.7504856,2023-12-31,142779.0,12.231351,2327.0,0.750486,1.629792,2685.0,1.880529,0.650421,2.161419,LBE,2023-09-22
2023-09-30,Q2 to Q4_CEC_LBE_TRR_FY23 LBE TRR TOM Always On Barrie_FBIG_TC_EN_L CEC TLB 043_CP21ZY9_JoshTeixeira,1894.05,,1657.0,actions:link_click,66279.0,,1.14305975,2024-01-07,258829.0,7.317766,1657.0,1.14306,0.640191,2139.0,0.826414,0.885484,3.905143,LBE,2023-09-22
2023-09-23,Q2 to Q4_CEC_LBE_TRR_FY23 LBE TRR TOM Always On Burnaby_FBIG_TC_EN_L CEC TLB 043_CP21ZY9_JoshTeixeira,3062.34,,2997.0,actions:link_click,144589.0,,1.0218018,2024-01-07,432507.0,7.08044,2997.0,1.021802,0.692937,4044.0,0.935014,0.757255,2.991286,LBE,2023-09-15
2023-09-23,Q2 to Q4_CEC_LBE_TRR_FY23 LBE TRR TOM Always On Winnipeg_FBIG_TC_EN_L CEC TLB 043_CP21ZY9_JoshTeixeira,1899.45,,2014.0,actions:link_click,79836.0,,0.94312314,2024-01-07,314593.0,6.037801,2014.0,0.943123,0.640192,2858.0,0.908475,0.664608,3.940491,LBE,2023-09-15
2023-09-23,Q3 to Q3_CEC_PPP_TRR_FY23 TRR E-Gift Card Promotion - Site Traffic_FBIG_LPV_ENFR_L CEC TPP 100_CP28PSY,816.33,,1319.0,actions:link_click,110016.0,,0.61890068,2023-09-30,124707.0,6.545984,1319.0,0.618901,1.057679,3380.0,2.710353,0.241518,1.133535,LBE,2023-09-15
2023-09-23,Q2 to Q4_CEC_LBE_TRR_FY23 LBE TRR TOM Always On St. Johns_FBIG_TC_EN_L CEC TLB 043_CP21ZY9_JoshTeixeira,1544.81,,1444.0,actions:link_click,49115.0,,1.06981302,2024-01-07,263206.0,5.869205,1444.0,1.069813,0.54862,1916.0,0.727947,0.806268,5.358974,LBE,2023-09-15
2023-09-23,Q2 to Q4_CEC_TGP_NA_FY23 AO TRR Groups & Event_FBIG_TC_EN_L CEC TGP 074_CP24GT8,659.54,,502.0,actions:landing_page_view,48844.0,,1.3138247,2023-12-31,102491.0,6.435102,705.0,0.935518,0.687865,957.0,0.933741,0.689175,2.098333,LBE,2023-09-15
2023-09-23,Q2 to Q4_CEC_LBE_TRR_FY23 LBE TRR TOM Always On Mississauga_FBIG_TC_EN_L CEC TLB 043_CP21ZY9_JoshTeixeira,11043.85,,10172.0,actions:link_click,414348.0,,1.08571077,2024-01-07,1413298.0,7.81424,10172.0,1.085711,0.719735,13283.0,0.939858,0.831427,3.410896,LBE,2023-09-15
2023-09-23,Q2 to Q4_CEC_TGP_NA_FY23 AO PDM Whitby Groups & Event_FBIG_TC_EN_L CEC TGP 075_CP24GTX,229.84,,162.0,actions:landing_page_view,14503.0,,1.41876543,2023-12-31,33785.0,6.803019,199.0,1.154975,0.589019,264.0,0.781412,0.870606,2.329518,LBE,2023-09-15
2023-09-23,Q2 to Q4_CEC_LBE_TRR_FY23 LBE TRR TOM Always On London_FBIG_TC_EN_L CEC TLB 043_CP21ZY9_JoshTeixeira,1547.75,,1490.0,actions:link_click,61535.0,,1.03875839,2024-01-07,215457.0,7.183568,1490.0,1.038758,0.691553,1919.0,0.890665,0.80654,3.501373,LBE,2023-09-15
2023-09-23,Q2 to Q4_CEC_TGP_NA_FY23 AO PDM Dartmouth Groups & Event_FBIG_TC_EN_L CEC TGP 075_CP24GTX,230.5,,139.0,actions:landing_page_view,12698.0,,1.65827338,2023-12-31,33091.0,6.96564,178.0,1.294944,0.537911,243.0,0.734339,0.94856,2.606001,LBE,2023-09-15
2023-09-23,Q2 to Q4_CEC_LBE_TRR_FY23 LBE TRR TOM Always On West Edmonton_FBIG_TC_EN_L CEC TLB 043_CP21ZY9_JoshTeixeira,2020.79,,2104.0,actions:link_click,92361.0,,0.96045152,2024-01-07,311991.0,6.477078,2104.0,0.960452,0.674378,2680.0,0.858999,0.754026,3.377952,LBE,2023-09-15
2023-09-23,Q2 to Q4_CEC_TGP_NA_FY23 AO PDM Brampton Groups & Event_FBIG_TC_EN_L CEC TGP 075_CP24GTX,229.65,,173.0,actions:landing_page_view,16435.0,,1.32745665,2023-12-31,35248.0,6.515263,219.0,1.04863,0.621312,280.0,0.794371,0.820179,2.144691,LBE,2023-09-15
2023-09-23,Q2 to Q4_CEC_LBE_TRR_FY23 LBE TRR TOM Always On Calgary_FBIG_TC_EN_L CEC TLB 043_CP21ZY9_JoshTeixeira,1826.76,,2014.0,actions:link_click,72676.0,,0.90703078,2024-01-07,249347.0,7.326176,2014.0,0.907031,0.80771,2586.0,1.037109,0.706404,3.43094,LBE,2023-09-15
2023-09-23,Q2 to Q4_CEC_LBE_TRR_FY23 LBE TRR TOM Always On Toronto_FBIG_TC_EN_L CEC TLB 043_CP21ZY9_JoshTeixeira,10383.15,,9545.0,actions:link_click,453985.0,,1.08781037,2024-01-07,1359024.0,7.640152,9545.0,1.08781,0.702342,12243.0,0.900867,0.848089,2.993544,LBE,2023-09-15
2023-09-23,Q2 to Q4_CEC_LBE_TRR_FY23 LBE TRR TOM Always On South Edmonton_FBIG_TC_EN_L CEC TLB 043_CP21ZY9_JoshTeixeira,1530.61,,1553.0,actions:link_click,66975.0,,0.98558274,2024-01-07,226731.0,6.750775,1553.0,0.985583,0.684953,1917.0,0.845495,0.79844,3.385308,LBE,2023-09-15
2023-09-23,Q2 to Q4_CEC_LBE_PDM_FY23 LBE PDM TOM Always On Dartmouth_FBIG_TC_EN_L CEC TLB 044_CP21ZN6_JoshTeixeira,1729.08,,1711.0,actions:link_click,76310.0,,1.01056692,2023-12-31,253433.0,6.822632,1711.0,1.010567,0.675129,2170.0,0.856242,0.796811,3.321098,LBE,2023-09-15
2023-09-23,Q2 to Q4_CEC_LBE_PDM_FY23 LBE PDM TOM Always On Whitby_FBIG_TC_EN_L CEC TLB 044_CP21ZN6_JoshTeixeira,1741.88,,2134.0,actions:link_click,65736.0,,0.81625117,2023-12-31,173089.0,10.063493,2134.0,0.816251,1.232892,2556.0,1.476697,0.681487,2.633093,LBE,2023-09-15
2023-09-23,Q2 to Q4_CEC_LBE_PDM_FY23 LBE PDM TOM Always On Brampton_FBIG_TC_EN_L CEC TLB 044_CP21ZN6_JoshTeixeira,1734.7,,2583.0,actions:link_click,73270.0,,0.67158343,2023-12-31,154524.0,11.226088,2583.0,0.671583,1.671585,2974.0,1.92462,0.583289,2.108967,LBE,2023-09-15
2023-09-23,Q2 to Q4_CEC_LBE_TRR_FY23 LBE TRR TOM Always On Barrie_FBIG_TC_EN_L CEC TLB 043_CP21ZY9_JoshTeixeira,1878.3,,1619.0,actions:link_click,67090.0,,1.16016059,2024-01-07,253720.0,7.403043,1619.0,1.160161,0.638105,2108.0,0.830837,0.891034,3.781786,LBE,2023-09-15
2023-09-16,Q2 to Q4_CEC_LBE_TRR_FY23 LBE TRR TOM Always On Burnaby_FBIG_TC_EN_L CEC TLB 043_CP21ZY9_JoshTeixeira,3063.21,,3168.0,actions:link_click,143217.0,,0.96692235,2024-01-07,441906.0,6.931814,3168.0,0.966922,0.716895,4269.0,0.966043,0.717547,3.085569,LBE,2023-09-08
2023-09-16,Q2 to Q4_CEC_LBE_TRR_FY23 LBE TRR TOM Always On Winnipeg_FBIG_TC_EN_L CEC TLB 043_CP21ZY9_JoshTeixeira,1888.56,,2097.0,actions:link_click,80622.0,,0.90060086,2024-01-07,327942.0,5.758823,2097.0,0.900601,0.639442,2860.0,0.872105,0.660336,4.067649,LBE,2023-09-08
2023-09-16,Q3 to Q3_CEC_PPP_TRR_FY23 TRR E-Gift Card Promotion - Site Traffic_FBIG_LPV_ENFR_L CEC TPP 100_CP28PSY,4481.17,,8018.0,actions:link_click,324011.0,,0.55888875,2023-09-30,632743.0,7.082133,8018.0,0.558889,1.267181,21590.0,3.412128,0.207558,1.952844,LBE,2023-09-08
2023-09-16,Q2 to Q4_CEC_LBE_TRR_FY23 LBE TRR TOM Always On St. Johns_FBIG_TC_EN_L CEC TLB 043_CP21ZY9_JoshTeixeira,1547.05,,1392.0,actions:link_click,47710.0,,1.11138649,2024-01-07,283173.0,5.463268,1392.0,1.111386,0.491572,1960.0,0.692156,0.789311,5.935297,LBE,2023-09-08
2023-09-16,Q2 to Q4_CEC_TGP_NA_FY23 AO TRR Groups & Event_FBIG_TC_EN_L CEC TGP 074_CP24GT8,666.01,,516.0,actions:landing_page_view,54648.0,,1.29071705,2023-12-31,116435.0,5.720015,689.0,0.966633,0.591746,947.0,0.813329,0.703284,2.130636,LBE,2023-09-08
2023-09-16,Q2 to Q4_CEC_LBE_TRR_FY23 LBE TRR TOM Always On Mississauga_FBIG_TC_EN_L CEC TLB 043_CP21ZY9_JoshTeixeira,11045.51,,10758.0,actions:link_click,371583.0,,1.02672523,2024-01-07,1334116.0,8.279273,10758.0,1.026725,0.806377,14069.0,1.054556,0.785096,3.590358,LBE,2023-09-08
2023-09-16,Q2 to Q4_CEC_TGP_NA_FY23 AO PDM Whitby Groups & Event_FBIG_TC_EN_L CEC TGP 075_CP24GTX,233.93,,230.0,actions:landing_page_view,13205.0,,1.01708696,2023-12-31,34845.0,6.713445,270.0,0.866407,0.77486,348.0,0.998709,0.672213,2.638773,LBE,2023-09-08
2023-09-16,Q2 to Q4_CEC_LBE_TRR_FY23 LBE TRR TOM Always On London_FBIG_TC_EN_L CEC TLB 043_CP21ZY9_JoshTeixeira,1551.12,,1521.0,actions:link_click,60341.0,,1.01980276,2024-01-07,221383.0,7.0065,1521.0,1.019803,0.687045,1987.0,0.89754,0.780634,3.668865,LBE,2023-09-08
2023-09-16,Q2 to Q4_CEC_TGP_NA_FY23 AO PDM Dartmouth Groups & Event_FBIG_TC_EN_L CEC TGP 075_CP24GTX,233.23,,179.0,actions:landing_page_view,12158.0,,1.30296089,2023-12-31,35090.0,6.646623,229.0,1.018472,0.652608,321.0,0.914791,0.726573,2.886165,LBE,2023-09-08
2023-09-16,Q2 to Q4_CEC_LBE_TRR_FY23 LBE TRR TOM Always On West Edmonton_FBIG_TC_EN_L CEC TLB 043_CP21ZY9_JoshTeixeira,2017.54,,2136.0,actions:link_click,84898.0,,0.9445412,2024-01-07,308229.0,6.545588,2136.0,0.944541,0.692991,2820.0,0.914904,0.71544,3.63058,LBE,2023-09-08
2023-09-16,Q2 to Q4_CEC_TGP_NA_FY23 AO PDM Brampton Groups & Event_FBIG_TC_EN_L CEC TGP 075_CP24GTX,232.02,,209.0,actions:landing_page_view,13984.0,,1.11014354,2023-12-31,36349.0,6.383119,248.0,0.935565,0.682275,330.0,0.907865,0.703091,2.599328,LBE,2023-09-08
2023-09-16,Q2 to Q4_CEC_LBE_TRR_FY23 LBE TRR TOM Always On Calgary_FBIG_TC_EN_L CEC TLB 043_CP21ZY9_JoshTeixeira,1830.22,,2292.0,actions:link_click,70376.0,,0.79852531,2024-01-07,241717.0,7.571747,2292.0,0.798525,0.948216,2968.0,1.227882,0.616651,3.434651,LBE,2023-09-08
2023-09-16,Q2 to Q4_CEC_LBE_TRR_FY23 LBE TRR TOM Always On Toronto_FBIG_TC_EN_L CEC TLB 043_CP21ZY9_JoshTeixeira,10383.96,,9832.0,actions:link_click,423140.0,,1.05613914,2024-01-07,1361090.0,7.62915,9832.0,1.056139,0.722362,12697.0,0.932855,0.817828,3.216642,LBE,2023-09-08
2023-09-16,Q2 to Q4_CEC_LBE_TRR_FY23 LBE TRR TOM Always On South Edmonton_FBIG_TC_EN_L CEC TLB 043_CP21ZY9_JoshTeixeira,1530.76,,1660.0,actions:link_click,64192.0,,0.92214458,2024-01-07,228415.0,6.701661,1660.0,0.922145,0.726747,2095.0,0.91719,0.730673,3.558309,LBE,2023-09-08
2023-09-16,Q2 to Q4_CEC_LBE_PDM_FY23 LBE PDM TOM Always On Dartmouth_FBIG_TC_EN_L CEC TLB 044_CP21ZN6_JoshTeixeira,1720.26,,1775.0,actions:link_click,79287.0,,0.96916056,2023-12-31,263337.0,6.532542,1775.0,0.969161,0.674041,2363.0,0.897329,0.727998,3.321314,LBE,2023-09-08
2023-09-16,Q2 to Q4_CEC_LBE_PDM_FY23 LBE PDM TOM Always On Whitby_FBIG_TC_EN_L CEC TLB 044_CP21ZN6_JoshTeixeira,1737.72,,2247.0,actions:link_click,62533.0,,0.77335113,2023-12-31,179426.0,9.684884,2247.0,0.773351,1.252327,2758.0,1.537124,0.630065,2.869301,LBE,2023-09-08
2023-09-16,Q2 to Q4_CEC_LBE_PDM_FY23 LBE PDM TOM Always On Brampton_FBIG_TC_EN_L CEC TLB 044_CP21ZN6_JoshTeixeira,1739.42,,2944.0,actions:link_click,69818.0,,0.5908356,2023-12-31,149299.0,11.65058,2944.0,0.590836,1.971882,3348.0,2.24248,0.51954,2.138403,LBE,2023-09-08
2023-09-16,Q2 to Q4_CEC_LBE_TRR_FY23 LBE TRR TOM Always On Barrie_FBIG_TC_EN_L CEC TLB 043_CP21ZY9_JoshTeixeira,1897.53,,1752.0,actions:link_click,68414.0,,1.08306507,2024-01-07,263159.0,7.210584,1752.0,1.083065,0.665757,2301.0,0.874376,0.824655,3.846566,LBE,2023-09-08
2023-09-09,Q2 to Q4_CEC_LBE_TRR_FY23 LBE TRR TOM Always On Burnaby_FBIG_TC_EN_L CEC TLB 043_CP21ZY9_JoshTeixeira,3072.55,,2964.0,actions:link_click,172051.0,,1.03662281,2024-01-07,504650.0,6.088477,2964.0,1.036623,0.587338,4300.0,0.852076,0.714547,2.933142,LBE,2023-09-01
2023-09-09,Q2 to Q4_CEC_LBE_TRR_FY23 LBE TRR TOM Always On Winnipeg_FBIG_TC_EN_L CEC TLB 043_CP21ZY9_JoshTeixeira,1909.71,,1951.0,actions:link_click,91447.0,,0.97883649,2024-01-07,355969.0,5.364821,1951.0,0.978836,0.548081,2794.0,0.7849,0.683504,3.892626,LBE,2023-09-01
2023-09-09,Q3 to Q3_CEC_PPP_TRR_FY23 TRR E-Gift Card Promotion - Site Traffic_FBIG_LPV_ENFR_L CEC TPP 100_CP28PSY,4442.24,,11338.0,actions:link_click,255394.0,,0.39180102,2023-09-30,566098.0,7.847122,11338.0,0.391801,2.002833,30233.0,5.340595,0.146933,2.216567,LBE,2023-09-01
2023-09-09,Q2 to Q4_CEC_LBE_TRR_FY23 LBE TRR TOM Always On St. Johns_FBIG_TC_EN_L CEC TLB 043_CP21ZY9_JoshTeixeira,1552.74,,1311.0,actions:link_click,54027.0,,1.18439359,2024-01-07,300828.0,5.161554,1311.0,1.184394,0.435797,1899.0,0.631258,0.817662,5.568105,LBE,2023-09-01
2023-09-09,Q2 to Q4_CEC_TGP_NA_FY23 AO TRR Groups & Event_FBIG_TC_EN_L CEC TGP 074_CP24GT8,664.16,,561.0,actions:landing_page_view,56658.0,,1.18388592,2023-12-31,115276.0,5.761477,766.0,0.86705,0.664492,1007.0,0.873556,0.659543,2.034594,LBE,2023-09-01
2023-09-09,Q2 to Q4_CEC_LBE_TRR_FY23 LBE TRR TOM Always On Mississauga_FBIG_TC_EN_L CEC TLB 043_CP21ZY9_JoshTeixeira,11041.32,,10375.0,actions:link_click,438856.0,,1.06422361,2024-01-07,1499984.0,7.360959,10375.0,1.064224,0.691674,13981.0,0.932077,0.789738,3.417941,LBE,2023-09-01
2023-09-09,Q2 to Q4_CEC_TGP_NA_FY23 AO PDM Whitby Groups & Event_FBIG_TC_EN_L CEC TGP 075_CP24GTX,233.05,,195.0,actions:landing_page_view,13359.0,,1.19512821,2023-12-31,34246.0,6.805174,239.0,0.975105,0.697892,305.0,0.890615,0.764098,2.563515,LBE,2023-09-01
2023-09-09,Q2 to Q4_CEC_LBE_TRR_FY23 LBE TRR TOM Always On London_FBIG_TC_EN_L CEC TLB 043_CP21ZY9_JoshTeixeira,1561.85,,1539.0,actions:link_click,69889.0,,1.0148473,2024-01-07,241114.0,6.477641,1539.0,1.014847,0.638287,2059.0,0.853953,0.758548,3.449956,LBE,2023-09-01
2023-09-09,Q2 to Q4_CEC_TGP_NA_FY23 AO PDM Dartmouth Groups & Event_FBIG_TC_EN_L CEC TGP 075_CP24GTX,232.28,,163.0,actions:landing_page_view,12305.0,,1.42503067,2023-12-31,33662.0,6.900362,213.0,1.090516,0.632761,294.0,0.873388,0.790068,2.735636,LBE,2023-09-01
2023-09-09,Q2 to Q4_CEC_LBE_TRR_FY23 LBE TRR TOM Always On West Edmonton_FBIG_TC_EN_L CEC TLB 043_CP21ZY9_JoshTeixeira,2022.8,,1960.0,actions:link_click,101321.0,,1.03204082,2024-01-07,332883.0,6.07661,1960.0,1.032041,0.588795,2635.0,0.791569,0.767666,3.285429,LBE,2023-09-01
2023-09-09,Q2 to Q4_CEC_TGP_NA_FY23 AO PDM Brampton Groups & Event_FBIG_TC_EN_L CEC TGP 075_CP24GTX,232.32,,210.0,actions:landing_page_view,14787.0,,1.10628571,2023-12-31,35816.0,6.486486,257.0,0.903969,0.717556,325.0,0.907416,0.714831,2.422128,LBE,2023-09-01
2023-09-09,Q2 to Q4_CEC_LBE_TRR_FY23 LBE TRR TOM Always On Calgary_FBIG_TC_EN_L CEC TLB 043_CP21ZY9_JoshTeixeira,1846.61,,1942.0,actions:link_click,98163.0,,0.95088054,2024-01-07,301751.0,6.119648,1942.0,0.950881,0.643577,2632.0,0.872242,0.7016,3.073979,LBE,2023-09-01
2023-09-09,Q2 to Q4_CEC_LBE_TRR_FY23 LBE TRR TOM Always On Toronto_FBIG_TC_EN_L CEC TLB 043_CP21ZY9_JoshTeixeira,10296.43,,9369.0,actions:link_click,511256.0,,1.09898922,2024-01-07,1488022.0,6.919542,9369.0,1.098989,0.629628,12517.0,0.841184,0.822596,2.910522,LBE,2023-09-01
2023-09-09,Q2 to Q4_CEC_LBE_TRR_FY23 LBE TRR TOM Always On South Edmonton_FBIG_TC_EN_L CEC TLB 043_CP21ZY9_JoshTeixeira,1542.09,,1640.0,actions:link_click,82962.0,,0.94029878,2024-01-07,257971.0,5.977765,1640.0,0.940299,0.63573,2090.0,0.810169,0.737842,3.109508,LBE,2023-09-01
2023-09-09,Q2 to Q4_CEC_LBE_PDM_FY23 LBE PDM TOM Always On Dartmouth_FBIG_TC_EN_L CEC TLB 044_CP21ZN6_JoshTeixeira,1486.66,,1582.0,actions:link_click,76473.0,,0.93973451,2023-12-31,223537.0,6.650622,1582.0,0.939735,0.707713,2072.0,0.926916,0.7175,2.923084,LBE,2023-09-01
2023-09-09,Q2 to Q4_CEC_LBE_PDM_FY23 LBE PDM TOM Always On Whitby_FBIG_TC_EN_L CEC TLB 044_CP21ZN6_JoshTeixeira,1503.61,,1812.0,actions:link_click,70419.0,,0.82980684,2023-12-31,166908.0,9.008616,1812.0,0.829807,1.085628,2242.0,1.343255,0.670656,2.370213,LBE,2023-09-01
2023-09-09,Q2 to Q4_CEC_LBE_PDM_FY23 LBE PDM TOM Always On Brampton_FBIG_TC_EN_L CEC TLB 044_CP21ZN6_JoshTeixeira,1513.99,,2510.0,actions:link_click,80028.0,,0.60318327,2023-12-31,152053.0,9.956989,2510.0,0.603183,1.65074,2928.0,1.925644,0.517073,1.899998,LBE,2023-09-01
2023-09-09,Q2 to Q4_CEC_LBE_TRR_FY23 LBE TRR TOM Always On Barrie_FBIG_TC_EN_L CEC TLB 043_CP21ZY9_JoshTeixeira,1895.92,,1576.0,actions:link_click,77077.0,,1.20299492,2024-01-07,280583.0,6.757074,1576.0,1.202995,0.561688,2187.0,0.779449,0.866904,3.640295,LBE,2023-09-01
2023-09-02,Q2 to Q4_CEC_LBE_TRR_FY23 LBE TRR TOM Always On Burnaby_FBIG_TC_EN_L CEC TLB 043_CP21ZY9_JoshTeixeira,2130.98,,1750.0,actions:link_click,154846.0,,1.21770286,2024-01-07,427463.0,4.98518,1750.0,1.217703,0.409392,2724.0,0.637248,0.782298,2.760569,LBE,2023-08-25
2023-09-02,Q2 to Q4_CEC_LBE_TRR_FY23 LBE TRR TOM Always On Winnipeg_FBIG_TC_EN_L CEC TLB 043_CP21ZY9_JoshTeixeira,1909.69,,1620.0,actions:link_click,102895.0,,1.17882099,2024-01-07,415948.0,4.591175,1620.0,1.178821,0.389472,2576.0,0.619308,0.741339,4.042451,LBE,2023-08-25
2023-09-02,Q3 to Q3_CEC_PPP_TRR_FY23 TRR E-Gift Card Promotion - Site Traffic_FBIG_LPV_ENFR_L CEC TPP 100_CP28PSY,1143.55,,4140.0,actions:link_click,91111.0,,0.27621981,2023-09-30,140386.0,8.145755,4140.0,0.27622,2.949012,11035.0,7.86047,0.103629,1.540824,LBE,2023-08-25
2023-09-02,Q2 to Q4_CEC_LBE_TRR_FY23 LBE TRR TOM Always On St. Johns_FBIG_TC_EN_L CEC TLB 043_CP21ZY9_JoshTeixeira,1535.36,,1171.0,actions:link_click,59040.0,,1.31115286,2024-01-07,325497.0,4.716971,1171.0,1.311153,0.359758,1802.0,0.553615,0.852031,5.513161,LBE,2023-08-25
2023-09-02,Q2 to Q4_CEC_TGP_NA_FY23 AO TRR Groups & Event_FBIG_TC_EN_L CEC TGP 074_CP24GT8,663.12,,526.0,actions:landing_page_view,61729.0,,1.26068441,2023-12-31,112873.0,5.874921,767.0,0.864563,0.679525,1116.0,0.988722,0.594194,1.828525,LBE,2023-08-25
2023-09-02,Q2 to Q4_CEC_LBE_TRR_FY23 LBE TRR TOM Always On Mississauga_FBIG_TC_EN_L CEC TLB 043_CP21ZY9_JoshTeixeira,5230.54,,4290.0,actions:link_click,332010.0,,1.21924009,2024-01-07,915209.0,5.715132,4290.0,1.21924,0.468745,6384.0,0.697546,0.81932,2.756571,LBE,2023-08-25
2023-09-02,Q2 to Q4_CEC_TGP_NA_FY23 AO PDM Whitby Groups & Event_FBIG_TC_EN_L CEC TGP 075_CP24GTX,233.29,,169.0,actions:landing_page_view,14077.0,,1.3804142,2023-12-31,32441.0,7.191209,213.0,1.095258,0.656577,283.0,0.872353,0.824346,2.304539,LBE,2023-08-25
2023-09-02,Q2 to Q4_CEC_LBE_TRR_FY23 LBE TRR TOM Always On London_FBIG_TC_EN_L CEC TLB 043_CP21ZY9_JoshTeixeira,1558.9,,1227.0,actions:link_click,79885.0,,1.27049715,2024-01-07,288168.0,5.409692,1227.0,1.270497,0.425793,1822.0,0.63227,0.855598,3.607285,LBE,2023-08-25
2023-09-02,Q2 to Q4_CEC_TGP_NA_FY23 AO PDM Dartmouth Groups & Event_FBIG_TC_EN_L CEC TGP 075_CP24GTX,233.45,,171.0,actions:landing_page_view,12115.0,,1.36520468,2023-12-31,31763.0,7.349747,217.0,1.075806,0.683185,308.0,0.969682,0.757955,2.621791,LBE,2023-08-25
2023-09-02,Q2 to Q4_CEC_LBE_TRR_FY23 LBE TRR TOM Always On West Edmonton_FBIG_TC_EN_L CEC TLB 043_CP21ZY9_JoshTeixeira,1897.04,,1552.0,actions:link_click,107494.0,,1.22231959,2024-01-07,374054.0,5.071567,1552.0,1.22232,0.414913,2261.0,0.604458,0.839027,3.479766,LBE,2023-08-25
2023-09-02,Q2 to Q4_CEC_TGP_NA_FY23 AO PDM Brampton Groups & Event_FBIG_TC_EN_L CEC TGP 075_CP24GTX,233.31,,214.0,actions:landing_page_view,15777.0,,1.09023364,2023-12-31,33128.0,7.042683,255.0,0.914941,0.769742,339.0,1.023304,0.68823,2.099765,LBE,2023-08-25
2023-09-02,Q2 to Q4_CEC_LBE_TRR_FY23 LBE TRR TOM Always On Calgary_FBIG_TC_EN_L CEC TLB 043_CP21ZY9_JoshTeixeira,1739.41,,1497.0,actions:link_click,111468.0,,1.16193053,2024-01-07,354324.0,4.909095,1497.0,1.161931,0.422495,2187.0,0.617232,0.795341,3.178706,LBE,2023-08-25
2023-09-02,Q2 to Q4_CEC_LBE_TRR_FY23 LBE TRR TOM Always On Toronto_FBIG_TC_EN_L CEC TLB 043_CP21ZY9_JoshTeixeira,4336.65,,3542.0,actions:link_click,336728.0,,1.22435065,2024-01-07,794407.0,5.458978,3542.0,1.224351,0.445867,5172.0,0.651052,0.838486,2.359195,LBE,2023-08-25
2023-09-02,Q2 to Q4_CEC_LBE_TRR_FY23 LBE TRR TOM Always On South Edmonton_FBIG_TC_EN_L CEC TLB 043_CP21ZY9_JoshTeixeira,1423.21,,1285.0,actions:link_click,90556.0,,1.10755642,2024-01-07,304336.0,4.676443,1285.0,1.107556,0.422231,1852.0,0.608538,0.768472,3.360749,LBE,2023-08-25
2023-09-02,Q2 to Q4_CEC_LBE_PDM_FY23 LBE PDM TOM Always On Dartmouth_FBIG_TC_EN_L CEC TLB 044_CP21ZN6_JoshTeixeira,1711.59,,1447.0,actions:link_click,90849.0,,1.18285418,2023-12-31,288710.0,5.928406,1447.0,1.182854,0.501195,2085.0,0.722178,0.820906,3.177911,LBE,2023-08-25
2023-09-02,Q2 to Q4_CEC_LBE_PDM_FY23 LBE PDM TOM Always On Whitby_FBIG_TC_EN_L CEC TLB 044_CP21ZN6_JoshTeixeira,1735.5,,1626.0,actions:link_click,93750.0,,1.06734317,2023-12-31,243155.0,7.137423,1626.0,1.067343,0.668709,2234.0,0.918756,0.776858,2.593653,LBE,2023-08-25
2023-09-02,Q2 to Q4_CEC_LBE_PDM_FY23 LBE PDM TOM Always On Brampton_FBIG_TC_EN_L CEC TLB 044_CP21ZN6_JoshTeixeira,1732.42,,1785.0,actions:link_click,106655.0,,0.97054342,2023-12-31,240453.0,7.204818,1785.0,0.970543,0.742349,2423.0,1.007681,0.71499,2.254493,LBE,2023-08-25
2023-09-02,Q2 to Q4_CEC_LBE_TRR_FY23 LBE TRR TOM Always On Barrie_FBIG_TC_EN_L CEC TLB 043_CP21ZY9_JoshTeixeira,1883.57,,1467.0,actions:link_click,87266.0,,1.28396046,2024-01-07,320390.0,5.878991,1467.0,1.28396,0.457879,2065.0,0.644527,0.91214,3.671418,LBE,2023-08-25
2023-08-26,Q2 to Q4_CEC_LBE_TRR_FY23 LBE TRR TOM Always On Burnaby_FBIG_TC_EN_L CEC TLB 043_CP21ZY9_JoshTeixeira,1697.7,,1510.0,actions:link_click,122816.0,,1.12430464,2024-01-07,351476.0,4.830202,1510.0,1.124305,0.429617,2366.0,0.673161,0.71754,2.86181,LBE,2023-08-18
2023-08-26,Q2 to Q4_CEC_LBE_TRR_FY23 LBE TRR TOM Always On Winnipeg_FBIG_TC_EN_L CEC TLB 043_CP21ZY9_JoshTeixeira,1881.66,,1698.0,actions:link_click,105760.0,,1.10816254,2024-01-07,414495.0,4.539645,1698.0,1.108163,0.409655,2692.0,0.649465,0.698982,3.919204,LBE,2023-08-18
2023-08-26,Q2 to Q4_CEC_LBE_TRR_FY23 LBE TRR TOM Always On St. Johns_FBIG_TC_EN_L CEC TLB 043_CP21ZY9_JoshTeixeira,1526.68,,1127.0,actions:link_click,58582.0,,1.35464064,2024-01-07,332240.0,4.595112,1127.0,1.354641,0.339213,1783.0,0.53666,0.856242,5.671367,LBE,2023-08-18
2023-08-26,Q2 to Q4_CEC_TGP_NA_FY23 AO TRR Groups & Event_FBIG_TC_EN_L CEC TGP 074_CP24GT8,672.07,,554.0,actions:landing_page_view,59952.0,,1.21312274,2023-12-31,114468.0,5.871248,794.0,0.846436,0.693644,1133.0,0.989796,0.593177,1.909327,LBE,2023-08-18
2023-08-26,Q2 to Q4_CEC_LBE_TRR_FY23 LBE TRR TOM Always On Mississauga_FBIG_TC_EN_L CEC TLB 043_CP21ZY9_JoshTeixeira,2288.66,,2170.0,actions:link_click,160846.0,,1.05468203,2024-01-07,448315.0,5.105027,2170.0,1.054682,0.484035,3179.0,0.7091,0.719931,2.787231,LBE,2023-08-18
2023-08-26,Q2 to Q4_CEC_TGP_NA_FY23 AO PDM Whitby Groups & Event_FBIG_TC_EN_L CEC TGP 075_CP24GTX,234.35,,205.0,actions:landing_page_view,13506.0,,1.14317073,2023-12-31,31634.0,7.408168,243.0,0.964403,0.768161,313.0,0.989442,0.748722,2.342218,LBE,2023-08-18
2023-08-26,Q2 to Q4_CEC_LBE_TRR_FY23 LBE TRR TOM Always On London_FBIG_TC_EN_L CEC TLB 043_CP21ZY9_JoshTeixeira,1544.82,,1193.0,actions:link_click,79229.0,,1.2949036,2024-01-07,286098.0,5.399618,1193.0,1.294904,0.41699,1818.0,0.635447,0.849736,3.611026,LBE,2023-08-18
2023-08-26,Q2 to Q4_CEC_TGP_NA_FY23 AO PDM Dartmouth Groups & Event_FBIG_TC_EN_L CEC TGP 075_CP24GTX,233.07,,172.0,actions:landing_page_view,11731.0,,1.35505814,2023-12-31,31377.0,7.428052,233.0,1.0003,0.742582,336.0,1.070848,0.693661,2.674708,LBE,2023-08-18
2023-08-26,Q2 to Q4_CEC_LBE_TRR_FY23 LBE TRR TOM Always On West Edmonton_FBIG_TC_EN_L CEC TLB 043_CP21ZY9_JoshTeixeira,1888.15,,1567.0,actions:link_click,108197.0,,1.20494576,2024-01-07,378444.0,4.989245,1567.0,1.204946,0.414064,2309.0,0.61013,0.817735,3.497731,LBE,2023-08-18
2023-08-26,Q2 to Q4_CEC_TGP_NA_FY23 AO PDM Brampton Groups & Event_FBIG_TC_EN_L CEC TGP 075_CP24GTX,234.46,,187.0,actions:landing_page_view,14634.0,,1.25379679,2023-12-31,32839.0,7.139681,226.0,1.037434,0.688206,294.0,0.895277,0.797483,2.244021,LBE,2023-08-18
2023-08-26,Q2 to Q4_CEC_LBE_TRR_FY23 LBE TRR TOM Always On Calgary_FBIG_TC_EN_L CEC TLB 043_CP21ZY9_JoshTeixeira,1715.22,,1483.0,actions:link_click,105218.0,,1.156588,2024-01-07,351223.0,4.883564,1483.0,1.156588,0.422239,2235.0,0.636348,0.767436,3.338051,LBE,2023-08-18
2023-08-26,Q2 to Q4_CEC_LBE_TRR_FY23 LBE TRR TOM Always On Toronto_FBIG_TC_EN_L CEC TLB 043_CP21ZY9_JoshTeixeira,1386.11,,1368.0,actions:link_click,117078.0,,1.0132383,2024-01-07,288169.0,4.810059,1368.0,1.013238,0.474721,2068.0,0.717634,0.670266,2.461342,LBE,2023-08-18
2023-08-26,Q2 to Q4_CEC_LBE_TRR_FY23 LBE TRR TOM Always On South Edmonton_FBIG_TC_EN_L CEC TLB 043_CP21ZY9_JoshTeixeira,1399.19,,1346.0,actions:link_click,87152.0,,1.03951709,2024-01-07,301100.0,4.646928,1346.0,1.039517,0.447028,2014.0,0.668881,0.694732,3.454883,LBE,2023-08-18
2023-08-26,Q2 to Q4_CEC_LBE_PDM_FY23 LBE PDM TOM Always On Dartmouth_FBIG_TC_EN_L CEC TLB 044_CP21ZN6_JoshTeixeira,1697.94,,1443.0,actions:link_click,90462.0,,1.1766736,2023-12-31,289785.0,5.859309,1443.0,1.176674,0.497955,2086.0,0.719844,0.813969,3.203389,LBE,2023-08-18
2023-08-26,Q2 to Q4_CEC_LBE_PDM_FY23 LBE PDM TOM Always On Whitby_FBIG_TC_EN_L CEC TLB 044_CP21ZN6_JoshTeixeira,1722.62,,1672.0,actions:link_click,89920.0,,1.03027512,2023-12-31,236127.0,7.295311,1672.0,1.030275,0.708094,2305.0,0.97617,0.747341,2.625968,LBE,2023-08-18
2023-08-26,Q2 to Q4_CEC_LBE_PDM_FY23 LBE PDM TOM Always On Brampton_FBIG_TC_EN_L CEC TLB 044_CP21ZN6_JoshTeixeira,1722.13,,1888.0,actions:link_click,94650.0,,0.91214513,2023-12-31,232354.0,7.411665,1888.0,0.912145,0.812553,2496.0,1.074223,0.689956,2.454876,LBE,2023-08-18
2023-08-26,Q2 to Q4_CEC_LBE_TRR_FY23 LBE TRR TOM Always On Barrie_FBIG_TC_EN_L CEC TLB 043_CP21ZY9_JoshTeixeira,1902.03,,1596.0,actions:link_click,88830.0,,1.19174812,2024-01-07,333640.0,5.700845,1596.0,1.191748,0.47836,2255.0,0.675878,0.843472,3.755938,LBE,2023-08-18
2023-08-19,Q2 to Q4_CEC_LBE_TRR_FY23 LBE TRR TOM Always On Burnaby_FBIG_TC_EN_L CEC TLB 043_CP21ZY9_JoshTeixeira,1685.28,,1619.0,actions:link_click,122884.0,,1.04093885,2024-01-07,363083.0,4.641583,1619.0,1.040939,0.445904,2459.0,0.677256,0.685352,2.954681,LBE,2023-08-11
2023-08-19,Q2 to Q4_CEC_LBE_TRR_FY23 LBE TRR TOM Always On Winnipeg_FBIG_TC_EN_L CEC TLB 043_CP21ZY9_JoshTeixeira,1865.0,,1709.0,actions:link_click,104115.0,,1.09128145,2024-01-07,429342.0,4.343856,1709.0,1.091281,0.398051,2681.0,0.624444,0.695636,4.123729,LBE,2023-08-11
2023-08-19,Q2 to Q4_CEC_LBE_TRR_FY23 LBE TRR TOM Always On St. Johns_FBIG_TC_EN_L CEC TLB 043_CP21ZY9_JoshTeixeira,1523.52,,1130.0,actions:link_click,56596.0,,1.34824779,2024-01-07,338912.0,4.495326,1130.0,1.348248,0.33342,1796.0,0.529931,0.848285,5.988268,LBE,2023-08-11
2023-08-19,Q2 to Q4_CEC_TGP_NA_FY23 AO TRR Groups & Event_FBIG_TC_EN_L CEC TGP 074_CP24GT8,675.02,,559.0,actions:landing_page_view,64302.0,,1.20754919,2023-12-31,119896.0,5.630046,831.0,0.812298,0.693101,1187.0,0.990025,0.568677,1.864577,LBE,2023-08-11
2023-08-19,Q2 to Q4_CEC_LBE_TRR_FY23 LBE TRR TOM Always On Mississauga_FBIG_TC_EN_L CEC TLB 043_CP21ZY9_JoshTeixeira,2288.03,,2239.0,actions:link_click,165864.0,,1.02189817,2024-01-07,462462.0,4.947498,2239.0,1.021898,0.484148,3279.0,0.709031,0.697783,2.7882,LBE,2023-08-11
2023-08-19,Q2 to Q4_CEC_TGP_NA_FY23 AO PDM Whitby Groups & Event_FBIG_TC_EN_L CEC TGP 075_CP24GTX,234.71,,225.0,actions:landing_page_view,14861.0,,1.04315556,2023-12-31,33435.0,7.019889,271.0,0.866089,0.810528,373.0,1.115597,0.629249,2.249849,LBE,2023-08-11
2023-08-19,Q2 to Q4_CEC_LBE_TRR_FY23 LBE TRR TOM Always On London_FBIG_TC_EN_L CEC TLB 043_CP21ZY9_JoshTeixeira,1522.65,,1218.0,actions:link_click,76319.0,,1.25012315,2024-01-07,287894.0,5.288926,1218.0,1.250123,0.423072,1794.0,0.623146,0.848746,3.772245,LBE,2023-08-11
2023-08-19,Q2 to Q4_CEC_TGP_NA_FY23 AO PDM Dartmouth Groups & Event_FBIG_TC_EN_L CEC TGP 075_CP24GTX,232.54,,185.0,actions:landing_page_view,12703.0,,1.25697297,2023-12-31,32772.0,7.095691,234.0,0.993761,0.714024,325.0,0.9917,0.715508,2.579863,LBE,2023-08-11
2023-08-19,Q2 to Q4_CEC_LBE_TRR_FY23 LBE TRR TOM Always On West Edmonton_FBIG_TC_EN_L CEC TLB 043_CP21ZY9_JoshTeixeira,1867.39,,1606.0,actions:link_click,104864.0,,1.16275841,2024-01-07,389694.0,4.791939,1606.0,1.162758,0.412118,2322.0,0.595852,0.804216,3.716185,LBE,2023-08-11
2023-08-19,Q2 to Q4_CEC_TGP_NA_FY23 AO PDM Brampton Groups & Event_FBIG_TC_EN_L CEC TGP 075_CP24GTX,233.4,,228.0,actions:landing_page_view,15998.0,,1.02368421,2023-12-31,35403.0,6.592662,265.0,0.880755,0.748524,343.0,0.968844,0.680466,2.212964,LBE,2023-08-11
2023-08-19,Q2 to Q4_CEC_LBE_TRR_FY23 LBE TRR TOM Always On Calgary_FBIG_TC_EN_L CEC TLB 043_CP21ZY9_JoshTeixeira,1706.16,,1637.0,actions:link_click,103472.0,,1.04224801,2024-01-07,362208.0,4.710443,1637.0,1.042248,0.45195,2389.0,0.659566,0.714173,3.500541,LBE,2023-08-11
2023-08-19,Q2 to Q4_CEC_LBE_TRR_FY23 LBE TRR TOM Always On Toronto_FBIG_TC_EN_L CEC TLB 043_CP21ZY9_JoshTeixeira,1376.97,,1370.0,actions:link_click,116080.0,,1.00508759,2024-01-07,290345.0,4.74253,1370.0,1.005088,0.471852,2062.0,0.71019,0.667784,2.501249,LBE,2023-08-11
2023-08-19,Q2 to Q4_CEC_LBE_TRR_FY23 LBE TRR TOM Always On South Edmonton_FBIG_TC_EN_L CEC TLB 043_CP21ZY9_JoshTeixeira,1380.01,,1297.0,actions:link_click,90459.0,,1.06400154,2024-01-07,309055.0,4.465257,1297.0,1.064002,0.419666,2000.0,0.647134,0.690005,3.41652,LBE,2023-08-11
2023-08-19,Q2 to Q4_CEC_LBE_PDM_FY23 LBE PDM TOM Always On Dartmouth_FBIG_TC_EN_L CEC TLB 044_CP21ZN6_JoshTeixeira,1710.41,,1585.0,actions:link_click,91137.0,,1.07912303,2023-12-31,305609.0,5.596727,1585.0,1.079123,0.518637,2264.0,0.740816,0.755481,3.353292,LBE,2023-08-11
2023-08-19,Q2 to Q4_CEC_LBE_PDM_FY23 LBE PDM TOM Always On Whitby_FBIG_TC_EN_L CEC TLB 044_CP21ZN6_JoshTeixeira,1724.12,,1698.0,actions:link_click,92274.0,,1.0153828,2023-12-31,245926.0,7.010727,1698.0,1.015383,0.690452,2342.0,0.952319,0.736174,2.665171,LBE,2023-08-11
2023-08-19,Q2 to Q4_CEC_LBE_PDM_FY23 LBE PDM TOM Always On Brampton_FBIG_TC_EN_L CEC TLB 044_CP21ZN6_JoshTeixeira,1721.74,,1943.0,actions:link_click,95691.0,,0.88612455,2023-12-31,243019.0,7.084796,1943.0,0.886125,0.799526,2632.0,1.083043,0.654157,2.539622,LBE,2023-08-11
2023-08-19,Q2 to Q4_CEC_LBE_TRR_FY23 LBE TRR TOM Always On Barrie_FBIG_TC_EN_L CEC TLB 043_CP21ZY9_JoshTeixeira,1893.67,,1525.0,actions:link_click,88090.0,,1.24175082,2024-01-07,344290.0,5.500218,1525.0,1.241751,0.442941,2154.0,0.625635,0.879141,3.908389,LBE,2023-08-11
2023-08-12,Q2 to Q4_CEC_LBE_TRR_FY23 LBE TRR TOM Always On Burnaby_FBIG_TC_EN_L CEC TLB 043_CP21ZY9_JoshTeixeira,1682.22,,1613.0,actions:link_click,128484.0,,1.04291383,2024-01-07,390139.0,4.311848,1613.0,1.042914,0.413442,2428.0,0.622342,0.692842,3.036479,LBE,2023-08-04
2023-08-12,Q2 to Q4_CEC_LBE_TRR_FY23 LBE TRR TOM Always On Winnipeg_FBIG_TC_EN_L CEC TLB 043_CP21ZY9_JoshTeixeira,1872.13,,1854.0,actions:link_click,108433.0,,1.00977886,2024-01-07,458026.0,4.087388,1854.0,1.009779,0.404781,2838.0,0.619615,0.659665,4.224046,LBE,2023-08-04
2023-08-12,Q2 to Q4_CEC_LBE_TRR_FY23 LBE TRR TOM Always On St. Johns_FBIG_TC_EN_L CEC TLB 043_CP21ZY9_JoshTeixeira,1518.51,,1182.0,actions:link_click,59888.0,,1.28469543,2024-01-07,355281.0,4.27411,1182.0,1.284695,0.332694,1871.0,0.526625,0.811603,5.932424,LBE,2023-08-04
2023-08-12,Q2 to Q4_CEC_TGP_NA_FY23 AO TRR Groups & Event_FBIG_TC_EN_L CEC TGP 074_CP24GT8,667.94,,563.0,actions:landing_page_view,64317.0,,1.18639432,2023-12-31,126459.0,5.28187,850.0,0.785812,0.672155,1202.0,0.950506,0.555691,1.966183,LBE,2023-08-04
2023-08-12,Q2 to Q4_CEC_LBE_TRR_FY23 LBE TRR TOM Always On Mississauga_FBIG_TC_EN_L CEC TLB 043_CP21ZY9_JoshTeixeira,2274.45,,2277.0,actions:link_click,177373.0,,0.99888011,2024-01-07,497516.0,4.571612,2277.0,0.99888,0.457674,3312.0,0.665707,0.68673,2.804914,LBE,2023-08-04
2023-08-12,Q2 to Q4_CEC_TGP_NA_FY23 AO PDM Whitby Groups & Event_FBIG_TC_EN_L CEC TGP 075_CP24GTX,232.87,,212.0,actions:landing_page_view,16054.0,,1.0984434,2023-12-31,35906.0,6.485546,256.0,0.909648,0.712973,343.0,0.955272,0.678921,2.236577,LBE,2023-08-04
2023-08-12,Q2 to Q4_CEC_LBE_TRR_FY23 LBE TRR TOM Always On London_FBIG_TC_EN_L CEC TLB 043_CP21ZY9_JoshTeixeira,1547.09,,1358.0,actions:link_click,81470.0,,1.13924153,2024-01-07,307106.0,5.037642,1358.0,1.139242,0.442193,1955.0,0.636588,0.79135,3.769559,LBE,2023-08-04
2023-08-12,Q2 to Q4_CEC_TGP_NA_FY23 AO PDM Dartmouth Groups & Event_FBIG_TC_EN_L CEC TGP 075_CP24GTX,234.32,,179.0,actions:landing_page_view,13876.0,,1.30905028,2023-12-31,36559.0,6.409366,221.0,1.060271,0.604502,318.0,0.869827,0.736855,2.634693,LBE,2023-08-04
2023-08-12,Q2 to Q4_CEC_LBE_TRR_FY23 LBE TRR TOM Always On West Edmonton_FBIG_TC_EN_L CEC TLB 043_CP21ZY9_JoshTeixeira,1856.0,,1683.0,actions:link_click,108443.0,,1.10279263,2024-01-07,402349.0,4.612911,1683.0,1.102793,0.418294,2343.0,0.58233,0.792147,3.710235,LBE,2023-08-04
2023-08-12,Q2 to Q4_CEC_TGP_NA_FY23 AO PDM Brampton Groups & Event_FBIG_TC_EN_L CEC TGP 075_CP24GTX,234.72,,200.0,actions:landing_page_view,17175.0,,1.1736,2023-12-31,37820.0,6.20624,249.0,0.942651,0.658382,332.0,0.877842,0.706988,2.202038,LBE,2023-08-04
2023-08-12,Q2 to Q4_CEC_LBE_TRR_FY23 LBE TRR TOM Always On Calgary_FBIG_TC_EN_L CEC TLB 043_CP21ZY9_JoshTeixeira,1692.89,,1733.0,actions:link_click,115101.0,,0.97685516,2024-01-07,385552.0,4.390821,1733.0,0.976855,0.449485,2421.0,0.627931,0.699252,3.349684,LBE,2023-08-04
2023-08-12,Q2 to Q4_CEC_LBE_TRR_FY23 LBE TRR TOM Always On Toronto_FBIG_TC_EN_L CEC TLB 043_CP21ZY9_JoshTeixeira,1388.75,,1475.0,actions:link_click,125008.0,,0.94152542,2024-01-07,314703.0,4.412891,1475.0,0.941525,0.468696,2188.0,0.695259,0.634712,2.517463,LBE,2023-08-04
2023-08-12,Q2 to Q4_CEC_LBE_TRR_FY23 LBE TRR TOM Always On South Edmonton_FBIG_TC_EN_L CEC TLB 043_CP21ZY9_JoshTeixeira,1372.19,,1284.0,actions:link_click,96358.0,,1.0686838,2024-01-07,328860.0,4.172566,1284.0,1.068684,0.39044,1925.0,0.585355,0.712826,3.412898,LBE,2023-08-04
2023-08-12,Q2 to Q4_CEC_LBE_PDM_FY23 LBE PDM TOM Always On Dartmouth_FBIG_TC_EN_L CEC TLB 044_CP21ZN6_JoshTeixeira,1708.76,,1595.0,actions:link_click,97612.0,,1.07132288,2023-12-31,319007.0,5.356497,1595.0,1.071323,0.499989,2360.0,0.739796,0.724051,3.268113,LBE,2023-08-04
2023-08-12,Q2 to Q4_CEC_LBE_PDM_FY23 LBE PDM TOM Always On Whitby_FBIG_TC_EN_L CEC TLB 044_CP21ZN6_JoshTeixeira,1729.58,,1854.0,actions:link_click,94647.0,,0.93289105,2023-12-31,258519.0,6.69034,1854.0,0.932891,0.717162,2536.0,0.980972,0.682011,2.731402,LBE,2023-08-04
2023-08-12,Q2 to Q4_CEC_LBE_PDM_FY23 LBE PDM TOM Always On Brampton_FBIG_TC_EN_L CEC TLB 044_CP21ZN6_JoshTeixeira,1728.31,,2111.0,actions:link_click,100000.0,,0.81871625,2023-12-31,246868.0,7.000948,2111.0,0.818716,0.855113,2802.0,1.13502,0.616813,2.46868,LBE,2023-08-04
2023-08-12,Q2 to Q4_CEC_LBE_TRR_FY23 LBE TRR TOM Always On Barrie_FBIG_TC_EN_L CEC TLB 043_CP21ZY9_JoshTeixeira,1899.71,,1597.0,actions:link_click,92086.0,,1.18954915,2024-01-07,354629.0,5.356894,1597.0,1.189549,0.45033,2245.0,0.633056,0.846196,3.851063,LBE,2023-08-04
2023-08-05,Q2 to Q4_CEC_LBE_TRR_FY23 LBE TRR TOM Always On Burnaby_FBIG_TC_EN_L CEC TLB 043_CP21ZY9_JoshTeixeira,1700.61,,1658.0,actions:link_click,123360.0,,1.02569964,2024-01-07,391971.0,4.338612,1658.0,1.0257,0.42299,2494.0,0.636272,0.681881,3.177456,LBE,2023-07-28
2023-08-05,Q2 to Q4_CEC_LBE_TRR_FY23 LBE TRR TOM Always On Winnipeg_FBIG_TC_EN_L CEC TLB 043_CP21ZY9_JoshTeixeira,1895.77,,1812.0,actions:link_click,106695.0,,1.04623068,2024-01-07,449070.0,4.221547,1812.0,1.046231,0.403501,2872.0,0.639544,0.660087,4.208913,LBE,2023-07-28
2023-08-05,Q2 to Q4_CEC_LBE_TRR_FY23 LBE TRR TOM Always On St. Johns_FBIG_TC_EN_L CEC TLB 043_CP21ZY9_JoshTeixeira,1539.57,,1233.0,actions:link_click,59617.0,,1.24863747,2024-01-07,348770.0,4.414284,1233.0,1.248637,0.353528,1922.0,0.55108,0.801025,5.850177,LBE,2023-07-28
2023-08-05,Q2 to Q4_CEC_TGP_NA_FY23 AO TRR Groups & Event_FBIG_TC_EN_L CEC TGP 074_CP24GT8,669.3,,620.0,actions:landing_page_view,63517.0,,1.07951613,2023-12-31,119234.0,5.613332,905.0,0.739558,0.759012,1296.0,1.086938,0.516435,1.877198,LBE,2023-07-28
2023-08-05,Q2 to Q4_CEC_LBE_TRR_FY23 LBE TRR TOM Always On Mississauga_FBIG_TC_EN_L CEC TLB 043_CP21ZY9_JoshTeixeira,2318.03,,2374.0,actions:link_click,174274.0,,0.97642376,2024-01-07,498530.0,4.64973,2374.0,0.976424,0.4762,3464.0,0.694843,0.669177,2.86061,LBE,2023-07-28
2023-08-05,Q2 to Q4_CEC_TGP_NA_FY23 AO PDM Whitby Groups & Event_FBIG_TC_EN_L CEC TGP 075_CP24GTX,230.41,,185.0,actions:landing_page_view,16001.0,,1.24545946,2023-12-31,33759.0,6.825143,232.0,0.993147,0.687224,315.0,0.933085,0.73146,2.109806,LBE,2023-07-28
2023-08-05,Q2 to Q4_CEC_LBE_TRR_FY23 LBE TRR TOM Always On London_FBIG_TC_EN_L CEC TLB 043_CP21ZY9_JoshTeixeira,1544.77,,1393.0,actions:link_click,81759.0,,1.1089519,2024-01-07,308539.0,5.006725,1393.0,1.108952,0.451483,2115.0,0.685489,0.730388,3.773762,LBE,2023-07-28
2023-08-05,Q2 to Q4_CEC_TGP_NA_FY23 AO PDM Dartmouth Groups & Event_FBIG_TC_EN_L CEC TGP 075_CP24GTX,235.18,,166.0,actions:landing_page_view,14104.0,,1.41674699,2023-12-31,35510.0,6.622923,231.0,1.018095,0.650521,334.0,0.94058,0.704132,2.517725,LBE,2023-07-28
2023-08-05,Q2 to Q4_CEC_LBE_TRR_FY23 LBE TRR TOM Always On West Edmonton_FBIG_TC_EN_L CEC TLB 043_CP21ZY9_JoshTeixeira,1878.16,,1718.0,actions:link_click,100405.0,,1.09322468,2024-01-07,396868.0,4.732455,1718.0,1.093225,0.43289,2358.0,0.594152,0.796506,3.952672,LBE,2023-07-28
2023-08-05,Q2 to Q4_CEC_TGP_NA_FY23 AO PDM Brampton Groups & Event_FBIG_TC_EN_L CEC TGP 075_CP24GTX,234.13,,196.0,actions:landing_page_view,17333.0,,1.19454082,2023-12-31,36601.0,6.39682,263.0,0.890228,0.71856,354.0,0.967187,0.661384,2.111637,LBE,2023-07-28
2023-08-05,Q2 to Q4_CEC_LBE_TRR_FY23 LBE TRR TOM Always On Calgary_FBIG_TC_EN_L CEC TLB 043_CP21ZY9_JoshTeixeira,1704.04,,1730.0,actions:link_click,108683.0,,0.98499422,2024-01-07,376578.0,4.525065,1730.0,0.984994,0.4594,2415.0,0.641301,0.705607,3.464921,LBE,2023-07-28
2023-08-05,Q2 to Q4_CEC_LBE_TRR_FY23 LBE TRR TOM Always On Toronto_FBIG_TC_EN_L CEC TLB 043_CP21ZY9_JoshTeixeira,1396.75,,1429.0,actions:link_click,124980.0,,0.97743177,2024-01-07,314828.0,4.436549,1429.0,0.977432,0.453899,2202.0,0.69943,0.63431,2.519027,LBE,2023-07-28
2023-08-05,Q2 to Q4_CEC_LBE_TRR_FY23 LBE TRR TOM Always On South Edmonton_FBIG_TC_EN_L CEC TLB 043_CP21ZY9_JoshTeixeira,1389.67,,1353.0,actions:link_click,88559.0,,1.02710273,2024-01-07,322751.0,4.305703,1353.0,1.027103,0.419209,2001.0,0.619983,0.694488,3.644474,LBE,2023-07-28
2023-08-05,Q2 to Q4_CEC_LBE_PDM_FY23 LBE PDM TOM Always On Dartmouth_FBIG_TC_EN_L CEC TLB 044_CP21ZN6_JoshTeixeira,1727.91,,1657.0,actions:link_click,93092.0,,1.04279421,2023-12-31,308162.0,5.607148,1657.0,1.042794,0.537704,2383.0,0.773295,0.725099,3.310295,LBE,2023-07-28
2023-08-05,Q2 to Q4_CEC_LBE_PDM_FY23 LBE PDM TOM Always On Whitby_FBIG_TC_EN_L CEC TLB 044_CP21ZN6_JoshTeixeira,1745.97,,1918.0,actions:link_click,87745.0,,0.91030761,2023-12-31,258886.0,6.744165,1918.0,0.910308,0.740867,2680.0,1.035205,0.651481,2.950436,LBE,2023-07-28
2023-08-05,Q2 to Q4_CEC_LBE_PDM_FY23 LBE PDM TOM Always On Brampton_FBIG_TC_EN_L CEC TLB 044_CP21ZN6_JoshTeixeira,1741.93,,2148.0,actions:link_click,100591.0,,0.81095438,2023-12-31,256712.0,6.785542,2148.0,0.810954,0.836735,2871.0,1.118374,0.606733,2.552037,LBE,2023-07-28
2023-08-05,Q2 to Q4_CEC_LBE_TRR_FY23 LBE TRR TOM Always On Barrie_FBIG_TC_EN_L CEC TLB 043_CP21ZY9_JoshTeixeira,1923.26,,1587.0,actions:link_click,86685.0,,1.21188406,2024-01-07,353316.0,5.443456,1587.0,1.211884,0.449173,2315.0,0.655221,0.830782,4.075861,LBE,2023-07-28
2023-07-29,Q2 to Q4_CEC_LBE_TRR_FY23 LBE TRR TOM Always On Burnaby_FBIG_TC_EN_L CEC TLB 043_CP21ZY9_JoshTeixeira,1703.01,,1677.0,actions:link_click,130759.0,,1.01550984,2024-01-07,399539.0,4.262437,1677.0,1.01551,0.419734,2471.0,0.618463,0.689199,3.055537,LBE,2023-07-21
2023-07-29,Q2 to Q4_CEC_LBE_TRR_FY23 LBE TRR TOM Always On Winnipeg_FBIG_TC_EN_L CEC TLB 043_CP21ZY9_JoshTeixeira,1903.46,,1835.0,actions:link_click,107931.0,,1.0373079,2024-01-07,438132.0,4.34449,1835.0,1.037308,0.418824,2836.0,0.647294,0.671178,4.059371,LBE,2023-07-21
2023-07-29,Q2 to Q4_CEC_LBE_TRR_FY23 LBE TRR TOM Always On St. Johns_FBIG_TC_EN_L CEC TLB 043_CP21ZY9_JoshTeixeira,1533.77,,1212.0,actions:link_click,59088.0,,1.2654868,2024-01-07,348952.0,4.395361,1212.0,1.265487,0.347326,1890.0,0.541622,0.811519,5.905632,LBE,2023-07-21
2023-07-29,Q2 to Q4_CEC_TGP_NA_FY23 AO TRR Groups & Event_FBIG_TC_EN_L CEC TGP 074_CP24GT8,672.81,,586.0,actions:landing_page_view,51035.0,,1.14813993,2023-12-31,102206.0,6.582882,915.0,0.735311,0.895251,1379.0,1.349236,0.487897,2.002665,LBE,2023-07-21
2023-07-29,Q2 to Q4_CEC_LBE_TRR_FY23 LBE TRR TOM Always On Mississauga_FBIG_TC_EN_L CEC TLB 043_CP21ZY9_JoshTeixeira,2308.86,,2381.0,actions:link_click,181222.0,,0.96970181,2024-01-07,498680.0,4.629943,2381.0,0.969702,0.477461,3455.0,0.692829,0.668266,2.751763,LBE,2023-07-21
2023-07-29,Q2 to Q4_CEC_TGP_NA_FY23 AO PDM Whitby Groups & Event_FBIG_TC_EN_L CEC TGP 075_CP24GTX,235.38,,197.0,actions:landing_page_view,15148.0,,1.19482234,2023-12-31,32714.0,7.195085,257.0,0.915875,0.785596,362.0,1.10656,0.650221,2.159625,LBE,2023-07-21
2023-07-29,Q2 to Q4_CEC_LBE_TRR_FY23 LBE TRR TOM Always On London_FBIG_TC_EN_L CEC TLB 043_CP21ZY9_JoshTeixeira,1552.6,,1422.0,actions:link_click,82989.0,,1.09184248,2024-01-07,310026.0,5.007967,1422.0,1.091842,0.458671,2035.0,0.656397,0.762948,3.735748,LBE,2023-07-21
2023-07-29,Q2 to Q4_CEC_TGP_NA_FY23 AO PDM Dartmouth Groups & Event_FBIG_TC_EN_L CEC TGP 075_CP24GTX,235.55,,175.0,actions:landing_page_view,14559.0,,1.346,2023-12-31,36177.0,6.511043,237.0,0.993882,0.655112,345.0,0.953645,0.682754,2.484855,LBE,2023-07-21
2023-07-29,Q2 to Q4_CEC_LBE_TRR_FY23 LBE TRR TOM Always On West Edmonton_FBIG_TC_EN_L CEC TLB 043_CP21ZY9_JoshTeixeira,1875.35,,1722.0,actions:link_click,105504.0,,1.08905343,2024-01-07,401302.0,4.673164,1722.0,1.089053,0.429103,2435.0,0.606775,0.770164,3.803666,LBE,2023-07-21
2023-07-29,Q2 to Q4_CEC_TGP_NA_FY23 AO PDM Brampton Groups & Event_FBIG_TC_EN_L CEC TGP 075_CP24GTX,234.58,,199.0,actions:landing_page_view,17756.0,,1.17879397,2023-12-31,35149.0,6.673874,272.0,0.862426,0.773848,353.0,1.004296,0.664533,1.979556,LBE,2023-07-21
2023-07-29,Q2 to Q4_CEC_LBE_TRR_FY23 LBE TRR TOM Always On Calgary_FBIG_TC_EN_L CEC TLB 043_CP21ZY9_JoshTeixeira,1712.71,,1648.0,actions:link_click,113570.0,,1.03926578,2024-01-07,378368.0,4.526572,1648.0,1.039266,0.435555,2396.0,0.633246,0.714821,3.331584,LBE,2023-07-21
2023-07-29,Q2 to Q4_CEC_LBE_TRR_FY23 LBE TRR TOM Always On Toronto_FBIG_TC_EN_L CEC TLB 043_CP21ZY9_JoshTeixeira,1392.59,,1432.0,actions:link_click,119834.0,,0.97247905,2024-01-07,300501.0,4.634228,1432.0,0.972479,0.476538,2131.0,0.709149,0.653491,2.507644,LBE,2023-07-21
2023-07-29,Q2 to Q4_CEC_LBE_TRR_FY23 LBE TRR TOM Always On South Edmonton_FBIG_TC_EN_L CEC TLB 043_CP21ZY9_JoshTeixeira,1389.37,,1225.0,actions:link_click,90633.0,,1.13417959,2024-01-07,320053.0,4.341062,1225.0,1.13418,0.382749,1890.0,0.590527,0.735116,3.531308,LBE,2023-07-21
2023-07-29,Q2 to Q4_CEC_LBE_PDM_FY23 LBE PDM TOM Always On Dartmouth_FBIG_TC_EN_L CEC TLB 044_CP21ZN6_JoshTeixeira,1712.32,,1629.0,actions:link_click,89066.0,,1.05114794,2023-12-31,304645.0,5.620706,1629.0,1.051148,0.534721,2325.0,0.763183,0.736482,3.420441,LBE,2023-07-21
2023-07-29,Q2 to Q4_CEC_LBE_PDM_FY23 LBE PDM TOM Always On Whitby_FBIG_TC_EN_L CEC TLB 044_CP21ZN6_JoshTeixeira,1734.7,,1831.0,actions:link_click,89296.0,,0.94740579,2023-12-31,253830.0,6.834102,1831.0,0.947406,0.721349,2507.0,0.987669,0.691943,2.842569,LBE,2023-07-21
2023-07-29,Q2 to Q4_CEC_LBE_PDM_FY23 LBE PDM TOM Always On Brampton_FBIG_TC_EN_L CEC TLB 044_CP21ZN6_JoshTeixeira,1728.4,,2086.0,actions:link_click,97379.0,,0.82857143,2023-12-31,245901.0,7.028845,2086.0,0.828571,0.848309,2768.0,1.125656,0.624422,2.525195,LBE,2023-07-21
2023-07-29,Q2 to Q4_CEC_LBE_TRR_FY23 LBE TRR TOM Always On Barrie_FBIG_TC_EN_L CEC TLB 043_CP21ZY9_JoshTeixeira,1913.71,,1579.0,actions:link_click,89809.0,,1.21197593,2024-01-07,351058.0,5.451264,1579.0,1.211976,0.449783,2251.0,0.641205,0.85016,3.90894,LBE,2023-07-21
2023-07-22,Q2 to Q4_CEC_LBE_TRR_FY23 LBE TRR TOM Always On Burnaby_FBIG_TC_EN_L CEC TLB 043_CP21ZY9_JoshTeixeira,1693.43,,1701.0,actions:link_click,120410.0,,0.99554968,2024-01-07,377026.0,4.491547,1701.0,0.99555,0.451163,2559.0,0.678733,0.661755,3.131185,LBE,2023-07-14
2023-07-22,Q2 to Q4_CEC_LBE_TRR_FY23 LBE TRR TOM Always On Winnipeg_FBIG_TC_EN_L CEC TLB 043_CP21ZY9_JoshTeixeira,1899.15,,1805.0,actions:link_click,96233.0,,1.05216066,2024-01-07,416199.0,4.563082,1805.0,1.052161,0.433687,2875.0,0.690775,0.660574,4.324909,LBE,2023-07-14
2023-07-22,Q2 to Q4_CEC_LBE_TRR_FY23 LBE TRR TOM Always On St. Johns_FBIG_TC_EN_L CEC TLB 043_CP21ZY9_JoshTeixeira,1536.4,,1270.0,actions:link_click,55942.0,,1.20976378,2024-01-07,331761.0,4.631045,1270.0,1.209764,0.382806,1937.0,0.583854,0.793185,5.930446,LBE,2023-07-14
2023-07-22,Q2 to Q4_CEC_TGP_NA_FY23 AO TRR Groups & Event_FBIG_TC_EN_L CEC TGP 074_CP24GT8,671.45,,718.0,actions:landing_page_view,46793.0,,0.93516713,2023-12-31,70949.0,9.46384,1190.0,0.564244,1.677261,1623.0,2.287559,0.413709,1.516231,LBE,2023-07-14
2023-07-22,Q2 to Q4_CEC_LBE_TRR_FY23 LBE TRR TOM Always On Mississauga_FBIG_TC_EN_L CEC TLB 043_CP21ZY9_JoshTeixeira,2306.7,,2333.0,actions:link_click,164514.0,,0.98872696,2024-01-07,471744.0,4.889728,2333.0,0.988727,0.494548,3443.0,0.729845,0.669968,2.867501,LBE,2023-07-14
2023-07-22,Q2 to Q4_CEC_TGP_NA_FY23 AO PDM Whitby Groups & Event_FBIG_TC_EN_L CEC TGP 075_CP24GTX,237.4,,237.0,actions:landing_page_view,15163.0,,1.00168776,2023-12-31,32720.0,7.255501,286.0,0.83007,0.874083,370.0,1.130807,0.641622,2.157884,LBE,2023-07-14
2023-07-22,Q2 to Q4_CEC_LBE_TRR_FY23 LBE TRR TOM Always On London_FBIG_TC_EN_L CEC TLB 043_CP21ZY9_JoshTeixeira,1554.91,,1375.0,actions:link_click,74925.0,,1.13084364,2024-01-07,291390.0,5.336182,1375.0,1.130844,0.471876,2048.0,0.702838,0.759233,3.889089,LBE,2023-07-14
2023-07-22,Q2 to Q4_CEC_TGP_NA_FY23 AO PDM Dartmouth Groups & Event_FBIG_TC_EN_L CEC TGP 075_CP24GTX,234.99,,194.0,actions:landing_page_view,13452.0,,1.21128866,2023-12-31,33878.0,6.93636,247.0,0.951377,0.729087,352.0,1.039022,0.667585,2.518436,LBE,2023-07-14
2023-07-22,Q2 to Q4_CEC_LBE_TRR_FY23 LBE TRR TOM Always On West Edmonton_FBIG_TC_EN_L CEC TLB 043_CP21ZY9_JoshTeixeira,1901.58,,1708.0,actions:link_click,103878.0,,1.11333724,2024-01-07,393108.0,4.837297,1708.0,1.113337,0.434486,2521.0,0.6413,0.754296,3.784324,LBE,2023-07-14
2023-07-22,Q2 to Q4_CEC_TGP_NA_FY23 AO PDM Brampton Groups & Event_FBIG_TC_EN_L CEC TGP 075_CP24GTX,236.56,,224.0,actions:landing_page_view,17530.0,,1.05607143,2023-12-31,36433.0,6.493015,278.0,0.850935,0.7630440000000001,361.0,0.99086,0.655291,2.078323,LBE,2023-07-14
2023-07-22,Q2 to Q4_CEC_LBE_TRR_FY23 LBE TRR TOM Always On Calgary_FBIG_TC_EN_L CEC TLB 043_CP21ZY9_JoshTeixeira,1711.48,,1688.0,actions:link_click,109654.0,,1.01390995,2024-01-07,369434.0,4.632708,1688.0,1.01391,0.456915,2449.0,0.662906,0.698849,3.369088,LBE,2023-07-14
2023-07-22,Q2 to Q4_CEC_LBE_TRR_FY23 LBE TRR TOM Always On Toronto_FBIG_TC_EN_L CEC TLB 043_CP21ZY9_JoshTeixeira,1388.82,,1511.0,actions:link_click,106458.0,,0.91913964,2024-01-07,281964.0,4.925522,1511.0,0.91914,0.535884,2267.0,0.804003,0.612625,2.648594,LBE,2023-07-14
2023-07-22,Q2 to Q4_CEC_LBE_TRR_FY23 LBE TRR TOM Always On South Edmonton_FBIG_TC_EN_L CEC TLB 043_CP21ZY9_JoshTeixeira,1399.13,,1315.0,actions:link_click,89451.0,,1.06397719,2024-01-07,309165.0,4.525512,1315.0,1.063977,0.425339,2039.0,0.659518,0.686184,3.45625,LBE,2023-07-14
2023-07-22,Q2 to Q4_CEC_LBE_PDM_FY23 LBE PDM TOM Always On Dartmouth_FBIG_TC_EN_L CEC TLB 044_CP21ZN6_JoshTeixeira,1713.53,,1608.0,actions:link_click,87169.0,,1.06562811,2023-12-31,296175.0,5.785532,1608.0,1.065628,0.542922,2346.0,0.792099,0.730405,3.39771,LBE,2023-07-14
2023-07-22,Q2 to Q4_CEC_LBE_PDM_FY23 LBE PDM TOM Always On Whitby_FBIG_TC_EN_L CEC TLB 044_CP21ZN6_JoshTeixeira,1737.1,,1926.0,actions:link_click,87676.0,,0.90192108,2023-12-31,248268.0,6.996874,1926.0,0.901921,0.775775,2635.0,1.061353,0.659241,2.831653,LBE,2023-07-14
2023-07-22,Q2 to Q4_CEC_LBE_PDM_FY23 LBE PDM TOM Always On Brampton_FBIG_TC_EN_L CEC TLB 044_CP21ZN6_JoshTeixeira,1722.61,,2121.0,actions:link_click,92962.0,,0.81216879,2023-12-31,235507.0,7.314475,2121.0,0.812169,0.90061,2799.0,1.1885,0.615438,2.533368,LBE,2023-07-14
2023-07-22,Q2 to Q4_CEC_LBE_TRR_FY23 LBE TRR TOM Always On Barrie_FBIG_TC_EN_L CEC TLB 043_CP21ZY9_JoshTeixeira,1915.6,,1565.0,actions:link_click,86943.0,,1.22402556,2024-01-07,336330.0,5.695597,1565.0,1.224026,0.465317,2341.0,0.696043,0.818283,3.868397,LBE,2023-07-14
2023-07-15,Q2 to Q4_CEC_LBE_TRR_FY23 LBE TRR TOM Always On Burnaby_FBIG_TC_EN_L CEC TLB 043_CP21ZY9_JoshTeixeira,1717.96,,1774.0,actions:link_click,119355.0,,0.96841037,2024-01-07,366654.0,4.685507,1774.0,0.96841,0.483835,2704.0,0.73748,0.63534,3.071962,LBE,2023-07-07
2023-07-15,Q2 to Q4_CEC_LBE_TRR_FY23 LBE TRR TOM Always On Winnipeg_FBIG_TC_EN_L CEC TLB 043_CP21ZY9_JoshTeixeira,1893.31,,1821.0,actions:link_click,94325.0,,1.03970895,2024-01-07,417739.0,4.53228,1821.0,1.039709,0.435918,2866.0,0.686074,0.660611,4.42872,LBE,2023-07-07
2023-07-15,Q2 to Q4_CEC_LBE_TRR_FY23 LBE TRR TOM Always On St. Johns_FBIG_TC_EN_L CEC TLB 043_CP21ZY9_JoshTeixeira,1534.77,,1203.0,actions:link_click,54679.0,,1.27578554,2024-01-07,330980.0,4.637048,1203.0,1.275786,0.363466,1840.0,0.555925,0.834114,6.053147,LBE,2023-07-07
2023-07-15,Q2 to Q4_CEC_TGP_NA_FY23 AO TRR Groups & Event_FBIG_TC_EN_L CEC TGP 074_CP24GT8,679.65,,764.0,actions:landing_page_view,46942.0,,0.88959424,2023-12-31,68376.0,9.939891,1271.0,0.534736,1.858839,1587.0,2.32099,0.428261,1.456606,LBE,2023-07-07
2023-07-15,Q2 to Q4_CEC_LBE_TRR_FY23 LBE TRR TOM Always On Mississauga_FBIG_TC_EN_L CEC TLB 043_CP21ZY9_JoshTeixeira,2314.21,,2464.0,actions:link_click,161307.0,,0.9392086,2024-01-07,466830.0,4.957286,2464.0,0.939209,0.527815,3624.0,0.7763,0.638579,2.894047,LBE,2023-07-07
2023-07-15,Q2 to Q4_CEC_TGP_NA_FY23 AO PDM Whitby Groups & Event_FBIG_TC_EN_L CEC TGP 075_CP24GTX,238.29,,189.0,actions:landing_page_view,15811.0,,1.26079365,2023-12-31,33954.0,7.018024,242.0,0.984669,0.712729,320.0,0.942452,0.744656,2.147492,LBE,2023-07-07
2023-07-15,Q2 to Q4_CEC_LBE_TRR_FY23 LBE TRR TOM Always On London_FBIG_TC_EN_L CEC TLB 043_CP21ZY9_JoshTeixeira,1552.51,,1345.0,actions:link_click,75223.0,,1.15428253,2024-01-07,291223.0,5.331001,1345.0,1.154283,0.461845,1972.0,0.677144,0.787277,3.871462,LBE,2023-07-07
2023-07-15,Q2 to Q4_CEC_TGP_NA_FY23 AO PDM Dartmouth Groups & Event_FBIG_TC_EN_L CEC TGP 075_CP24GTX,238.17,,201.0,actions:landing_page_view,13816.0,,1.18492537,2023-12-31,34289.0,6.945959,254.0,0.937677,0.740762,349.0,1.017819,0.682436,2.481833,LBE,2023-07-07
2023-07-15,Q2 to Q4_CEC_LBE_TRR_FY23 LBE TRR TOM Always On West Edmonton_FBIG_TC_EN_L CEC TLB 043_CP21ZY9_JoshTeixeira,1882.38,,1749.0,actions:link_click,100596.0,,1.07626072,2024-01-07,380701.0,4.94451,1749.0,1.076261,0.459416,2557.0,0.671656,0.736167,3.784455,LBE,2023-07-07
2023-07-15,Q2 to Q4_CEC_TGP_NA_FY23 AO PDM Brampton Groups & Event_FBIG_TC_EN_L CEC TGP 075_CP24GTX,238.64,,223.0,actions:landing_page_view,18326.0,,1.07013453,2023-12-31,36455.0,6.546153,269.0,0.887138,0.737896,359.0,0.984776,0.664735,1.98925,LBE,2023-07-07
2023-07-15,Q2 to Q4_CEC_LBE_TRR_FY23 LBE TRR TOM Always On Calgary_FBIG_TC_EN_L CEC TLB 043_CP21ZY9_JoshTeixeira,1712.05,,1700.0,actions:link_click,101894.0,,1.00708824,2024-01-07,363317.0,4.712276,1700.0,1.007088,0.467911,2479.0,0.682324,0.690621,3.565637,LBE,2023-07-07
2023-07-15,Q2 to Q4_CEC_LBE_TRR_FY23 LBE TRR TOM Always On Toronto_FBIG_TC_EN_L CEC TLB 043_CP21ZY9_JoshTeixeira,1387.88,,1403.0,actions:link_click,98518.0,,0.98922309,2024-01-07,269440.0,5.15098,1403.0,0.989223,0.52071,2103.0,0.780508,0.659952,2.734932,LBE,2023-07-07
2023-07-15,Q2 to Q4_CEC_LBE_TRR_FY23 LBE TRR TOM Always On South Edmonton_FBIG_TC_EN_L CEC TLB 043_CP21ZY9_JoshTeixeira,1401.23,,1332.0,actions:link_click,86531.0,,1.05197447,2024-01-07,302771.0,4.628019,1332.0,1.051974,0.439936,2000.0,0.660565,0.700615,3.498989,LBE,2023-07-07
2023-07-15,Q2 to Q4_CEC_LBE_PDM_FY23 LBE PDM TOM Always On Dartmouth_FBIG_TC_EN_L CEC TLB 044_CP21ZN6_JoshTeixeira,1726.36,,1644.0,actions:link_click,86798.0,,1.05009732,2023-12-31,291470.0,5.922942,1644.0,1.050097,0.564037,2354.0,0.80763,0.733373,3.358027,LBE,2023-07-07
2023-07-15,Q2 to Q4_CEC_LBE_PDM_FY23 LBE PDM TOM Always On Whitby_FBIG_TC_EN_L CEC TLB 044_CP21ZN6_JoshTeixeira,1730.85,,1862.0,actions:link_click,88801.0,,0.92956498,2023-12-31,258062.0,6.707109,1862.0,0.929565,0.721532,2558.0,0.991235,0.676642,2.906071,LBE,2023-07-07
2023-07-15,Q2 to Q4_CEC_LBE_PDM_FY23 LBE PDM TOM Always On Brampton_FBIG_TC_EN_L CEC TLB 044_CP21ZN6_JoshTeixeira,1721.16,,2108.0,actions:link_click,90254.0,,0.81648956,2023-12-31,234053.0,7.353719,2108.0,0.81649,0.900651,2809.0,1.200156,0.612731,2.59327,LBE,2023-07-07
2023-07-15,Q2 to Q4_CEC_LBE_TRR_FY23 LBE TRR TOM Always On Barrie_FBIG_TC_EN_L CEC TLB 043_CP21ZY9_JoshTeixeira,1904.24,,1535.0,actions:link_click,81854.0,,1.24054723,2024-01-07,332725.0,5.723165,1535.0,1.240547,0.461342,2239.0,0.672928,0.850487,4.064859,LBE,2023-07-07
2023-07-08,Q2 to Q4_CEC_LBE_TRR_FY23 LBE TRR TOM Always On Burnaby_FBIG_TC_EN_L CEC TLB 043_CP21ZY9_JoshTeixeira,1706.47,,1839.0,actions:link_click,122770.0,,0.92793366,2024-01-07,391439.0,4.359479,1839.0,0.927934,0.469805,2816.0,0.719397,0.605991,3.188393,LBE,2023-06-30
2023-07-08,Q2 to Q4_CEC_LBE_TRR_FY23 LBE TRR TOM Always On Winnipeg_FBIG_TC_EN_L CEC TLB 043_CP21ZY9_JoshTeixeira,1901.47,,1928.0,actions:link_click,106124.0,,0.98623963,2024-01-07,460536.0,4.128819,1928.0,0.98624,0.418643,3021.0,0.655975,0.629417,4.339603,LBE,2023-06-30
2023-07-08,Q2 to Q4_CEC_LBE_TRR_FY23 LBE TRR TOM Always On St. Johns_FBIG_TC_EN_L CEC TLB 043_CP21ZY9_JoshTeixeira,1537.96,,1339.0,actions:link_click,58150.0,,1.1485885,2024-01-07,356598.0,4.312868,1339.0,1.148589,0.375493,2079.0,0.583009,0.73976,6.132382,LBE,2023-06-30
2023-07-08,Q2 to Q4_CEC_TGP_NA_FY23 AO TRR Groups & Event_FBIG_TC_EN_L CEC TGP 074_CP24GT8,673.63,,758.0,actions:landing_page_view,53719.0,,0.88869393,2023-12-31,79750.0,8.446771,1247.0,0.5402,1.563636,1661.0,2.082759,0.405557,1.484577,LBE,2023-06-30
2023-07-08,Q2 to Q4_CEC_LBE_TRR_FY23 LBE TRR TOM Always On Mississauga_FBIG_TC_EN_L CEC TLB 043_CP21ZY9_JoshTeixeira,2322.55,,2585.0,actions:link_click,169232.0,,0.89847195,2024-01-07,513870.0,4.519723,2585.0,0.898472,0.503046,3797.0,0.738903,0.61168,3.036482,LBE,2023-06-30
2023-07-08,Q2 to Q4_CEC_TGP_NA_FY23 AO PDM Whitby Groups & Event_FBIG_TC_EN_L CEC TGP 075_CP24GTX,238.17,,206.0,actions:landing_page_view,17033.0,,1.15616505,2023-12-31,36922.0,6.450626,246.0,0.968171,0.666269,343.0,0.928985,0.694373,2.167675,LBE,2023-06-30
2023-07-08,Q2 to Q4_CEC_LBE_TRR_FY23 LBE TRR TOM Always On London_FBIG_TC_EN_L CEC TLB 043_CP21ZY9_JoshTeixeira,1561.43,,1489.0,actions:link_click,76570.0,,1.04864338,2024-01-07,316823.0,4.928399,1489.0,1.048643,0.469979,2224.0,0.701969,0.702082,4.137691,LBE,2023-06-30
2023-07-08,Q2 to Q4_CEC_TGP_NA_FY23 AO PDM Dartmouth Groups & Event_FBIG_TC_EN_L CEC TGP 075_CP24GTX,236.8,,180.0,actions:landing_page_view,14714.0,,1.31555556,2023-12-31,38418.0,6.163777,232.0,1.02069,0.603884,350.0,0.911031,0.676571,2.610983,LBE,2023-06-30
2023-07-08,Q2 to Q4_CEC_LBE_TRR_FY23 LBE TRR TOM Always On West Edmonton_FBIG_TC_EN_L CEC TLB 043_CP21ZY9_JoshTeixeira,1881.93,,1850.0,actions:link_click,108217.0,,1.01725946,2024-01-07,410819.0,4.580923,1850.0,1.017259,0.45032,2682.0,0.652842,0.701689,3.796252,LBE,2023-06-30
2023-07-08,Q2 to Q4_CEC_TGP_NA_FY23 AO PDM Brampton Groups & Event_FBIG_TC_EN_L CEC TGP 075_CP24GTX,236.43,,221.0,actions:landing_page_view,18403.0,,1.069819,2023-12-31,37975.0,6.225938,288.0,0.820938,0.758394,372.0,0.979592,0.635565,2.063522,LBE,2023-06-30
2023-07-08,Q2 to Q4_CEC_LBE_TRR_FY23 LBE TRR TOM Always On Calgary_FBIG_TC_EN_L CEC TLB 043_CP21ZY9_JoshTeixeira,1736.24,,1908.0,actions:link_click,107157.0,,0.90997904,2024-01-07,393445.0,4.412917,1908.0,0.909979,0.484947,2703.0,0.687008,0.642338,3.671669,LBE,2023-06-30
2023-07-08,Q2 to Q4_CEC_LBE_TRR_FY23 LBE TRR TOM Always On Toronto_FBIG_TC_EN_L CEC TLB 043_CP21ZY9_JoshTeixeira,1405.28,,1571.0,actions:link_click,109632.0,,0.89451305,2024-01-07,316141.0,4.445105,1571.0,0.894513,0.49693,2269.0,0.717718,0.619339,2.883656,LBE,2023-06-30
2023-07-08,Q2 to Q4_CEC_LBE_TRR_FY23 LBE TRR TOM Always On South Edmonton_FBIG_TC_EN_L CEC TLB 043_CP21ZY9_JoshTeixeira,1396.77,,1402.0,actions:link_click,88336.0,,0.99626961,2024-01-07,318916.0,4.379743,1402.0,0.99627,0.439614,2098.0,0.657853,0.665763,3.610261,LBE,2023-06-30
2023-07-08,Q2 to Q4_CEC_LBE_PDM_FY23 LBE PDM TOM Always On Dartmouth_FBIG_TC_EN_L CEC TLB 044_CP21ZN6_JoshTeixeira,1731.87,,1875.0,actions:link_click,91986.0,,0.923664,2023-12-31,314621.0,5.504623,1875.0,0.923664,0.595955,2576.0,0.818763,0.67231,3.420314,LBE,2023-06-30
2023-07-08,Q2 to Q4_CEC_LBE_PDM_FY23 LBE PDM TOM Always On Whitby_FBIG_TC_EN_L CEC TLB 044_CP21ZN6_JoshTeixeira,1739.27,,2002.0,actions:link_click,94252.0,,0.86876623,2023-12-31,279643.0,6.219609,2002.0,0.868766,0.715913,2694.0,0.963371,0.645609,2.966972,LBE,2023-06-30
2023-07-08,Q2 to Q4_CEC_LBE_PDM_FY23 LBE PDM TOM Always On Brampton_FBIG_TC_EN_L CEC TLB 044_CP21ZN6_JoshTeixeira,1736.57,,2184.0,actions:link_click,96211.0,,0.79513278,2023-12-31,256298.0,6.775589,2184.0,0.795133,0.852133,2947.0,1.149833,0.589267,2.663916,LBE,2023-06-30
2023-07-08,Q2 to Q4_CEC_LBE_TRR_FY23 LBE TRR TOM Always On Barrie_FBIG_TC_EN_L CEC TLB 043_CP21ZY9_JoshTeixeira,1925.13,,1671.0,actions:link_click,87578.0,,1.15208259,2024-01-07,364603.0,5.280072,1671.0,1.152083,0.458307,2388.0,0.654959,0.806168,4.16318,LBE,2023-06-30
2023-07-01,Q2 to Q4_CEC_LBE_TRR_FY23 LBE TRR TOM Always On Burnaby_FBIG_TC_EN_L CEC TLB 043_CP21ZY9_JoshTeixeira,1722.56,,1497.0,actions:link_click,114227.0,,1.15067468,2024-01-07,345138.0,4.990931,1497.0,1.150675,0.43374,2424.0,0.702328,0.710627,3.02151,LBE,2023-06-23
2023-07-01,Q2 to Q4_CEC_LBE_TRR_FY23 LBE TRR TOM Always On Winnipeg_FBIG_TC_EN_L CEC TLB 043_CP21ZY9_JoshTeixeira,1909.65,,1715.0,actions:link_click,96016.0,,1.11349854,2024-01-07,408646.0,4.673116,1715.0,1.113499,0.419679,2712.0,0.663655,0.704148,4.25602,LBE,2023-06-23
2023-07-01,Q2 to Q4_CEC_LBE_TRR_FY23 LBE TRR TOM Always On St. Johns_FBIG_TC_EN_L CEC TLB 043_CP21ZY9_JoshTeixeira,1544.53,,1163.0,actions:link_click,54558.0,,1.32805675,2024-01-07,318663.0,4.846907,1163.0,1.328057,0.364962,1816.0,0.569881,0.850512,5.840812,LBE,2023-06-23
2023-07-01,Q2 to Q4_CEC_TGP_NA_FY23 AO TRR Groups & Event_FBIG_TC_EN_L CEC TGP 074_CP24GT8,672.41,,673.0,actions:landing_page_view,39458.0,,0.99912333,2023-12-31,59755.0,11.252782,1169.0,0.575201,1.956322,1438.0,2.406493,0.467601,1.514395,LBE,2023-06-23
2023-07-01,Q2 to Q4_CEC_LBE_TRR_FY23 LBE TRR TOM Always On Mississauga_FBIG_TC_EN_L CEC TLB 043_CP21ZY9_JoshTeixeira,2310.76,,2224.0,actions:link_click,155948.0,,1.03901079,2024-01-07,444245.0,5.201544,2224.0,1.039011,0.500625,3314.0,0.745985,0.697272,2.848674,LBE,2023-06-23
2023-07-01,Q2 to Q4_CEC_TGP_NA_FY23 AO PDM Whitby Groups & Event_FBIG_TC_EN_L CEC TGP 075_CP24GTX,235.81,,154.0,actions:landing_page_view,12740.0,,1.53123377,2023-12-31,24893.0,9.472944,200.0,1.17905,0.803439,283.0,1.136866,0.833251,1.953925,LBE,2023-06-23
2023-07-01,Q2 to Q4_CEC_LBE_TRR_FY23 LBE TRR TOM Always On London_FBIG_TC_EN_L CEC TLB 043_CP21ZY9_JoshTeixeira,1568.74,,1180.0,actions:link_click,72600.0,,1.32944068,2024-01-07,275264.0,5.699038,1180.0,1.329441,0.428679,1816.0,0.65973,0.863844,3.791515,LBE,2023-06-23
2023-07-01,Q2 to Q4_CEC_TGP_NA_FY23 AO PDM Dartmouth Groups & Event_FBIG_TC_EN_L CEC TGP 075_CP24GTX,236.57,,167.0,actions:landing_page_view,13033.0,,1.41658683,2023-12-31,30538.0,7.746742,204.0,1.159657,0.66802,292.0,0.956186,0.810171,2.343129,LBE,2023-06-23
2023-07-01,Q2 to Q4_CEC_LBE_TRR_FY23 LBE TRR TOM Always On West Edmonton_FBIG_TC_EN_L CEC TLB 043_CP21ZY9_JoshTeixeira,1895.73,,1597.0,actions:link_click,100794.0,,1.18705698,2024-01-07,368389.0,5.146001,1597.0,1.187057,0.433509,2380.0,0.646056,0.796525,3.65487,LBE,2023-06-23
2023-07-01,Q2 to Q4_CEC_TGP_NA_FY23 AO PDM Brampton Groups & Event_FBIG_TC_EN_L CEC TGP 075_CP24GTX,236.27,,201.0,actions:landing_page_view,13948.0,,1.17547264,2023-12-31,25787.0,9.162369,257.0,0.919339,0.996626,327.0,1.268081,0.722538,1.848796,LBE,2023-06-23
2023-07-01,Q2 to Q4_CEC_LBE_TRR_FY23 LBE TRR TOM Always On Calgary_FBIG_TC_EN_L CEC TLB 043_CP21ZY9_JoshTeixeira,1735.31,,1644.0,actions:link_click,99435.0,,1.05554136,2024-01-07,355493.0,4.881418,1644.0,1.055541,0.462456,2419.0,0.680463,0.717367,3.575129,LBE,2023-06-23
2023-07-01,Q2 to Q4_CEC_LBE_TRR_FY23 LBE TRR TOM Always On Toronto_FBIG_TC_EN_L CEC TLB 043_CP21ZY9_JoshTeixeira,1406.68,,1317.0,actions:link_click,100286.0,,1.06809415,2024-01-07,271691.0,5.177499,1317.0,1.068094,0.484742,1993.0,0.733554,0.70581,2.709162,LBE,2023-06-23
2023-07-01,Q2 to Q4_CEC_LBE_TRR_FY23 LBE TRR TOM Always On South Edmonton_FBIG_TC_EN_L CEC TLB 043_CP21ZY9_JoshTeixeira,1401.7,,1191.0,actions:link_click,83545.0,,1.17691016,2024-01-07,290525.0,4.824714,1191.0,1.17691,0.409948,1834.0,0.631271,0.764286,3.477467,LBE,2023-06-23
2023-07-01,Q2 to Q4_CEC_LBE_PDM_FY23 LBE PDM TOM Always On Dartmouth_FBIG_TC_EN_L CEC TLB 044_CP21ZN6_JoshTeixeira,1717.56,,1580.0,actions:link_click,81408.0,,1.08706329,2023-12-31,278778.0,6.161031,1580.0,1.087063,0.566759,2280.0,0.817855,0.753316,3.424455,LBE,2023-06-23
2023-07-01,Q2 to Q4_CEC_LBE_PDM_FY23 LBE PDM TOM Always On Whitby_FBIG_TC_EN_L CEC TLB 044_CP21ZN6_JoshTeixeira,1739.74,,1670.0,actions:link_click,84225.0,,1.04176048,2023-12-31,233410.0,7.45358,1670.0,1.04176,0.715479,2295.0,0.983248,0.758057,2.771267,LBE,2023-06-23
2023-07-01,Q2 to Q4_CEC_LBE_PDM_FY23 LBE PDM TOM Always On Brampton_FBIG_TC_EN_L CEC TLB 044_CP21ZN6_JoshTeixeira,1737.03,,2005.0,actions:link_click,81790.0,,0.86634913,2023-12-31,209685.0,8.283997,2005.0,0.866349,0.956196,2625.0,1.251878,0.661726,2.5637,LBE,2023-06-23
2023-07-01,Q2 to Q4_CEC_LBE_TRR_FY23 LBE TRR TOM Always On Barrie_FBIG_TC_EN_L CEC TLB 043_CP21ZY9_JoshTeixeira,1919.13,,1331.0,actions:link_click,83525.0,,1.44187077,2024-01-07,334994.0,5.728849,1331.0,1.441871,0.397321,2024.0,0.60419,0.948187,4.010703,LBE,2023-06-23
2023-06-24,Q2 to Q4_CEC_LBE_TRR_FY23 LBE TRR TOM Always On Burnaby_FBIG_TC_EN_L CEC TLB 043_CP21ZY9_JoshTeixeira,1663.08,,1522.0,actions:link_click,102809.0,,1.09269382,2024-01-07,308733.0,5.386791,1522.0,1.092694,0.492983,2459.0,0.796481,0.676324,3.002976,LBE,2023-06-16
2023-06-24,Q2 to Q4_CEC_LBE_TRR_FY23 LBE TRR TOM Always On Winnipeg_FBIG_TC_EN_L CEC TLB 043_CP21ZY9_JoshTeixeira,1839.2,,1676.0,actions:link_click,90438.0,,1.0973747,2024-01-07,370960.0,4.957947,1676.0,1.097375,0.451801,2588.0,0.697649,0.710665,4.101816,LBE,2023-06-16
2023-06-24,Q2 to Q4_CEC_LBE_TRR_FY23 LBE TRR TOM Always On St. Johns_FBIG_TC_EN_L CEC TLB 043_CP21ZY9_JoshTeixeira,1500.76,,1089.0,actions:link_click,53368.0,,1.37810836,2024-01-07,310219.0,4.837744,1089.0,1.378108,0.351042,1729.0,0.557348,0.867993,5.812828,LBE,2023-06-16
2023-06-24,Q2 to Q4_CEC_TGP_NA_FY23 AO TRR Groups & Event_FBIG_TC_EN_L CEC TGP 074_CP24GT8,660.7,,645.0,actions:landing_page_view,41655.0,,1.02434109,2023-12-31,65417.0,10.099821,1088.0,0.607261,1.663176,1387.0,2.120244,0.476352,1.570448,LBE,2023-06-16
2023-06-24,Q2 to Q4_CEC_LBE_TRR_FY23 LBE TRR TOM Always On Mississauga_FBIG_TC_EN_L CEC TLB 043_CP21ZY9_JoshTeixeira,2238.53,,2092.0,actions:link_click,138268.0,,1.07004302,2024-01-07,401174.0,5.579948,2092.0,1.070043,0.521469,3140.0,0.782703,0.712908,2.901423,LBE,2023-06-16
2023-06-24,Q2 to Q4_CEC_TGP_NA_FY23 AO PDM Whitby Groups & Event_FBIG_TC_EN_L CEC TGP 075_CP24GTX,230.73,,154.0,actions:landing_page_view,14201.0,,1.49824675,2023-12-31,27789.0,8.302926,207.0,1.114638,0.744899,287.0,1.032783,0.803937,1.956834,LBE,2023-06-16
2023-06-24,Q2 to Q4_CEC_LBE_TRR_FY23 LBE TRR TOM Always On London_FBIG_TC_EN_L CEC TLB 043_CP21ZY9_JoshTeixeira,1529.19,,1245.0,actions:link_click,67528.0,,1.22826506,2024-01-07,257038.0,5.949276,1245.0,1.228265,0.484364,1868.0,0.726741,0.818624,3.806391,LBE,2023-06-16
2023-06-24,Q2 to Q4_CEC_TGP_NA_FY23 AO PDM Dartmouth Groups & Event_FBIG_TC_EN_L CEC TGP 075_CP24GTX,228.52,,164.0,actions:landing_page_view,12557.0,,1.39341463,2023-12-31,29010.0,7.877284,225.0,1.015644,0.775595,315.0,1.085832,0.72546,2.310265,LBE,2023-06-16
2023-06-24,Q2 to Q4_CEC_LBE_TRR_FY23 LBE TRR TOM Always On West Edmonton_FBIG_TC_EN_L CEC TLB 043_CP21ZY9_JoshTeixeira,1836.87,,1597.0,actions:link_click,90454.0,,1.15020038,2024-01-07,334122.0,5.497603,1597.0,1.1502,0.477969,2398.0,0.717702,0.766001,3.693833,LBE,2023-06-16
2023-06-24,Q2 to Q4_CEC_TGP_NA_FY23 AO PDM Brampton Groups & Event_FBIG_TC_EN_L CEC TGP 075_CP24GTX,229.1,,182.0,actions:landing_page_view,15188.0,,1.25879121,2023-12-31,28405.0,8.065481,235.0,0.974894,0.827319,302.0,1.063193,0.758609,1.870226,LBE,2023-06-16
2023-06-24,Q2 to Q4_CEC_LBE_TRR_FY23 LBE TRR TOM Always On Calgary_FBIG_TC_EN_L CEC TLB 043_CP21ZY9_JoshTeixeira,1661.94,,1546.0,actions:link_click,93064.0,,1.07499353,2024-01-07,318266.0,5.221858,1546.0,1.074994,0.485757,2277.0,0.715439,0.729881,3.419862,LBE,2023-06-16
2023-06-24,Q2 to Q4_CEC_LBE_TRR_FY23 LBE TRR TOM Always On Toronto_FBIG_TC_EN_L CEC TLB 043_CP21ZY9_JoshTeixeira,1342.66,,1260.0,actions:link_click,86469.0,,1.06560317,2024-01-07,234202.0,5.732914,1260.0,1.065603,0.537997,1849.0,0.789489,0.726155,2.708508,LBE,2023-06-16
2023-06-24,Q2 to Q4_CEC_LBE_TRR_FY23 LBE TRR TOM Always On South Edmonton_FBIG_TC_EN_L CEC TLB 043_CP21ZY9_JoshTeixeira,1358.54,,1219.0,actions:link_click,78192.0,,1.11447088,2024-01-07,271800.0,4.998308,1219.0,1.114471,0.448492,1830.0,0.673289,0.742372,3.476059,LBE,2023-06-16
2023-06-24,Q2 to Q4_CEC_LBE_PDM_FY23 LBE PDM TOM Always On Dartmouth_FBIG_TC_EN_L CEC TLB 044_CP21ZN6_JoshTeixeira,1649.4,,1644.0,actions:link_click,74021.0,,1.00328467,2023-12-31,257764.0,6.398876,1644.0,1.003285,0.637793,2246.0,0.87134,0.734372,3.482309,LBE,2023-06-16
2023-06-24,Q2 to Q4_CEC_LBE_PDM_FY23 LBE PDM TOM Always On Whitby_FBIG_TC_EN_L CEC TLB 044_CP21ZN6_JoshTeixeira,1683.84,,1681.0,actions:link_click,74382.0,,1.00168947,2023-12-31,216548.0,7.775828,1681.0,1.001689,0.776271,2287.0,1.056117,0.736266,2.911296,LBE,2023-06-16
2023-06-24,Q2 to Q4_CEC_LBE_PDM_FY23 LBE PDM TOM Always On Brampton_FBIG_TC_EN_L CEC TLB 044_CP21ZN6_JoshTeixeira,1689.05,,1983.0,actions:link_click,75467.0,,0.851765,2023-12-31,195661.0,8.632533,1983.0,0.851765,1.013488,2564.0,1.31043,0.658756,2.59267,LBE,2023-06-16
2023-06-24,Q2 to Q4_CEC_LBE_TRR_FY23 LBE TRR TOM Always On Barrie_FBIG_TC_EN_L CEC TLB 043_CP21ZY9_JoshTeixeira,1864.83,,1363.0,actions:link_click,76808.0,,1.36818048,2024-01-07,307858.0,6.057436,1363.0,1.36818,0.442737,2103.0,0.683107,0.886748,4.00815,LBE,2023-06-16
2023-06-17,Q2 to Q4_CEC_LBE_TRR_FY23 LBE TRR TOM Always On Burnaby_FBIG_TC_EN_L CEC TLB 043_CP21ZY9_JoshTeixeira,1698.53,,1476.0,actions:link_click,105866.0,,1.15076558,2024-01-07,306185.0,5.547398,1476.0,1.150766,0.482062,2527.0,0.825318,0.672153,2.892194,LBE,2023-06-09
2023-06-17,Q2 to Q4_CEC_LBE_TRR_FY23 LBE TRR TOM Always On Winnipeg_FBIG_TC_EN_L CEC TLB 043_CP21ZY9_JoshTeixeira,1887.47,,1593.0,actions:link_click,90014.0,,1.18485248,2024-01-07,378200.0,4.990666,1593.0,1.184852,0.421206,2546.0,0.673189,0.741347,4.201569,LBE,2023-06-09
2023-06-17,Q2 to Q4_CEC_LBE_TRR_FY23 LBE TRR TOM Always On St. Johns_FBIG_TC_EN_L CEC TLB 043_CP21ZY9_JoshTeixeira,1522.34,,1190.0,actions:link_click,55919.0,,1.27927731,2024-01-07,307134.0,4.956599,1190.0,1.279277,0.387453,1886.0,0.614064,0.807179,5.49248,LBE,2023-06-09
2023-06-17,Q2 to Q4_CEC_TGP_NA_FY23 AO TRR Groups & Event_FBIG_TC_EN_L CEC TGP 074_CP24GT8,671.32,,623.0,actions:landing_page_view,47032.0,,1.07756019,2023-12-31,78770.0,8.522534,988.0,0.679474,1.254285,1502.0,1.906817,0.446951,1.674817,LBE,2023-06-09
2023-06-17,Q2 to Q4_CEC_LBE_TRR_FY23 LBE TRR TOM Always On Mississauga_FBIG_TC_EN_L CEC TLB 043_CP21ZY9_JoshTeixeira,2292.72,,2067.0,actions:link_click,137979.0,,1.10920174,2024-01-07,396665.0,5.779991,2067.0,1.109202,0.521095,3033.0,0.764625,0.755925,2.874822,LBE,2023-06-09
2023-06-17,Q2 to Q4_CEC_TGP_NA_FY23 AO PDM Whitby Groups & Event_FBIG_TC_EN_L CEC TGP 075_CP24GTX,233.37,,161.0,actions:landing_page_view,13181.0,,1.44950311,2023-12-31,26147.0,8.925307,204.0,1.143971,0.780204,295.0,1.128237,0.791085,1.983689,LBE,2023-06-09
2023-06-17,Q2 to Q4_CEC_LBE_TRR_FY23 LBE TRR TOM Always On London_FBIG_TC_EN_L CEC TLB 043_CP21ZY9_JoshTeixeira,1563.85,,1197.0,actions:link_click,67437.0,,1.30647452,2024-01-07,256746.0,6.091039,1197.0,1.306475,0.46622,1845.0,0.718609,0.847615,3.807198,LBE,2023-06-09
2023-06-17,Q2 to Q4_CEC_TGP_NA_FY23 AO PDM Dartmouth Groups & Event_FBIG_TC_EN_L CEC TGP 075_CP24GTX,233.33,,157.0,actions:landing_page_view,12866.0,,1.48617834,2023-12-31,30787.0,7.578848,196.0,1.190459,0.636632,285.0,0.925715,0.818702,2.392896,LBE,2023-06-09
2023-06-17,Q2 to Q4_CEC_LBE_TRR_FY23 LBE TRR TOM Always On West Edmonton_FBIG_TC_EN_L CEC TLB 043_CP21ZY9_JoshTeixeira,1880.06,,1524.0,actions:link_click,94666.0,,1.23363517,2024-01-07,343848.0,5.467707,1524.0,1.233635,0.443219,2286.0,0.664829,0.822423,3.632223,LBE,2023-06-09
2023-06-17,Q2 to Q4_CEC_TGP_NA_FY23 AO PDM Brampton Groups & Event_FBIG_TC_EN_L CEC TGP 075_CP24GTX,232.75,,171.0,actions:landing_page_view,13479.0,,1.36111111,2023-12-31,26043.0,8.937142,230.0,1.011957,0.883155,307.0,1.17882,0.758143,1.932117,LBE,2023-06-09
2023-06-17,Q2 to Q4_CEC_LBE_TRR_FY23 LBE TRR TOM Always On Calgary_FBIG_TC_EN_L CEC TLB 043_CP21ZY9_JoshTeixeira,1722.47,,1487.0,actions:link_click,91990.0,,1.15835239,2024-01-07,324509.0,5.307927,1487.0,1.158352,0.458231,2268.0,0.698902,0.759466,3.527655,LBE,2023-06-09
2023-06-17,Q2 to Q4_CEC_LBE_TRR_FY23 LBE TRR TOM Always On Toronto_FBIG_TC_EN_L CEC TLB 043_CP21ZY9_JoshTeixeira,1367.35,,1195.0,actions:link_click,86173.0,,1.14422594,2024-01-07,227557.0,6.008824,1195.0,1.144226,0.525143,1684.0,0.740034,0.811966,2.6407,LBE,2023-06-09
2023-06-17,Q2 to Q4_CEC_LBE_TRR_FY23 LBE TRR TOM Always On South Edmonton_FBIG_TC_EN_L CEC TLB 043_CP21ZY9_JoshTeixeira,1395.72,,1209.0,actions:link_click,78551.0,,1.15444169,2024-01-07,283491.0,4.923331,1209.0,1.154442,0.426469,1845.0,0.650814,0.756488,3.609006,LBE,2023-06-09
2023-06-17,Q2 to Q4_CEC_LBE_PDM_FY23 LBE PDM TOM Always On Dartmouth_FBIG_TC_EN_L CEC TLB 044_CP21ZN6_JoshTeixeira,1705.97,,1645.0,actions:link_click,62825.0,,1.03706383,2023-12-31,248366.0,6.868774,1645.0,1.037064,0.662329,2170.0,0.873711,0.786161,3.953299,LBE,2023-06-09
2023-06-17,Q2 to Q4_CEC_LBE_PDM_FY23 LBE PDM TOM Always On Whitby_FBIG_TC_EN_L CEC TLB 044_CP21ZN6_JoshTeixeira,1715.42,,1765.0,actions:link_click,68534.0,,0.97190935,2023-12-31,201437.0,8.515913,1765.0,0.971909,0.876204,2349.0,1.166121,0.730277,2.939227,LBE,2023-06-09
2023-06-17,Q2 to Q4_CEC_LBE_PDM_FY23 LBE PDM TOM Always On Brampton_FBIG_TC_EN_L CEC TLB 044_CP21ZN6_JoshTeixeira,1701.08,,1842.0,actions:link_click,64842.0,,0.9234962,2023-12-31,178530.0,9.528259,1842.0,0.923496,1.031759,2423.0,1.357195,0.702055,2.753308,LBE,2023-06-09
2023-06-17,Q2 to Q4_CEC_LBE_TRR_FY23 LBE TRR TOM Always On Barrie_FBIG_TC_EN_L CEC TLB 043_CP21ZY9_JoshTeixeira,1904.31,,1347.0,actions:link_click,75005.0,,1.41374165,2024-01-07,294011.0,6.477003,1347.0,1.413742,0.458146,2058.0,0.699974,0.925321,3.919885,LBE,2023-06-09
2023-06-10,Q2 to Q4_CEC_LBE_TRR_FY23 LBE TRR TOM Always On Burnaby_FBIG_TC_EN_L CEC TLB 043_CP21ZY9_JoshTeixeira,1687.38,,1502.0,actions:link_click,106225.0,,1.1234221,2024-01-07,296536.0,5.690304,1502.0,1.123422,0.506515,2743.0,0.925014,0.615159,2.791584,LBE,2023-06-02
2023-06-10,Q2 to Q4_CEC_LBE_TRR_FY23 LBE TRR TOM Always On Winnipeg_FBIG_TC_EN_L CEC TLB 043_CP21ZY9_JoshTeixeira,1886.71,,1738.0,actions:link_click,86346.0,,1.08556387,2024-01-07,377264.0,5.001034,1738.0,1.085564,0.460685,2833.0,0.750933,0.665976,4.369212,LBE,2023-06-02
2023-06-10,Q2 to Q4_CEC_LBE_TRR_FY23 LBE TRR TOM Always On St. Johns_FBIG_TC_EN_L CEC TLB 043_CP21ZY9_JoshTeixeira,1529.04,,1202.0,actions:link_click,54664.0,,1.27207987,2024-01-07,315033.0,4.853587,1202.0,1.27208,0.381547,2007.0,0.637076,0.761854,5.76308,LBE,2023-06-02
2023-06-10,Q2 to Q4_CEC_TGP_NA_FY23 AO TRR Groups & Event_FBIG_TC_EN_L CEC TGP 074_CP24GT8,558.12,,429.0,actions:landing_page_view,50507.0,,1.30097902,2023-12-31,82938.0,6.729364,601.0,0.928652,0.724638,961.0,1.158697,0.58077,1.642109,LBE,2023-06-02
2023-06-10,Q2 to Q4_CEC_LBE_TRR_FY23 LBE TRR TOM Always On Mississauga_FBIG_TC_EN_L CEC TLB 043_CP21ZY9_JoshTeixeira,1775.16,,1696.0,actions:link_click,110487.0,,1.04667453,2024-01-07,292090.0,6.077442,1696.0,1.046675,0.580643,2524.0,0.864117,0.703312,2.643659,LBE,2023-06-02
2023-06-10,Q2 to Q4_CEC_TGP_NA_FY23 AO PDM Whitby Groups & Event_FBIG_TC_EN_L CEC TGP 075_CP24GTX,191.61,,144.0,actions:landing_page_view,11067.0,,1.330625,2023-12-31,20299.0,9.439381,183.0,1.047049,0.901522,246.0,1.211882,0.778902,1.834192,LBE,2023-06-02
2023-06-10,Q2 to Q4_CEC_LBE_TRR_FY23 LBE TRR TOM Always On London_FBIG_TC_EN_L CEC TLB 043_CP21ZY9_JoshTeixeira,1564.18,,1343.0,actions:link_click,69260.0,,1.16469099,2024-01-07,267574.0,5.845785,1343.0,1.164691,0.501917,2168.0,0.810243,0.721485,3.863327,LBE,2023-06-02
2023-06-10,Q2 to Q4_CEC_TGP_NA_FY23 AO PDM Dartmouth Groups & Event_FBIG_TC_EN_L CEC TGP 075_CP24GTX,189.43,,122.0,actions:landing_page_view,10731.0,,1.55270492,2023-12-31,23367.0,8.106732,177.0,1.070226,0.757479,283.0,1.21111,0.669364,2.177523,LBE,2023-06-02
2023-06-10,Q2 to Q4_CEC_LBE_TRR_FY23 LBE TRR TOM Always On West Edmonton_FBIG_TC_EN_L CEC TLB 043_CP21ZY9_JoshTeixeira,1866.09,,1734.0,actions:link_click,96215.0,,1.07617647,2024-01-07,344451.0,5.417578,1734.0,1.076176,0.50341,2561.0,0.743502,0.728657,3.580014,LBE,2023-06-02
2023-06-10,Q2 to Q4_CEC_TGP_NA_FY23 AO PDM Brampton Groups & Event_FBIG_TC_EN_L CEC TGP 075_CP24GTX,193.17,,141.0,actions:landing_page_view,11854.0,,1.37,2023-12-31,20517.0,9.415119,181.0,1.067238,0.882195,238.0,1.160014,0.811639,1.730808,LBE,2023-06-02
2023-06-10,Q2 to Q4_CEC_LBE_TRR_FY23 LBE TRR TOM Always On Calgary_FBIG_TC_EN_L CEC TLB 043_CP21ZY9_JoshTeixeira,1696.66,,1652.0,actions:link_click,89407.0,,1.0270339,2024-01-07,312296.0,5.432859,1652.0,1.027034,0.528985,2450.0,0.784512,0.692514,3.49297,LBE,2023-06-02
2023-06-10,Q2 to Q4_CEC_LBE_TRR_FY23 LBE TRR TOM Always On Toronto_FBIG_TC_EN_L CEC TLB 043_CP21ZY9_JoshTeixeira,1378.15,,1370.0,actions:link_click,91076.0,,1.00594891,2024-01-07,231842.0,5.94435,1370.0,1.005949,0.59092,2001.0,0.863088,0.688731,2.545588,LBE,2023-06-02
2023-06-10,Q2 to Q4_CEC_LBE_TRR_FY23 LBE TRR TOM Always On South Edmonton_FBIG_TC_EN_L CEC TLB 043_CP21ZY9_JoshTeixeira,1066.06,,848.0,actions:link_click,64174.0,,1.25714623,2024-01-07,194058.0,5.493512,848.0,1.257146,0.436983,1287.0,0.663204,0.828329,3.023935,LBE,2023-06-02
2023-06-10,Q2 to Q4_CEC_LBE_PDM_FY23 LBE PDM TOM Always On Dartmouth_FBIG_TC_EN_L CEC TLB 044_CP21ZN6_JoshTeixeira,1322.16,,1335.0,actions:link_click,53019.0,,0.99038202,2023-12-31,203481.0,6.497707,1335.0,0.990382,0.656081,1825.0,0.89689,0.724471,3.837888,LBE,2023-06-02
2023-06-10,Q2 to Q4_CEC_LBE_PDM_FY23 LBE PDM TOM Always On Whitby_FBIG_TC_EN_L CEC TLB 044_CP21ZN6_JoshTeixeira,1370.75,,1517.0,actions:link_click,55893.0,,0.90359262,2023-12-31,153557.0,8.926653,1517.0,0.903593,0.987907,1965.0,1.279655,0.697583,2.747339,LBE,2023-06-02
2023-06-10,Q2 to Q4_CEC_LBE_PDM_FY23 LBE PDM TOM Always On Brampton_FBIG_TC_EN_L CEC TLB 044_CP21ZN6_JoshTeixeira,1362.03,,1614.0,actions:link_click,55643.0,,0.84388476,2023-12-31,138320.0,9.846949,1614.0,0.843885,1.166859,2023.0,1.462551,0.673272,2.485847,LBE,2023-06-02
2023-06-10,Q2 to Q4_CEC_LBE_TRR_FY23 LBE TRR TOM Always On Barrie_FBIG_TC_EN_L CEC TLB 043_CP21ZY9_JoshTeixeira,1916.84,,1426.0,actions:link_click,75613.0,,1.34420757,2024-01-07,302914.0,6.328001,1426.0,1.344208,0.470761,2253.0,0.743775,0.850795,4.00611,LBE,2023-06-02
2023-06-03,Q2 to Q4_CEC_LBE_TRR_FY23 LBE TRR TOM Always On Burnaby_FBIG_TC_EN_L CEC TLB 043_CP21ZY9_JoshTeixeira,1587.52,,3244.0,actions:link_click,116131.0,,0.48937115,2024-01-07,222355.0,7.139574,3244.0,0.489371,1.458928,3913.0,1.759799,0.405704,1.914691,LBE,2023-05-26
2023-06-03,Q2 to Q4_CEC_LBE_TRR_FY23 LBE TRR TOM Always On Winnipeg_FBIG_TC_EN_L CEC TLB 043_CP21ZY9_JoshTeixeira,1786.27,,2211.0,actions:link_click,99598.0,,0.8079014,2024-01-07,299568.0,5.96282,2211.0,0.807901,0.738063,2917.0,0.973736,0.612365,3.007771,LBE,2023-05-26
2023-06-03,Q2 to Q4_CEC_LBE_TRR_FY23 LBE TRR TOM Always On St. Johns_FBIG_TC_EN_L CEC TLB 043_CP21ZY9_JoshTeixeira,1408.18,,1344.0,actions:link_click,59921.0,,1.04775298,2024-01-07,252088.0,5.586065,1344.0,1.047753,0.533147,1943.0,0.770763,0.724745,4.207006,LBE,2023-05-26
2023-06-03,Q2 to Q4_CEC_LBE_TRR_FY23 LBE TRR TOM Always On Mississauga_FBIG_TC_EN_L CEC TLB 043_CP21ZY9_JoshTeixeira,1343.09,,3533.0,actions:link_click,113589.0,,0.38015568,2024-01-07,169372.0,7.929823,3533.0,0.380156,2.085941,3857.0,2.277236,0.348221,1.491095,LBE,2023-05-26
2023-06-03,Q2 to Q4_CEC_LBE_TRR_FY23 LBE TRR TOM Always On London_FBIG_TC_EN_L CEC TLB 043_CP21ZY9_JoshTeixeira,1445.19,,1527.0,actions:link_click,76028.0,,0.94642436,2024-01-07,204582.0,7.064111,1527.0,0.946424,0.7464,2025.0,0.989823,0.713674,2.690877,LBE,2023-05-26
2023-06-03,Q2 to Q4_CEC_LBE_TRR_FY23 LBE TRR TOM Always On West Edmonton_FBIG_TC_EN_L CEC TLB 043_CP21ZY9_JoshTeixeira,1720.45,,2180.0,actions:link_click,109542.0,,0.78919725,2024-01-07,250432.0,6.869929,2180.0,0.789197,0.870496,2717.0,1.084925,0.633217,2.286173,LBE,2023-05-26
2023-06-03,Q2 to Q4_CEC_LBE_TRR_FY23 LBE TRR TOM Always On Calgary_FBIG_TC_EN_L CEC TLB 043_CP21ZY9_JoshTeixeira,1614.41,,2767.0,actions:link_click,97993.0,,0.58345139,2024-01-07,225143.0,7.170598,2767.0,0.583451,1.228997,3250.0,1.443527,0.496742,2.297542,LBE,2023-05-26
2023-06-03,Q2 to Q4_CEC_LBE_TRR_FY23 LBE TRR TOM Always On Toronto_FBIG_TC_EN_L CEC TLB 043_CP21ZY9_JoshTeixeira,1284.27,,2769.0,actions:link_click,89700.0,,0.46380282,2024-01-07,157364.0,8.161142,2769.0,0.463803,1.759615,3170.0,2.014438,0.405132,1.754337,LBE,2023-05-26
2023-06-03,Q2 to Q4_CEC_LBE_TRR_FY23 LBE TRR TOM Always On South Edmonton_FBIG_TC_EN_L CEC TLB 043_CP21ZY9_JoshTeixeira,831.96,,1239.0,actions:link_click,55651.0,,0.671477,2024-01-07,108307.0,7.681498,1239.0,0.671477,1.14397,1442.0,1.331401,0.576949,1.946182,LBE,2023-05-26
2023-06-03,Q2 to Q4_CEC_LBE_PDM_FY23 LBE PDM TOM Always On Dartmouth_FBIG_TC_EN_L CEC TLB 044_CP21ZN6_JoshTeixeira,997.31,,967.0,actions:link_click,52190.0,,1.03134436,2023-12-31,176154.0,5.66158,967.0,1.031344,0.548951,1253.0,0.711309,0.795938,3.375244,LBE,2023-05-26
2023-06-03,Q2 to Q4_CEC_LBE_PDM_FY23 LBE PDM TOM Always On Whitby_FBIG_TC_EN_L CEC TLB 044_CP21ZN6_JoshTeixeira,972.53,,924.0,actions:link_click,62417.0,,1.05252165,2023-12-31,149278.0,6.514892,924.0,1.052522,0.618979,1237.0,0.828655,0.7862,2.391624,LBE,2023-05-26
2023-06-03,Q2 to Q4_CEC_LBE_PDM_FY23 LBE PDM TOM Always On Brampton_FBIG_TC_EN_L CEC TLB 044_CP21ZN6_JoshTeixeira,982.51,,1024.0,actions:link_click,76083.0,,0.95948242,2023-12-31,151131.0,6.501049,1024.0,0.959482,0.677558,1334.0,0.882678,0.736514,1.986396,LBE,2023-05-26
2023-06-03,Q2 to Q4_CEC_LBE_TRR_FY23 LBE TRR TOM Always On Barrie_FBIG_TC_EN_L CEC TLB 043_CP21ZY9_JoshTeixeira,1794.35,,1735.0,actions:link_click,83870.0,,1.03420749,2024-01-07,237782.0,7.546198,1735.0,1.034207,0.72966,2335.0,0.981992,0.768458,2.835126,LBE,2023-05-26
2023-05-27,Q2 to Q4_CEC_LBE_TRR_FY23 LBE TRR TOM Always On Burnaby_FBIG_TC_EN_L CEC TLB 043_CP21ZY9_JoshTeixeira,1788.67,,4685.0,actions:link_click,90415.0,,0.38178655,2024-01-07,196464.0,9.104314,4685.0,0.381787,2.384661,5104.0,2.597931,0.350445,2.172914,LBE,2023-05-19
2023-05-27,Q2 to Q4_CEC_LBE_TRR_FY23 LBE TRR TOM Always On Winnipeg_FBIG_TC_EN_L CEC TLB 043_CP21ZY9_JoshTeixeira,1942.05,,2740.0,actions:link_click,80542.0,,0.70877737,2024-01-07,269443.0,7.207647,2740.0,0.708777,1.016913,3203.0,1.188749,0.606322,3.345373,LBE,2023-05-19
2023-05-27,Q2 to Q4_CEC_LBE_TRR_FY23 LBE TRR TOM Always On St. Johns_FBIG_TC_EN_L CEC TLB 043_CP21ZY9_JoshTeixeira,1515.3,,1508.0,actions:link_click,52523.0,,1.00484085,2024-01-07,238122.0,6.363545,1508.0,1.004841,0.633289,1847.0,0.775653,0.820411,4.533671,LBE,2023-05-19
2023-05-27,Q2 to Q4_CEC_LBE_TRR_FY23 LBE TRR TOM Always On Mississauga_FBIG_TC_EN_L CEC TLB 043_CP21ZY9_JoshTeixeira,2297.0,,6438.0,actions:link_click,146046.0,,0.35678782,2024-01-07,270128.0,8.503376,6438.0,0.356788,2.383315,6915.0,2.559898,0.332176,1.849609,LBE,2023-05-19
2023-05-27,Q2 to Q4_CEC_LBE_TRR_FY23 LBE TRR TOM Always On London_FBIG_TC_EN_L CEC TLB 043_CP21ZY9_JoshTeixeira,1586.47,,2042.0,actions:link_click,68633.0,,0.77691969,2024-01-07,201016.0,7.892257,2042.0,0.77692,1.01584,2346.0,1.167071,0.676245,2.928853,LBE,2023-05-19
2023-05-27,Q2 to Q4_CEC_LBE_TRR_FY23 LBE TRR TOM Always On West Edmonton_FBIG_TC_EN_L CEC TLB 043_CP21ZY9_JoshTeixeira,1950.2,,2812.0,actions:link_click,103278.0,,0.69352774,2024-01-07,242358.0,8.046774,2812.0,0.693528,1.160267,3211.0,1.3249,0.60735,2.346657,LBE,2023-05-19
2023-05-27,Q2 to Q4_CEC_LBE_TRR_FY23 LBE TRR TOM Always On Calgary_FBIG_TC_EN_L CEC TLB 043_CP21ZY9_JoshTeixeira,1778.61,,3951.0,actions:link_click,77394.0,,0.45016705,2024-01-07,193519.0,9.19088,3951.0,0.450167,2.04166,4297.0,2.220454,0.413919,2.500439,LBE,2023-05-19
2023-05-27,Q2 to Q4_CEC_LBE_TRR_FY23 LBE TRR TOM Always On Toronto_FBIG_TC_EN_L CEC TLB 043_CP21ZY9_JoshTeixeira,1421.54,,4048.0,actions:link_click,65946.0,,0.35117095,2024-01-07,136337.0,10.426663,4048.0,0.351171,2.969113,4319.0,3.167885,0.329136,2.067404,LBE,2023-05-19
2023-05-27,Q2 to Q4_CEC_LBE_TRR_FY23 LBE TRR TOM Always On South Edmonton_FBIG_TC_EN_L CEC TLB 043_CP21ZY9_JoshTeixeira,1420.61,,2271.0,actions:link_click,65015.0,,0.62554381,2024-01-07,173628.0,8.181918,2271.0,0.625544,1.307969,2540.0,1.462898,0.559295,2.670584,LBE,2023-05-19
2023-05-27,Q2 to Q4_CEC_LBE_PDM_FY23 LBE PDM TOM Always On Dartmouth_FBIG_TC_EN_L CEC TLB 044_CP21ZN6_JoshTeixeira,1682.76,,1518.0,actions:link_click,59942.0,,1.10853755,2023-12-31,255528.0,6.585423,1518.0,1.108538,0.594064,1936.0,0.757647,0.869194,4.262921,LBE,2023-05-19
2023-05-27,Q2 to Q4_CEC_LBE_PDM_FY23 LBE PDM TOM Always On Whitby_FBIG_TC_EN_L CEC TLB 044_CP21ZN6_JoshTeixeira,1761.54,,1718.0,actions:link_click,87579.0,,1.02534342,2023-12-31,262961.0,6.698864,1718.0,1.025343,0.653329,2133.0,0.811147,0.825851,3.002558,LBE,2023-05-19
2023-05-27,Q2 to Q4_CEC_LBE_PDM_FY23 LBE PDM TOM Always On Brampton_FBIG_TC_EN_L CEC TLB 044_CP21ZN6_JoshTeixeira,1761.51,,1874.0,actions:link_click,104710.0,,0.93997332,2023-12-31,268583.0,6.558531,1874.0,0.939973,0.697736,2320.0,0.863793,0.759272,2.565018,LBE,2023-05-19
2023-05-27,Q2 to Q4_CEC_LBE_TRR_FY23 LBE TRR TOM Always On Barrie_FBIG_TC_EN_L CEC TLB 043_CP21ZY9_JoshTeixeira,1934.41,,2135.0,actions:link_click,71240.0,,0.90604684,2024-01-07,218935.0,8.835545,2135.0,0.906047,0.975175,2493.0,1.138694,0.775937,3.073203,LBE,2023-05-19
2023-05-20,Q2 to Q4_CEC_LBE_TRR_FY23 LBE TRR TOM Always On Burnaby_FBIG_TC_EN_L CEC TLB 043_CP21ZY9_JoshTeixeira,1730.2,,5047.0,actions:link_click,64900.0,,0.34281752,2024-01-07,178800.0,9.676734,5047.0,0.342818,2.822707,5448.0,3.04698,0.317584,2.755008,LBE,2023-05-12
2023-05-20,Q2 to Q4_CEC_LBE_TRR_FY23 LBE TRR TOM Always On Winnipeg_FBIG_TC_EN_L CEC TLB 043_CP21ZY9_JoshTeixeira,1870.96,,3111.0,actions:link_click,66186.0,,0.60140148,2024-01-07,241702.0,7.740772,3111.0,0.601401,1.287122,3578.0,1.480335,0.522907,3.65186,LBE,2023-05-12
2023-05-20,Q2 to Q4_CEC_LBE_TRR_FY23 LBE TRR TOM Always On St. Johns_FBIG_TC_EN_L CEC TLB 043_CP21ZY9_JoshTeixeira,1471.1,,1725.0,actions:link_click,46994.0,,0.85281159,2024-01-07,231697.0,6.349241,1725.0,0.852812,0.744507,2082.0,0.898587,0.70658,4.930353,LBE,2023-05-12
2023-05-20,Q2 to Q4_CEC_LBE_TRR_FY23 LBE TRR TOM Always On Mississauga_FBIG_TC_EN_L CEC TLB 043_CP21ZY9_JoshTeixeira,2205.82,,6985.0,actions:link_click,121134.0,,0.31579384,2024-01-07,250720.0,8.797942,6985.0,0.315794,2.785976,7477.0,2.982211,0.295014,2.069774,LBE,2023-05-12
2023-05-20,Q2 to Q4_CEC_LBE_TRR_FY23 LBE TRR TOM Always On London_FBIG_TC_EN_L CEC TLB 043_CP21ZY9_JoshTeixeira,1520.6,,2061.0,actions:link_click,58388.0,,0.73779719,2024-01-07,181364.0,8.384244,2061.0,0.737797,1.136389,2381.0,1.312829,0.638639,3.106186,LBE,2023-05-12
2023-05-20,Q2 to Q4_CEC_LBE_TRR_FY23 LBE TRR TOM Always On West Edmonton_FBIG_TC_EN_L CEC TLB 043_CP21ZY9_JoshTeixeira,1882.98,,3144.0,actions:link_click,88761.0,,0.59891221,2024-01-07,226149.0,8.32628,3144.0,0.598912,1.390234,3518.0,1.555612,0.535242,2.547842,LBE,2023-05-12
2023-05-20,Q2 to Q4_CEC_LBE_TRR_FY23 LBE TRR TOM Always On Calgary_FBIG_TC_EN_L CEC TLB 043_CP21ZY9_JoshTeixeira,1723.45,,4200.0,actions:link_click,67633.0,,0.41034524,2024-01-07,185514.0,9.290134,4200.0,0.410345,2.26398,4565.0,2.460731,0.377536,2.742951,LBE,2023-05-12
2023-05-20,Q2 to Q4_CEC_LBE_TRR_FY23 LBE TRR TOM Always On Toronto_FBIG_TC_EN_L CEC TLB 043_CP21ZY9_JoshTeixeira,1359.2,,4474.0,actions:link_click,54335.0,,0.30379973,2024-01-07,128924.0,10.542645,4474.0,0.3038,3.470262,4801.0,3.723899,0.283108,2.372762,LBE,2023-05-12
2023-05-20,Q2 to Q2_CEC_LBE_TLB_TRR Signature Events – Mother’s Day Drag Brunch_FBIG_CVS_EN_L CEC TLB 045_CP22XH4_JoshTeixeira,559.47,,1.0,actions:offsite_conversion.fb_pixel_purchase,32563.0,,559.47,2023-05-14,47389.0,11.805904,150.0,3.7298,0.316529,843.0,1.778894,0.663665,1.455302,LBE,2023-05-12
2023-05-20,Q2 to Q4_CEC_LBE_TRR_FY23 LBE TRR TOM Always On South Edmonton_FBIG_TC_EN_L CEC TLB 043_CP21ZY9_JoshTeixeira,1368.46,,2395.0,actions:link_click,56189.0,,0.57138205,2024-01-07,163071.0,8.391805,2395.0,0.571382,1.468685,2713.0,1.663693,0.504408,2.902187,LBE,2023-05-12
2023-05-20,Q2 to Q4_CEC_LBE_PDM_FY23 LBE PDM TOM Always On Dartmouth_FBIG_TC_EN_L CEC TLB 044_CP21ZN6_JoshTeixeira,1645.24,,1633.0,actions:link_click,62224.0,,1.00749541,2023-12-31,258362.0,6.367964,1633.0,1.007495,0.632059,2101.0,0.8132,0.783075,4.152128,LBE,2023-05-12
2023-05-20,Q2 to Q4_CEC_LBE_PDM_FY23 LBE PDM TOM Always On Whitby_FBIG_TC_EN_L CEC TLB 044_CP21ZN6_JoshTeixeira,1671.0,,1654.0,actions:link_click,81206.0,,1.01027811,2023-12-31,251808.0,6.636008,1654.0,1.010278,0.65685,2108.0,0.837146,0.792695,3.100855,LBE,2023-05-12
2023-05-20,Q2 to Q4_CEC_LBE_PDM_FY23 LBE PDM TOM Always On Brampton_FBIG_TC_EN_L CEC TLB 044_CP21ZN6_JoshTeixeira,1672.08,,1821.0,actions:link_click,100297.0,,0.91822076,2023-12-31,259656.0,6.439597,1821.0,0.918221,0.701313,2236.0,0.861139,0.7478,2.588871,LBE,2023-05-12
2023-05-20,Q2 to Q4_CEC_LBE_TRR_FY23 LBE TRR TOM Always On Barrie_FBIG_TC_EN_L CEC TLB 043_CP21ZY9_JoshTeixeira,1863.62,,2240.0,actions:link_click,62769.0,,0.83197321,2024-01-07,206172.0,9.039152,2240.0,0.831973,1.086471,2587.0,1.254778,0.720379,3.284615,LBE,2023-05-12
2023-05-13,Q2 to Q4_CEC_LBE_TRR_FY23 LBE TRR TOM Always On Burnaby_FBIG_TC_EN_L CEC TLB 043_CP21ZY9_JoshTeixeira,1756.03,,5345.0,actions:link_click,73609.0,,0.32853695,2024-01-07,179698.0,9.772118,5345.0,0.328537,2.974435,5767.0,3.209273,0.304496,2.44125,LBE,2023-05-05
2023-05-13,Q2 to Q4_CEC_LBE_TRR_FY23 LBE TRR TOM Always On Winnipeg_FBIG_TC_EN_L CEC TLB 043_CP21ZY9_JoshTeixeira,1907.69,,3259.0,actions:link_click,70942.0,,0.58536054,2024-01-07,244314.0,7.808353,3259.0,0.585361,1.333939,3738.0,1.529998,0.51035,3.443856,LBE,2023-05-05
2023-05-13,Q2 to Q4_CEC_LBE_TRR_FY23 LBE TRR TOM Always On St. Johns_FBIG_TC_EN_L CEC TLB 043_CP21ZY9_JoshTeixeira,1496.04,,1853.0,actions:link_click,49761.0,,0.80736104,2024-01-07,232244.0,6.441673,1853.0,0.807361,0.797868,2257.0,0.971823,0.662844,4.667189,LBE,2023-05-05
2023-05-13,Q2 to Q4_CEC_LBE_TRR_FY23 LBE TRR TOM Always On Mississauga_FBIG_TC_EN_L CEC TLB 043_CP21ZY9_JoshTeixeira,2254.04,,7316.0,actions:link_click,141245.0,,0.30809732,2024-01-07,261686.0,8.613529,7316.0,0.308097,2.795717,7803.0,2.981818,0.288868,1.85271,LBE,2023-05-05
2023-05-13,Q2 to Q4_CEC_LBE_TRR_FY23 LBE TRR TOM Always On London_FBIG_TC_EN_L CEC TLB 043_CP21ZY9_JoshTeixeira,1557.98,,2283.0,actions:link_click,63304.0,,0.68242663,2024-01-07,185200.0,8.412419,2283.0,0.682427,1.232721,2617.0,1.413067,0.595331,2.925566,LBE,2023-05-05
2023-05-13,Q2 to Q4_CEC_LBE_TRR_FY23 LBE TRR TOM Always On West Edmonton_FBIG_TC_EN_L CEC TLB 043_CP21ZY9_JoshTeixeira,1934.64,,3343.0,actions:link_click,104699.0,,0.57871373,2024-01-07,235689.0,8.208444,3343.0,0.578714,1.418395,3771.0,1.59999,0.513031,2.25111,LBE,2023-05-05
2023-05-13,Q2 to Q4_CEC_LBE_TRR_FY23 LBE TRR TOM Always On Calgary_FBIG_TC_EN_L CEC TLB 043_CP21ZY9_JoshTeixeira,1765.88,,4485.0,actions:link_click,76181.0,,0.39373021,2024-01-07,197198.0,8.954858,4485.0,0.39373,2.274364,4826.0,2.447286,0.36591,2.588546,LBE,2023-05-05
2023-05-13,Q2 to Q2_CEC_LBE_TLB_TRR IG follower Acquisition_FBIG_ENG_EN_L CEC TLB 046_CP22XVB_JoshTeixeira,8975.43,,357881.0,actions:post_engagement,326125.0,,0.02507937,2023-05-12,929316.0,9.658103,695.0,12.914288,0.074786,1951.0,0.209939,4.600425,2.84957,LBE,2023-05-05
2023-05-13,Q2 to Q4_CEC_LBE_TRR_FY23 LBE TRR TOM Always On Toronto_FBIG_TC_EN_L CEC TLB 043_CP21ZY9_JoshTeixeira,1380.44,,4809.0,actions:link_click,57803.0,,0.28705344,2024-01-07,129821.0,10.633411,4809.0,0.287053,3.704331,5137.0,3.956987,0.268725,2.245921,LBE,2023-05-05
2023-05-13,Q2 to Q2_CEC_LBE_TLB_TRR Signature Events – Mother’s Day Drag Brunch_FBIG_CVS_EN_L CEC TLB 045_CP22XH4_JoshTeixeira,3936.55,,33.0,actions:offsite_conversion.fb_pixel_purchase,131874.0,,119.28939394,2023-05-14,358627.0,10.976725,1519.0,2.59154,0.42356,7110.0,1.982561,0.553664,2.719467,LBE,2023-05-05
2023-05-13,Q2 to Q4_CEC_LBE_TRR_FY23 LBE TRR TOM Always On South Edmonton_FBIG_TC_EN_L CEC TLB 043_CP21ZY9_JoshTeixeira,1407.04,,2519.0,actions:link_click,63836.0,,0.55857086,2024-01-07,165960.0,8.478188,2519.0,0.558571,1.517836,2850.0,1.717281,0.493698,2.599787,LBE,2023-05-05
2023-05-13,Q2 to Q4_CEC_LBE_PDM_FY23 LBE PDM TOM Always On Dartmouth_FBIG_TC_EN_L CEC TLB 044_CP21ZN6_JoshTeixeira,1666.52,,1505.0,actions:link_click,60454.0,,1.10732226,2023-12-31,257393.0,6.474613,1505.0,1.107322,0.584709,1942.0,0.754488,0.858146,4.257667,LBE,2023-05-05
2023-05-13,Q2 to Q4_CEC_LBE_PDM_FY23 LBE PDM TOM Always On Whitby_FBIG_TC_EN_L CEC TLB 044_CP21ZN6_JoshTeixeira,1701.85,,1725.0,actions:link_click,81890.0,,0.98657971,2023-12-31,260372.0,6.536225,1725.0,0.98658,0.662514,2239.0,0.859923,0.760094,3.179534,LBE,2023-05-05
2023-05-13,Q2 to Q4_CEC_LBE_PDM_FY23 LBE PDM TOM Always On Brampton_FBIG_TC_EN_L CEC TLB 044_CP21ZN6_JoshTeixeira,1701.01,,1909.0,actions:link_click,98571.0,,0.89104767,2023-12-31,271428.0,6.266892,1909.0,0.891048,0.703317,2394.0,0.882002,0.71053,2.753629,LBE,2023-05-05
2023-05-13,Q2 to Q4_CEC_LBE_TRR_FY23 LBE TRR TOM Always On Barrie_FBIG_TC_EN_L CEC TLB 043_CP21ZY9_JoshTeixeira,1900.85,,2574.0,actions:link_click,67436.0,,0.73848096,2024-01-07,211974.0,8.967373,2574.0,0.738481,1.2143,2987.0,1.409135,0.636374,3.143336,LBE,2023-05-05
2023-05-06,Q2 to Q4_CEC_LBE_TRR_FY23 LBE TRR TOM Always On Burnaby_FBIG_TC_EN_L CEC TLB 043_CP21ZY9_JoshTeixeira,1750.99,,5806.0,actions:link_click,82462.0,,0.30158285,2024-01-07,206283.0,8.48829,5806.0,0.301583,2.81458,6227.0,3.018669,0.281193,2.501552,LBE,2023-04-28
2023-05-06,Q2 to Q4_CEC_LBE_TRR_FY23 LBE TRR TOM Always On Winnipeg_FBIG_TC_EN_L CEC TLB 043_CP21ZY9_JoshTeixeira,1904.79,,3379.0,actions:link_click,82730.0,,0.56371412,2024-01-07,286400.0,6.650803,3379.0,0.563714,1.179818,3887.0,1.357193,0.490041,3.461864,LBE,2023-04-28
2023-05-06,Q2 to Q4_CEC_LBE_TRR_FY23 LBE TRR TOM Always On St. Johns_FBIG_TC_EN_L CEC TLB 043_CP21ZY9_JoshTeixeira,1505.9,,1925.0,actions:link_click,50932.0,,0.78228571,2024-01-07,258268.0,5.830765,1925.0,0.782286,0.74535,2341.0,0.906423,0.643272,5.07084,LBE,2023-04-28
2023-05-06,Q2 to Q4_CEC_LBE_TRR_FY23 LBE TRR TOM Always On Mississauga_FBIG_TC_EN_L CEC TLB 043_CP21ZY9_JoshTeixeira,2222.39,,7722.0,actions:link_click,136897.0,,0.28779979,2024-01-07,284847.0,7.802048,7722.0,0.2878,2.710929,8265.0,2.901558,0.268892,2.08074,LBE,2023-04-28
2023-05-06,Q2 to Q4_CEC_LBE_TRR_FY23 LBE TRR TOM Always On London_FBIG_TC_EN_L CEC TLB 043_CP21ZY9_JoshTeixeira,1549.46,,2378.0,actions:link_click,64179.0,,0.65158116,2024-01-07,212155.0,7.303434,2378.0,0.651581,1.120879,2770.0,1.305649,0.559372,3.305676,LBE,2023-04-28
2023-05-06,Q2 to Q4_CEC_LBE_TRR_FY23 LBE TRR TOM Always On West Edmonton_FBIG_TC_EN_L CEC TLB 043_CP21ZY9_JoshTeixeira,1926.39,,3501.0,actions:link_click,101378.0,,0.55023993,2024-01-07,248614.0,7.748518,3501.0,0.55024,1.408207,3943.0,1.585993,0.488559,2.452347,LBE,2023-04-28
2023-05-06,Q2 to Q4_CEC_LBE_TRR_FY23 LBE TRR TOM Always On Calgary_FBIG_TC_EN_L CEC TLB 043_CP21ZY9_JoshTeixeira,1741.54,,4815.0,actions:link_click,78810.0,,0.36169055,2024-01-07,222815.0,7.816081,4815.0,0.361691,2.160986,5238.0,2.350829,0.332482,2.827243,LBE,2023-04-28
2023-05-06,Q2 to Q2_CEC_LBE_TLB_TRR IG follower Acquisition_FBIG_ENG_EN_L CEC TLB 046_CP22XVB_JoshTeixeira,10812.41,,460638.0,actions:post_engagement,343936.0,,0.02347268,2023-05-12,1151060.0,9.393437,857.0,12.616581,0.074453,2497.0,0.21693,4.33016,3.346727,LBE,2023-04-28
2023-05-06,Q2 to Q4_CEC_LBE_TRR_FY23 LBE TRR TOM Always On Toronto_FBIG_TC_EN_L CEC TLB 043_CP21ZY9_JoshTeixeira,1354.81,,4901.0,actions:link_click,62048.0,,0.27643542,2024-01-07,145340.0,9.32166,4901.0,0.276435,3.372093,5280.0,3.632861,0.256593,2.34238,LBE,2023-04-28
2023-05-06,Q2 to Q2_CEC_LBE_TLB_TRR Signature Events – Mother’s Day Drag Brunch_FBIG_CVS_EN_L CEC TLB 045_CP22XH4_JoshTeixeira,3920.21,,48.0,actions:offsite_conversion.fb_pixel_purchase,142141.0,,81.67104167,2023-05-14,442383.0,8.861575,2435.0,1.609943,0.550428,11182.0,2.527674,0.350582,3.112283,LBE,2023-04-28
2023-05-06,Q2 to Q4_CEC_LBE_TRR_FY23 LBE TRR TOM Always On South Edmonton_FBIG_TC_EN_L CEC TLB 043_CP21ZY9_JoshTeixeira,1399.18,,2642.0,actions:link_click,66487.0,,0.52959122,2024-01-07,179032.0,7.815251,2642.0,0.529591,1.475714,2959.0,1.652777,0.472856,2.692737,LBE,2023-04-28
2023-05-06,Q2 to Q4_CEC_LBE_PDM_FY23 LBE PDM TOM Always On Dartmouth_FBIG_TC_EN_L CEC TLB 044_CP21ZN6_JoshTeixeira,1668.49,,1675.0,actions:link_click,60270.0,,0.99611343,2023-12-31,271804.0,6.138578,1675.0,0.996113,0.616253,2115.0,0.778134,0.788884,4.509773,LBE,2023-04-28
2023-05-06,Q2 to Q4_CEC_LBE_PDM_FY23 LBE PDM TOM Always On Whitby_FBIG_TC_EN_L CEC TLB 044_CP21ZN6_JoshTeixeira,1707.08,,1870.0,actions:link_click,84625.0,,0.91287701,2023-12-31,278999.0,6.118588,1870.0,0.912877,0.670253,2374.0,0.850899,0.719073,3.296886,LBE,2023-04-28
2023-05-06,Q2 to Q4_CEC_LBE_PDM_FY23 LBE PDM TOM Always On Brampton_FBIG_TC_EN_L CEC TLB 044_CP21ZN6_JoshTeixeira,1720.4,,2036.0,actions:link_click,100831.0,,0.84499018,2023-12-31,287488.0,5.98425,2036.0,0.84499,0.708203,2506.0,0.871689,0.686512,2.851187,LBE,2023-04-28
2023-05-06,Q2 to Q4_CEC_LBE_TRR_FY23 LBE TRR TOM Always On Barrie_FBIG_TC_EN_L CEC TLB 043_CP21ZY9_JoshTeixeira,1891.28,,2683.0,actions:link_click,69490.0,,0.70491241,2024-01-07,232575.0,8.131914,2683.0,0.704912,1.153606,3123.0,1.342793,0.605597,3.346884,LBE,2023-04-28
2023-04-29,Q2 to Q4_CEC_LBE_TRR_FY23 LBE TRR TOM Always On Burnaby_FBIG_TC_EN_L CEC TLB 043_CP21ZY9_JoshTeixeira,1786.88,,6039.0,actions:link_click,74206.0,,0.29589005,2024-01-07,192450.0,9.284905,6039.0,0.29589,3.137958,6466.0,3.359834,0.27635,2.593456,LBE,2023-04-21
2023-04-29,Q2 to Q4_CEC_LBE_TRR_FY23 LBE TRR TOM Always On Winnipeg_FBIG_TC_EN_L CEC TLB 043_CP21ZY9_JoshTeixeira,1942.23,,3669.0,actions:link_click,70851.0,,0.52936222,2024-01-07,260998.0,7.441551,3669.0,0.529362,1.405758,4171.0,1.598097,0.465651,3.683759,LBE,2023-04-21
2023-04-29,Q2 to Q4_CEC_LBE_TRR_FY23 LBE TRR TOM Always On St. Johns_FBIG_TC_EN_L CEC TLB 043_CP21ZY9_JoshTeixeira,1527.65,,1973.0,actions:link_click,50831.0,,0.77427775,2024-01-07,248044.0,6.158786,1973.0,0.774278,0.795423,2331.0,0.939753,0.655363,4.879778,LBE,2023-04-21
2023-04-29,Q2 to Q4_CEC_LBE_TRR_FY23 LBE TRR TOM Always On Mississauga_FBIG_TC_EN_L CEC TLB 043_CP21ZY9_JoshTeixeira,2257.71,,8105.0,actions:link_click,128323.0,,0.27855768,2024-01-07,279828.0,8.068206,8105.0,0.278558,2.896422,8639.0,3.087254,0.261339,2.180654,LBE,2023-04-21
2023-04-29,Q2 to Q4_CEC_LBE_TRR_FY23 LBE TRR TOM Always On London_FBIG_TC_EN_L CEC TLB 043_CP21ZY9_JoshTeixeira,1580.21,,2462.0,actions:link_click,57235.0,,0.64183997,2024-01-07,192069.0,8.227304,2462.0,0.64184,1.281831,2829.0,1.472908,0.558575,3.355796,LBE,2023-04-21
2023-04-29,Q2 to Q4_CEC_LBE_TRR_FY23 LBE TRR TOM Always On West Edmonton_FBIG_TC_EN_L CEC TLB 043_CP21ZY9_JoshTeixeira,1973.89,,3750.0,actions:link_click,95268.0,,0.52637067,2024-01-07,234696.0,8.410412,3750.0,0.526371,1.597812,4153.0,1.769523,0.475293,2.463534,LBE,2023-04-21
2023-04-29,Q2 to Q4_CEC_LBE_TRR_FY23 LBE TRR TOM Always On Calgary_FBIG_TC_EN_L CEC TLB 043_CP21ZY9_JoshTeixeira,1781.88,,4872.0,actions:link_click,69678.0,,0.36573892,2024-01-07,207285.0,8.59628,4872.0,0.365739,2.350387,5298.0,2.555901,0.336331,2.974899,LBE,2023-04-21
2023-04-29,Q2 to Q2_CEC_LBE_TLB_TRR IG follower Acquisition_FBIG_ENG_EN_L CEC TLB 046_CP22XVB_JoshTeixeira,8513.98,,374523.0,actions:post_engagement,301839.0,,0.02273286,2023-05-12,920820.0,9.246085,736.0,11.567908,0.079929,2243.0,0.243587,3.7958,3.050699,LBE,2023-04-21
2023-04-29,Q2 to Q4_CEC_LBE_TRR_FY23 LBE TRR TOM Always On Toronto_FBIG_TC_EN_L CEC TLB 043_CP21ZY9_JoshTeixeira,1405.43,,5621.0,actions:link_click,58628.0,,0.25003202,2024-01-07,143257.0,9.81055,5621.0,0.250032,3.923718,5943.0,4.148488,0.236485,2.443491,LBE,2023-04-21
2023-04-29,Q2 to Q2_CEC_LBE_TLB_TRR Signature Events – Mother’s Day Drag Brunch_FBIG_CVS_EN_L CEC TLB 045_CP22XH4_JoshTeixeira,1017.72,,12.0,actions:offsite_conversion.fb_pixel_purchase,59229.0,,84.81,2023-05-14,113100.0,8.998408,1038.0,0.980462,0.917772,4213.0,3.725022,0.241567,1.909538,LBE,2023-04-21
2023-04-29,Q2 to Q4_CEC_LBE_TRR_FY23 LBE TRR TOM Always On South Edmonton_FBIG_TC_EN_L CEC TLB 043_CP21ZY9_JoshTeixeira,1431.04,,2717.0,actions:link_click,59216.0,,0.52669856,2024-01-07,164616.0,8.693201,2717.0,0.526699,1.650508,3029.0,1.84004,0.472446,2.779924,LBE,2023-04-21
2023-04-29,Q2 to Q4_CEC_LBE_PDM_FY23 LBE PDM TOM Always On Dartmouth_FBIG_TC_EN_L CEC TLB 044_CP21ZN6_JoshTeixeira,1694.67,,1504.0,actions:link_click,62502.0,,1.12677527,2023-12-31,267996.0,6.32349,1504.0,1.126775,0.561202,2044.0,0.762698,0.829095,4.287799,LBE,2023-04-21
2023-04-29,Q2 to Q4_CEC_LBE_PDM_FY23 LBE PDM TOM Always On Whitby_FBIG_TC_EN_L CEC TLB 044_CP21ZN6_JoshTeixeira,1715.89,,1685.0,actions:link_click,81269.0,,1.01833234,2023-12-31,265791.0,6.455787,1685.0,1.018332,0.633957,2309.0,0.868728,0.743131,3.270509,LBE,2023-04-21
2023-04-29,Q2 to Q4_CEC_LBE_PDM_FY23 LBE PDM TOM Always On Brampton_FBIG_TC_EN_L CEC TLB 044_CP21ZN6_JoshTeixeira,1711.71,,1763.0,actions:link_click,92492.0,,0.97090754,2023-12-31,267156.0,6.407155,1763.0,0.970908,0.659914,2428.0,0.908832,0.704988,2.888423,LBE,2023-04-21
2023-04-29,Q2 to Q4_CEC_LBE_TRR_FY23 LBE TRR TOM Always On Barrie_FBIG_TC_EN_L CEC TLB 043_CP21ZY9_JoshTeixeira,1911.35,,2657.0,actions:link_click,66413.0,,0.71936394,2024-01-07,221943.0,8.611896,2657.0,0.719364,1.197154,3045.0,1.371974,0.627701,3.341861,LBE,2023-04-21
2023-04-22,Q2 to Q4_CEC_LBE_TRR_FY23 LBE TRR TOM Always On Burnaby_FBIG_TC_EN_L CEC TLB 043_CP21ZY9_JoshTeixeira,1749.59,,5943.0,actions:link_click,78774.0,,0.29439509,2024-01-07,203783.0,8.585554,5943.0,0.294395,2.916337,6377.0,3.129309,0.274359,2.586932,LBE,2023-04-14
2023-04-22,Q2 to Q4_CEC_LBE_TRR_FY23 LBE TRR TOM Always On Winnipeg_FBIG_TC_EN_L CEC TLB 043_CP21ZY9_JoshTeixeira,1929.7,,4142.0,actions:link_click,71700.0,,0.46588605,2024-01-07,262119.0,7.361923,4142.0,0.465886,1.580198,4666.0,1.780108,0.413566,3.655774,LBE,2023-04-14
2023-04-22,Q2 to Q4_CEC_LBE_TRR_FY23 LBE TRR TOM Always On St. Johns_FBIG_TC_EN_L CEC TLB 043_CP21ZY9_JoshTeixeira,1505.53,,2141.0,actions:link_click,50299.0,,0.7031901,2024-01-07,247883.0,6.073551,2141.0,0.70319,0.863714,2556.0,1.031132,0.589018,4.928189,LBE,2023-04-14
2023-04-22,Q2 to Q4_CEC_LBE_TRR_FY23 LBE TRR TOM Always On Mississauga_FBIG_TC_EN_L CEC TLB 043_CP21ZY9_JoshTeixeira,2247.31,,8285.0,actions:link_click,129772.0,,0.27125045,2024-01-07,276592.0,8.125,8285.0,0.27125,2.995387,8833.0,3.193512,0.254422,2.131369,LBE,2023-04-14
2023-04-22,Q2 to Q4_CEC_LBE_TRR_FY23 LBE TRR TOM Always On London_FBIG_TC_EN_L CEC TLB 043_CP21ZY9_JoshTeixeira,1539.24,,2647.0,actions:link_click,57596.0,,0.58150359,2024-01-07,192853.0,7.981416,2647.0,0.581504,1.372548,3001.0,1.556108,0.512909,3.348375,LBE,2023-04-14
2023-04-22,Q2 to Q4_CEC_LBE_TRR_FY23 LBE TRR TOM Always On West Edmonton_FBIG_TC_EN_L CEC TLB 043_CP21ZY9_JoshTeixeira,1939.75,,3925.0,actions:link_click,91366.0,,0.49420382,2024-01-07,236536.0,8.200654,3925.0,0.494204,1.659367,4343.0,1.836084,0.446638,2.588884,LBE,2023-04-14
2023-04-22,Q2 to Q4_CEC_LBE_TRR_FY23 LBE TRR TOM Always On Calgary_FBIG_TC_EN_L CEC TLB 043_CP21ZY9_JoshTeixeira,1759.57,,5133.0,actions:link_click,73082.0,,0.34279564,2024-01-07,210919.0,8.342397,5133.0,0.342796,2.433636,5569.0,2.64035,0.315958,2.886059,LBE,2023-04-14
2023-04-22,Q2 to Q4_CEC_LBE_TRR_FY23 LBE TRR TOM Always On Toronto_FBIG_TC_EN_L CEC TLB 043_CP21ZY9_JoshTeixeira,1392.48,,5556.0,actions:link_click,57524.0,,0.25062635,2024-01-07,135578.0,10.270693,5556.0,0.250626,4.09801,5887.0,4.34215,0.236535,2.356895,LBE,2023-04-14
2023-04-22,Q2 to Q4_CEC_LBE_TRR_FY23 LBE TRR TOM Always On South Edmonton_FBIG_TC_EN_L CEC TLB 043_CP21ZY9_JoshTeixeira,1402.54,,2972.0,actions:link_click,59651.0,,0.4719179,2024-01-07,163978.0,8.553221,2972.0,0.471918,1.812438,3260.0,1.988072,0.430227,2.748956,LBE,2023-04-14
2023-04-22,Q2 to Q4_CEC_LBE_PDM_FY23 LBE PDM TOM Always On Dartmouth_FBIG_TC_EN_L CEC TLB 044_CP21ZN6_JoshTeixeira,1678.71,,1556.0,actions:link_click,57123.0,,1.07886247,2023-12-31,268521.0,6.25169,1556.0,1.078862,0.579471,2051.0,0.763814,0.818484,4.700751,LBE,2023-04-14
2023-04-22,Q2 to Q4_CEC_LBE_PDM_FY23 LBE PDM TOM Always On Whitby_FBIG_TC_EN_L CEC TLB 044_CP21ZN6_JoshTeixeira,1694.99,,1706.0,actions:link_click,77748.0,,0.99354631,2023-12-31,258372.0,6.56027,1706.0,0.993546,0.660288,2257.0,0.873547,0.750992,3.323198,LBE,2023-04-14
2023-04-22,Q2 to Q4_CEC_LBE_PDM_FY23 LBE PDM TOM Always On Brampton_FBIG_TC_EN_L CEC TLB 044_CP21ZN6_JoshTeixeira,1691.84,,1776.0,actions:link_click,91168.0,,0.95261261,2023-12-31,263807.0,6.413173,1776.0,0.952613,0.673219,2344.0,0.888528,0.721775,2.893636,LBE,2023-04-14
2023-04-22,Q2 to Q4_CEC_LBE_TRR_FY23 LBE TRR TOM Always On Barrie_FBIG_TC_EN_L CEC TLB 043_CP21ZY9_JoshTeixeira,1881.33,,2898.0,actions:link_click,65048.0,,0.64918219,2024-01-07,221154.0,8.506878,2898.0,0.649182,1.310399,3311.0,1.497147,0.568206,3.399859,LBE,2023-04-14
2023-04-15,Q2 to Q4_CEC_LBE_TRR_FY23 LBE TRR TOM Always On Burnaby_FBIG_TC_EN_L CEC TLB 043_CP21ZY9_JoshTeixeira,1721.48,,6671.0,actions:link_click,78179.0,,0.25805426,2024-01-07,216258.0,7.960307,6671.0,0.258054,3.084741,7165.0,3.313172,0.240262,2.76619,LBE,2023-04-07
2023-04-15,Q2 to Q4_CEC_LBE_TRR_FY23 LBE TRR TOM Always On Winnipeg_FBIG_TC_EN_L CEC TLB 043_CP21ZY9_JoshTeixeira,1915.87,,4814.0,actions:link_click,70520.0,,0.39797881,2024-01-07,269797.0,7.101154,4814.0,0.397979,1.784305,5391.0,1.998169,0.355383,3.825822,LBE,2023-04-07
2023-04-15,Q2 to Q4_CEC_LBE_TRR_FY23 LBE TRR TOM Always On St. Johns_FBIG_TC_EN_L CEC TLB 043_CP21ZY9_JoshTeixeira,1512.85,,2491.0,actions:link_click,47560.0,,0.60732637,2024-01-07,251115.0,6.024531,2491.0,0.607326,0.991976,2938.0,1.169982,0.514925,5.279962,LBE,2023-04-07
2023-04-15,Q2 to Q4_CEC_LBE_TRR_FY23 LBE TRR TOM Always On Mississauga_FBIG_TC_EN_L CEC TLB 043_CP21ZY9_JoshTeixeira,2274.93,,10251.0,actions:link_click,131599.0,,0.22192274,2024-01-07,295508.0,7.69837,10251.0,0.221923,3.468942,10964.0,3.710221,0.207491,2.245519,LBE,2023-04-07
2023-04-15,Q2 to Q4_CEC_LBE_TRR_FY23 LBE TRR TOM Always On London_FBIG_TC_EN_L CEC TLB 043_CP21ZY9_JoshTeixeira,1554.32,,3497.0,actions:link_click,56230.0,,0.4444724,2024-01-07,195899.0,7.934293,3497.0,0.444472,1.785104,3921.0,2.001542,0.396409,3.483888,LBE,2023-04-07
2023-04-15,Q2 to Q4_CEC_LBE_TRR_FY23 LBE TRR TOM Always On West Edmonton_FBIG_TC_EN_L CEC TLB 043_CP21ZY9_JoshTeixeira,1938.96,,4619.0,actions:link_click,88883.0,,0.41977917,2024-01-07,235824.0,8.222064,4619.0,0.419779,1.958664,5178.0,2.195705,0.374461,2.653196,LBE,2023-04-07
2023-04-15,Q2 to Q4_CEC_LBE_TRR_FY23 LBE TRR TOM Always On Calgary_FBIG_TC_EN_L CEC TLB 043_CP21ZY9_JoshTeixeira,1715.88,,6362.0,actions:link_click,69757.0,,0.26970764,2024-01-07,209357.0,8.195952,6362.0,0.269708,3.038828,6821.0,3.258071,0.251558,3.001233,LBE,2023-04-07
2023-04-15,Q2 to Q4_CEC_LBE_TRR_FY23 LBE TRR TOM Always On Toronto_FBIG_TC_EN_L CEC TLB 043_CP21ZY9_JoshTeixeira,1376.34,,6870.0,actions:link_click,55467.0,,0.20034061,2024-01-07,149652.0,9.196937,6870.0,0.200341,4.59065,7244.0,4.840563,0.189997,2.698037,LBE,2023-04-07
2023-04-15,Q2 to Q4_CEC_LBE_TRR_FY23 LBE TRR TOM Always On South Edmonton_FBIG_TC_EN_L CEC TLB 043_CP21ZY9_JoshTeixeira,1405.65,,3335.0,actions:link_click,61787.0,,0.42148426,2024-01-07,171640.0,8.189525,3335.0,0.421484,1.94302,3708.0,2.160336,0.379086,2.777931,LBE,2023-04-07
2023-04-15,Q2 to Q4_CEC_LBE_PDM_FY23 LBE PDM TOM Always On Dartmouth_FBIG_TC_EN_L CEC TLB 044_CP21ZN6_JoshTeixeira,1669.07,,1363.0,actions:link_click,63327.0,,1.22455613,2023-12-31,267482.0,6.239934,1363.0,1.224556,0.509567,2018.0,0.754443,0.827091,4.223822,LBE,2023-04-07
2023-04-15,Q2 to Q4_CEC_LBE_PDM_FY23 LBE PDM TOM Always On Whitby_FBIG_TC_EN_L CEC TLB 044_CP21ZN6_JoshTeixeira,1701.58,,1582.0,actions:link_click,85521.0,,1.07558786,2023-12-31,252668.0,6.73445,1582.0,1.075588,0.626118,2206.0,0.873082,0.771342,2.954456,LBE,2023-04-07
2023-04-15,Q1 to Q2_CEC_LBE_TRR_FY23 LBE TRR Spring Break Promo_FBIG_TC_EN_L CEC TLB 008_CP20C2Z_JoshTeixeira,14364.81,,14588.0,actions:link_click,562819.0,,0.98470044,2023-04-14,1958750.0,7.333662,14588.0,0.9847,0.744761,19130.0,0.976643,0.750905,3.480249,LBE,2023-04-07
2023-04-15,Q2 to Q4_CEC_LBE_PDM_FY23 LBE PDM TOM Always On Brampton_FBIG_TC_EN_L CEC TLB 044_CP21ZN6_JoshTeixeira,1696.36,,1742.0,actions:link_click,105974.0,,0.97380023,2023-12-31,270142.0,6.279512,1742.0,0.9738,0.644846,2382.0,0.881758,0.712158,2.549135,LBE,2023-04-07
2023-04-15,Q1 to Q2_CEC_LBE_PDM_FY23 LBE PDM Spring Break Promo_FBIG_TC_EN_L CEC TLB 009_CP20C48_JoshTeixeira,2512.46,,2957.0,actions:link_click,122494.0,,0.8496652,2023-04-14,432844.0,5.804539,2957.0,0.849665,0.683156,3349.0,0.77372,0.750212,3.533593,LBE,2023-04-07
2023-04-15,Q2 to Q4_CEC_LBE_TRR_FY23 LBE TRR TOM Always On Barrie_FBIG_TC_EN_L CEC TLB 043_CP21ZY9_JoshTeixeira,1926.7,,3764.0,actions:link_click,63424.0,,0.51187566,2024-01-07,229745.0,8.386254,3764.0,0.511876,1.638338,4317.0,1.87904,0.446305,3.622367,LBE,2023-04-07
2023-04-08,Q2 to Q4_CEC_LBE_TRR_FY23 LBE TRR TOM Always On Burnaby_FBIG_TC_EN_L CEC TLB 043_CP21ZY9_JoshTeixeira,1429.6,,5901.0,actions:link_click,77553.0,,0.24226402,2024-01-07,199599.0,7.162361,5901.0,0.242264,2.956428,6375.0,3.193904,0.224251,2.573711,LBE,2023-03-31
2023-04-08,Q2 to Q4_CEC_LBE_TRR_FY23 LBE TRR TOM Always On Winnipeg_FBIG_TC_EN_L CEC TLB 043_CP21ZY9_JoshTeixeira,1443.99,,4390.0,actions:link_click,68799.0,,0.32892711,2024-01-07,219949.0,6.565113,4390.0,0.328927,1.995917,4954.0,2.25234,0.29148,3.19698,LBE,2023-03-31
2023-04-08,Q2 to Q4_CEC_LBE_TRR_FY23 LBE TRR TOM Always On St. Johns_FBIG_TC_EN_L CEC TLB 043_CP21ZY9_JoshTeixeira,1155.46,,2405.0,actions:link_click,49587.0,,0.48044075,2024-01-07,208455.0,5.542971,2405.0,0.480441,1.153726,2891.0,1.38687,0.399675,4.203824,LBE,2023-03-31
2023-04-08,Q2 to Q4_CEC_LBE_TRR_FY23 LBE TRR TOM Always On Mississauga_FBIG_TC_EN_L CEC TLB 043_CP21ZY9_JoshTeixeira,1750.32,,9122.0,actions:link_click,114713.0,,0.19187897,2024-01-07,259001.0,6.757966,9122.0,0.191879,3.521994,9762.0,3.769097,0.179299,2.257817,LBE,2023-03-31
2023-04-08,Q2 to Q4_CEC_LBE_TRR_FY23 LBE TRR TOM Always On London_FBIG_TC_EN_L CEC TLB 043_CP21ZY9_JoshTeixeira,1196.23,,2921.0,actions:link_click,59241.0,,0.40952756,2024-01-07,167402.0,7.145853,2921.0,0.409528,1.744901,3358.0,2.00595,0.356233,2.825779,LBE,2023-03-31
2023-04-08,Q2 to Q4_CEC_LBE_TRR_FY23 LBE TRR TOM Always On West Edmonton_FBIG_TC_EN_L CEC TLB 043_CP21ZY9_JoshTeixeira,1489.93,,4564.0,actions:link_click,91414.0,,0.32645267,2024-01-07,211591.0,7.041557,4564.0,0.326453,2.156992,5169.0,2.442921,0.288243,2.314645,LBE,2023-03-31
2023-04-08,Q2 to Q4_CEC_LBE_TRR_FY23 LBE TRR TOM Always On Calgary_FBIG_TC_EN_L CEC TLB 043_CP21ZY9_JoshTeixeira,1358.8,,5724.0,actions:link_click,69830.0,,0.23738644,2024-01-07,186491.0,7.286142,5724.0,0.237386,3.069317,6248.0,3.350296,0.217478,2.670643,LBE,2023-03-31
2023-04-08,Q2 to Q4_CEC_LBE_TRR_FY23 LBE TRR TOM Always On Toronto_FBIG_TC_EN_L CEC TLB 043_CP21ZY9_JoshTeixeira,1067.07,,5542.0,actions:link_click,66704.0,,0.1925424,2024-01-07,148178.0,7.201271,5542.0,0.192542,3.740096,5942.0,4.010042,0.179581,2.221426,LBE,2023-03-31
2023-04-08,Q2 to Q4_CEC_LBE_TRR_FY23 LBE TRR TOM Always On South Edmonton_FBIG_TC_EN_L CEC TLB 043_CP21ZY9_JoshTeixeira,1083.51,,3335.0,actions:link_click,60187.0,,0.32489055,2024-01-07,153377.0,7.064358,3335.0,0.324891,2.174381,3674.0,2.395405,0.294913,2.548341,LBE,2023-03-31
2023-04-08,Q2 to Q4_CEC_LBE_PDM_FY23 LBE PDM TOM Always On Dartmouth_FBIG_TC_EN_L CEC TLB 044_CP21ZN6_JoshTeixeira,1328.93,,1049.0,actions:link_click,52119.0,,1.26685415,2023-12-31,193465.0,6.869098,1049.0,1.266854,0.542217,1725.0,0.891634,0.770394,3.711986,LBE,2023-03-31
2023-04-08,Joshua T. | TRR Easter Egg Brunch | Conversions,2730.12,,29.0,actions:offsite_conversion.fb_pixel_purchase,165380.0,,94.14206897,2023-04-07,372720.0,7.324855,1864.0,1.464657,0.500107,5134.0,1.377442,0.531773,2.253719,LBE,2023-03-31
2023-04-08,Q2 to Q4_CEC_LBE_PDM_FY23 LBE PDM TOM Always On Whitby_FBIG_TC_EN_L CEC TLB 044_CP21ZN6_JoshTeixeira,1349.54,,1265.0,actions:link_click,68775.0,,1.06683004,2023-12-31,184800.0,7.302706,1265.0,1.06683,0.684524,1802.0,0.975108,0.748912,2.687023,LBE,2023-03-31
2023-04-08,Q1 to Q2_CEC_LBE_TRR_FY23 LBE TRR Spring Break Promo_FBIG_TC_EN_L CEC TLB 008_CP20C2Z_JoshTeixeira,16989.46,,16381.0,actions:link_click,734029.0,,1.03714425,2023-04-14,2794635.0,6.079313,16381.0,1.037144,0.586159,22562.0,0.807333,0.753012,3.807254,LBE,2023-03-31
2023-04-08,Q2 to Q4_CEC_LBE_PDM_FY23 LBE PDM TOM Always On Brampton_FBIG_TC_EN_L CEC TLB 044_CP21ZN6_JoshTeixeira,1353.88,,1323.0,actions:link_click,84136.0,,1.02334089,2023-12-31,206311.0,6.562326,1323.0,1.023341,0.641265,1771.0,0.858413,0.764472,2.452113,LBE,2023-03-31
2023-04-08,Q1 to Q2_CEC_LBE_PDM_FY23 LBE PDM Spring Break Promo_FBIG_TC_EN_L CEC TLB 009_CP20C48_JoshTeixeira,3014.89,,3233.0,actions:link_click,146950.0,,0.93253634,2023-04-14,551310.0,5.468593,3233.0,0.932536,0.586421,3836.0,0.695797,0.785946,3.751684,LBE,2023-03-31
2023-04-08,Q2 to Q4_CEC_LBE_TRR_FY23 LBE TRR TOM Always On Barrie_FBIG_TC_EN_L CEC TLB 043_CP21ZY9_JoshTeixeira,1458.38,,2694.0,actions:link_click,62798.0,,0.54134373,2024-01-07,192516.0,7.57537,2694.0,0.541344,1.399364,3287.0,1.707391,0.443681,3.065639,LBE,2023-03-31
2023-04-01,Joshua T. | TRR Easter Egg Brunch | Conversions,3390.9,,28.0,actions:offsite_conversion.fb_pixel_purchase,184634.0,,121.10357143,2023-04-07,437924.0,7.743124,2295.0,1.477516,0.524064,6577.0,1.501859,0.515569,2.371849,LBE,2023-03-24
2023-04-01,Q1 to Q2_CEC_LBE_TRR_FY23 LBE TRR Spring Break Promo_FBIG_TC_EN_L CEC TLB 008_CP20C2Z_JoshTeixeira,16896.9,,14262.0,actions:link_click,721564.0,,1.18474968,2023-04-14,2709548.0,6.236059,14262.0,1.18475,0.526361,21483.0,0.792863,0.786524,3.755104,LBE,2023-03-24
2023-04-01,Q1 to Q2_CEC_LBE_PDM_FY23 LBE PDM Spring Break Promo_FBIG_TC_EN_L CEC TLB 009_CP20C48_JoshTeixeira,3021.59,,2791.0,actions:link_click,134122.0,,1.08261913,2023-04-14,524080.0,5.765513,2791.0,1.082619,0.532552,3639.0,0.69436,0.830335,3.907487,LBE,2023-03-24
2023-03-25,Joshua T. | TRR Easter Egg Brunch | Conversions,2879.76,,21.0,actions:offsite_conversion.fb_pixel_purchase,148598.0,,137.13142857,2023-04-07,369711.0,7.789219,2540.0,1.133764,0.687023,6866.0,1.857126,0.419423,2.487994,LBE,2023-03-17
2023-03-25,Q1 to Q2_CEC_LBE_TRR_FY23 LBE TRR Spring Break Promo_FBIG_TC_EN_L CEC TLB 008_CP20C2Z_JoshTeixeira,16669.52,,14148.0,actions:link_click,678751.0,,1.17822448,2023-04-14,2664287.0,6.256653,14148.0,1.178224,0.531024,22391.0,0.840412,0.744474,3.925279,LBE,2023-03-17
2023-03-25,Q1 to Q2_CEC_LBE_PDM_FY23 LBE PDM Spring Break Promo_FBIG_TC_EN_L CEC TLB 009_CP20C48_JoshTeixeira,2964.87,,2511.0,actions:link_click,135123.0,,1.18075269,2023-04-14,511777.0,5.793285,2511.0,1.180753,0.490643,3364.0,0.657318,0.881353,3.78749,LBE,2023-03-17
2023-03-18,Joshua T. | TRR Easter Egg Brunch | Conversions,892.74,,5.0,actions:offsite_conversion.fb_pixel_purchase,55500.0,,178.548,2023-04-07,105426.0,8.46793,1058.0,0.8438,1.003548,2126.0,2.01658,0.419915,1.899568,LBE,2023-03-10
2023-03-18,Q1 to Q2_CEC_LBE_TRR_FY23 LBE TRR Spring Break Promo_FBIG_TC_EN_L CEC TLB 008_CP20C2Z_JoshTeixeira,5832.94,,5279.0,actions:link_click,410032.0,,1.10493275,2023-04-14,915029.0,6.374596,5279.0,1.104933,0.576922,10052.0,1.098544,0.580277,2.231604,LBE,2023-03-10
2023-03-18,Q1 to Q2_CEC_LBE_PDM_FY23 LBE PDM Spring Break Promo_FBIG_TC_EN_L CEC TLB 009_CP20C48_JoshTeixeira,2841.13,,2634.0,actions:link_click,142222.0,,1.07863705,2023-04-14,488171.0,5.819948,2634.0,1.078637,0.539565,3532.0,0.723517,0.804397,3.432458,LBE,2023-03-10
2023-03-11,Q1 to Q1_CEC_GRP_PDM_FY23 PDM Brampton_FBIG_CVS_ENFR_L CEC TGP 054_CP1Z84C_AllieGray,37.02,,26.0,actions:landing_page_view,5841.0,,1.42384615,2023-03-05,7889.0,4.69261,35.0,1.057714,0.443656,55.0,0.697173,0.673091,1.350625,LBE,2023-03-03
2023-03-11,Q1 to Q1_CEC_GRP_PDM_FY23 PDM Dartmouth_FBIG_CVS_ENFR_L CEC TGP 054_CP1Z84C_AllieGray,38.1,,37.0,actions:landing_page_view,7188.0,,1.02972973,2023-03-05,11379.0,3.348273,44.0,0.865909,0.386677,71.0,0.623956,0.53662,1.583055,LBE,2023-03-03
2023-03-11,Q1 to Q1_CEC_GRP_TRR_FY23 TRR Jan_FBIG_CVS_ENFR_L CEC TGP 052_CP1Z848_AllieGray,211.64,,2.0,actions:offsite_conversion.fb_pixel_lead,18380.0,,105.82,2023-03-05,21211.0,9.977842,80.0,2.6455,0.377163,234.0,1.103201,0.904444,1.154026,LBE,2023-03-03
2023-03-11,Q1 to Q1_CEC_GRP_PDM_FY23 PDM Whitby_FBIG_CVS_ENFR_L CEC TGP 054_CP1Z84C_AllieGray,36.14,,28.0,actions:landing_page_view,5362.0,,1.29071429,2023-03-05,7232.0,4.997235,34.0,1.062941,0.470133,54.0,0.746681,0.669259,1.34875,LBE,2023-03-03
2023-03-11,Q1 to Q2_CEC_LBE_PDM_FY23 LBE PDM Spring Break Promo_FBIG_TC_EN_L CEC TLB 009_CP20C48_JoshTeixeira,2922.08,,3108.0,actions:link_click,135027.0,,0.94018018,2023-04-14,567574.0,5.148368,3108.0,0.94018,0.547594,3843.0,0.677092,0.760364,4.203411,LBE,2023-03-03
2023-03-04,Audrey P. | LBE Scene Promo | PDM | Traffic 2023,111.62,,189.0,actions:link_click,5892.0,,0.59058201,2023-02-26,6588.0,16.942927,189.0,0.590582,2.868852,190.0,2.884032,0.587474,1.118126,LBE,2023-02-24
2023-03-04,Audrey P. | TRR | LBE Scene Promo | Traffic 2023,662.16,,928.0,actions:link_click,36205.0,,0.71353448,2023-02-26,38140.0,17.3613,928.0,0.713534,2.433141,929.0,2.435763,0.712766,1.053446,LBE,2023-02-24
2023-03-04,Q1 to Q1_CEC_GRP_PDM_FY23 PDM Brampton_FBIG_CVS_ENFR_L CEC TGP 054_CP1Z84C_AllieGray,263.98,,221.0,actions:landing_page_view,23611.0,,1.19447964,2023-03-05,49273.0,5.357498,284.0,0.929507,0.576381,385.0,0.781361,0.685662,2.086866,LBE,2023-02-24
2023-03-04,Q1 to Q1_CEC_GRP_PDM_FY23 PDM Dartmouth_FBIG_CVS_ENFR_L CEC TGP 054_CP1Z84C_AllieGray,264.35,,199.0,actions:landing_page_view,23461.0,,1.32839196,2023-03-05,68482.0,3.860138,274.0,0.964781,0.400105,421.0,0.61476,0.62791,2.918972,LBE,2023-02-24
2023-03-04,Q1 to Q1_CEC_GRP_TRR_FY23 TRR Jan_FBIG_CVS_ENFR_L CEC TGP 052_CP1Z848_AllieGray,1320.16,,5.0,actions:offsite_conversion.fb_pixel_lead,72543.0,,264.032,2023-03-05,121971.0,10.823556,524.0,2.519389,0.42961,1316.0,1.078945,1.003161,1.681361,LBE,2023-02-24
2023-03-04,FEB_CEC_LBE_TRR_FY23 TRR Half-Off Gameplay_FBIG_TC_EN_L TLB 006_CP1ZJP4_JoshTeixeira,8062.07,,7089.0,actions:link_click,462955.0,,1.13726478,2023-02-28,1310759.0,6.150688,7089.0,1.137265,0.540832,11733.0,0.89513,0.687128,2.831288,LBE,2023-02-24
2023-03-04,FEB_CEC_LBE_PDM_FY23 PDM Half-Off Gameplay_FBIG_TC_EN_L TLB 007_CP1ZJPY_Josh Teixeira,2139.34,,2202.0,actions:link_click,147653.0,,0.97154405,2023-02-28,387121.0,5.526282,2202.0,0.971544,0.568814,2847.0,0.735429,0.751437,2.62183,LBE,2023-02-24
2023-03-04,Q1 to Q1_CEC_GRP_PDM_FY23 PDM Whitby_FBIG_CVS_ENFR_L CEC TGP 054_CP1Z84C_AllieGray,259.0,,218.0,actions:landing_page_view,22403.0,,1.18807339,2023-03-05,47899.0,5.407211,274.0,0.945255,0.572037,380.0,0.793336,0.681579,2.138062,LBE,2023-02-24
2023-03-04,Q1 to Q2_CEC_LBE_PDM_FY23 LBE PDM Spring Break Promo_FBIG_TC_EN_L CEC TLB 009_CP20C48_JoshTeixeira,1590.75,,1808.0,actions:link_click,101725.0,,0.8798396,2023-04-14,299674.0,5.308268,1808.0,0.87984,0.603322,2357.0,0.786521,0.674905,2.945923,LBE,2023-02-24
2023-02-25,Audrey P. | LBE Scene Promo | PDM | Traffic 2023,741.32,,1414.0,actions:link_click,24225.0,,0.52427157,2023-02-26,43579.0,17.010946,1414.0,0.524272,3.244682,1416.0,3.249271,0.523531,1.798927,LBE,2023-02-17
2023-02-25,Audrey P. | TRR | LBE Scene Promo | Traffic 2023,4191.73,,6471.0,actions:link_click,157656.0,,0.6477716,2023-02-26,240143.0,17.455141,6471.0,0.647772,2.694644,6539.0,2.722961,0.641035,1.523209,LBE,2023-02-17
2023-02-25,Q1 to Q1_CEC_GRP_PDM_FY23 PDM Brampton_FBIG_CVS_ENFR_L CEC TGP 054_CP1Z84C_AllieGray,261.99,,225.0,actions:landing_page_view,18161.0,,1.1644,2023-03-05,46392.0,5.64731,348.0,0.752845,0.750129,443.0,0.954906,0.5914,2.554485,LBE,2023-02-17
2023-02-25,Q1 to Q1_CEC_GRP_PDM_FY23 PDM Dartmouth_FBIG_CVS_ENFR_L CEC TGP 054_CP1Z84C_AllieGray,262.33,,214.0,actions:landing_page_view,18330.0,,1.22584112,2023-03-05,61937.0,4.235433,285.0,0.920456,0.460145,389.0,0.628058,0.67437,3.378996,LBE,2023-02-17
2023-02-25,Q1 to Q1_CEC_GRP_TRR_FY23 TRR Jan_FBIG_CVS_ENFR_L CEC TGP 052_CP1Z848_AllieGray,1298.64,,4.0,actions:offsite_conversion.fb_pixel_lead,69049.0,,324.66,2023-03-05,117216.0,11.079034,464.0,2.798793,0.39585,1145.0,0.976829,1.134183,1.697577,LBE,2023-02-17
2023-02-25,FEB_CEC_LBE_TRR_FY23 TRR Half-Off Gameplay_FBIG_TC_EN_L TLB 006_CP1ZJP4_JoshTeixeira,17613.31,,17710.0,actions:link_click,528186.0,,0.99454037,2023-02-28,2471041.0,7.127891,17710.0,0.99454,0.716702,29011.0,1.17404,0.607125,4.678354,LBE,2023-02-17
2023-02-25,FEB_CEC_LBE_PDM_FY23 PDM Half-Off Gameplay_FBIG_TC_EN_L TLB 007_CP1ZJPY_Josh Teixeira,4678.04,,5178.0,actions:link_click,208252.0,,0.90344535,2023-02-28,889497.0,5.259197,5178.0,0.903445,0.582127,7488.0,0.841824,0.624738,4.271253,LBE,2023-02-17
2023-02-25,Q1 to Q1_CEC_GRP_PDM_FY23 PDM Whitby_FBIG_CVS_ENFR_L CEC TGP 054_CP1Z84C_AllieGray,262.44,,230.0,actions:landing_page_view,18713.0,,1.14104348,2023-03-05,48216.0,5.443006,321.0,0.81757,0.665754,402.0,0.833748,0.652836,2.576605,LBE,2023-02-17
2023-02-18,Audrey P. | LBE Scene Promo | PDM | Traffic 2023,647.05,,1261.0,actions:link_click,21328.0,,0.5131245,2023-02-26,36239.0,17.855073,1261.0,0.513125,3.479677,1269.0,3.501752,0.50989,1.699128,LBE,2023-02-10
2023-02-18,Audrey P. | TRR | LBE Scene Promo | Traffic 2023,3646.11,,6045.0,actions:link_click,135466.0,,0.60316129,2023-02-26,189231.0,19.268037,6045.0,0.603161,3.194508,6086.0,3.216175,0.599098,1.396889,LBE,2023-02-10
2023-02-18,Joshua T. | TRR Super Bowl Campaign 2023 | Conversions,2037.36,,6.0,actions:offsite_conversion.fb_pixel_purchase,180736.0,,339.56,2023-02-12,285450.0,7.137362,411.0,4.95708,0.143983,1883.0,0.65966,1.081976,1.579375,LBE,2023-02-10
2023-02-18,Joshua T. | TRR Valentine's Day 2023 | Page Landing Views,129.07,,,,15975.0,,,2023-02-12,24370.0,5.296266,70.0,1.843857,0.287238,83.0,0.340583,1.55506,1.525509,LBE,2023-02-10
2023-02-18,Q1 to Q1_CEC_GRP_PDM_FY23 PDM Brampton_FBIG_CVS_ENFR_L CEC TGP 054_CP1Z84C_AllieGray,267.86,,258.0,actions:landing_page_view,17601.0,,1.03821705,2023-03-05,45423.0,5.897013,446.0,0.600583,0.981881,503.0,1.107369,0.532525,2.580706,LBE,2023-02-10
2023-02-18,Q1 to Q1_CEC_GRP_PDM_FY23 PDM Dartmouth_FBIG_CVS_ENFR_L CEC TGP 054_CP1Z84C_AllieGray,266.33,,204.0,actions:landing_page_view,18612.0,,1.30553922,2023-03-05,63323.0,4.205897,277.0,0.96148,0.43744,370.0,0.584306,0.719811,3.402267,LBE,2023-02-10
2023-02-18,Q1 to Q1_CEC_GRP_TRR_FY23 TRR Jan_FBIG_CVS_ENFR_L CEC TGP 052_CP1Z848_AllieGray,1361.9,,8.0,actions:offsite_conversion.fb_pixel_lead,61636.0,,170.2375,2023-03-05,118513.0,11.491566,464.0,2.935129,0.391518,1120.0,0.945044,1.215982,1.922789,LBE,2023-02-10
2023-02-18,FEB_CEC_LBE_TRR_FY23 TRR Half-Off Gameplay_FBIG_TC_EN_L TLB 006_CP1ZJP4_JoshTeixeira,18069.12,,11825.0,actions:link_click,395543.0,,1.52804397,2023-02-28,2012040.0,8.980497,11825.0,1.528044,0.587712,19618.0,0.97503,0.921048,5.086779,LBE,2023-02-10
2023-02-18,FEB_CEC_LBE_PDM_FY23 PDM Half-Off Gameplay_FBIG_TC_EN_L TLB 007_CP1ZJPY_Josh Teixeira,4827.36,,3433.0,actions:link_click,179941.0,,1.40616371,2023-02-28,737009.0,6.549934,3433.0,1.406164,0.465802,5169.0,0.701348,0.933906,4.095837,LBE,2023-02-10
2023-02-18,Q1 to Q1_CEC_GRP_PDM_FY23 PDM Whitby_FBIG_CVS_ENFR_L CEC TGP 054_CP1Z84C_AllieGray,268.72,,226.0,actions:landing_page_view,18687.0,,1.18902655,2023-03-05,50476.0,5.323718,355.0,0.756958,0.703305,434.0,0.859815,0.619171,2.701129,LBE,2023-02-10
2023-02-11,Joshua T. | TRR Super Bowl Campaign 2023 | Conversions,14326.36,,27.0,actions:offsite_conversion.fb_pixel_purchase,584188.0,,530.60592593,2023-02-12,1945229.0,7.364871,3043.0,4.707972,0.156434,11548.0,0.593658,1.240592,3.3298,LBE,2023-02-03
2023-02-11,Joshua T. | TRR Valentine's Day 2023 | Page Landing Views,2461.12,,4.0,actions:landing_page_view,204528.0,,615.28,2023-02-12,810448.0,3.03674,1288.0,1.910807,0.158924,1800.0,0.222099,1.367289,3.962528,LBE,2023-02-03
2023-02-11,Q1 to Q1_CEC_GRP_PDM_FY23 PDM Brampton_FBIG_CVS_ENFR_L CEC TGP 054_CP1Z84C_AllieGray,270.61,,263.0,actions:landing_page_view,18853.0,,1.02893536,2023-03-05,49493.0,5.467642,402.0,0.673159,0.812236,472.0,0.95367,0.573326,2.625206,LBE,2023-02-03
2023-02-11,Q1 to Q1_CEC_GRP_PDM_FY23 PDM Dartmouth_FBIG_CVS_ENFR_L CEC TGP 054_CP1Z84C_AllieGray,272.94,,238.0,actions:landing_page_view,18960.0,,1.14680672,2023-03-05,67408.0,4.049074,326.0,0.837239,0.483622,448.0,0.66461,0.609241,3.555274,LBE,2023-02-03
2023-02-11,Q1 to Q1_CEC_GRP_TRR_FY23 TRR Jan_FBIG_CVS_ENFR_L CEC TGP 052_CP1Z848_AllieGray,1313.8,,4.0,actions:offsite_conversion.fb_pixel_lead,61427.0,,328.45,2023-03-05,120514.0,10.901638,502.0,2.617131,0.416549,1281.0,1.062947,1.025605,1.961906,LBE,2023-02-03
2023-02-11,FEB_CEC_LBE_TRR_FY23 TRR Half-Off Gameplay_FBIG_TC_EN_L TLB 006_CP1ZJP4_JoshTeixeira,17328.06,,12591.0,actions:link_click,480684.0,,1.37622588,2023-02-28,2067127.0,8.382678,12591.0,1.376226,0.609106,22567.0,1.091708,0.76785,4.300387,LBE,2023-02-03
2023-02-11,FEB_CEC_LBE_PDM_FY23 PDM Half-Off Gameplay_FBIG_TC_EN_L TLB 007_CP1ZJPY_Josh Teixeira,4650.58,,3499.0,actions:link_click,212619.0,,1.32911689,2023-02-28,763733.0,6.089275,3499.0,1.329117,0.458144,5972.0,0.781949,0.778731,3.592026,LBE,2023-02-03
2023-02-11,Q1 to Q1_CEC_GRP_PDM_FY23 PDM Whitby_FBIG_CVS_ENFR_L CEC TGP 054_CP1Z84C_AllieGray,271.13,,245.0,actions:landing_page_view,19083.0,,1.10665306,2023-03-05,52034.0,5.210632,343.0,0.790466,0.659184,430.0,0.826383,0.630535,2.72672,LBE,2023-02-03
2023-02-04,Joshua T. | TRR Super Bowl Campaign 2023 | Conversions,3138.69,,6.0,actions:offsite_conversion.fb_pixel_purchase,226520.0,,523.115,2023-02-12,482218.0,6.508861,776.0,4.044704,0.160923,3849.0,0.798187,0.815456,2.12881,LBE,2023-01-27
2023-02-04,Joshua T. | TRR Valentine's Day 2023 | Page Landing Views,1421.21,,5.0,actions:landing_page_view,148935.0,,284.242,2023-02-12,371461.0,3.826001,966.0,1.471232,0.260054,1262.0,0.33974,1.126157,2.494115,LBE,2023-01-27
2023-02-04,Q1 to Q1_CEC_GRP_PDM_FY23 PDM Brampton_FBIG_CVS_ENFR_L CEC TGP 054_CP1Z84C_AllieGray,380.93,,357.0,actions:landing_page_view,23452.0,,1.06703081,2023-03-05,57747.0,6.596533,600.0,0.634883,1.039015,717.0,1.241623,0.531283,2.462349,LBE,2023-01-27
2023-02-04,Q1 to Q1_CEC_GRP_PDM_FY23 PDM Dartmouth_FBIG_CVS_ENFR_L CEC TGP 054_CP1Z84C_AllieGray,382.8,,352.0,actions:landing_page_view,26576.0,,1.0875,2023-03-05,92300.0,4.147346,493.0,0.776471,0.534128,664.0,0.719393,0.576506,3.473058,LBE,2023-01-27
2023-02-04,Q1 to Q1_CEC_GRP_TRR_FY23 TRR Jan_FBIG_CVS_ENFR_L CEC TGP 052_CP1Z848_AllieGray,1952.44,,6.0,actions:offsite_conversion.fb_pixel_lead,101312.0,,325.40666667,2023-03-05,195687.0,9.977362,800.0,2.44055,0.408816,2215.0,1.13191,0.881463,1.931528,LBE,2023-01-27
2023-02-04,FEB_CEC_LBE_TRR_FY23 TRR Half-Off Gameplay_FBIG_TC_EN_L TLB 006_CP1ZJP4_JoshTeixeira,9682.11,,12395.0,actions:link_click,423554.0,,0.78113029,2023-02-28,1423744.0,6.800457,12395.0,0.78113,0.870592,25219.0,1.771316,0.383921,3.361423,LBE,2023-01-27
2023-02-04,FEB_CEC_LBE_PDM_FY23 PDM Half-Off Gameplay_FBIG_TC_EN_L TLB 007_CP1ZJPY_Josh Teixeira,2572.52,,3159.0,actions:link_click,174145.0,,0.81434631,2023-02-28,520528.0,4.942136,3159.0,0.814346,0.606884,5595.0,1.07487,0.459789,2.989049,LBE,2023-01-27
2023-02-04,Joshua T. | TRR Superbowl Campaign 2023 | Conversions,3341.3,,7.0,actions:offsite_conversion.fb_pixel_purchase,163851.0,,477.32857143,2023-02-12,421310.0,7.93074,697.0,4.793831,0.165436,2449.0,0.581282,1.364353,2.5713,LBE,2023-01-27
2023-02-04,Q1 to Q1_CEC_GRP_PDM_FY23 PDM Whitby_FBIG_CVS_ENFR_L CEC TGP 054_CP1Z84C_AllieGray,386.3,,311.0,actions:landing_page_view,24280.0,,1.24212219,2023-03-05,62404.0,6.190308,484.0,0.798141,0.775591,617.0,0.988719,0.626094,2.570181,LBE,2023-01-27
2023-01-28,Q1 to Q1_CEC_GRP_PDM_FY23 PDM Brampton_FBIG_CVS_ENFR_L CEC TGP 054_CP1Z84C_AllieGray,117.57,,106.0,actions:landing_page_view,10413.0,,1.10915094,2023-03-05,15711.0,7.483292,189.0,0.622063,1.202979,220.0,1.400293,0.534409,1.508787,LBE,2023-01-20
2023-01-28,Q1 to Q1_CEC_GRP_PDM_FY23 PDM Dartmouth_FBIG_CVS_ENFR_L CEC TGP 054_CP1Z84C_AllieGray,113.11,,87.0,actions:landing_page_view,11852.0,,1.30011494,2023-03-05,20616.0,5.486515,159.0,0.711384,0.771246,213.0,1.033178,0.531033,1.739453,LBE,2023-01-20
2023-01-28,Q1 to Q1_CEC_GRP_TRR_FY23 TRR Jan_FBIG_CVS_ENFR_L CEC TGP 052_CP1Z848_AllieGray,541.21,,2.0,actions:offsite_conversion.fb_pixel_lead,39141.0,,270.605,2023-03-05,53168.0,10.179243,176.0,3.075057,0.331026,503.0,0.946058,1.075964,1.358371,LBE,2023-01-20
2023-01-28,Joshua T. | TRR Superbowl Campaign 2023 | Conversions,2169.03,,5.0,actions:offsite_conversion.fb_pixel_purchase,122449.0,,433.806,2023-02-12,295393.0,7.342862,457.0,4.746236,0.154709,2060.0,0.697376,1.052927,2.412376,LBE,2023-01-20
2023-01-28,Q1 to Q1_CEC_GRP_PDM_FY23 PDM Whitby_FBIG_CVS_ENFR_L CEC TGP 054_CP1Z84C_AllieGray,116.15,,82.0,actions:landing_page_view,11057.0,,1.41646341,2023-03-05,15812.0,7.345687,159.0,0.730503,1.005565,203.0,1.283835,0.572167,1.430044,LBE,2023-01-20
2023-01-14,Maya P. | PDM $35 Offer Traffic | January 2023,1016.56,,459.0,actions:landing_page_view,93001.0,,2.21472767,2023-01-09,232992.0,4.363068,655.0,1.552,0.281126,914.0,0.392288,1.11221,2.505263,LBE,2023-01-06
2023-01-07,Maya P. | PDM $35 Offer Traffic | January 2023,3983.44,,1786.0,actions:landing_page_view,175771.0,,2.23036954,2023-01-09,944196.0,4.21887,2480.0,1.606226,0.262657,3679.0,0.389644,1.082751,5.371739,LBE,2022-12-30
