date,location,city,lob,spend,transactions,revenue
3/31/2023,The Rec Room Deerfoot,Calgary,TRR,38330.28,3342,38330.28
3/31/2023,TRR Seasons of Tuxedo,Winnipeg,TRR,67311.65,4157,67311.65
3/31/2023,Playdium Whitby,Whitby,PDM,18070.29,1096,18070.29
3/31/2023,Playdium Orion Gate,Brampton,PDM,11784.76,557,11784.76
3/31/2023,The Rec Room South Edmonton,Edmonton,TRR,47721.92,4266,47721.92
3/31/2023,Playdium Dartmouth,Dartmouth,PDM,20664.51,1496,20664.51
3/31/2023,The Rec Room Park Place Barrie,Barrie,TRR,20426.53,1935,20426.53
3/31/2023,The Rec Room Square One,Mississauga,TRR,25003.51,1908,25003.51
3/31/2023,The Rec Room Roundhouse,Toronto,TRR,75902.6,4973,75902.6
3/31/2023,The Rec Room Brentwood,Burnaby,TRR,45735.08,3507,45735.08
3/31/2023,The Rec Room Avalon Mall,St. John's,TRR,21324.78,1480,21324.78
3/31/2023,The Rec Room London Masonville,London,TRR,19683.42,1725,19683.42
3/31/2023,The Rec Room West Edmonton Mall,Edmonton,TRR,37332.97,2798,37332.97
4/1/2023,Playdium Whitby,Whitby,PDM,51483.09,2610,51483.09
4/1/2023,The Rec Room Avalon Mall,St. John's,TRR,33895.75,2616,33895.75
4/1/2023,The Rec Room Brentwood,Burnaby,TRR,82269.93,5122,82269.93
4/1/2023,The Rec Room London Masonville,London,TRR,55082.9,2534,55082.9
4/1/2023,The Rec Room Square One,Mississauga,TRR,54989.84,3564,54989.84
4/1/2023,The Rec Room South Edmonton,Edmonton,TRR,81375.31,4677,81375.31
4/1/2023,The Rec Room West Edmonton Mall,Edmonton,TRR,65621,4294,65621
4/1/2023,The Rec Room Deerfoot,Calgary,TRR,79455.32,4932,79455.32
4/1/2023,The Rec Room Roundhouse,Toronto,TRR,97883.04,7311,97883.04
4/1/2023,Playdium Dartmouth,Dartmouth,PDM,64187.85,2793,64187.85
4/1/2023,TRR Seasons of Tuxedo,Winnipeg,TRR,94975.23,5077,94975.23
4/1/2023,The Rec Room Park Place Barrie,Barrie,TRR,45336.9,3608,45336.9
4/1/2023,Playdium Orion Gate,Brampton,PDM,39287.21,2302,39287.21
4/2/2023,The Rec Room Roundhouse,Toronto,TRR,76680.73,4198,76680.73
4/2/2023,The Rec Room Avalon Mall,St. John's,TRR,24871.68,1415,24871.68
4/2/2023,The Rec Room London Masonville,London,TRR,18805.03,1003,18805.03
4/2/2023,The Rec Room South Edmonton,Edmonton,TRR,68392.34,2209,68392.34
4/2/2023,The Rec Room Square One,Mississauga,TRR,44850.99,1588,44850.99
4/2/2023,The Rec Room Brentwood,Burnaby,TRR,79107.36,2877,79107.36
4/2/2023,The Rec Room Park Place Barrie,Barrie,TRR,50392.56,1811,50392.56
4/2/2023,The Rec Room Deerfoot,Calgary,TRR,79963.6,2370,79963.6
4/2/2023,TRR Seasons of Tuxedo,Winnipeg,TRR,55107.14,2751,55107.14
4/2/2023,Playdium Dartmouth,Dartmouth,PDM,29165.53,1615,29165.53
4/2/2023,Playdium Whitby,Whitby,PDM,27201.51,1647,27201.51
4/2/2023,Playdium Orion Gate,Brampton,PDM,28526.87,1199,28526.87
4/2/2023,The Rec Room West Edmonton Mall,Edmonton,TRR,36178.62,1333,36178.62
4/3/2023,Playdium Orion Gate,Brampton,PDM,6295.11,525,6295.11
4/3/2023,The Rec Room London Masonville,London,TRR,5070.22,217,5070.22
4/3/2023,The Rec Room West Edmonton Mall,Edmonton,TRR,9920.48,548,9920.48
4/3/2023,The Rec Room Brentwood,Burnaby,TRR,10854.01,629,10854.01
4/3/2023,The Rec Room Park Place Barrie,Barrie,TRR,6057.78,336,6057.78
4/3/2023,The Rec Room Square One,Mississauga,TRR,7636.18,436,7636.18
4/3/2023,TRR Seasons of Tuxedo,Winnipeg,TRR,8398.77,573,8398.77
4/3/2023,The Rec Room Deerfoot,Calgary,TRR,15262.95,770,15262.95
4/3/2023,The Rec Room Roundhouse,Toronto,TRR,37587.71,2441,37587.71
4/3/2023,Playdium Dartmouth,Dartmouth,PDM,4164.76,188,4164.76
4/3/2023,Playdium Whitby,Whitby,PDM,4294.97,279,4294.97
4/3/2023,The Rec Room South Edmonton,Edmonton,TRR,9703.47,528,9703.47
4/3/2023,The Rec Room Avalon Mall,St. John's,TRR,7000.73,479,7000.73
4/4/2023,The Rec Room Square One,Mississauga,TRR,10376.43,611,10376.43
4/4/2023,The Rec Room West Edmonton Mall,Edmonton,TRR,8042.97,491,8042.97
4/4/2023,TRR Seasons of Tuxedo,Winnipeg,TRR,9527.83,608,9527.83
4/4/2023,Playdium Dartmouth,Dartmouth,PDM,3873.52,180,3873.52
4/4/2023,The Rec Room Deerfoot,Calgary,TRR,13854,719,13854
4/4/2023,Playdium Whitby,Whitby,PDM,4588.95,262,4588.95
4/4/2023,The Rec Room Avalon Mall,St. John's,TRR,7731.69,584,7731.69
4/4/2023,The Rec Room South Edmonton,Edmonton,TRR,10691.12,633,10691.12
4/4/2023,The Rec Room London Masonville,London,TRR,5115.36,278,5115.36
4/4/2023,The Rec Room Brentwood,Burnaby,TRR,13033.12,691,13033.12
4/4/2023,Playdium Orion Gate,Brampton,PDM,3661.12,137,3661.12
4/4/2023,The Rec Room Roundhouse,Toronto,TRR,30857.72,2500,30857.72
4/4/2023,The Rec Room Park Place Barrie,Barrie,TRR,5058.51,327,5058.51
4/5/2023,Playdium Dartmouth,Dartmouth,PDM,3521.48,156,3521.48
4/5/2023,Playdium Orion Gate,Brampton,PDM,3858.37,425,3858.37
4/5/2023,Playdium Whitby,Whitby,PDM,6760.96,408,6760.96
4/5/2023,The Rec Room Avalon Mall,St. John's,TRR,12080.73,767,12080.73
4/5/2023,The Rec Room Brentwood,Burnaby,TRR,24386.21,1124,24386.21
4/5/2023,The Rec Room Deerfoot,Calgary,TRR,15310.91,817,15310.91
4/5/2023,The Rec Room London Masonville,London,TRR,6270.77,274,6270.77
4/5/2023,The Rec Room Park Place Barrie,Barrie,TRR,5899.24,377,5899.24
4/5/2023,The Rec Room Roundhouse,Toronto,TRR,35360.76,2340,35360.76
4/5/2023,The Rec Room South Edmonton,Edmonton,TRR,23268.64,1178,23268.64
4/5/2023,The Rec Room Square One,Mississauga,TRR,10829.31,634,10829.31
4/5/2023,The Rec Room West Edmonton Mall,Edmonton,TRR,24349.45,1899,24349.45
4/5/2023,TRR Seasons of Tuxedo,Winnipeg,TRR,11565.09,767,11565.09
4/6/2023,The Rec Room Brentwood,Burnaby,TRR,27558.08,1982,27558.08
4/6/2023,The Rec Room Avalon Mall,St. John's,TRR,19860.27,1298,19860.27
4/6/2023,The Rec Room Deerfoot,Calgary,TRR,37874.42,2494,37874.42
4/6/2023,The Rec Room Roundhouse,Toronto,TRR,49767.04,3721,49767.04
4/6/2023,The Rec Room London Masonville,London,TRR,6656.62,546,6656.62
4/6/2023,The Rec Room Park Place Barrie,Barrie,TRR,16217.65,1066,16217.65
4/6/2023,The Rec Room West Edmonton Mall,Edmonton,TRR,20871.01,2047,20871.01
4/6/2023,Playdium Whitby,Whitby,PDM,8943.67,839,8943.67
4/6/2023,The Rec Room Square One,Mississauga,TRR,12312.54,1024,12312.54
4/6/2023,Playdium Dartmouth,Dartmouth,PDM,9794.81,682,9794.81
4/6/2023,The Rec Room South Edmonton,Edmonton,TRR,27618.88,1392,27618.88
4/6/2023,TRR Seasons of Tuxedo,Winnipeg,TRR,21917.73,1665,21917.73
4/6/2023,Playdium Orion Gate,Brampton,PDM,6405.26,180,6405.26
4/7/2023,The Rec Room Brentwood,Burnaby,TRR,66068.52,4379,66068.52
4/7/2023,The Rec Room Roundhouse,Toronto,TRR,81483.53,6501,81483.53
4/7/2023,The Rec Room London Masonville,London,TRR,19605.91,1364,19605.91
4/7/2023,The Rec Room Park Place Barrie,Barrie,TRR,18045.14,1900,18045.14
4/7/2023,The Rec Room West Edmonton Mall,Edmonton,TRR,43034.15,3407,43034.15
4/7/2023,The Rec Room Deerfoot,Calgary,TRR,37689.61,3791,37689.61
4/7/2023,TRR Seasons of Tuxedo,Winnipeg,TRR,43617,2669,43617
4/7/2023,The Rec Room South Edmonton,Edmonton,TRR,45012.55,4070,45012.55
4/7/2023,The Rec Room Avalon Mall,St. John's,TRR,26777.58,1509,26777.58
4/7/2023,Playdium Orion Gate,Brampton,PDM,33231.19,1343,33231.19
4/7/2023,Playdium Whitby,Whitby,PDM,28327.8,1387,28327.8
4/7/2023,Playdium Dartmouth,Dartmouth,PDM,18645.25,772,18645.25
4/7/2023,The Rec Room Square One,Mississauga,TRR,29642.57,1861,29642.57
4/8/2023,Playdium Dartmouth,Dartmouth,PDM,30748.01,1471,30748.01
4/8/2023,The Rec Room West Edmonton Mall,Edmonton,TRR,55291.39,3359,55291.39
4/8/2023,The Rec Room South Edmonton,Edmonton,TRR,77588.15,4485,77588.15
4/8/2023,The Rec Room London Masonville,London,TRR,27371.53,1302,27371.53
4/8/2023,TRR Seasons of Tuxedo,Winnipeg,TRR,63106.58,4116,63106.58
4/8/2023,Playdium Orion Gate,Brampton,PDM,33601.62,2091,33601.62
4/8/2023,The Rec Room Square One,Mississauga,TRR,48593.64,2905,48593.64
4/8/2023,The Rec Room Park Place Barrie,Barrie,TRR,39553.33,2435,39553.33
4/8/2023,The Rec Room Brentwood,Burnaby,TRR,91150.42,4306,91150.42
4/8/2023,The Rec Room Roundhouse,Toronto,TRR,102411.57,7253,102411.57
4/8/2023,Playdium Whitby,Whitby,PDM,31302.3,1632,31302.3
4/8/2023,The Rec Room Deerfoot,Calgary,TRR,67455.76,3697,67455.76
4/8/2023,The Rec Room Avalon Mall,St. John's,TRR,30553.78,2158,30553.78
4/9/2023,The Rec Room Avalon Mall,St. John's,TRR,19086.24,711,19086.24
4/9/2023,Playdium Orion Gate,Brampton,PDM,34061.55,1224,34061.55
4/9/2023,The Rec Room Square One,Mississauga,TRR,34883.29,1139,34883.29
4/9/2023,TRR Seasons of Tuxedo,Winnipeg,TRR,38593.63,1803,38593.63
4/9/2023,Playdium Dartmouth,Dartmouth,PDM,10930.45,566,10930.45
4/9/2023,Playdium Whitby,Whitby,PDM,19287.96,793,19287.96
4/9/2023,The Rec Room South Edmonton,Edmonton,TRR,57487.17,1725,57487.17
4/9/2023,The Rec Room Brentwood,Burnaby,TRR,74337.09,2295,74337.09
4/9/2023,The Rec Room Deerfoot,Calgary,TRR,59978.94,1339,59978.94
4/9/2023,The Rec Room London Masonville,London,TRR,24459.4,476,24459.4
4/9/2023,The Rec Room Roundhouse,Toronto,TRR,75860.08,3476,75860.08
4/9/2023,The Rec Room Park Place Barrie,Barrie,TRR,25595.27,677,25595.27
4/9/2023,The Rec Room West Edmonton Mall,Edmonton,TRR,33100.18,1318,33100.18
4/10/2023,The Rec Room Roundhouse,Toronto,TRR,35405.48,2485,35405.48
4/10/2023,Playdium Whitby,Whitby,PDM,10661.2,460,10661.2
4/10/2023,The Rec Room Avalon Mall,St. John's,TRR,24555.85,1314,24555.85
4/10/2023,The Rec Room South Edmonton,Edmonton,TRR,28195.81,1438,28195.81
4/10/2023,The Rec Room Park Place Barrie,Barrie,TRR,11256.92,725,11256.92
4/10/2023,The Rec Room London Masonville,London,TRR,9297.36,361,9297.36
4/10/2023,Playdium Orion Gate,Brampton,PDM,13621.85,604,13621.85
4/10/2023,The Rec Room Brentwood,Burnaby,TRR,31562.46,1285,31562.46
4/10/2023,The Rec Room West Edmonton Mall,Edmonton,TRR,18909.17,991,18909.17
4/10/2023,The Rec Room Deerfoot,Calgary,TRR,28112.64,1421,28112.64
4/10/2023,TRR Seasons of Tuxedo,Winnipeg,TRR,8055.91,575,8055.91
4/10/2023,Playdium Dartmouth,Dartmouth,PDM,10497.48,444,10497.48
4/10/2023,The Rec Room Square One,Mississauga,TRR,9659.42,427,9659.42
4/11/2023,Playdium Whitby,Whitby,PDM,2866.74,274,2866.74
4/11/2023,The Rec Room Avalon Mall,St. John's,TRR,25002.94,1415,25002.94
4/11/2023,The Rec Room Deerfoot,Calgary,TRR,17514.72,970,17514.72
4/11/2023,Playdium Orion Gate,Brampton,PDM,3139.66,175,3139.66
4/11/2023,TRR Seasons of Tuxedo,Winnipeg,TRR,22189.4,1246,22189.4
4/11/2023,The Rec Room Square One,Mississauga,TRR,5233.91,272,5233.91
4/11/2023,The Rec Room Brentwood,Burnaby,TRR,15443.27,918,15443.27
4/11/2023,The Rec Room London Masonville,London,TRR,2315.42,139,2315.42
4/11/2023,The Rec Room Roundhouse,Toronto,TRR,35626.65,3847,35626.65
4/11/2023,The Rec Room South Edmonton,Edmonton,TRR,11614.97,559,11614.97
4/11/2023,Playdium Dartmouth,Dartmouth,PDM,3323.27,154,3323.27
4/11/2023,The Rec Room West Edmonton Mall,Edmonton,TRR,9038.75,514,9038.75
4/11/2023,The Rec Room Park Place Barrie,Barrie,TRR,5450.36,352,5450.36
4/12/2023,The Rec Room West Edmonton Mall,Edmonton,TRR,11422.38,788,11422.38
4/12/2023,TRR Seasons of Tuxedo,Winnipeg,TRR,9043.64,879,9043.64
4/12/2023,The Rec Room Roundhouse,Toronto,TRR,53728.03,3421,53728.03
4/12/2023,The Rec Room Square One,Mississauga,TRR,8668.43,682,8668.43
4/12/2023,The Rec Room Brentwood,Burnaby,TRR,14777.85,889,14777.85
4/12/2023,Playdium Orion Gate,Brampton,PDM,2380.05,415,2380.05
4/12/2023,The Rec Room London Masonville,London,TRR,4781.66,386,4781.66
4/12/2023,The Rec Room Deerfoot,Calgary,TRR,26665.76,1502,26665.76
4/12/2023,Playdium Whitby,Whitby,PDM,9731.2,883,9731.2
4/12/2023,The Rec Room South Edmonton,Edmonton,TRR,14879.19,733,14879.19
4/12/2023,The Rec Room Avalon Mall,St. John's,TRR,26754.81,1566,26754.81
4/12/2023,The Rec Room Park Place Barrie,Barrie,TRR,4785.92,277,4785.92
4/12/2023,Playdium Dartmouth,Dartmouth,PDM,3038.51,162,3038.51
4/13/2023,The Rec Room Square One,Mississauga,TRR,29891.5,1237,29891.5
4/13/2023,The Rec Room West Edmonton Mall,Edmonton,TRR,13945.94,708,13945.94
4/13/2023,Playdium Orion Gate,Brampton,PDM,5623.52,495,5623.52
4/13/2023,The Rec Room Avalon Mall,St. John's,TRR,32906.32,1802,32906.32
4/13/2023,TRR Seasons of Tuxedo,Winnipeg,TRR,18199.55,1300,18199.55
4/13/2023,The Rec Room Deerfoot,Calgary,TRR,22623.24,1241,22623.24
4/13/2023,The Rec Room Brentwood,Burnaby,TRR,21110.84,1233,21110.84
4/13/2023,Playdium Whitby,Whitby,PDM,4744.13,654,4744.13
4/13/2023,The Rec Room South Edmonton,Edmonton,TRR,16710.57,1186,16710.57
4/13/2023,The Rec Room London Masonville,London,TRR,6001.87,297,6001.87
4/13/2023,Playdium Dartmouth,Dartmouth,PDM,5528.79,194,5528.79
4/13/2023,The Rec Room Park Place Barrie,Barrie,TRR,6687.15,536,6687.15
4/13/2023,The Rec Room Roundhouse,Toronto,TRR,117993.94,4197,117993.94
4/14/2023,TRR Seasons of Tuxedo,Winnipeg,TRR,41193.34,3004,41193.34
4/14/2023,Playdium Dartmouth,Dartmouth,PDM,12786.72,814,12786.72
4/14/2023,Playdium Whitby,Whitby,PDM,11593.17,782,11593.17
4/14/2023,The Rec Room Deerfoot,Calgary,TRR,42969.99,4053,42969.99
4/14/2023,The Rec Room South Edmonton,Edmonton,TRR,32350.14,2943,32350.14
4/14/2023,The Rec Room Roundhouse,Toronto,TRR,81532.95,5910,81532.95
4/14/2023,The Rec Room London Masonville,London,TRR,13569.91,810,13569.91
4/14/2023,The Rec Room Brentwood,Burnaby,TRR,38566.65,2858,38566.65
4/14/2023,The Rec Room Square One,Mississauga,TRR,19586.94,1579,19586.94
4/14/2023,Playdium Orion Gate,Brampton,PDM,10332.25,565,10332.25
4/14/2023,The Rec Room Park Place Barrie,Barrie,TRR,14655.9,1492,14655.9
4/14/2023,The Rec Room West Edmonton Mall,Edmonton,TRR,24990.39,1828,24990.39
4/14/2023,The Rec Room Avalon Mall,St. John's,TRR,40935.71,2420,40935.71
4/15/2023,The Rec Room Roundhouse,Toronto,TRR,107851.22,8136,107851.22
4/15/2023,Playdium Orion Gate,Brampton,PDM,31939.15,2079,31939.15
4/15/2023,Playdium Whitby,Whitby,PDM,31138.55,1912,31138.55
4/15/2023,The Rec Room London Masonville,London,TRR,29382.85,1463,29382.85
4/15/2023,The Rec Room Deerfoot,Calgary,TRR,105464.05,5383,105464.05
4/15/2023,The Rec Room Brentwood,Burnaby,TRR,67164.63,4583,67164.63
4/15/2023,The Rec Room West Edmonton Mall,Edmonton,TRR,47992.6,3074,47992.6
4/15/2023,Playdium Dartmouth,Dartmouth,PDM,34381.73,1560,34381.73
4/15/2023,The Rec Room Avalon Mall,St. John's,TRR,38509.74,2874,38509.74
4/15/2023,TRR Seasons of Tuxedo,Winnipeg,TRR,76230.46,4893,76230.46
4/15/2023,The Rec Room South Edmonton,Edmonton,TRR,75192.98,5177,75192.98
4/15/2023,The Rec Room Square One,Mississauga,TRR,39191.33,2715,39191.33
4/15/2023,The Rec Room Park Place Barrie,Barrie,TRR,38429.71,2735,38429.71
4/16/2023,Playdium Whitby,Whitby,PDM,24329.42,1245,24329.42
4/16/2023,Playdium Orion Gate,Brampton,PDM,18095.41,837,18095.41
4/16/2023,The Rec Room South Edmonton,Edmonton,TRR,64691.84,2295,64691.84
4/16/2023,Playdium Dartmouth,Dartmouth,PDM,23225.15,1088,23225.15
4/16/2023,The Rec Room Deerfoot,Calgary,TRR,59570.46,2177,59570.46
4/16/2023,The Rec Room London Masonville,London,TRR,13789.49,734,13789.49
4/16/2023,TRR Seasons of Tuxedo,Winnipeg,TRR,46612.86,2429,46612.86
4/16/2023,The Rec Room Square One,Mississauga,TRR,39096.61,1201,39096.61
4/16/2023,The Rec Room Brentwood,Burnaby,TRR,85062.04,2880,85062.04
4/16/2023,The Rec Room Roundhouse,Toronto,TRR,95306.32,6102,95306.32
4/16/2023,The Rec Room West Edmonton Mall,Edmonton,TRR,24403.05,910,24403.05
4/16/2023,The Rec Room Park Place Barrie,Barrie,TRR,37126.81,1381,37126.81
4/16/2023,The Rec Room Avalon Mall,St. John's,TRR,24951.77,1458,24951.77
4/17/2023,Playdium Whitby,Whitby,PDM,4024.97,218,4024.97
4/17/2023,The Rec Room South Edmonton,Edmonton,TRR,7625.34,532,7625.34
4/17/2023,Playdium Orion Gate,Brampton,PDM,3692.13,137,3692.13
4/17/2023,TRR Seasons of Tuxedo,Winnipeg,TRR,11435.68,877,11435.68
4/17/2023,The Rec Room Park Place Barrie,Barrie,TRR,6271.75,356,6271.75
4/17/2023,Playdium Dartmouth,Dartmouth,PDM,4473.04,195,4473.04
4/17/2023,The Rec Room Roundhouse,Toronto,TRR,29122.93,1558,29122.93
4/17/2023,The Rec Room West Edmonton Mall,Edmonton,TRR,6500.35,413,6500.35
4/17/2023,The Rec Room Deerfoot,Calgary,TRR,10460.49,489,10460.49
4/17/2023,The Rec Room Brentwood,Burnaby,TRR,17135.79,896,17135.79
4/17/2023,The Rec Room Avalon Mall,St. John's,TRR,6278.13,423,6278.13
4/17/2023,The Rec Room London Masonville,London,TRR,3411.67,212,3411.67
4/17/2023,The Rec Room Square One,Mississauga,TRR,4746.17,404,4746.17
4/18/2023,The Rec Room London Masonville,London,TRR,6288.77,348,6288.77
4/18/2023,The Rec Room Square One,Mississauga,TRR,9634.58,316,9634.58
4/18/2023,The Rec Room Avalon Mall,St. John's,TRR,7016.67,431,7016.67
4/18/2023,The Rec Room Park Place Barrie,Barrie,TRR,7008.9,451,7008.9
4/18/2023,The Rec Room Brentwood,Burnaby,TRR,21543.38,1105,21543.38
4/18/2023,The Rec Room Roundhouse,Toronto,TRR,63448.52,5576,63448.52
4/18/2023,The Rec Room South Edmonton,Edmonton,TRR,14855.45,822,14855.45
4/18/2023,Playdium Whitby,Whitby,PDM,5140.2,774,5140.2
4/18/2023,The Rec Room West Edmonton Mall,Edmonton,TRR,7052.92,756,7052.92
4/18/2023,Playdium Orion Gate,Brampton,PDM,3876.06,99,3876.06
4/18/2023,Playdium Dartmouth,Dartmouth,PDM,3816.83,148,3816.83
4/18/2023,TRR Seasons of Tuxedo,Winnipeg,TRR,10627.63,735,10627.63
4/18/2023,The Rec Room Deerfoot,Calgary,TRR,27065,1517,27065
4/19/2023,Playdium Whitby,Whitby,PDM,3869.97,192,3869.97
4/19/2023,The Rec Room South Edmonton,Edmonton,TRR,9794.32,785,9794.32
4/19/2023,The Rec Room London Masonville,London,TRR,4367.73,201,4367.73
4/19/2023,The Rec Room Avalon Mall,St. John's,TRR,6603.68,457,6603.68
4/19/2023,Playdium Orion Gate,Brampton,PDM,4689.18,289,4689.18
4/19/2023,The Rec Room West Edmonton Mall,Edmonton,TRR,14834.18,1169,14834.18
4/19/2023,The Rec Room Park Place Barrie,Barrie,TRR,11523.86,598,11523.86
4/19/2023,The Rec Room Brentwood,Burnaby,TRR,21114.88,992,21114.88
4/19/2023,The Rec Room Square One,Mississauga,TRR,9858.97,721,9858.97
4/19/2023,The Rec Room Deerfoot,Calgary,TRR,17980.24,1027,17980.24
4/19/2023,TRR Seasons of Tuxedo,Winnipeg,TRR,13904.16,916,13904.16
4/19/2023,The Rec Room Roundhouse,Toronto,TRR,47034.45,2447,47034.45
4/19/2023,Playdium Dartmouth,Dartmouth,PDM,3684.96,156,3684.96
4/20/2023,Playdium Dartmouth,Dartmouth,PDM,4660.51,372,4660.51
4/20/2023,Playdium Orion Gate,Brampton,PDM,3880.35,142,3880.35
4/20/2023,Playdium Whitby,Whitby,PDM,4654.68,289,4654.68
4/20/2023,The Rec Room Avalon Mall,St. John's,TRR,10171.14,697,10171.14
4/20/2023,The Rec Room Brentwood,Burnaby,TRR,17230.29,1172,17230.29
4/20/2023,The Rec Room Deerfoot,Calgary,TRR,23982.35,1569,23982.35
4/20/2023,The Rec Room London Masonville,London,TRR,6029.52,274,6029.52
4/20/2023,The Rec Room Park Place Barrie,Barrie,TRR,9081.16,575,9081.16
4/20/2023,The Rec Room Roundhouse,Toronto,TRR,40197.68,3338,40197.68
4/20/2023,The Rec Room South Edmonton,Edmonton,TRR,23904.06,1181,23904.06
4/20/2023,The Rec Room Square One,Mississauga,TRR,18444.51,944,18444.51
4/20/2023,The Rec Room West Edmonton Mall,Edmonton,TRR,10904.71,705,10904.71
4/20/2023,TRR Seasons of Tuxedo,Winnipeg,TRR,20979.77,1487,20979.77
4/21/2023,The Rec Room Park Place Barrie,Barrie,TRR,19570.39,1864,19570.39
4/21/2023,The Rec Room Roundhouse,Toronto,TRR,61288.1,4166,61288.1
4/21/2023,The Rec Room Square One,Mississauga,TRR,25688.81,1954,25688.81
4/21/2023,The Rec Room Brentwood,Burnaby,TRR,43221.88,3213,43221.88
4/21/2023,The Rec Room London Masonville,London,TRR,15675.79,1383,15675.79
4/21/2023,The Rec Room Deerfoot,Calgary,TRR,37950.23,3501,37950.23
4/21/2023,The Rec Room West Edmonton Mall,Edmonton,TRR,27734.29,2121,27734.29
4/21/2023,Playdium Orion Gate,Brampton,PDM,24149.71,1555,24149.71
4/21/2023,Playdium Whitby,Whitby,PDM,18364.79,953,18364.79
4/21/2023,TRR Seasons of Tuxedo,Winnipeg,TRR,48387.6,3381,48387.6
4/21/2023,The Rec Room Avalon Mall,St. John's,TRR,25972.88,1784,25972.88
4/21/2023,The Rec Room South Edmonton,Edmonton,TRR,23609.02,2323,23609.02
4/21/2023,Playdium Dartmouth,Dartmouth,PDM,14255.03,752,14255.03
4/22/2023,The Rec Room West Edmonton Mall,Edmonton,TRR,44943.92,3111,44943.92
4/22/2023,Playdium Whitby,Whitby,PDM,51837.42,2464,51837.42
4/22/2023,Playdium Orion Gate,Brampton,PDM,47932.41,2529,47932.41
4/22/2023,TRR Seasons of Tuxedo,Winnipeg,TRR,77829.49,4857,77829.49
4/22/2023,The Rec Room Deerfoot,Calgary,TRR,70766.89,4579,70766.89
4/22/2023,The Rec Room Avalon Mall,St. John's,TRR,35210.49,2565,35210.49
4/22/2023,The Rec Room Brentwood,Burnaby,TRR,98546.64,5777,98546.64
4/22/2023,The Rec Room South Edmonton,Edmonton,TRR,61549.69,4258,61549.69
4/22/2023,Playdium Dartmouth,Dartmouth,PDM,37668.41,1597,37668.41
4/22/2023,The Rec Room Roundhouse,Toronto,TRR,93982.31,6759,93982.31
4/22/2023,The Rec Room Park Place Barrie,Barrie,TRR,49885.31,3707,49885.31
4/22/2023,The Rec Room Square One,Mississauga,TRR,57390.5,3348,57390.5
4/22/2023,The Rec Room London Masonville,London,TRR,36889.37,2425,36889.37
4/23/2023,TRR Seasons of Tuxedo,Winnipeg,TRR,52701.39,2966,52701.39
4/23/2023,Playdium Dartmouth,Dartmouth,PDM,19347.26,927,19347.26
4/23/2023,The Rec Room Square One,Mississauga,TRR,61151.7,2139,61151.7
4/23/2023,The Rec Room Avalon Mall,St. John's,TRR,28031.48,1573,28031.48
4/23/2023,Playdium Orion Gate,Brampton,PDM,34390.52,2241,34390.52
4/23/2023,The Rec Room South Edmonton,Edmonton,TRR,66550.33,2028,66550.33
4/23/2023,Playdium Whitby,Whitby,PDM,26955.81,1557,26955.81
4/23/2023,The Rec Room Brentwood,Burnaby,TRR,79615.95,2600,79615.95
4/23/2023,The Rec Room Deerfoot,Calgary,TRR,67372.9,1851,67372.9
4/23/2023,The Rec Room Roundhouse,Toronto,TRR,76872.19,4020,76872.19
4/23/2023,The Rec Room London Masonville,London,TRR,46211.49,1065,46211.49
4/23/2023,The Rec Room Park Place Barrie,Barrie,TRR,49527.42,1499,49527.42
4/23/2023,The Rec Room West Edmonton Mall,Edmonton,TRR,34858.9,1338,34858.9
4/24/2023,The Rec Room London Masonville,London,TRR,5346.41,273,5346.41
4/24/2023,TRR Seasons of Tuxedo,Winnipeg,TRR,8974.75,582,8974.75
4/24/2023,Playdium Orion Gate,Brampton,PDM,4778.87,172,4778.87
4/24/2023,Playdium Dartmouth,Dartmouth,PDM,3519.28,160,3519.28
4/24/2023,The Rec Room West Edmonton Mall,Edmonton,TRR,6952.65,418,6952.65
4/24/2023,The Rec Room Deerfoot,Calgary,TRR,13988.97,767,13988.97
4/24/2023,The Rec Room Avalon Mall,St. John's,TRR,13123.13,665,13123.13
4/24/2023,The Rec Room Brentwood,Burnaby,TRR,18453.08,667,18453.08
4/24/2023,The Rec Room Roundhouse,Toronto,TRR,33097.88,2727,33097.88
4/24/2023,The Rec Room South Edmonton,Edmonton,TRR,22501.36,1117,22501.36
4/24/2023,Playdium Whitby,Whitby,PDM,3721.19,208,3721.19
4/24/2023,The Rec Room Square One,Mississauga,TRR,11764.56,558,11764.56
4/24/2023,The Rec Room Park Place Barrie,Barrie,TRR,7594.15,563,7594.15
4/25/2023,The Rec Room Brentwood,Burnaby,TRR,19401.99,1062,19401.99
4/25/2023,The Rec Room Park Place Barrie,Barrie,TRR,7636.75,434,7636.75
4/25/2023,The Rec Room Deerfoot,Calgary,TRR,11514.35,658,11514.35
4/25/2023,The Rec Room West Edmonton Mall,Edmonton,TRR,5486.9,385,5486.9
4/25/2023,The Rec Room Roundhouse,Toronto,TRR,41129.28,3355,41129.28
4/25/2023,Playdium Dartmouth,Dartmouth,PDM,5829.84,582,5829.84
4/25/2023,TRR Seasons of Tuxedo,Winnipeg,TRR,10459.88,612,10459.88
4/25/2023,Playdium Orion Gate,Brampton,PDM,5824.58,208,5824.58
4/25/2023,The Rec Room Square One,Mississauga,TRR,10655.74,517,10655.74
4/25/2023,The Rec Room London Masonville,London,TRR,6375.87,321,6375.87
4/25/2023,The Rec Room Avalon Mall,St. John's,TRR,10421.14,687,10421.14
4/25/2023,The Rec Room South Edmonton,Edmonton,TRR,17624.39,1089,17624.39
4/25/2023,Playdium Whitby,Whitby,PDM,9046.45,484,9046.45
4/26/2023,The Rec Room Brentwood,Burnaby,TRR,22908.49,1310,22908.49
4/26/2023,Playdium Orion Gate,Brampton,PDM,3279.5,141,3279.5
4/26/2023,The Rec Room West Edmonton Mall,Edmonton,TRR,6329.21,391,6329.21
4/26/2023,The Rec Room Deerfoot,Calgary,TRR,13927.31,795,13927.31
4/26/2023,Playdium Dartmouth,Dartmouth,PDM,7485.53,315,7485.53
4/26/2023,TRR Seasons of Tuxedo,Winnipeg,TRR,16911.31,963,16911.31
4/26/2023,The Rec Room Roundhouse,Toronto,TRR,70361.04,3979,70361.04
4/26/2023,The Rec Room Square One,Mississauga,TRR,24021.4,1304,24021.4
4/26/2023,The Rec Room London Masonville,London,TRR,5741.97,223,5741.97
4/26/2023,The Rec Room Avalon Mall,St. John's,TRR,7797.4,500,7797.4
4/26/2023,Playdium Whitby,Whitby,PDM,3423.71,214,3423.71
4/26/2023,The Rec Room South Edmonton,Edmonton,TRR,9806.49,576,9806.49
4/26/2023,The Rec Room Park Place Barrie,Barrie,TRR,4825.4,343,4825.4
4/27/2023,The Rec Room Square One,Mississauga,TRR,27231.34,1513,27231.34
4/27/2023,Playdium Whitby,Whitby,PDM,3980.42,490,3980.42
4/27/2023,Playdium Orion Gate,Brampton,PDM,3795.34,423,3795.34
4/27/2023,TRR Seasons of Tuxedo,Winnipeg,TRR,15999.49,1001,15999.49
4/27/2023,The Rec Room Deerfoot,Calgary,TRR,23404.33,1484,23404.33
4/27/2023,The Rec Room Avalon Mall,St. John's,TRR,7755.39,543,7755.39
4/27/2023,The Rec Room South Edmonton,Edmonton,TRR,18807.57,949,18807.57
4/27/2023,Playdium Dartmouth,Dartmouth,PDM,5991.97,248,5991.97
4/27/2023,The Rec Room Park Place Barrie,Barrie,TRR,13478.89,856,13478.89
4/27/2023,The Rec Room West Edmonton Mall,Edmonton,TRR,9301.61,605,9301.61
4/27/2023,The Rec Room Brentwood,Burnaby,TRR,21498.93,1178,21498.93
4/27/2023,The Rec Room London Masonville,London,TRR,5558.65,253,5558.65
4/27/2023,The Rec Room Roundhouse,Toronto,TRR,66182.37,4234,66182.37
4/28/2023,The Rec Room Square One,Mississauga,TRR,34221.19,2362,34221.19
4/28/2023,Playdium Orion Gate,Brampton,PDM,14688.69,754,14688.69
4/28/2023,The Rec Room Brentwood,Burnaby,TRR,40941.32,2920,40941.32
4/28/2023,The Rec Room Avalon Mall,St. John's,TRR,25070.43,1708,25070.43
4/28/2023,The Rec Room Roundhouse,Toronto,TRR,74013.87,5634,74013.87
4/28/2023,The Rec Room London Masonville,London,TRR,13982.53,1273,13982.53
4/28/2023,The Rec Room Park Place Barrie,Barrie,TRR,18853.56,1992,18853.56
4/28/2023,Playdium Dartmouth,Dartmouth,PDM,16395.46,907,16395.46
4/28/2023,TRR Seasons of Tuxedo,Winnipeg,TRR,32718.8,2659,32718.8
4/28/2023,The Rec Room West Edmonton Mall,Edmonton,TRR,23053.63,2149,23053.63
4/28/2023,The Rec Room South Edmonton,Edmonton,TRR,48502.73,3808,48502.73
4/28/2023,Playdium Whitby,Whitby,PDM,15984.02,671,15984.02
4/28/2023,The Rec Room Deerfoot,Calgary,TRR,52086.82,3711,52086.82
4/29/2023,Playdium Whitby,Whitby,PDM,44495.22,2106,44495.22
4/29/2023,The Rec Room South Edmonton,Edmonton,TRR,62598.69,4180,62598.69
4/29/2023,Playdium Dartmouth,Dartmouth,PDM,29105.95,1306,29105.95
4/29/2023,The Rec Room London Masonville,London,TRR,33294.71,1975,33294.71
4/29/2023,The Rec Room Park Place Barrie,Barrie,TRR,51200.34,3653,51200.34
4/29/2023,The Rec Room Roundhouse,Toronto,TRR,104609.43,8188,104609.43
4/29/2023,The Rec Room Square One,Mississauga,TRR,64270.23,3727,64270.23
4/29/2023,Playdium Orion Gate,Brampton,PDM,42728.77,2256,42728.77
4/29/2023,The Rec Room West Edmonton Mall,Edmonton,TRR,37919.47,2498,37919.47
4/29/2023,The Rec Room Avalon Mall,St. John's,TRR,34281.06,2767,34281.06
4/29/2023,The Rec Room Deerfoot,Calgary,TRR,55987.82,3873,55987.82
4/29/2023,TRR Seasons of Tuxedo,Winnipeg,TRR,68443.76,4618,68443.76
4/29/2023,The Rec Room Brentwood,Burnaby,TRR,56553.61,3766,56553.61
4/30/2023,The Rec Room Roundhouse,Toronto,TRR,83886.47,4239,83886.47
4/30/2023,The Rec Room London Masonville,London,TRR,44537.33,1153,44537.33
4/30/2023,The Rec Room Brentwood,Burnaby,TRR,52831.97,2142,52831.97
4/30/2023,The Rec Room Square One,Mississauga,TRR,59178.6,2084,59178.6
4/30/2023,Playdium Orion Gate,Brampton,PDM,28561.03,1490,28561.03
4/30/2023,The Rec Room West Edmonton Mall,Edmonton,TRR,26222.65,896,26222.65
4/30/2023,The Rec Room Avalon Mall,St. John's,TRR,26640.41,1635,26640.41
4/30/2023,The Rec Room Park Place Barrie,Barrie,TRR,45827,1459,45827
4/30/2023,Playdium Whitby,Whitby,PDM,27588.74,1655,27588.74
4/30/2023,TRR Seasons of Tuxedo,Winnipeg,TRR,40598.12,2256,40598.12
4/30/2023,Playdium Dartmouth,Dartmouth,PDM,16426.69,988,16426.69
4/30/2023,The Rec Room Deerfoot,Calgary,TRR,59194.71,1473,59194.71
4/30/2023,The Rec Room South Edmonton,Edmonton,TRR,54261.25,1755,54261.25
5/1/2023,The Rec Room West Edmonton Mall,Edmonton,TRR,10516.23,791,10516.23
5/1/2023,The Rec Room Park Place Barrie,Barrie,TRR,6632.26,319,6632.26
5/1/2023,The Rec Room Deerfoot,Calgary,TRR,23010.37,1299,23010.37
5/1/2023,The Rec Room Brentwood,Burnaby,TRR,11037.38,505,11037.38
5/1/2023,Playdium Orion Gate,Brampton,PDM,3869.36,126,3869.36
5/1/2023,The Rec Room Avalon Mall,St. John's,TRR,9563.62,612,9563.62
5/1/2023,TRR Seasons of Tuxedo,Winnipeg,TRR,10841.14,674,10841.14
5/1/2023,The Rec Room Square One,Mississauga,TRR,10698.55,441,10698.55
5/1/2023,The Rec Room South Edmonton,Edmonton,TRR,7159.32,318,7159.32
5/1/2023,Playdium Dartmouth,Dartmouth,PDM,8935.52,443,8935.52
5/1/2023,The Rec Room Roundhouse,Toronto,TRR,21054.3,1983,21054.3
5/1/2023,The Rec Room London Masonville,London,TRR,4932.63,197,4932.63
5/1/2023,Playdium Whitby,Whitby,PDM,3410.22,202,3410.22
5/2/2023,The Rec Room Brentwood,Burnaby,TRR,12015.88,946,12015.88
5/2/2023,The Rec Room Square One,Mississauga,TRR,12774.71,736,12774.71
5/2/2023,The Rec Room West Edmonton Mall,Edmonton,TRR,7810.21,637,7810.21
5/2/2023,The Rec Room Avalon Mall,St. John's,TRR,6205.47,427,6205.47
5/2/2023,Playdium Whitby,Whitby,PDM,4320.96,160,4320.96
5/2/2023,The Rec Room Deerfoot,Calgary,TRR,12905.3,800,12905.3
5/2/2023,The Rec Room Park Place Barrie,Barrie,TRR,3791.38,267,3791.38
5/2/2023,TRR Seasons of Tuxedo,Winnipeg,TRR,10820.3,676,10820.3
5/2/2023,Playdium Orion Gate,Brampton,PDM,5429.63,197,5429.63
5/2/2023,The Rec Room Roundhouse,Toronto,TRR,41272.32,2578,41272.32
5/2/2023,The Rec Room South Edmonton,Edmonton,TRR,8721.59,588,8721.59
5/2/2023,Playdium Dartmouth,Dartmouth,PDM,6742.24,293,6742.24
5/2/2023,The Rec Room London Masonville,London,TRR,5210.67,248,5210.67
5/3/2023,The Rec Room Deerfoot,Calgary,TRR,17661.69,872,17661.69
5/3/2023,Playdium Orion Gate,Brampton,PDM,4609.36,123,4609.36
5/3/2023,The Rec Room London Masonville,London,TRR,5976.53,264,5976.53
5/3/2023,TRR Seasons of Tuxedo,Winnipeg,TRR,12525.13,831,12525.13
5/3/2023,The Rec Room Brentwood,Burnaby,TRR,7889.64,671,7889.64
5/3/2023,The Rec Room West Edmonton Mall,Edmonton,TRR,18520.74,1623,18520.74
5/3/2023,The Rec Room Park Place Barrie,Barrie,TRR,7916.72,466,7916.72
5/3/2023,The Rec Room Square One,Mississauga,TRR,16891.61,735,16891.61
5/3/2023,The Rec Room Roundhouse,Toronto,TRR,47589.47,2602,47589.47
5/3/2023,The Rec Room Avalon Mall,St. John's,TRR,8002.6,620,8002.6
5/3/2023,Playdium Whitby,Whitby,PDM,3086.18,126,3086.18
5/3/2023,Playdium Dartmouth,Dartmouth,PDM,4369.71,199,4369.71
5/3/2023,The Rec Room South Edmonton,Edmonton,TRR,13547.36,872,13547.36
5/4/2023,The Rec Room South Edmonton,Edmonton,TRR,15568.28,972,15568.28
5/4/2023,The Rec Room Roundhouse,Toronto,TRR,40579.56,3076,40579.56
5/4/2023,The Rec Room Avalon Mall,St. John's,TRR,9283.78,582,9283.78
5/4/2023,The Rec Room Brentwood,Burnaby,TRR,23888.36,898,23888.36
5/4/2023,The Rec Room Park Place Barrie,Barrie,TRR,6811.69,457,6811.69
5/4/2023,The Rec Room Square One,Mississauga,TRR,17263.96,926,17263.96
5/4/2023,The Rec Room Deerfoot,Calgary,TRR,14721.9,837,14721.9
5/4/2023,Playdium Dartmouth,Dartmouth,PDM,5238.81,206,5238.81
5/4/2023,The Rec Room London Masonville,London,TRR,6397.88,289,6397.88
5/4/2023,TRR Seasons of Tuxedo,Winnipeg,TRR,22184.12,1460,22184.12
5/4/2023,Playdium Orion Gate,Brampton,PDM,6378.09,396,6378.09
5/4/2023,Playdium Whitby,Whitby,PDM,5756.23,616,5756.23
5/4/2023,The Rec Room West Edmonton Mall,Edmonton,TRR,7692.36,722,7692.36
5/5/2023,Playdium Orion Gate,Brampton,PDM,12294.41,1074,12294.41
5/5/2023,The Rec Room Avalon Mall,St. John's,TRR,21407.08,1588,21407.08
5/5/2023,The Rec Room West Edmonton Mall,Edmonton,TRR,21962.54,1675,21962.54
5/5/2023,The Rec Room Brentwood,Burnaby,TRR,37926.79,2977,37926.79
5/5/2023,TRR Seasons of Tuxedo,Winnipeg,TRR,33406.55,2159,33406.55
5/5/2023,The Rec Room Roundhouse,Toronto,TRR,56640.57,4281,56640.57
5/5/2023,Playdium Dartmouth,Dartmouth,PDM,13721.4,981,13721.4
5/5/2023,The Rec Room Park Place Barrie,Barrie,TRR,14854.7,1387,14854.7
5/5/2023,The Rec Room Square One,Mississauga,TRR,23591.84,1974,23591.84
5/5/2023,The Rec Room London Masonville,London,TRR,10400.5,980,10400.5
5/5/2023,The Rec Room Deerfoot,Calgary,TRR,31715.13,3145,31715.13
5/5/2023,Playdium Whitby,Whitby,PDM,16448.13,929,16448.13
5/5/2023,The Rec Room South Edmonton,Edmonton,TRR,23092.11,1988,23092.11
5/6/2023,The Rec Room Roundhouse,Toronto,TRR,95271.67,6585,95271.67
5/6/2023,The Rec Room Avalon Mall,St. John's,TRR,31887.34,2539,31887.34
5/6/2023,The Rec Room Park Place Barrie,Barrie,TRR,34278.75,2599,34278.75
5/6/2023,Playdium Dartmouth,Dartmouth,PDM,33735.61,1489,33735.61
5/6/2023,The Rec Room Brentwood,Burnaby,TRR,72930.37,4381,72930.37
5/6/2023,The Rec Room South Edmonton,Edmonton,TRR,51165,3582,51165
5/6/2023,The Rec Room London Masonville,London,TRR,31731.86,1827,31731.86
5/6/2023,Playdium Whitby,Whitby,PDM,37500.99,2063,37500.99
5/6/2023,The Rec Room West Edmonton Mall,Edmonton,TRR,36676.05,2576,36676.05
5/6/2023,The Rec Room Deerfoot,Calgary,TRR,72812.76,6197,72812.76
5/6/2023,TRR Seasons of Tuxedo,Winnipeg,TRR,50359.83,3211,50359.83
5/6/2023,The Rec Room Square One,Mississauga,TRR,44280.21,2966,44280.21
5/6/2023,Playdium Orion Gate,Brampton,PDM,31983.23,1882,31983.23
5/7/2023,Playdium Whitby,Whitby,PDM,23458.24,1350,23458.24
5/7/2023,Playdium Orion Gate,Brampton,PDM,32663.74,1899,32663.74
5/7/2023,The Rec Room Square One,Mississauga,TRR,39350.44,1565,39350.44
5/7/2023,The Rec Room South Edmonton,Edmonton,TRR,52256.92,2050,52256.92
5/7/2023,Playdium Dartmouth,Dartmouth,PDM,15822.82,840,15822.82
5/7/2023,TRR Seasons of Tuxedo,Winnipeg,TRR,43566.41,2850,43566.41
5/7/2023,The Rec Room Park Place Barrie,Barrie,TRR,34739.96,1610,34739.96
5/7/2023,The Rec Room Roundhouse,Toronto,TRR,67872.1,3417,67872.1
5/7/2023,The Rec Room Avalon Mall,St. John's,TRR,16361.24,802,16361.24
5/7/2023,The Rec Room London Masonville,London,TRR,27925.91,989,27925.91
5/7/2023,The Rec Room Deerfoot,Calgary,TRR,71703.32,2129,71703.32
5/7/2023,The Rec Room Brentwood,Burnaby,TRR,59773,1980,59773
5/7/2023,The Rec Room West Edmonton Mall,Edmonton,TRR,29773.74,1092,29773.74
5/8/2023,The Rec Room Brentwood,Burnaby,TRR,11709.06,573,11709.06
5/8/2023,The Rec Room South Edmonton,Edmonton,TRR,7085.92,499,7085.92
5/8/2023,Playdium Dartmouth,Dartmouth,PDM,4745.48,185,4745.48
5/8/2023,The Rec Room Square One,Mississauga,TRR,10773.72,591,10773.72
5/8/2023,The Rec Room Park Place Barrie,Barrie,TRR,4280.62,263,4280.62
5/8/2023,The Rec Room Roundhouse,Toronto,TRR,20265.91,1722,20265.91
5/8/2023,The Rec Room London Masonville,London,TRR,4566.05,241,4566.05
5/8/2023,The Rec Room Avalon Mall,St. John's,TRR,6690.77,438,6690.77
5/8/2023,Playdium Whitby,Whitby,PDM,2926.97,174,2926.97
5/8/2023,The Rec Room West Edmonton Mall,Edmonton,TRR,6676.82,442,6676.82
5/8/2023,The Rec Room Deerfoot,Calgary,TRR,12526.1,572,12526.1
5/8/2023,TRR Seasons of Tuxedo,Winnipeg,TRR,10406.54,624,10406.54
5/8/2023,Playdium Orion Gate,Brampton,PDM,2290.5,120,2290.5
5/9/2023,The Rec Room Deerfoot,Calgary,TRR,18309.05,1054,18309.05
5/9/2023,The Rec Room Brentwood,Burnaby,TRR,12534.38,687,12534.38
5/9/2023,The Rec Room Roundhouse,Toronto,TRR,28104.87,2314,28104.87
5/9/2023,The Rec Room Avalon Mall,St. John's,TRR,6622.89,492,6622.89
5/9/2023,The Rec Room West Edmonton Mall,Edmonton,TRR,5957.26,313,5957.26
5/9/2023,The Rec Room Park Place Barrie,Barrie,TRR,5111.25,383,5111.25
5/9/2023,The Rec Room London Masonville,London,TRR,4013.89,243,4013.89
5/9/2023,Playdium Orion Gate,Brampton,PDM,3078.93,163,3078.93
5/9/2023,The Rec Room Square One,Mississauga,TRR,10191.41,534,10191.41
5/9/2023,Playdium Dartmouth,Dartmouth,PDM,3682.44,190,3682.44
5/9/2023,TRR Seasons of Tuxedo,Winnipeg,TRR,9834.24,618,9834.24
5/9/2023,Playdium Whitby,Whitby,PDM,2092.93,142,2092.93
5/9/2023,The Rec Room South Edmonton,Edmonton,TRR,45763.74,1548,45763.74
5/10/2023,The Rec Room Avalon Mall,St. John's,TRR,5985.27,393,5985.27
5/10/2023,Playdium Dartmouth,Dartmouth,PDM,3564.01,166,3564.01
5/10/2023,The Rec Room Roundhouse,Toronto,TRR,57888.64,3320,57888.64
5/10/2023,The Rec Room Brentwood,Burnaby,TRR,13152.95,760,13152.95
5/10/2023,The Rec Room South Edmonton,Edmonton,TRR,13441.78,701,13441.78
5/10/2023,The Rec Room Park Place Barrie,Barrie,TRR,4867.09,289,4867.09
5/10/2023,Playdium Whitby,Whitby,PDM,2305.94,214,2305.94
5/10/2023,The Rec Room Square One,Mississauga,TRR,14664.67,631,14664.67
5/10/2023,Playdium Orion Gate,Brampton,PDM,2406.94,123,2406.94
5/10/2023,TRR Seasons of Tuxedo,Winnipeg,TRR,12063.97,945,12063.97
5/10/2023,The Rec Room London Masonville,London,TRR,3572.15,210,3572.15
5/10/2023,The Rec Room Deerfoot,Calgary,TRR,17002.75,817,17002.75
5/10/2023,The Rec Room West Edmonton Mall,Edmonton,TRR,20663.05,2040,20663.05
5/11/2023,Playdium Dartmouth,Dartmouth,PDM,9490.93,648,9490.93
5/11/2023,Playdium Orion Gate,Brampton,PDM,3281.65,102,3281.65
5/11/2023,Playdium Whitby,Whitby,PDM,3943.2,596,3943.2
5/11/2023,The Rec Room Avalon Mall,St. John's,TRR,7329.22,507,7329.22
5/11/2023,The Rec Room Brentwood,Burnaby,TRR,22782.84,1190,22782.84
5/11/2023,The Rec Room Deerfoot,Calgary,TRR,14494.22,909,14494.22
5/11/2023,The Rec Room London Masonville,London,TRR,4167.29,239,4167.29
5/11/2023,The Rec Room Park Place Barrie,Barrie,TRR,12284.58,1037,12284.58
5/11/2023,The Rec Room Roundhouse,Toronto,TRR,92266.53,4890,92266.53
5/11/2023,The Rec Room South Edmonton,Edmonton,TRR,11487.52,688,11487.52
5/11/2023,The Rec Room Square One,Mississauga,TRR,10084.62,555,10084.62
5/11/2023,The Rec Room West Edmonton Mall,Edmonton,TRR,9939.38,598,9939.38
5/11/2023,TRR Seasons of Tuxedo,Winnipeg,TRR,15679.61,1051,15679.61
5/12/2023,The Rec Room Square One,Mississauga,TRR,15776.87,1316,15776.87
5/12/2023,Playdium Dartmouth,Dartmouth,PDM,13042.26,738,13042.26
5/12/2023,The Rec Room Avalon Mall,St. John's,TRR,15251.23,1060,15251.23
5/12/2023,The Rec Room Deerfoot,Calgary,TRR,21838.02,2230,21838.02
5/12/2023,Playdium Whitby,Whitby,PDM,10499.96,630,10499.96
5/12/2023,The Rec Room Park Place Barrie,Barrie,TRR,11413.95,1118,11413.95
5/12/2023,The Rec Room South Edmonton,Edmonton,TRR,23887.37,2040,23887.37
5/12/2023,The Rec Room Brentwood,Burnaby,TRR,28165.18,2132,28165.18
5/12/2023,The Rec Room Roundhouse,Toronto,TRR,81990.89,6342,81990.89
5/12/2023,Playdium Orion Gate,Brampton,PDM,10289.5,913,10289.5
5/12/2023,The Rec Room West Edmonton Mall,Edmonton,TRR,21162.13,1919,21162.13
5/12/2023,TRR Seasons of Tuxedo,Winnipeg,TRR,29517.64,2046,29517.64
5/12/2023,The Rec Room London Masonville,London,TRR,11111.86,1049,11111.86
5/13/2023,The Rec Room Square One,Mississauga,TRR,38154.18,2647,38154.18
5/13/2023,Playdium Whitby,Whitby,PDM,28503.02,1585,28503.02
5/13/2023,Playdium Orion Gate,Brampton,PDM,21606.25,1411,21606.25
5/13/2023,The Rec Room Deerfoot,Calgary,TRR,48929.74,3599,48929.74
5/13/2023,TRR Seasons of Tuxedo,Winnipeg,TRR,50915.48,3884,50915.48
5/13/2023,The Rec Room London Masonville,London,TRR,21706.42,1422,21706.42
5/13/2023,The Rec Room Roundhouse,Toronto,TRR,101067.41,7683,101067.41
5/13/2023,The Rec Room Avalon Mall,St. John's,TRR,21313.62,1440,21313.62
5/13/2023,The Rec Room Brentwood,Burnaby,TRR,39810.77,2497,39810.77
5/13/2023,The Rec Room West Edmonton Mall,Edmonton,TRR,31528.05,2207,31528.05
5/13/2023,Playdium Dartmouth,Dartmouth,PDM,31588.13,1629,31588.13
5/13/2023,The Rec Room South Edmonton,Edmonton,TRR,44300.33,3522,44300.33
5/13/2023,The Rec Room Park Place Barrie,Barrie,TRR,28114.73,2227,28114.73
5/14/2023,The Rec Room Roundhouse,Toronto,TRR,82662.6,4874,82662.6
5/14/2023,The Rec Room Avalon Mall,St. John's,TRR,18080.21,1354,18080.21
5/14/2023,The Rec Room London Masonville,London,TRR,20517.35,792,20517.35
5/14/2023,The Rec Room West Edmonton Mall,Edmonton,TRR,23355.34,1011,23355.34
5/14/2023,TRR Seasons of Tuxedo,Winnipeg,TRR,23782.01,1691,23782.01
5/14/2023,Playdium Orion Gate,Brampton,PDM,20128.28,778,20128.28
5/14/2023,Playdium Whitby,Whitby,PDM,16326.9,1041,16326.9
5/14/2023,The Rec Room Deerfoot,Calgary,TRR,39371.03,1078,39371.03
5/14/2023,The Rec Room Square One,Mississauga,TRR,33099.01,1456,33099.01
5/14/2023,The Rec Room Brentwood,Burnaby,TRR,31424.21,1465,31424.21
5/14/2023,The Rec Room Park Place Barrie,Barrie,TRR,26418.81,930,26418.81
5/14/2023,The Rec Room South Edmonton,Edmonton,TRR,43234.4,1807,43234.4
5/14/2023,Playdium Dartmouth,Dartmouth,PDM,15460.77,727,15460.77
5/15/2023,Playdium Orion Gate,Brampton,PDM,3774.06,107,3774.06
5/15/2023,The Rec Room Square One,Mississauga,TRR,12653.36,709,12653.36
5/15/2023,The Rec Room Avalon Mall,St. John's,TRR,6811.6,457,6811.6
5/15/2023,TRR Seasons of Tuxedo,Winnipeg,TRR,13562.14,776,13562.14
5/15/2023,The Rec Room West Edmonton Mall,Edmonton,TRR,4897.92,235,4897.92
5/15/2023,The Rec Room Deerfoot,Calgary,TRR,8710.15,441,8710.15
5/15/2023,The Rec Room London Masonville,London,TRR,3948.64,266,3948.64
5/15/2023,The Rec Room Brentwood,Burnaby,TRR,10368.02,474,10368.02
5/15/2023,Playdium Dartmouth,Dartmouth,PDM,4767.77,193,4767.77
5/15/2023,The Rec Room South Edmonton,Edmonton,TRR,8315.94,708,8315.94
5/15/2023,The Rec Room Park Place Barrie,Barrie,TRR,2760.61,183,2760.61
5/15/2023,Playdium Whitby,Whitby,PDM,4204.2,241,4204.2
5/15/2023,The Rec Room Roundhouse,Toronto,TRR,36587.06,2927,36587.06
5/16/2023,Playdium Dartmouth,Dartmouth,PDM,3211.72,140,3211.72
5/16/2023,The Rec Room Park Place Barrie,Barrie,TRR,8402.4,529,8402.4
5/16/2023,TRR Seasons of Tuxedo,Winnipeg,TRR,11126.56,742,11126.56
5/16/2023,The Rec Room Deerfoot,Calgary,TRR,11985.65,680,11985.65
5/16/2023,The Rec Room South Edmonton,Edmonton,TRR,21854.48,998,21854.48
5/16/2023,The Rec Room Roundhouse,Toronto,TRR,62100.88,4162,62100.88
5/16/2023,The Rec Room Brentwood,Burnaby,TRR,12001.55,718,12001.55
5/16/2023,The Rec Room Square One,Mississauga,TRR,13467.93,664,13467.93
5/16/2023,Playdium Orion Gate,Brampton,PDM,3473.61,109,3473.61
5/16/2023,Playdium Whitby,Whitby,PDM,3686.24,382,3686.24
5/16/2023,The Rec Room London Masonville,London,TRR,5328.39,283,5328.39
5/16/2023,The Rec Room Avalon Mall,St. John's,TRR,6017.02,428,6017.02
5/16/2023,The Rec Room West Edmonton Mall,Edmonton,TRR,8315.79,527,8315.79
5/17/2023,Playdium Whitby,Whitby,PDM,5904.02,385,5904.02
5/17/2023,The Rec Room South Edmonton,Edmonton,TRR,12918.52,817,12918.52
5/17/2023,The Rec Room Roundhouse,Toronto,TRR,69572.39,4179,69572.39
5/17/2023,Playdium Dartmouth,Dartmouth,PDM,3429.2,146,3429.2
5/17/2023,The Rec Room London Masonville,London,TRR,5459.5,296,5459.5
5/17/2023,The Rec Room Park Place Barrie,Barrie,TRR,6275.29,443,6275.29
5/17/2023,The Rec Room West Edmonton Mall,Edmonton,TRR,6065.11,332,6065.11
5/17/2023,Playdium Orion Gate,Brampton,PDM,4374.9,169,4374.9
5/17/2023,The Rec Room Brentwood,Burnaby,TRR,19710.28,1072,19710.28
5/17/2023,The Rec Room Deerfoot,Calgary,TRR,16490.35,1101,16490.35
5/17/2023,TRR Seasons of Tuxedo,Winnipeg,TRR,10943.26,833,10943.26
5/17/2023,The Rec Room Square One,Mississauga,TRR,20827.52,1111,20827.52
5/17/2023,The Rec Room Avalon Mall,St. John's,TRR,6323.7,471,6323.7
5/18/2023,Playdium Whitby,Whitby,PDM,3345.2,601,3345.2
5/18/2023,The Rec Room Avalon Mall,St. John's,TRR,6974.44,542,6974.44
5/18/2023,The Rec Room West Edmonton Mall,Edmonton,TRR,7069.68,453,7069.68
5/18/2023,The Rec Room Brentwood,Burnaby,TRR,14572.99,759,14572.99
5/18/2023,The Rec Room Square One,Mississauga,TRR,24392.24,1136,24392.24
5/18/2023,The Rec Room London Masonville,London,TRR,3841.61,149,3841.61
5/18/2023,The Rec Room South Edmonton,Edmonton,TRR,12878.94,1055,12878.94
5/18/2023,Playdium Dartmouth,Dartmouth,PDM,4315.53,170,4315.53
5/18/2023,Playdium Orion Gate,Brampton,PDM,3304.35,145,3304.35
5/18/2023,TRR Seasons of Tuxedo,Winnipeg,TRR,13099.11,866,13099.11
5/18/2023,The Rec Room Roundhouse,Toronto,TRR,42219.3,3508,42219.3
5/18/2023,The Rec Room Deerfoot,Calgary,TRR,16515.8,951,16515.8
5/18/2023,The Rec Room Park Place Barrie,Barrie,TRR,5833.3,389,5833.3
5/19/2023,Playdium Dartmouth,Dartmouth,PDM,13201.64,710,13201.64
5/19/2023,Playdium Orion Gate,Brampton,PDM,9875.03,936,9875.03
5/19/2023,Playdium Whitby,Whitby,PDM,13051.31,646,13051.31
5/19/2023,The Rec Room Avalon Mall,St. John's,TRR,15550.7,1033,15550.7
5/19/2023,The Rec Room Brentwood,Burnaby,TRR,18474.06,1490,18474.06
5/19/2023,The Rec Room Deerfoot,Calgary,TRR,27095.96,2697,27095.96
5/19/2023,The Rec Room London Masonville,London,TRR,19427.88,915,19427.88
5/19/2023,The Rec Room Park Place Barrie,Barrie,TRR,11054.82,1157,11054.82
5/19/2023,The Rec Room Roundhouse,Toronto,TRR,67719.68,5679,67719.68
5/19/2023,The Rec Room South Edmonton,Edmonton,TRR,24062.31,2159,24062.31
5/19/2023,The Rec Room Square One,Mississauga,TRR,19149.79,1572,19149.79
5/19/2023,The Rec Room West Edmonton Mall,Edmonton,TRR,15557.13,1158,15557.13
5/19/2023,TRR Seasons of Tuxedo,Winnipeg,TRR,26424.79,1620,26424.79
5/20/2023,The Rec Room Square One,Mississauga,TRR,45048.08,2777,45048.08
5/20/2023,The Rec Room Brentwood,Burnaby,TRR,45950.45,3077,45950.45
5/20/2023,The Rec Room Avalon Mall,St. John's,TRR,20460.85,1501,20460.85
5/20/2023,Playdium Orion Gate,Brampton,PDM,42080.48,2058,42080.48
5/20/2023,Playdium Whitby,Whitby,PDM,42893.53,2062,42893.53
5/20/2023,The Rec Room West Edmonton Mall,Edmonton,TRR,43211.44,2767,43211.44
5/20/2023,The Rec Room South Edmonton,Edmonton,TRR,61037.06,4082,61037.06
5/20/2023,Playdium Dartmouth,Dartmouth,PDM,30639.52,1414,30639.52
5/20/2023,The Rec Room Roundhouse,Toronto,TRR,101290.51,7893,101290.51
5/20/2023,The Rec Room Deerfoot,Calgary,TRR,54190.96,3717,54190.96
5/20/2023,The Rec Room London Masonville,London,TRR,29710.83,1505,29710.83
5/20/2023,TRR Seasons of Tuxedo,Winnipeg,TRR,47090.95,3686,47090.95
5/20/2023,The Rec Room Park Place Barrie,Barrie,TRR,43036.41,3211,43036.41
5/21/2023,Playdium Whitby,Whitby,PDM,27858.1,1568,27858.1
5/21/2023,Playdium Dartmouth,Dartmouth,PDM,34989.85,1365,34989.85
5/21/2023,The Rec Room Square One,Mississauga,TRR,49900.68,1605,49900.68
5/21/2023,The Rec Room South Edmonton,Edmonton,TRR,79702.12,2479,79702.12
5/21/2023,The Rec Room Brentwood,Burnaby,TRR,59681.83,2332,59681.83
5/21/2023,The Rec Room Avalon Mall,St. John's,TRR,17417.69,836,17417.69
5/21/2023,Playdium Orion Gate,Brampton,PDM,27687.27,1395,27687.27
5/21/2023,The Rec Room West Edmonton Mall,Edmonton,TRR,46821.01,1523,46821.01
5/21/2023,TRR Seasons of Tuxedo,Winnipeg,TRR,39881.21,2443,39881.21
5/21/2023,The Rec Room Park Place Barrie,Barrie,TRR,39757.5,1104,39757.5
5/21/2023,The Rec Room Deerfoot,Calgary,TRR,76288.98,2130,76288.98
5/21/2023,The Rec Room Roundhouse,Toronto,TRR,95023.46,6253,95023.46
5/21/2023,The Rec Room London Masonville,London,TRR,18440.52,525,18440.52
5/22/2023,The Rec Room Brentwood,Burnaby,TRR,36232.13,1450,36232.13
5/22/2023,The Rec Room South Edmonton,Edmonton,TRR,33199.29,1507,33199.29
5/22/2023,Playdium Dartmouth,Dartmouth,PDM,13734.29,585,13734.29
5/22/2023,The Rec Room Avalon Mall,St. John's,TRR,15383.39,980,15383.39
5/22/2023,The Rec Room Deerfoot,Calgary,TRR,33951.24,1423,33951.24
5/22/2023,The Rec Room Roundhouse,Toronto,TRR,46839.37,3339,46839.37
5/22/2023,Playdium Orion Gate,Brampton,PDM,21248.48,1163,21248.48
5/22/2023,The Rec Room West Edmonton Mall,Edmonton,TRR,18029.68,810,18029.68
5/22/2023,The Rec Room Park Place Barrie,Barrie,TRR,8666.17,484,8666.17
5/22/2023,TRR Seasons of Tuxedo,Winnipeg,TRR,17667.06,1066,17667.06
5/22/2023,The Rec Room London Masonville,London,TRR,5122.04,213,5122.04
5/22/2023,Playdium Whitby,Whitby,PDM,16898.1,750,16898.1
5/22/2023,The Rec Room Square One,Mississauga,TRR,24009.26,1023,24009.26
5/23/2023,The Rec Room London Masonville,London,TRR,3675.39,247,3675.39
5/23/2023,The Rec Room West Edmonton Mall,Edmonton,TRR,8307.94,471,8307.94
5/23/2023,The Rec Room Roundhouse,Toronto,TRR,43604.78,1845,43604.78
5/23/2023,The Rec Room Avalon Mall,St. John's,TRR,13211.12,430,13211.12
5/23/2023,The Rec Room Deerfoot,Calgary,TRR,8212.24,471,8212.24
5/23/2023,The Rec Room Park Place Barrie,Barrie,TRR,4285.83,270,4285.83
5/23/2023,The Rec Room Brentwood,Burnaby,TRR,11824.65,678,11824.65
5/23/2023,Playdium Whitby,Whitby,PDM,2467.68,90,2467.68
5/23/2023,Playdium Orion Gate,Brampton,PDM,4540.01,375,4540.01
5/23/2023,The Rec Room South Edmonton,Edmonton,TRR,12440.7,735,12440.7
5/23/2023,TRR Seasons of Tuxedo,Winnipeg,TRR,9727.87,561,9727.87
5/23/2023,Playdium Dartmouth,Dartmouth,PDM,3815.67,217,3815.67
5/23/2023,The Rec Room Square One,Mississauga,TRR,8712.51,464,8712.51
5/24/2023,The Rec Room Avalon Mall,St. John's,TRR,3486.58,306,3486.58
5/24/2023,The Rec Room Roundhouse,Toronto,TRR,34908.45,1963,34908.45
5/24/2023,The Rec Room Park Place Barrie,Barrie,TRR,5895.9,351,5895.9
5/24/2023,The Rec Room South Edmonton,Edmonton,TRR,18463.31,1414,18463.31
5/24/2023,Playdium Dartmouth,Dartmouth,PDM,3306.07,439,3306.07
5/24/2023,The Rec Room Square One,Mississauga,TRR,7633.16,427,7633.16
5/24/2023,The Rec Room Brentwood,Burnaby,TRR,9434.72,552,9434.72
5/24/2023,TRR Seasons of Tuxedo,Winnipeg,TRR,8775.45,577,8775.45
5/24/2023,Playdium Orion Gate,Brampton,PDM,3589.21,126,3589.21
5/24/2023,The Rec Room Deerfoot,Calgary,TRR,11065.09,618,11065.09
5/24/2023,The Rec Room London Masonville,London,TRR,2780.03,134,2780.03
5/24/2023,Playdium Whitby,Whitby,PDM,2472.23,101,2472.23
5/24/2023,The Rec Room West Edmonton Mall,Edmonton,TRR,9153.91,796,9153.91
5/25/2023,The Rec Room Park Place Barrie,Barrie,TRR,9192.05,594,9192.05
5/25/2023,The Rec Room Avalon Mall,St. John's,TRR,6641.18,515,6641.18
5/25/2023,The Rec Room West Edmonton Mall,Edmonton,TRR,9736.7,657,9736.7
5/25/2023,The Rec Room Brentwood,Burnaby,TRR,14654.35,719,14654.35
5/25/2023,The Rec Room South Edmonton,Edmonton,TRR,15385.95,845,15385.95
5/25/2023,The Rec Room Deerfoot,Calgary,TRR,11967.7,756,11967.7
5/25/2023,The Rec Room Roundhouse,Toronto,TRR,4545.45,553,4545.45
5/25/2023,Playdium Whitby,Whitby,PDM,2777.75,684,2777.75
5/25/2023,The Rec Room London Masonville,London,TRR,2951.16,345,2951.16
5/25/2023,Playdium Orion Gate,Brampton,PDM,2613.26,426,2613.26
5/25/2023,Playdium Dartmouth,Dartmouth,PDM,4905.18,224,4905.18
5/25/2023,The Rec Room Square One,Mississauga,TRR,12843.71,632,12843.71
5/25/2023,TRR Seasons of Tuxedo,Winnipeg,TRR,12737.62,923,12737.62
5/26/2023,TRR Seasons of Tuxedo,Winnipeg,TRR,28620.82,2089,28620.82
5/26/2023,The Rec Room London Masonville,London,TRR,15220.63,1418,15220.63
5/26/2023,Playdium Orion Gate,Brampton,PDM,10225.94,582,10225.94
5/26/2023,The Rec Room Deerfoot,Calgary,TRR,30409.89,2757,30409.89
5/26/2023,The Rec Room West Edmonton Mall,Edmonton,TRR,15518.37,1324,15518.37
5/26/2023,The Rec Room Brentwood,Burnaby,TRR,29906.74,2262,29906.74
5/26/2023,The Rec Room South Edmonton,Edmonton,TRR,15014.26,1541,15014.26
5/26/2023,The Rec Room Park Place Barrie,Barrie,TRR,10394.89,1174,10394.89
5/26/2023,Playdium Dartmouth,Dartmouth,PDM,13949.21,598,13949.21
5/26/2023,Playdium Whitby,Whitby,PDM,13046.53,609,13046.53
5/26/2023,The Rec Room Roundhouse,Toronto,TRR,47152.89,3884,47152.89
5/26/2023,The Rec Room Square One,Mississauga,TRR,18934.34,1669,18934.34
5/26/2023,The Rec Room Avalon Mall,St. John's,TRR,18320.86,1371,18320.86
5/27/2023,Playdium Dartmouth,Dartmouth,PDM,26107.1,1272,26107.1
5/27/2023,Playdium Orion Gate,Brampton,PDM,30131.53,1705,30131.53
5/27/2023,Playdium Whitby,Whitby,PDM,25566.88,1680,25566.88
5/27/2023,The Rec Room Avalon Mall,St. John's,TRR,26122.3,1996,26122.3
5/27/2023,The Rec Room Brentwood,Burnaby,TRR,50250.51,2650,50250.51
5/27/2023,The Rec Room Deerfoot,Calgary,TRR,53706.48,3812,53706.48
5/27/2023,The Rec Room London Masonville,London,TRR,19854.17,1527,19854.17
5/27/2023,The Rec Room Park Place Barrie,Barrie,TRR,26047.88,2314,26047.88
5/27/2023,The Rec Room Roundhouse,Toronto,TRR,89586.18,7264,89586.18
5/27/2023,The Rec Room South Edmonton,Edmonton,TRR,43940.33,3256,43940.33
5/27/2023,The Rec Room Square One,Mississauga,TRR,35030.07,2339,35030.07
5/27/2023,The Rec Room West Edmonton Mall,Edmonton,TRR,29601.76,1799,29601.76
5/27/2023,TRR Seasons of Tuxedo,Winnipeg,TRR,42050.32,2821,42050.32
5/28/2023,The Rec Room South Edmonton,Edmonton,TRR,45038.93,1279,45038.93
5/28/2023,The Rec Room Park Place Barrie,Barrie,TRR,9938.93,747,9938.93
5/28/2023,The Rec Room Avalon Mall,St. John's,TRR,13442.55,721,13442.55
5/28/2023,Playdium Whitby,Whitby,PDM,27759.9,1614,27759.9
5/28/2023,The Rec Room Deerfoot,Calgary,TRR,47853.81,1804,47853.81
5/28/2023,The Rec Room Square One,Mississauga,TRR,37823.89,1664,37823.89
5/28/2023,The Rec Room London Masonville,London,TRR,22247.12,544,22247.12
5/28/2023,Playdium Dartmouth,Dartmouth,PDM,13244.17,669,13244.17
5/28/2023,The Rec Room West Edmonton Mall,Edmonton,TRR,22765.62,1034,22765.62
5/28/2023,Playdium Orion Gate,Brampton,PDM,22257.66,1108,22257.66
5/28/2023,TRR Seasons of Tuxedo,Winnipeg,TRR,27176.6,1884,27176.6
5/28/2023,The Rec Room Brentwood,Burnaby,TRR,45436.86,2045,45436.86
5/28/2023,The Rec Room Roundhouse,Toronto,TRR,100934.63,6292,100934.63
5/29/2023,The Rec Room Avalon Mall,St. John's,TRR,6490.34,422,6490.34
5/29/2023,The Rec Room Park Place Barrie,Barrie,TRR,19374.06,199,19374.06
5/29/2023,The Rec Room West Edmonton Mall,Edmonton,TRR,6296.56,384,6296.56
5/29/2023,Playdium Dartmouth,Dartmouth,PDM,3175.2,155,3175.2
5/29/2023,The Rec Room South Edmonton,Edmonton,TRR,6992.23,480,6992.23
5/29/2023,The Rec Room Deerfoot,Calgary,TRR,27177.04,1238,27177.04
5/29/2023,The Rec Room Brentwood,Burnaby,TRR,10120.16,716,10120.16
5/29/2023,The Rec Room Square One,Mississauga,TRR,8872.63,432,8872.63
5/29/2023,TRR Seasons of Tuxedo,Winnipeg,TRR,12637.7,599,12637.7
5/29/2023,Playdium Orion Gate,Brampton,PDM,3352.46,150,3352.46
5/29/2023,Playdium Whitby,Whitby,PDM,2233.48,140,2233.48
5/29/2023,The Rec Room London Masonville,London,TRR,3745.47,185,3745.47
5/29/2023,The Rec Room Roundhouse,Toronto,TRR,19762.76,1923,19762.76
5/30/2023,Playdium Orion Gate,Brampton,PDM,4023.37,204,4023.37
5/30/2023,The Rec Room Roundhouse,Toronto,TRR,53507.27,3059,53507.27
5/30/2023,The Rec Room Avalon Mall,St. John's,TRR,11597.79,524,11597.79
5/30/2023,The Rec Room West Edmonton Mall,Edmonton,TRR,7380.36,617,7380.36
5/30/2023,Playdium Whitby,Whitby,PDM,3116.17,145,3116.17
5/30/2023,TRR Seasons of Tuxedo,Winnipeg,TRR,11444.01,705,11444.01
5/30/2023,The Rec Room South Edmonton,Edmonton,TRR,10484.88,561,10484.88
5/30/2023,The Rec Room Deerfoot,Calgary,TRR,10295.2,562,10295.2
5/30/2023,The Rec Room Park Place Barrie,Barrie,TRR,5214.08,540,5214.08
5/30/2023,Playdium Dartmouth,Dartmouth,PDM,5001.57,187,5001.57
5/30/2023,The Rec Room London Masonville,London,TRR,3919.46,183,3919.46
5/30/2023,The Rec Room Brentwood,Burnaby,TRR,10470.01,601,10470.01
5/30/2023,The Rec Room Square One,Mississauga,TRR,12306.15,724,12306.15
5/31/2023,The Rec Room South Edmonton,Edmonton,TRR,11750.25,725,11750.25
5/31/2023,Playdium Dartmouth,Dartmouth,PDM,5065.16,303,5065.16
5/31/2023,Playdium Whitby,Whitby,PDM,2556.38,128,2556.38
5/31/2023,The Rec Room Roundhouse,Toronto,TRR,54098.28,4200,54098.28
5/31/2023,The Rec Room Avalon Mall,St. John's,TRR,6622.13,504,6622.13
5/31/2023,The Rec Room Brentwood,Burnaby,TRR,14236.04,996,14236.04
5/31/2023,The Rec Room Park Place Barrie,Barrie,TRR,4011.05,267,4011.05
5/31/2023,The Rec Room Deerfoot,Calgary,TRR,17801.21,1108,17801.21
5/31/2023,Playdium Orion Gate,Brampton,PDM,2542.4,98,2542.4
5/31/2023,The Rec Room West Edmonton Mall,Edmonton,TRR,7633.3,413,7633.3
5/31/2023,The Rec Room London Masonville,London,TRR,3633.45,234,3633.45
5/31/2023,The Rec Room Square One,Mississauga,TRR,10352.7,679,10352.7
5/31/2023,TRR Seasons of Tuxedo,Winnipeg,TRR,11361.45,679,11361.45
6/1/2023,Playdium Orion Gate,Brampton,PDM,3870.67,128,3870.67
6/1/2023,The Rec Room London Masonville,London,TRR,5613.61,264,5613.61
6/1/2023,The Rec Room Avalon Mall,St. John's,TRR,9284.8,671,9284.8
6/1/2023,Playdium Dartmouth,Dartmouth,PDM,3337.75,363,3337.75
6/1/2023,The Rec Room Brentwood,Burnaby,TRR,19594.6,1002,19594.6
6/1/2023,The Rec Room West Edmonton Mall,Edmonton,TRR,10107.54,657,10107.54
6/1/2023,The Rec Room Roundhouse,Toronto,TRR,50214.06,4626,50214.06
6/1/2023,Playdium Whitby,Whitby,PDM,4532.9,633,4532.9
6/1/2023,The Rec Room Park Place Barrie,Barrie,TRR,4522.36,368,4522.36
6/1/2023,TRR Seasons of Tuxedo,Winnipeg,TRR,11036.43,693,11036.43
6/1/2023,The Rec Room Square One,Mississauga,TRR,19578.4,935,19578.4
6/1/2023,The Rec Room Deerfoot,Calgary,TRR,14641.33,740,14641.33
6/1/2023,The Rec Room South Edmonton,Edmonton,TRR,15641.12,1047,15641.12
6/2/2023,The Rec Room London Masonville,London,TRR,11561.45,1130,11561.45
6/2/2023,The Rec Room Square One,Mississauga,TRR,11089.54,962,11089.54
6/2/2023,The Rec Room Park Place Barrie,Barrie,TRR,13603.27,1369,13603.27
6/2/2023,The Rec Room West Edmonton Mall,Edmonton,TRR,18960.7,1393,18960.7
6/2/2023,Playdium Orion Gate,Brampton,PDM,8618.09,720,8618.09
6/2/2023,The Rec Room Brentwood,Burnaby,TRR,33944.15,2520,33944.15
6/2/2023,The Rec Room Deerfoot,Calgary,TRR,18057.26,1745,18057.26
6/2/2023,The Rec Room Roundhouse,Toronto,TRR,61425.64,4480,61425.64
6/2/2023,TRR Seasons of Tuxedo,Winnipeg,TRR,28592.19,1914,28592.19
6/2/2023,Playdium Whitby,Whitby,PDM,16516.94,692,16516.94
6/2/2023,The Rec Room Avalon Mall,St. John's,TRR,16024.34,1204,16024.34
6/2/2023,The Rec Room South Edmonton,Edmonton,TRR,24698.48,2337,24698.48
6/2/2023,Playdium Dartmouth,Dartmouth,PDM,9729.91,569,9729.91
6/3/2023,The Rec Room South Edmonton,Edmonton,TRR,48925.84,3127,48925.84
6/3/2023,The Rec Room Square One,Mississauga,TRR,30665.76,2040,30665.76
6/3/2023,Playdium Orion Gate,Brampton,PDM,27448.22,1625,27448.22
6/3/2023,TRR Seasons of Tuxedo,Winnipeg,TRR,37076.68,2713,37076.68
6/3/2023,The Rec Room Brentwood,Burnaby,TRR,48572.64,3332,48572.64
6/3/2023,Playdium Dartmouth,Dartmouth,PDM,42908.51,1727,42908.51
6/3/2023,The Rec Room Deerfoot,Calgary,TRR,47247.97,3723,47247.97
6/3/2023,The Rec Room Roundhouse,Toronto,TRR,79809.93,6157,79809.93
6/3/2023,The Rec Room London Masonville,London,TRR,32844.45,1432,32844.45
6/3/2023,The Rec Room Park Place Barrie,Barrie,TRR,27986.35,2004,27986.35
6/3/2023,Playdium Whitby,Whitby,PDM,25075.06,1788,25075.06
6/3/2023,The Rec Room Avalon Mall,St. John's,TRR,31595.01,2228,31595.01
6/3/2023,The Rec Room West Edmonton Mall,Edmonton,TRR,32932.18,2147,32932.18
6/4/2023,The Rec Room Brentwood,Burnaby,TRR,42177.74,1623,42177.74
6/4/2023,The Rec Room Deerfoot,Calgary,TRR,54933.6,1880,54933.6
6/4/2023,The Rec Room London Masonville,London,TRR,9625.77,437,9625.77
6/4/2023,Playdium Orion Gate,Brampton,PDM,16084.69,720,16084.69
6/4/2023,TRR Seasons of Tuxedo,Winnipeg,TRR,35026.25,2109,35026.25
6/4/2023,The Rec Room Park Place Barrie,Barrie,TRR,20600.37,706,20600.37
6/4/2023,The Rec Room Square One,Mississauga,TRR,38147.35,1575,38147.35
6/4/2023,The Rec Room Avalon Mall,St. John's,TRR,23735.77,934,23735.77
6/4/2023,The Rec Room Roundhouse,Toronto,TRR,57958.69,3737,57958.69
6/4/2023,The Rec Room West Edmonton Mall,Edmonton,TRR,18320.08,902,18320.08
6/4/2023,The Rec Room South Edmonton,Edmonton,TRR,46301.25,1976,46301.25
6/4/2023,Playdium Whitby,Whitby,PDM,26060.92,1313,26060.92
6/4/2023,Playdium Dartmouth,Dartmouth,PDM,23857.94,1105,23857.94
6/5/2023,The Rec Room South Edmonton,Edmonton,TRR,10725.97,474,10725.97
6/5/2023,The Rec Room Brentwood,Burnaby,TRR,19626.7,955,19626.7
6/5/2023,Playdium Whitby,Whitby,PDM,2338.52,137,2338.52
6/5/2023,TRR Seasons of Tuxedo,Winnipeg,TRR,11824.04,709,11824.04
6/5/2023,The Rec Room West Edmonton Mall,Edmonton,TRR,7226.06,612,7226.06
6/5/2023,The Rec Room Square One,Mississauga,TRR,6797.84,437,6797.84
6/5/2023,The Rec Room Avalon Mall,St. John's,TRR,6764.17,423,6764.17
6/5/2023,The Rec Room Park Place Barrie,Barrie,TRR,6488.73,222,6488.73
6/5/2023,The Rec Room Deerfoot,Calgary,TRR,9946.14,522,9946.14
6/5/2023,The Rec Room London Masonville,London,TRR,4390.72,214,4390.72
6/5/2023,The Rec Room Roundhouse,Toronto,TRR,66377.54,5117,66377.54
6/5/2023,Playdium Dartmouth,Dartmouth,PDM,6217.53,242,6217.53
6/5/2023,Playdium Orion Gate,Brampton,PDM,2679.46,101,2679.46
6/6/2023,The Rec Room Brentwood,Burnaby,TRR,12706.01,700,12706.01
6/6/2023,Playdium Orion Gate,Brampton,PDM,2970.51,152,2970.51
6/6/2023,TRR Seasons of Tuxedo,Winnipeg,TRR,10153.97,850,10153.97
6/6/2023,The Rec Room Avalon Mall,St. John's,TRR,10695.53,863,10695.53
6/6/2023,The Rec Room Roundhouse,Toronto,TRR,147096.41,8311,147096.41
6/6/2023,The Rec Room Deerfoot,Calgary,TRR,11347.18,549,11347.18
6/6/2023,The Rec Room Park Place Barrie,Barrie,TRR,6643.05,499,6643.05
6/6/2023,The Rec Room London Masonville,London,TRR,4561.8,221,4561.8
6/6/2023,Playdium Dartmouth,Dartmouth,PDM,6203.78,451,6203.78
6/6/2023,The Rec Room Square One,Mississauga,TRR,16746.64,848,16746.64
6/6/2023,The Rec Room West Edmonton Mall,Edmonton,TRR,6328.66,371,6328.66
6/6/2023,The Rec Room South Edmonton,Edmonton,TRR,8770.09,504,8770.09
6/6/2023,Playdium Whitby,Whitby,PDM,3312.48,142,3312.48
6/7/2023,The Rec Room Avalon Mall,St. John's,TRR,8630.62,452,8630.62
6/7/2023,TRR Seasons of Tuxedo,Winnipeg,TRR,11441.69,754,11441.69
6/7/2023,The Rec Room Brentwood,Burnaby,TRR,16413.36,924,16413.36
6/7/2023,The Rec Room South Edmonton,Edmonton,TRR,9409.18,564,9409.18
6/7/2023,Playdium Whitby,Whitby,PDM,4320.21,256,4320.21
6/7/2023,Playdium Dartmouth,Dartmouth,PDM,16347.11,692,16347.11
6/7/2023,The Rec Room Square One,Mississauga,TRR,23088.08,1082,23088.08
6/7/2023,The Rec Room London Masonville,London,TRR,7840.71,398,7840.71
6/7/2023,The Rec Room West Edmonton Mall,Edmonton,TRR,6099.85,819,6099.85
6/7/2023,Playdium Orion Gate,Brampton,PDM,2648.26,123,2648.26
6/7/2023,The Rec Room Deerfoot,Calgary,TRR,11162.99,796,11162.99
6/7/2023,The Rec Room Roundhouse,Toronto,TRR,58446.36,4690,58446.36
6/7/2023,The Rec Room Park Place Barrie,Barrie,TRR,4784.63,295,4784.63
6/8/2023,The Rec Room Park Place Barrie,Barrie,TRR,9034.69,545,9034.69
6/8/2023,The Rec Room Brentwood,Burnaby,TRR,16197.42,1540,16197.42
6/8/2023,The Rec Room Roundhouse,Toronto,TRR,83417.24,4343,83417.24
6/8/2023,The Rec Room Avalon Mall,St. John's,TRR,9104.67,699,9104.67
6/8/2023,The Rec Room Deerfoot,Calgary,TRR,17625.86,766,17625.86
6/8/2023,The Rec Room London Masonville,London,TRR,5783.79,315,5783.79
6/8/2023,TRR Seasons of Tuxedo,Winnipeg,TRR,12161.19,625,12161.19
6/8/2023,Playdium Orion Gate,Brampton,PDM,9261.39,734,9261.39
6/8/2023,The Rec Room Square One,Mississauga,TRR,15379.59,1154,15379.59
6/8/2023,Playdium Dartmouth,Dartmouth,PDM,5785.74,172,5785.74
6/8/2023,The Rec Room South Edmonton,Edmonton,TRR,13731.83,708,13731.83
6/8/2023,The Rec Room West Edmonton Mall,Edmonton,TRR,7979.98,590,7979.98
6/8/2023,Playdium Whitby,Whitby,PDM,5562.56,297,5562.56
6/9/2023,Playdium Orion Gate,Brampton,PDM,7065.4,548,7065.4
6/9/2023,The Rec Room Deerfoot,Calgary,TRR,28279,2610,28279
6/9/2023,TRR Seasons of Tuxedo,Winnipeg,TRR,18987.92,1557,18987.92
6/9/2023,Playdium Whitby,Whitby,PDM,18022.31,1307,18022.31
6/9/2023,The Rec Room Park Place Barrie,Barrie,TRR,11002.07,1107,11002.07
6/9/2023,The Rec Room Roundhouse,Toronto,TRR,72788.79,5587,72788.79
6/9/2023,The Rec Room London Masonville,London,TRR,13133.17,588,13133.17
6/9/2023,The Rec Room West Edmonton Mall,Edmonton,TRR,17348.41,992,17348.41
6/9/2023,The Rec Room Avalon Mall,St. John's,TRR,17403.1,1150,17403.1
6/9/2023,Playdium Dartmouth,Dartmouth,PDM,14645.4,940,14645.4
6/9/2023,The Rec Room Square One,Mississauga,TRR,24701.39,1978,24701.39
6/9/2023,The Rec Room Brentwood,Burnaby,TRR,49924.68,3168,49924.68
6/9/2023,The Rec Room South Edmonton,Edmonton,TRR,20901.76,1995,20901.76
6/10/2023,Playdium Whitby,Whitby,PDM,31128.25,1907,31128.25
6/10/2023,Playdium Dartmouth,Dartmouth,PDM,31392.53,1582,31392.53
6/10/2023,The Rec Room Square One,Mississauga,TRR,45220.58,2470,45220.58
6/10/2023,TRR Seasons of Tuxedo,Winnipeg,TRR,33910.72,2333,33910.72
6/10/2023,The Rec Room South Edmonton,Edmonton,TRR,44449.95,2887,44449.95
6/10/2023,Playdium Orion Gate,Brampton,PDM,28537.55,1883,28537.55
6/10/2023,The Rec Room London Masonville,London,TRR,13610.92,1237,13610.92
6/10/2023,The Rec Room Roundhouse,Toronto,TRR,112788.89,8415,112788.89
6/10/2023,The Rec Room Deerfoot,Calgary,TRR,64802.63,4115,64802.63
6/10/2023,The Rec Room Avalon Mall,St. John's,TRR,34052.74,2544,34052.74
6/10/2023,The Rec Room West Edmonton Mall,Edmonton,TRR,38778.26,2885,38778.26
6/10/2023,The Rec Room Brentwood,Burnaby,TRR,63763.32,4132,63763.32
6/10/2023,The Rec Room Park Place Barrie,Barrie,TRR,29947.12,2449,29947.12
6/11/2023,The Rec Room West Edmonton Mall,Edmonton,TRR,20353.98,1068,20353.98
6/11/2023,The Rec Room Deerfoot,Calgary,TRR,50017.45,2469,50017.45
6/11/2023,The Rec Room Roundhouse,Toronto,TRR,82835.193,6038,82835.193
6/11/2023,The Rec Room Park Place Barrie,Barrie,TRR,41592.17,1470,41592.17
6/11/2023,Playdium Orion Gate,Brampton,PDM,22296.08,1078,22296.08
6/11/2023,TRR Seasons of Tuxedo,Winnipeg,TRR,21741.67,1179,21741.67
6/11/2023,The Rec Room London Masonville,London,TRR,25062.59,677,25062.59
6/11/2023,The Rec Room Avalon Mall,St. John's,TRR,21570.14,1161,21570.14
6/11/2023,The Rec Room Square One,Mississauga,TRR,39003.61,1532,39003.61
6/11/2023,Playdium Whitby,Whitby,PDM,29380.03,1756,29380.03
6/11/2023,Playdium Dartmouth,Dartmouth,PDM,13069.01,576,13069.01
6/11/2023,The Rec Room Brentwood,Burnaby,TRR,50813.73,1854,50813.73
6/11/2023,The Rec Room South Edmonton,Edmonton,TRR,49689.97,1968,49689.97
6/12/2023,The Rec Room London Masonville,London,TRR,14955.25,721,14955.25
6/12/2023,Playdium Orion Gate,Brampton,PDM,11842,854,11842
6/12/2023,TRR Seasons of Tuxedo,Winnipeg,TRR,7018.56,580,7018.56
6/12/2023,The Rec Room South Edmonton,Edmonton,TRR,8157.45,406,8157.45
6/12/2023,Playdium Dartmouth,Dartmouth,PDM,3560.41,152,3560.41
6/12/2023,The Rec Room Square One,Mississauga,TRR,14279.59,661,14279.59
6/12/2023,The Rec Room Brentwood,Burnaby,TRR,10908.01,753,10908.01
6/12/2023,The Rec Room Roundhouse,Toronto,TRR,64219.96,5039,64219.96
6/12/2023,Playdium Whitby,Whitby,PDM,6760.67,409,6760.67
6/12/2023,The Rec Room Avalon Mall,St. John's,TRR,8210.78,1716,8210.78
6/12/2023,The Rec Room West Edmonton Mall,Edmonton,TRR,8731.98,541,8731.98
6/12/2023,The Rec Room Park Place Barrie,Barrie,TRR,8311.9,484,8311.9
6/12/2023,The Rec Room Deerfoot,Calgary,TRR,10339.78,637,10339.78
6/13/2023,TRR Seasons of Tuxedo,Winnipeg,TRR,14056.67,1045,14056.67
6/13/2023,The Rec Room West Edmonton Mall,Edmonton,TRR,9288.17,560,9288.17
6/13/2023,The Rec Room Brentwood,Burnaby,TRR,30731.6,1412,30731.6
6/13/2023,Playdium Orion Gate,Brampton,PDM,11866.05,1187,11866.05
6/13/2023,The Rec Room London Masonville,London,TRR,7418.86,404,7418.86
6/13/2023,The Rec Room Park Place Barrie,Barrie,TRR,9106.56,566,9106.56
6/13/2023,The Rec Room Roundhouse,Toronto,TRR,61266.38,5074,61266.38
6/13/2023,The Rec Room South Edmonton,Edmonton,TRR,12682.04,862,12682.04
6/13/2023,Playdium Whitby,Whitby,PDM,3395.21,210,3395.21
6/13/2023,The Rec Room Avalon Mall,St. John's,TRR,6907.45,449,6907.45
6/13/2023,The Rec Room Deerfoot,Calgary,TRR,12560.52,807,12560.52
6/13/2023,The Rec Room Square One,Mississauga,TRR,15175.97,917,15175.97
6/13/2023,Playdium Dartmouth,Dartmouth,PDM,7331.57,344,7331.57
6/14/2023,TRR Seasons of Tuxedo,Winnipeg,TRR,32903.97,1575,32903.97
6/14/2023,The Rec Room Brentwood,Burnaby,TRR,16715.78,1084,16715.78
6/14/2023,The Rec Room London Masonville,London,TRR,5089.92,299,5089.92
6/14/2023,Playdium Orion Gate,Brampton,PDM,3556.83,213,3556.83
6/14/2023,The Rec Room Square One,Mississauga,TRR,22365.65,1475,22365.65
6/14/2023,The Rec Room Avalon Mall,St. John's,TRR,5325.53,478,5325.53
6/14/2023,The Rec Room Roundhouse,Toronto,TRR,53501.5,3927,53501.5
6/14/2023,The Rec Room South Edmonton,Edmonton,TRR,11631.64,710,11631.64
6/14/2023,The Rec Room Deerfoot,Calgary,TRR,29307.46,1802,29307.46
6/14/2023,The Rec Room West Edmonton Mall,Edmonton,TRR,8925.68,511,8925.68
6/14/2023,Playdium Whitby,Whitby,PDM,4175.18,538,4175.18
6/14/2023,The Rec Room Park Place Barrie,Barrie,TRR,7672.18,545,7672.18
6/14/2023,Playdium Dartmouth,Dartmouth,PDM,5539.18,351,5539.18
6/15/2023,The Rec Room London Masonville,London,TRR,14111.83,993,14111.83
6/15/2023,Playdium Whitby,Whitby,PDM,6487.53,622,6487.53
6/15/2023,The Rec Room Avalon Mall,St. John's,TRR,6276.69,508,6276.69
6/15/2023,The Rec Room West Edmonton Mall,Edmonton,TRR,15307.33,978,15307.33
6/15/2023,TRR Seasons of Tuxedo,Winnipeg,TRR,16558.53,1130,16558.53
6/15/2023,The Rec Room Roundhouse,Toronto,TRR,44654.1,4257,44654.1
6/15/2023,Playdium Orion Gate,Brampton,PDM,4287.34,322,4287.34
6/15/2023,The Rec Room Square One,Mississauga,TRR,19599.31,997,19599.31
6/15/2023,The Rec Room Brentwood,Burnaby,TRR,22521.75,1130,22521.75
6/15/2023,Playdium Dartmouth,Dartmouth,PDM,5629.17,197,5629.17
6/15/2023,The Rec Room Park Place Barrie,Barrie,TRR,6782.15,455,6782.15
6/15/2023,The Rec Room South Edmonton,Edmonton,TRR,17194.03,1114,17194.03
6/15/2023,The Rec Room Deerfoot,Calgary,TRR,24878.78,1658,24878.78
6/16/2023,The Rec Room Avalon Mall,St. John's,TRR,17647.38,1366,17647.38
6/16/2023,The Rec Room Brentwood,Burnaby,TRR,38439.95,2976,38439.95
6/16/2023,The Rec Room Square One,Mississauga,TRR,20159.83,1464,20159.83
6/16/2023,The Rec Room Roundhouse,Toronto,TRR,120926.51,7917,120926.51
6/16/2023,Playdium Orion Gate,Brampton,PDM,5038.49,350,5038.49
6/16/2023,The Rec Room London Masonville,London,TRR,9094.38,805,9094.38
6/16/2023,The Rec Room Park Place Barrie,Barrie,TRR,17066.97,1790,17066.97
6/16/2023,The Rec Room West Edmonton Mall,Edmonton,TRR,20536.26,1541,20536.26
6/16/2023,The Rec Room South Edmonton,Edmonton,TRR,28503.52,2280,28503.52
6/16/2023,TRR Seasons of Tuxedo,Winnipeg,TRR,36049.22,2636,36049.22
6/16/2023,Playdium Dartmouth,Dartmouth,PDM,13118.55,541,13118.55
6/16/2023,The Rec Room Deerfoot,Calgary,TRR,31372.43,2604,31372.43
6/16/2023,Playdium Whitby,Whitby,PDM,18767.78,1010,18767.78
6/17/2023,The Rec Room Deerfoot,Calgary,TRR,47474,3401,47474
6/17/2023,The Rec Room Brentwood,Burnaby,TRR,40520.82,2589,40520.82
6/17/2023,The Rec Room Park Place Barrie,Barrie,TRR,25535.76,2012,25535.76
6/17/2023,TRR Seasons of Tuxedo,Winnipeg,TRR,48036.4,3335,48036.4
6/17/2023,The Rec Room South Edmonton,Edmonton,TRR,62982,4394,62982
6/17/2023,The Rec Room West Edmonton Mall,Edmonton,TRR,44843.21,2605,44843.21
6/17/2023,Playdium Dartmouth,Dartmouth,PDM,30000.69,1235,30000.69
6/17/2023,The Rec Room Square One,Mississauga,TRR,38187.27,2318,38187.27
6/17/2023,The Rec Room Avalon Mall,St. John's,TRR,25644.23,1954,25644.23
6/17/2023,The Rec Room London Masonville,London,TRR,17671.81,1159,17671.81
6/17/2023,Playdium Whitby,Whitby,PDM,31746.31,1857,31746.31
6/17/2023,Playdium Orion Gate,Brampton,PDM,31420.12,1612,31420.12
6/17/2023,The Rec Room Roundhouse,Toronto,TRR,101776.48,8244,101776.48
6/18/2023,The Rec Room Avalon Mall,St. John's,TRR,18173.37,1078,18173.37
6/18/2023,TRR Seasons of Tuxedo,Winnipeg,TRR,30424.83,1652,30424.83
6/18/2023,The Rec Room Roundhouse,Toronto,TRR,76954.82,4763,76954.82
6/18/2023,The Rec Room Brentwood,Burnaby,TRR,75670.96,3266,75670.96
6/18/2023,The Rec Room West Edmonton Mall,Edmonton,TRR,27938.54,1522,27938.54
6/18/2023,The Rec Room Park Place Barrie,Barrie,TRR,27350.95,1017,27350.95
6/18/2023,Playdium Orion Gate,Brampton,PDM,18244.55,844,18244.55
6/18/2023,The Rec Room Square One,Mississauga,TRR,42503.02,1749,42503.02
6/18/2023,The Rec Room London Masonville,London,TRR,22769.42,644,22769.42
6/18/2023,Playdium Dartmouth,Dartmouth,PDM,19885.76,792,19885.76
6/18/2023,The Rec Room Deerfoot,Calgary,TRR,63031.82,2929,63031.82
6/18/2023,The Rec Room South Edmonton,Edmonton,TRR,73719.01,2709,73719.01
6/18/2023,Playdium Whitby,Whitby,PDM,16577.88,908,16577.88
6/19/2023,The Rec Room West Edmonton Mall,Edmonton,TRR,18353.77,991,18353.77
6/19/2023,Playdium Dartmouth,Dartmouth,PDM,3823.67,163,3823.67
6/19/2023,The Rec Room Park Place Barrie,Barrie,TRR,4182.74,305,4182.74
6/19/2023,The Rec Room Deerfoot,Calgary,TRR,19272.26,1000,19272.26
6/19/2023,The Rec Room London Masonville,London,TRR,4160.11,150,4160.11
6/19/2023,The Rec Room Square One,Mississauga,TRR,17621.31,847,17621.31
6/19/2023,The Rec Room Brentwood,Burnaby,TRR,32001.74,756,32001.74
6/19/2023,Playdium Orion Gate,Brampton,PDM,6398.98,481,6398.98
6/19/2023,The Rec Room Roundhouse,Toronto,TRR,23305.96,2386,23305.96
6/19/2023,TRR Seasons of Tuxedo,Winnipeg,TRR,8630.27,496,8630.27
6/19/2023,The Rec Room Avalon Mall,St. John's,TRR,14278.89,646,14278.89
6/19/2023,The Rec Room South Edmonton,Edmonton,TRR,13205.16,618,13205.16
6/19/2023,Playdium Whitby,Whitby,PDM,6214.14,951,6214.14
6/20/2023,The Rec Room Roundhouse,Toronto,TRR,322335.93,21904,322335.93
6/20/2023,The Rec Room Avalon Mall,St. John's,TRR,11202.38,762,11202.38
6/20/2023,TRR Seasons of Tuxedo,Winnipeg,TRR,13974.62,1094,13974.62
6/20/2023,The Rec Room London Masonville,London,TRR,5358.2,328,5358.2
6/20/2023,The Rec Room Square One,Mississauga,TRR,21419.15,1198,21419.15
6/20/2023,Playdium Orion Gate,Brampton,PDM,10257.96,1116,10257.96
6/20/2023,The Rec Room Park Place Barrie,Barrie,TRR,4936.3,362,4936.3
6/20/2023,The Rec Room Deerfoot,Calgary,TRR,20017.22,917,20017.22
6/20/2023,The Rec Room Brentwood,Burnaby,TRR,20488.87,1107,20488.87
6/20/2023,Playdium Dartmouth,Dartmouth,PDM,4711.8,204,4711.8
6/20/2023,The Rec Room South Edmonton,Edmonton,TRR,21325.85,1325,21325.85
6/20/2023,Playdium Whitby,Whitby,PDM,9154.96,571,9154.96
6/20/2023,The Rec Room West Edmonton Mall,Edmonton,TRR,10950.65,703,10950.65
6/21/2023,TRR Seasons of Tuxedo,Winnipeg,TRR,12127.26,731,12127.26
6/21/2023,The Rec Room London Masonville,London,TRR,8558.57,359,8558.57
6/21/2023,The Rec Room Deerfoot,Calgary,TRR,19414.79,1069,19414.79
6/21/2023,The Rec Room Square One,Mississauga,TRR,17154.52,1031,17154.52
6/21/2023,The Rec Room Park Place Barrie,Barrie,TRR,4774.96,330,4774.96
6/21/2023,The Rec Room West Edmonton Mall,Edmonton,TRR,10950.42,461,10950.42
6/21/2023,The Rec Room Brentwood,Burnaby,TRR,20688,1285,20688
6/21/2023,The Rec Room Roundhouse,Toronto,TRR,57652.92,4179,57652.92
6/21/2023,Playdium Dartmouth,Dartmouth,PDM,5814.65,277,5814.65
6/21/2023,Playdium Orion Gate,Brampton,PDM,12692.28,1597,12692.28
6/21/2023,Playdium Whitby,Whitby,PDM,16140.14,874,16140.14
6/21/2023,The Rec Room South Edmonton,Edmonton,TRR,20608.65,1132,20608.65
6/21/2023,The Rec Room Avalon Mall,St. John's,TRR,5988.98,410,5988.98
6/22/2023,The Rec Room Brentwood,Burnaby,TRR,22695.61,1280,22695.61
6/22/2023,The Rec Room Park Place Barrie,Barrie,TRR,80797.5,6224,80797.5
6/22/2023,The Rec Room Deerfoot,Calgary,TRR,16295.71,929,16295.71
6/22/2023,The Rec Room Roundhouse,Toronto,TRR,53486.55,3809,53486.55
6/22/2023,The Rec Room London Masonville,London,TRR,9008.41,809,9008.41
6/22/2023,The Rec Room Avalon Mall,St. John's,TRR,12433.56,892,12433.56
6/22/2023,Playdium Orion Gate,Brampton,PDM,10485.32,1540,10485.32
6/22/2023,TRR Seasons of Tuxedo,Winnipeg,TRR,17517.26,1304,17517.26
6/22/2023,The Rec Room South Edmonton,Edmonton,TRR,12463.01,898,12463.01
6/22/2023,Playdium Whitby,Whitby,PDM,11556.3,1568,11556.3
6/22/2023,The Rec Room West Edmonton Mall,Edmonton,TRR,7806.88,434,7806.88
6/22/2023,Playdium Dartmouth,Dartmouth,PDM,4166.41,203,4166.41
6/22/2023,The Rec Room Square One,Mississauga,TRR,18521.55,1232,18521.55
6/23/2023,The Rec Room London Masonville,London,TRR,20513.85,1546,20513.85
6/23/2023,The Rec Room Square One,Mississauga,TRR,26490.51,1881,26490.51
6/23/2023,The Rec Room Brentwood,Burnaby,TRR,27637.96,2494,27637.96
6/23/2023,The Rec Room West Edmonton Mall,Edmonton,TRR,12497.18,920,12497.18
6/23/2023,The Rec Room Park Place Barrie,Barrie,TRR,12769.42,1454,12769.42
6/23/2023,The Rec Room Deerfoot,Calgary,TRR,25563.7,2438,25563.7
6/23/2023,The Rec Room Roundhouse,Toronto,TRR,113366.68,7962,113366.68
6/23/2023,The Rec Room Avalon Mall,St. John's,TRR,15229.53,1161,15229.53
6/23/2023,TRR Seasons of Tuxedo,Winnipeg,TRR,29584.29,2378,29584.29
6/23/2023,Playdium Dartmouth,Dartmouth,PDM,10598.97,724,10598.97
6/23/2023,Playdium Orion Gate,Brampton,PDM,11979.24,756,11979.24
6/23/2023,The Rec Room South Edmonton,Edmonton,TRR,24906.86,2196,24906.86
6/23/2023,Playdium Whitby,Whitby,PDM,19157.83,1130,19157.83
6/24/2023,Playdium Whitby,Whitby,PDM,38958.95,1872,38958.95
6/24/2023,The Rec Room South Edmonton,Edmonton,TRR,41206.46,2678,41206.46
6/24/2023,TRR Seasons of Tuxedo,Winnipeg,TRR,45839.57,3509,45839.57
6/24/2023,Playdium Orion Gate,Brampton,PDM,35002.82,1836,35002.82
6/24/2023,Playdium Dartmouth,Dartmouth,PDM,23582.73,1333,23582.73
6/24/2023,The Rec Room Square One,Mississauga,TRR,47616.05,3278,47616.05
6/24/2023,The Rec Room West Edmonton Mall,Edmonton,TRR,29238.62,2054,29238.62
6/24/2023,The Rec Room Park Place Barrie,Barrie,TRR,35174.29,2652,35174.29
6/24/2023,The Rec Room Roundhouse,Toronto,TRR,110359.81,7632,110359.81
6/24/2023,The Rec Room London Masonville,London,TRR,23880.24,1406,23880.24
6/24/2023,The Rec Room Deerfoot,Calgary,TRR,47164.02,3663,47164.02
6/24/2023,The Rec Room Avalon Mall,St. John's,TRR,12786.54,1046,12786.54
6/24/2023,The Rec Room Brentwood,Burnaby,TRR,58527.01,3690,58527.01
6/25/2023,The Rec Room Brentwood,Burnaby,TRR,49905.82,1782,49905.82
6/25/2023,The Rec Room Square One,Mississauga,TRR,45376.82,1871,45376.82
6/25/2023,Playdium Dartmouth,Dartmouth,PDM,18303.7,993,18303.7
6/25/2023,The Rec Room Avalon Mall,St. John's,TRR,15537.26,817,15537.26
6/25/2023,Playdium Whitby,Whitby,PDM,21990.59,1605,21990.59
6/25/2023,The Rec Room South Edmonton,Edmonton,TRR,46782.01,1863,46782.01
6/25/2023,The Rec Room Deerfoot,Calgary,TRR,59941.03,2271,59941.03
6/25/2023,The Rec Room West Edmonton Mall,Edmonton,TRR,27229.65,713,27229.65
6/25/2023,TRR Seasons of Tuxedo,Winnipeg,TRR,37694.84,1840,37694.84
6/25/2023,Playdium Orion Gate,Brampton,PDM,25580.32,945,25580.32
6/25/2023,The Rec Room Park Place Barrie,Barrie,TRR,31952.08,1173,31952.08
6/25/2023,The Rec Room Roundhouse,Toronto,TRR,84574.11,5586,84574.11
6/25/2023,The Rec Room London Masonville,London,TRR,26027.22,875,26027.22
6/26/2023,The Rec Room Avalon Mall,St. John's,TRR,13212.71,801,13212.71
6/26/2023,The Rec Room Roundhouse,Toronto,TRR,44555.25,3251,44555.25
6/26/2023,The Rec Room Brentwood,Burnaby,TRR,14720.17,614,14720.17
6/26/2023,The Rec Room Deerfoot,Calgary,TRR,15430.19,1194,15430.19
6/26/2023,Playdium Orion Gate,Brampton,PDM,13158.59,1288,13158.59
6/26/2023,The Rec Room Park Place Barrie,Barrie,TRR,10253,520,10253
6/26/2023,TRR Seasons of Tuxedo,Winnipeg,TRR,8809.53,773,8809.53
6/26/2023,The Rec Room South Edmonton,Edmonton,TRR,12036.32,586,12036.32
6/26/2023,The Rec Room London Masonville,London,TRR,7888.74,323,7888.74
6/26/2023,The Rec Room Square One,Mississauga,TRR,22579.2,1226,22579.2
6/26/2023,The Rec Room West Edmonton Mall,Edmonton,TRR,6951.14,460,6951.14
6/26/2023,Playdium Dartmouth,Dartmouth,PDM,10941.51,547,10941.51
6/26/2023,Playdium Whitby,Whitby,PDM,14687.59,883,14687.59
6/27/2023,The Rec Room Roundhouse,Toronto,TRR,71952.95,4234,71952.95
6/27/2023,The Rec Room Park Place Barrie,Barrie,TRR,10930.42,605,10930.42
6/27/2023,The Rec Room West Edmonton Mall,Edmonton,TRR,10806.29,671,10806.29
6/27/2023,The Rec Room London Masonville,London,TRR,9575.05,536,9575.05
6/27/2023,The Rec Room Deerfoot,Calgary,TRR,28381.4,1550,28381.4
6/27/2023,The Rec Room Brentwood,Burnaby,TRR,16223.73,794,16223.73
6/27/2023,The Rec Room South Edmonton,Edmonton,TRR,16766.25,1029,16766.25
6/27/2023,Playdium Orion Gate,Brampton,PDM,8976.36,252,8976.36
6/27/2023,TRR Seasons of Tuxedo,Winnipeg,TRR,21625.24,1221,21625.24
6/27/2023,The Rec Room Square One,Mississauga,TRR,17463.13,980,17463.13
6/27/2023,Playdium Whitby,Whitby,PDM,12919.57,777,12919.57
6/27/2023,Playdium Dartmouth,Dartmouth,PDM,8925.91,631,8925.91
6/27/2023,The Rec Room Avalon Mall,St. John's,TRR,12346.42,679,12346.42
6/28/2023,Playdium Dartmouth,Dartmouth,PDM,14898.41,688,14898.41
6/28/2023,Playdium Orion Gate,Brampton,PDM,11244.68,508,11244.68
6/28/2023,Playdium Whitby,Whitby,PDM,10896.11,742,10896.11
6/28/2023,The Rec Room Avalon Mall,St. John's,TRR,8353.97,452,8353.97
6/28/2023,The Rec Room Brentwood,Burnaby,TRR,17263.6,805,17263.6
6/28/2023,The Rec Room Deerfoot,Calgary,TRR,23187.72,1177,23187.72
6/28/2023,The Rec Room London Masonville,London,TRR,9185.96,319,9185.96
6/28/2023,The Rec Room Park Place Barrie,Barrie,TRR,10114.8,564,10114.8
6/28/2023,The Rec Room Roundhouse,Toronto,TRR,83081.5,5591,83081.5
6/28/2023,The Rec Room South Edmonton,Edmonton,TRR,21189.94,1033,21189.94
6/28/2023,The Rec Room Square One,Mississauga,TRR,20411.36,873,20411.36
6/28/2023,The Rec Room West Edmonton Mall,Edmonton,TRR,11116.94,552,11116.94
6/28/2023,TRR Seasons of Tuxedo,Winnipeg,TRR,16929.56,825,16929.56
6/29/2023,The Rec Room South Edmonton,Edmonton,TRR,28459.56,1690,28459.56
6/29/2023,The Rec Room Park Place Barrie,Barrie,TRR,13410.35,977,13410.35
6/29/2023,The Rec Room Roundhouse,Toronto,TRR,76566.62,4962,76566.62
6/29/2023,Playdium Orion Gate,Brampton,PDM,8461.57,327,8461.57
6/29/2023,The Rec Room London Masonville,London,TRR,10224.39,467,10224.39
6/29/2023,TRR Seasons of Tuxedo,Winnipeg,TRR,13917.54,1171,13917.54
6/29/2023,The Rec Room Brentwood,Burnaby,TRR,24604.81,1125,24604.81
6/29/2023,The Rec Room West Edmonton Mall,Edmonton,TRR,18277.47,1039,18277.47
6/29/2023,Playdium Dartmouth,Dartmouth,PDM,19081.1,752,19081.1
6/29/2023,The Rec Room Square One,Mississauga,TRR,10773.65,882,10773.65
6/29/2023,The Rec Room Avalon Mall,St. John's,TRR,9732.3,684,9732.3
6/29/2023,Playdium Whitby,Whitby,PDM,13653.39,822,13653.39
6/29/2023,The Rec Room Deerfoot,Calgary,TRR,27561.47,1762,27561.47
6/30/2023,The Rec Room Avalon Mall,St. John's,TRR,14693.1,876,14693.1
6/30/2023,The Rec Room West Edmonton Mall,Edmonton,TRR,21113.87,1354,21113.87
6/30/2023,The Rec Room Park Place Barrie,Barrie,TRR,13609.48,1229,13609.48
6/30/2023,Playdium Whitby,Whitby,PDM,21275.31,1125,21275.31
6/30/2023,Playdium Dartmouth,Dartmouth,PDM,25593.79,927,25593.79
6/30/2023,The Rec Room London Masonville,London,TRR,11029.26,859,11029.26
6/30/2023,The Rec Room South Edmonton,Edmonton,TRR,34254.61,3164,34254.61
6/30/2023,The Rec Room Deerfoot,Calgary,TRR,25475.87,2303,25475.87
6/30/2023,TRR Seasons of Tuxedo,Winnipeg,TRR,29833.02,1553,29833.02
6/30/2023,Playdium Orion Gate,Brampton,PDM,17286.65,892,17286.65
6/30/2023,The Rec Room Square One,Mississauga,TRR,26672.71,1786,26672.71
6/30/2023,The Rec Room Brentwood,Burnaby,TRR,32618.4,2251,32618.4
6/30/2023,The Rec Room Roundhouse,Toronto,TRR,82613.27,6293,82613.27
7/1/2023,Playdium Orion Gate,Brampton,PDM,22267.05,1054,22267.05
7/1/2023,The Rec Room Roundhouse,Toronto,TRR,109718.19,7683,109718.19
7/1/2023,The Rec Room Park Place Barrie,Barrie,TRR,24221.05,1021,24221.05
7/1/2023,Playdium Whitby,Whitby,PDM,18579.54,810,18579.54
7/1/2023,TRR Seasons of Tuxedo,Winnipeg,TRR,26172.87,1324,26172.87
7/1/2023,The Rec Room London Masonville,London,TRR,18987.68,481,18987.68
7/1/2023,The Rec Room West Edmonton Mall,Edmonton,TRR,32944.18,1800,32944.18
7/1/2023,The Rec Room Brentwood,Burnaby,TRR,39171.19,1825,39171.19
7/1/2023,The Rec Room Deerfoot,Calgary,TRR,43249.15,2193,43249.15
7/1/2023,The Rec Room South Edmonton,Edmonton,TRR,54860.98,3169,54860.98
7/1/2023,The Rec Room Avalon Mall,St. John's,TRR,8166.24,587,8166.24
7/1/2023,Playdium Dartmouth,Dartmouth,PDM,19918.59,730,19918.59
7/1/2023,The Rec Room Square One,Mississauga,TRR,37961.12,1942,37961.12
7/2/2023,Playdium Dartmouth,Dartmouth,PDM,25497.28,1057,25497.28
7/2/2023,The Rec Room South Edmonton,Edmonton,TRR,75729.91,2596,75729.91
7/2/2023,TRR Seasons of Tuxedo,Winnipeg,TRR,26212.93,1711,26212.93
7/2/2023,The Rec Room Deerfoot,Calgary,TRR,59831.51,1778,59831.51
7/2/2023,Playdium Whitby,Whitby,PDM,27512.4,1002,27512.4
7/2/2023,The Rec Room Roundhouse,Toronto,TRR,94769.91,6369,94769.91
7/2/2023,The Rec Room Brentwood,Burnaby,TRR,34820.62,1444,34820.62
7/2/2023,The Rec Room Square One,Mississauga,TRR,59798.4,1850,59798.4
7/2/2023,Playdium Orion Gate,Brampton,PDM,33504.84,1398,33504.84
7/2/2023,The Rec Room Park Place Barrie,Barrie,TRR,32111.63,1176,32111.63
7/2/2023,The Rec Room West Edmonton Mall,Edmonton,TRR,41181.76,1787,41181.76
7/2/2023,The Rec Room Avalon Mall,St. John's,TRR,14144.95,627,14144.95
7/2/2023,The Rec Room London Masonville,London,TRR,33385.32,1137,33385.32
7/3/2023,The Rec Room Roundhouse,Toronto,TRR,89370.8,4390,89370.8
7/3/2023,Playdium Whitby,Whitby,PDM,16311.69,683,16311.69
7/3/2023,Playdium Orion Gate,Brampton,PDM,19923.08,734,19923.08
7/3/2023,The Rec Room London Masonville,London,TRR,18765.26,511,18765.26
7/3/2023,The Rec Room Park Place Barrie,Barrie,TRR,16264.32,728,16264.32
7/3/2023,The Rec Room Deerfoot,Calgary,TRR,37148.99,1610,37148.99
7/3/2023,The Rec Room Brentwood,Burnaby,TRR,39560.81,887,39560.81
7/3/2023,Playdium Dartmouth,Dartmouth,PDM,27820.18,1034,27820.18
7/3/2023,The Rec Room West Edmonton Mall,Edmonton,TRR,26436.98,1080,26436.98
7/3/2023,The Rec Room Avalon Mall,St. John's,TRR,8817.2,396,8817.2
7/3/2023,The Rec Room Square One,Mississauga,TRR,26785.06,1056,26785.06
7/3/2023,TRR Seasons of Tuxedo,Winnipeg,TRR,32889.81,1160,32889.81
7/3/2023,The Rec Room South Edmonton,Edmonton,TRR,36031.52,1537,36031.52
7/4/2023,The Rec Room Square One,Mississauga,TRR,15791.51,514,15791.51
7/4/2023,Playdium Orion Gate,Brampton,PDM,9997.15,478,9997.15
7/4/2023,The Rec Room Roundhouse,Toronto,TRR,36487.19,3354,36487.19
7/4/2023,The Rec Room Avalon Mall,St. John's,TRR,18787.4,1077,18787.4
7/4/2023,The Rec Room London Masonville,London,TRR,7349.46,238,7349.46
7/4/2023,The Rec Room Brentwood,Burnaby,TRR,10273.96,751,10273.96
7/4/2023,The Rec Room Park Place Barrie,Barrie,TRR,9982.52,383,9982.52
7/4/2023,TRR Seasons of Tuxedo,Winnipeg,TRR,14359.49,1103,14359.49
7/4/2023,The Rec Room Deerfoot,Calgary,TRR,24357.05,1107,24357.05
7/4/2023,The Rec Room West Edmonton Mall,Edmonton,TRR,18044.06,806,18044.06
7/4/2023,The Rec Room South Edmonton,Edmonton,TRR,17348.71,858,17348.71
7/4/2023,Playdium Whitby,Whitby,PDM,9445.51,421,9445.51
7/4/2023,Playdium Dartmouth,Dartmouth,PDM,15194.96,536,15194.96
7/5/2023,The Rec Room London Masonville,London,TRR,10905.17,462,10905.17
7/5/2023,The Rec Room Square One,Mississauga,TRR,14686.89,673,14686.89
7/5/2023,The Rec Room Roundhouse,Toronto,TRR,56531.04,3902,56531.04
7/5/2023,The Rec Room Brentwood,Burnaby,TRR,26656.45,629,26656.45
7/5/2023,The Rec Room West Edmonton Mall,Edmonton,TRR,19298.04,973,19298.04
7/5/2023,The Rec Room Deerfoot,Calgary,TRR,24085.11,1132,24085.11
7/5/2023,Playdium Dartmouth,Dartmouth,PDM,15260.25,663,15260.25
7/5/2023,TRR Seasons of Tuxedo,Winnipeg,TRR,18676.34,981,18676.34
7/5/2023,Playdium Orion Gate,Brampton,PDM,12003.32,473,12003.32
7/5/2023,The Rec Room Park Place Barrie,Barrie,TRR,11996.93,629,11996.93
7/5/2023,The Rec Room South Edmonton,Edmonton,TRR,19402.44,828,19402.44
7/5/2023,The Rec Room Avalon Mall,St. John's,TRR,18204.04,794,18204.04
7/5/2023,Playdium Whitby,Whitby,PDM,10684.64,398,10684.64
7/6/2023,The Rec Room Deerfoot,Calgary,TRR,28759.56,1359,28759.56
7/6/2023,Playdium Dartmouth,Dartmouth,PDM,8614.8,322,8614.8
7/6/2023,TRR Seasons of Tuxedo,Winnipeg,TRR,24015.16,1165,24015.16
7/6/2023,The Rec Room West Edmonton Mall,Edmonton,TRR,16652.07,776,16652.07
7/6/2023,Playdium Whitby,Whitby,PDM,14328.4,807,14328.4
7/6/2023,Playdium Orion Gate,Brampton,PDM,14327.03,705,14327.03
7/6/2023,The Rec Room Roundhouse,Toronto,TRR,65554.24,4104,65554.24
7/6/2023,The Rec Room Avalon Mall,St. John's,TRR,13187.46,822,13187.46
7/6/2023,The Rec Room South Edmonton,Edmonton,TRR,20911.28,1087,20911.28
7/6/2023,The Rec Room London Masonville,London,TRR,17127.27,621,17127.27
7/6/2023,The Rec Room Square One,Mississauga,TRR,22455.62,950,22455.62
7/6/2023,The Rec Room Park Place Barrie,Barrie,TRR,17285.39,1009,17285.39
7/6/2023,The Rec Room Brentwood,Burnaby,TRR,21335.3,1036,21335.3
7/7/2023,Playdium Whitby,Whitby,PDM,17659.2,719,17659.2
7/7/2023,Playdium Orion Gate,Brampton,PDM,17223.51,1262,17223.51
7/7/2023,The Rec Room London Masonville,London,TRR,8104.71,627,8104.71
7/7/2023,The Rec Room West Edmonton Mall,Edmonton,TRR,21040.62,1395,21040.62
7/7/2023,The Rec Room Avalon Mall,St. John's,TRR,21049.35,1167,21049.35
7/7/2023,The Rec Room South Edmonton,Edmonton,TRR,21575.68,1895,21575.68
7/7/2023,The Rec Room Square One,Mississauga,TRR,16655.39,1277,16655.39
7/7/2023,The Rec Room Park Place Barrie,Barrie,TRR,13496.1,1292,13496.1
7/7/2023,The Rec Room Brentwood,Burnaby,TRR,28799.03,2016,28799.03
7/7/2023,TRR Seasons of Tuxedo,Winnipeg,TRR,32330.35,2338,32330.35
7/7/2023,The Rec Room Deerfoot,Calgary,TRR,21658.23,1797,21658.23
7/7/2023,Playdium Dartmouth,Dartmouth,PDM,12362.86,702,12362.86
7/7/2023,The Rec Room Roundhouse,Toronto,TRR,78939.38,5647,78939.38
7/8/2023,Playdium Orion Gate,Brampton,PDM,24764.7,1678,24764.7
7/8/2023,Playdium Whitby,Whitby,PDM,29012.47,1650,29012.47
7/8/2023,TRR Seasons of Tuxedo,Winnipeg,TRR,44007.48,2476,44007.48
7/8/2023,The Rec Room Deerfoot,Calgary,TRR,45361.5,2551,45361.5
7/8/2023,The Rec Room Brentwood,Burnaby,TRR,51320.28,2398,51320.28
7/8/2023,The Rec Room Square One,Mississauga,TRR,35092.31,2141,35092.31
7/8/2023,The Rec Room West Edmonton Mall,Edmonton,TRR,28412,1418,28412
7/8/2023,Playdium Dartmouth,Dartmouth,PDM,20589.83,843,20589.83
7/8/2023,The Rec Room Avalon Mall,St. John's,TRR,18926.56,1132,18926.56
7/8/2023,The Rec Room Park Place Barrie,Barrie,TRR,36384.62,2358,36384.62
7/8/2023,The Rec Room Roundhouse,Toronto,TRR,93756.74,7092,93756.74
7/8/2023,The Rec Room South Edmonton,Edmonton,TRR,47726.88,2634,47726.88
7/8/2023,The Rec Room London Masonville,London,TRR,29062.6,1483,29062.6
7/9/2023,The Rec Room Avalon Mall,St. John's,TRR,16656.27,758,16656.27
7/9/2023,TRR Seasons of Tuxedo,Winnipeg,TRR,46669.1,2074,46669.1
7/9/2023,The Rec Room South Edmonton,Edmonton,TRR,39217.9,1372,39217.9
7/9/2023,Playdium Whitby,Whitby,PDM,22287.88,1357,22287.88
7/9/2023,Playdium Orion Gate,Brampton,PDM,41125.56,2430,41125.56
7/9/2023,The Rec Room Square One,Mississauga,TRR,46897.45,1554,46897.45
7/9/2023,Playdium Dartmouth,Dartmouth,PDM,13743.93,623,13743.93
7/9/2023,The Rec Room West Edmonton Mall,Edmonton,TRR,28854.12,1062,28854.12
7/9/2023,The Rec Room Brentwood,Burnaby,TRR,43467.8,1214,43467.8
7/9/2023,The Rec Room London Masonville,London,TRR,31484.19,546,31484.19
7/9/2023,The Rec Room Deerfoot,Calgary,TRR,56912.28,1801,56912.28
7/9/2023,The Rec Room Roundhouse,Toronto,TRR,85142.03,4833,85142.03
7/9/2023,The Rec Room Park Place Barrie,Barrie,TRR,33204.5,902,33204.5
7/10/2023,The Rec Room Square One,Mississauga,TRR,22906.51,1088,22906.51
7/10/2023,The Rec Room West Edmonton Mall,Edmonton,TRR,17380.28,778,17380.28
7/10/2023,The Rec Room South Edmonton,Edmonton,TRR,21366.75,919,21366.75
7/10/2023,The Rec Room Deerfoot,Calgary,TRR,27575.73,1359,27575.73
7/10/2023,TRR Seasons of Tuxedo,Winnipeg,TRR,16664.66,1047,16664.66
7/10/2023,Playdium Dartmouth,Dartmouth,PDM,13305.29,532,13305.29
7/10/2023,Playdium Orion Gate,Brampton,PDM,7867.98,272,7867.98
7/10/2023,Playdium Whitby,Whitby,PDM,11229.9,532,11229.9
7/10/2023,The Rec Room Avalon Mall,St. John's,TRR,15005.43,808,15005.43
7/10/2023,The Rec Room Brentwood,Burnaby,TRR,16881.29,720,16881.29
7/10/2023,The Rec Room Park Place Barrie,Barrie,TRR,8204.7,398,8204.7
7/10/2023,The Rec Room London Masonville,London,TRR,6994.57,264,6994.57
7/10/2023,The Rec Room Roundhouse,Toronto,TRR,29897.58,2755,29897.58
7/11/2023,The Rec Room South Edmonton,Edmonton,TRR,20573.42,940,20573.42
7/11/2023,TRR Seasons of Tuxedo,Winnipeg,TRR,22251.88,1152,22251.88
7/11/2023,The Rec Room London Masonville,London,TRR,11323.58,466,11323.58
7/11/2023,Playdium Orion Gate,Brampton,PDM,10651.36,431,10651.36
7/11/2023,The Rec Room Park Place Barrie,Barrie,TRR,14302.42,792,14302.42
7/11/2023,The Rec Room Brentwood,Burnaby,TRR,17371.03,746,17371.03
7/11/2023,Playdium Dartmouth,Dartmouth,PDM,17203.2,652,17203.2
7/11/2023,The Rec Room Avalon Mall,St. John's,TRR,15687.23,806,15687.23
7/11/2023,Playdium Whitby,Whitby,PDM,10091.16,412,10091.16
7/11/2023,The Rec Room Square One,Mississauga,TRR,16778.4,769,16778.4
7/11/2023,The Rec Room Roundhouse,Toronto,TRR,103892.32,3898,103892.32
7/11/2023,The Rec Room Deerfoot,Calgary,TRR,29021.51,1215,29021.51
7/11/2023,The Rec Room West Edmonton Mall,Edmonton,TRR,18966.01,939,18966.01
7/12/2023,The Rec Room Park Place Barrie,Barrie,TRR,10493.33,471,10493.33
7/12/2023,The Rec Room Brentwood,Burnaby,TRR,20307.04,1043,20307.04
7/12/2023,The Rec Room Roundhouse,Toronto,TRR,84297.22,6019,84297.22
7/12/2023,The Rec Room Avalon Mall,St. John's,TRR,11932.47,620,11932.47
7/12/2023,The Rec Room Deerfoot,Calgary,TRR,29852.17,1458,29852.17
7/12/2023,Playdium Dartmouth,Dartmouth,PDM,8157.56,442,8157.56
7/12/2023,The Rec Room South Edmonton,Edmonton,TRR,22532.28,1025,22532.28
7/12/2023,Playdium Whitby,Whitby,PDM,12718.84,646,12718.84
7/12/2023,The Rec Room Square One,Mississauga,TRR,15884.15,778,15884.15
7/12/2023,The Rec Room West Edmonton Mall,Edmonton,TRR,30141.54,1208,30141.54
7/12/2023,Playdium Orion Gate,Brampton,PDM,9332.7,493,9332.7
7/12/2023,The Rec Room London Masonville,London,TRR,9886,383,9886
7/12/2023,TRR Seasons of Tuxedo,Winnipeg,TRR,27400.29,912,27400.29
7/13/2023,Playdium Dartmouth,Dartmouth,PDM,10961.58,346,10961.58
7/13/2023,Playdium Orion Gate,Brampton,PDM,13908.33,432,13908.33
7/13/2023,Playdium Whitby,Whitby,PDM,14768.08,938,14768.08
7/13/2023,The Rec Room Avalon Mall,St. John's,TRR,10699.56,574,10699.56
7/13/2023,The Rec Room Brentwood,Burnaby,TRR,23500.86,1408,23500.86
7/13/2023,The Rec Room Deerfoot,Calgary,TRR,26680.15,1247,26680.15
7/13/2023,The Rec Room London Masonville,London,TRR,11388.43,433,11388.43
7/13/2023,The Rec Room Park Place Barrie,Barrie,TRR,20345.57,1198,20345.57
7/13/2023,The Rec Room Roundhouse,Toronto,TRR,65277.94,5006,65277.94
7/13/2023,The Rec Room South Edmonton,Edmonton,TRR,29652.55,1282,29652.55
7/13/2023,The Rec Room Square One,Mississauga,TRR,18628.42,831,18628.42
7/13/2023,The Rec Room West Edmonton Mall,Edmonton,TRR,26638.21,1866,26638.21
7/13/2023,TRR Seasons of Tuxedo,Winnipeg,TRR,23382.47,1107,23382.47
7/14/2023,Playdium Orion Gate,Brampton,PDM,12137.6,588,12137.6
7/14/2023,The Rec Room London Masonville,London,TRR,12255.37,933,12255.37
7/14/2023,The Rec Room South Edmonton,Edmonton,TRR,39062.6,3200,39062.6
7/14/2023,The Rec Room West Edmonton Mall,Edmonton,TRR,27263.54,2029,27263.54
7/14/2023,The Rec Room Square One,Mississauga,TRR,20946.98,1952,20946.98
7/14/2023,TRR Seasons of Tuxedo,Winnipeg,TRR,24890.85,1761,24890.85
7/14/2023,The Rec Room Roundhouse,Toronto,TRR,94508.37,7481,94508.37
7/14/2023,Playdium Dartmouth,Dartmouth,PDM,12670.2,532,12670.2
7/14/2023,Playdium Whitby,Whitby,PDM,19994.6,915,19994.6
7/14/2023,The Rec Room Avalon Mall,St. John's,TRR,18686.45,1063,18686.45
7/14/2023,The Rec Room Park Place Barrie,Barrie,TRR,16167.43,1404,16167.43
7/14/2023,The Rec Room Deerfoot,Calgary,TRR,27912.6,2394,27912.6
7/14/2023,The Rec Room Brentwood,Burnaby,TRR,37182.41,2520,37182.41
7/15/2023,The Rec Room Brentwood,Burnaby,TRR,55401.43,2606,55401.43
7/15/2023,The Rec Room London Masonville,London,TRR,33491.61,1955,33491.61
7/15/2023,The Rec Room Roundhouse,Toronto,TRR,114713.39,8253,114713.39
7/15/2023,The Rec Room Avalon Mall,St. John's,TRR,13900.73,849,13900.73
7/15/2023,Playdium Whitby,Whitby,PDM,35276.93,2094,35276.93
7/15/2023,The Rec Room West Edmonton Mall,Edmonton,TRR,44014.57,2314,44014.57
7/15/2023,The Rec Room South Edmonton,Edmonton,TRR,71643.52,4172,71643.52
7/15/2023,The Rec Room Park Place Barrie,Barrie,TRR,56849.08,3259,56849.08
7/15/2023,Playdium Orion Gate,Brampton,PDM,42639.99,1721,42639.99
7/15/2023,Playdium Dartmouth,Dartmouth,PDM,27112.66,1014,27112.66
7/15/2023,TRR Seasons of Tuxedo,Winnipeg,TRR,46925.79,2325,46925.79
7/15/2023,The Rec Room Deerfoot,Calgary,TRR,54658.62,2978,54658.62
7/15/2023,The Rec Room Square One,Mississauga,TRR,64173.24,3419,64173.24
7/16/2023,The Rec Room Brentwood,Burnaby,TRR,56429.92,2857,56429.92
7/16/2023,The Rec Room London Masonville,London,TRR,35464.58,612,35464.58
7/16/2023,The Rec Room Square One,Mississauga,TRR,55784.64,1541,55784.64
7/16/2023,The Rec Room Roundhouse,Toronto,TRR,107906,5753,107906
7/16/2023,The Rec Room West Edmonton Mall,Edmonton,TRR,35831.74,1292,35831.74
7/16/2023,TRR Seasons of Tuxedo,Winnipeg,TRR,51619.21,1943,51619.21
7/16/2023,Playdium Orion Gate,Brampton,PDM,26010.39,1066,26010.39
7/16/2023,Playdium Dartmouth,Dartmouth,PDM,17752.13,736,17752.13
7/16/2023,The Rec Room Avalon Mall,St. John's,TRR,14515.48,710,14515.48
7/16/2023,The Rec Room South Edmonton,Edmonton,TRR,58512.05,1879,58512.05
7/16/2023,The Rec Room Park Place Barrie,Barrie,TRR,33819.94,1326,33819.94
7/16/2023,The Rec Room Deerfoot,Calgary,TRR,70268.49,1600,70268.49
7/16/2023,Playdium Whitby,Whitby,PDM,37155.71,1277,37155.71
7/17/2023,The Rec Room Deerfoot,Calgary,TRR,26692.79,987,26692.79
7/17/2023,The Rec Room Brentwood,Burnaby,TRR,19197.13,737,19197.13
7/17/2023,The Rec Room Square One,Mississauga,TRR,12388.08,451,12388.08
7/17/2023,TRR Seasons of Tuxedo,Winnipeg,TRR,17619.56,1151,17619.56
7/17/2023,Playdium Orion Gate,Brampton,PDM,10800.41,358,10800.41
7/17/2023,The Rec Room West Edmonton Mall,Edmonton,TRR,16551.89,701,16551.89
7/17/2023,The Rec Room Roundhouse,Toronto,TRR,54912.16,3708,54912.16
7/17/2023,The Rec Room London Masonville,London,TRR,9439.38,358,9439.38
7/17/2023,Playdium Dartmouth,Dartmouth,PDM,13205.83,581,13205.83
7/17/2023,The Rec Room South Edmonton,Edmonton,TRR,24708.85,1396,24708.85
7/17/2023,The Rec Room Park Place Barrie,Barrie,TRR,12368.29,704,12368.29
7/17/2023,Playdium Whitby,Whitby,PDM,11669.62,493,11669.62
7/17/2023,The Rec Room Avalon Mall,St. John's,TRR,14150.12,628,14150.12
7/18/2023,Playdium Dartmouth,Dartmouth,PDM,10552.04,392,10552.04
7/18/2023,The Rec Room South Edmonton,Edmonton,TRR,30653.72,1207,30653.72
7/18/2023,The Rec Room Deerfoot,Calgary,TRR,24857.75,1149,24857.75
7/18/2023,Playdium Whitby,Whitby,PDM,12439.47,515,12439.47
7/18/2023,The Rec Room Park Place Barrie,Barrie,TRR,12793.18,761,12793.18
7/18/2023,The Rec Room London Masonville,London,TRR,7990.44,254,7990.44
7/18/2023,The Rec Room Avalon Mall,St. John's,TRR,13449.56,645,13449.56
7/18/2023,TRR Seasons of Tuxedo,Winnipeg,TRR,18682.11,1007,18682.11
7/18/2023,Playdium Orion Gate,Brampton,PDM,11855.07,436,11855.07
7/18/2023,The Rec Room West Edmonton Mall,Edmonton,TRR,21071.36,883,21071.36
7/18/2023,The Rec Room Square One,Mississauga,TRR,18092.58,759,18092.58
7/18/2023,The Rec Room Roundhouse,Toronto,TRR,70476.7,5343,70476.7
7/18/2023,The Rec Room Brentwood,Burnaby,TRR,19025.25,805,19025.25
7/19/2023,The Rec Room Deerfoot,Calgary,TRR,24536.86,1140,24536.86
7/19/2023,The Rec Room Park Place Barrie,Barrie,TRR,14127.78,690,14127.78
7/19/2023,Playdium Dartmouth,Dartmouth,PDM,18742.06,692,18742.06
7/19/2023,The Rec Room Brentwood,Burnaby,TRR,25021.17,1055,25021.17
7/19/2023,The Rec Room West Edmonton Mall,Edmonton,TRR,17644.15,771,17644.15
7/19/2023,The Rec Room Avalon Mall,St. John's,TRR,11929.29,705,11929.29
7/19/2023,TRR Seasons of Tuxedo,Winnipeg,TRR,31322.63,1425,31322.63
7/19/2023,The Rec Room Square One,Mississauga,TRR,15324.88,707,15324.88
7/19/2023,The Rec Room South Edmonton,Edmonton,TRR,23868.78,1027,23868.78
7/19/2023,The Rec Room Roundhouse,Toronto,TRR,107566.57,5179,107566.57
7/19/2023,Playdium Orion Gate,Brampton,PDM,12120.03,616,12120.03
7/19/2023,Playdium Whitby,Whitby,PDM,12746.23,612,12746.23
7/19/2023,The Rec Room London Masonville,London,TRR,5795.59,417,5795.59
7/20/2023,The Rec Room Brentwood,Burnaby,TRR,25957.16,1204,25957.16
7/20/2023,The Rec Room West Edmonton Mall,Edmonton,TRR,17948.72,863,17948.72
7/20/2023,The Rec Room Square One,Mississauga,TRR,22548.78,1021,22548.78
7/20/2023,The Rec Room Avalon Mall,St. John's,TRR,17181.69,979,17181.69
7/20/2023,The Rec Room Park Place Barrie,Barrie,TRR,14550,801,14550
7/20/2023,The Rec Room London Masonville,London,TRR,6156.16,423,6156.16
7/20/2023,Playdium Orion Gate,Brampton,PDM,13582.13,609,13582.13
7/20/2023,The Rec Room Roundhouse,Toronto,TRR,90275.95,6007,90275.95
7/20/2023,Playdium Dartmouth,Dartmouth,PDM,13655.62,748,13655.62
7/20/2023,The Rec Room South Edmonton,Edmonton,TRR,25778.38,1275,25778.38
7/20/2023,The Rec Room Deerfoot,Calgary,TRR,24046.89,1324,24046.89
7/20/2023,TRR Seasons of Tuxedo,Winnipeg,TRR,21569.99,1154,21569.99
7/20/2023,Playdium Whitby,Whitby,PDM,16063.8,1107,16063.8
7/21/2023,Playdium Orion Gate,Brampton,PDM,21793.29,1299,21793.29
7/21/2023,The Rec Room Park Place Barrie,Barrie,TRR,25458.58,1841,25458.58
7/21/2023,TRR Seasons of Tuxedo,Winnipeg,TRR,33953.18,2056,33953.18
7/21/2023,The Rec Room Avalon Mall,St. John's,TRR,23527,1317,23527
7/21/2023,The Rec Room Deerfoot,Calgary,TRR,30578.4,2608,30578.4
7/21/2023,The Rec Room London Masonville,London,TRR,20046.57,805,20046.57
7/21/2023,Playdium Dartmouth,Dartmouth,PDM,23198.1,908,23198.1
7/21/2023,The Rec Room West Edmonton Mall,Edmonton,TRR,22216.23,1733,22216.23
7/21/2023,The Rec Room Brentwood,Burnaby,TRR,33664.41,2184,33664.41
7/21/2023,The Rec Room Square One,Mississauga,TRR,20039.83,1574,20039.83
7/21/2023,The Rec Room Roundhouse,Toronto,TRR,77303.32,5098,77303.32
7/21/2023,The Rec Room South Edmonton,Edmonton,TRR,21570.41,1765,21570.41
7/21/2023,Playdium Whitby,Whitby,PDM,22026.59,798,22026.59
7/22/2023,Playdium Orion Gate,Brampton,PDM,32620.62,1658,32620.62
7/22/2023,Playdium Whitby,Whitby,PDM,37022.75,1777,37022.75
7/22/2023,The Rec Room West Edmonton Mall,Edmonton,TRR,38141.23,2077,38141.23
7/22/2023,The Rec Room Park Place Barrie,Barrie,TRR,35297.7,2169,35297.7
7/22/2023,The Rec Room Deerfoot,Calgary,TRR,55737.72,3202,55737.72
7/22/2023,Playdium Dartmouth,Dartmouth,PDM,27545.9,1399,27545.9
7/22/2023,TRR Seasons of Tuxedo,Winnipeg,TRR,43918.05,2230,43918.05
7/22/2023,The Rec Room Avalon Mall,St. John's,TRR,30375.49,2194,30375.49
7/22/2023,The Rec Room Brentwood,Burnaby,TRR,49124.37,2184,49124.37
7/22/2023,The Rec Room South Edmonton,Edmonton,TRR,45706.71,2893,45706.71
7/22/2023,The Rec Room London Masonville,London,TRR,19398.46,1094,19398.46
7/22/2023,The Rec Room Square One,Mississauga,TRR,40159.96,2339,40159.96
7/22/2023,The Rec Room Roundhouse,Toronto,TRR,89687.45,6430,89687.45
7/23/2023,Playdium Orion Gate,Brampton,PDM,26568.09,1003,26568.09
7/23/2023,The Rec Room London Masonville,London,TRR,22560.02,564,22560.02
7/23/2023,The Rec Room Avalon Mall,St. John's,TRR,22521.37,833,22521.37
7/23/2023,The Rec Room Square One,Mississauga,TRR,46266.94,1369,46266.94
7/23/2023,The Rec Room Brentwood,Burnaby,TRR,48237.91,1418,48237.91
7/23/2023,The Rec Room West Edmonton Mall,Edmonton,TRR,29341.08,1130,29341.08
7/23/2023,The Rec Room Park Place Barrie,Barrie,TRR,24346.39,1112,24346.39
7/23/2023,TRR Seasons of Tuxedo,Winnipeg,TRR,35009.77,1582,35009.77
7/23/2023,Playdium Dartmouth,Dartmouth,PDM,29372.92,754,29372.92
7/23/2023,The Rec Room Deerfoot,Calgary,TRR,53202.53,1521,53202.53
7/23/2023,The Rec Room Roundhouse,Toronto,TRR,75862.5,3877,75862.5
7/23/2023,Playdium Whitby,Whitby,PDM,23481.51,1152,23481.51
7/23/2023,The Rec Room South Edmonton,Edmonton,TRR,48829.83,1497,48829.83
7/24/2023,The Rec Room Square One,Mississauga,TRR,14217.39,584,14217.39
7/24/2023,The Rec Room Deerfoot,Calgary,TRR,22643.63,966,22643.63
7/24/2023,The Rec Room West Edmonton Mall,Edmonton,TRR,18224.03,816,18224.03
7/24/2023,Playdium Whitby,Whitby,PDM,15940.74,611,15940.74
7/24/2023,Playdium Orion Gate,Brampton,PDM,15175.72,604,15175.72
7/24/2023,TRR Seasons of Tuxedo,Winnipeg,TRR,21612.36,816,21612.36
7/24/2023,The Rec Room South Edmonton,Edmonton,TRR,21578.04,1021,21578.04
7/24/2023,The Rec Room London Masonville,London,TRR,9398.47,353,9398.47
7/24/2023,Playdium Dartmouth,Dartmouth,PDM,8683.58,334,8683.58
7/24/2023,The Rec Room Brentwood,Burnaby,TRR,31216.06,1201,31216.06
7/24/2023,The Rec Room Avalon Mall,St. John's,TRR,19211.6,984,19211.6
7/24/2023,The Rec Room Roundhouse,Toronto,TRR,76408.31,5765,76408.31
7/24/2023,The Rec Room Park Place Barrie,Barrie,TRR,13920.97,769,13920.97
7/25/2023,The Rec Room West Edmonton Mall,Edmonton,TRR,16558.78,739,16558.78
7/25/2023,The Rec Room London Masonville,London,TRR,10385.01,297,10385.01
7/25/2023,The Rec Room Deerfoot,Calgary,TRR,23281.03,1173,23281.03
7/25/2023,The Rec Room Brentwood,Burnaby,TRR,30295.59,1156,30295.59
7/25/2023,The Rec Room Roundhouse,Toronto,TRR,71103.97,4978,71103.97
7/25/2023,The Rec Room Avalon Mall,St. John's,TRR,15439.75,862,15439.75
7/25/2023,The Rec Room South Edmonton,Edmonton,TRR,19066.86,835,19066.86
7/25/2023,The Rec Room Square One,Mississauga,TRR,18443.76,925,18443.76
7/25/2023,TRR Seasons of Tuxedo,Winnipeg,TRR,31335.61,1782,31335.61
7/25/2023,Playdium Dartmouth,Dartmouth,PDM,10496.95,377,10496.95
7/25/2023,The Rec Room Park Place Barrie,Barrie,TRR,13104.36,794,13104.36
7/25/2023,Playdium Whitby,Whitby,PDM,19323.94,996,19323.94
7/25/2023,Playdium Orion Gate,Brampton,PDM,18878.61,774,18878.61
7/26/2023,Playdium Orion Gate,Brampton,PDM,11050.68,847,11050.68
7/26/2023,The Rec Room Deerfoot,Calgary,TRR,20974.22,1042,20974.22
7/26/2023,TRR Seasons of Tuxedo,Winnipeg,TRR,32184.91,979,32184.91
7/26/2023,The Rec Room West Edmonton Mall,Edmonton,TRR,27931.94,1294,27931.94
7/26/2023,The Rec Room Square One,Mississauga,TRR,21497.37,938,21497.37
7/26/2023,The Rec Room Roundhouse,Toronto,TRR,56863.12,4131,56863.12
7/26/2023,The Rec Room London Masonville,London,TRR,8557.54,375,8557.54
7/26/2023,Playdium Whitby,Whitby,PDM,14038.22,921,14038.22
7/26/2023,The Rec Room Park Place Barrie,Barrie,TRR,11390.02,663,11390.02
7/26/2023,Playdium Dartmouth,Dartmouth,PDM,13659.91,699,13659.91
7/26/2023,The Rec Room South Edmonton,Edmonton,TRR,32061.42,1539,32061.42
7/26/2023,The Rec Room Avalon Mall,St. John's,TRR,15756.9,919,15756.9
7/26/2023,The Rec Room Brentwood,Burnaby,TRR,21832.57,1044,21832.57
7/27/2023,The Rec Room Deerfoot,Calgary,TRR,25556.8,1129,25556.8
7/27/2023,The Rec Room Brentwood,Burnaby,TRR,25818.35,1131,25818.35
7/27/2023,The Rec Room Roundhouse,Toronto,TRR,97061.21,5923,97061.21
7/27/2023,The Rec Room Park Place Barrie,Barrie,TRR,25417.84,1889,25417.84
7/27/2023,The Rec Room West Edmonton Mall,Edmonton,TRR,21349.59,1038,21349.59
7/27/2023,The Rec Room London Masonville,London,TRR,9662.82,299,9662.82
7/27/2023,The Rec Room Square One,Mississauga,TRR,19233.61,997,19233.61
7/27/2023,TRR Seasons of Tuxedo,Winnipeg,TRR,18625.21,1382,18625.21
7/27/2023,Playdium Dartmouth,Dartmouth,PDM,11374.81,497,11374.81
7/27/2023,Playdium Orion Gate,Brampton,PDM,12227.55,903,12227.55
7/27/2023,The Rec Room Avalon Mall,St. John's,TRR,16550.46,832,16550.46
7/27/2023,Playdium Whitby,Whitby,PDM,18896.78,1163,18896.78
7/27/2023,The Rec Room South Edmonton,Edmonton,TRR,30348.35,1527,30348.35
7/28/2023,The Rec Room West Edmonton Mall,Edmonton,TRR,25324.06,1584,25324.06
7/28/2023,The Rec Room Deerfoot,Calgary,TRR,41249.84,3149,41249.84
7/28/2023,Playdium Whitby,Whitby,PDM,24690.52,1083,24690.52
7/28/2023,TRR Seasons of Tuxedo,Winnipeg,TRR,33027.93,2200,33027.93
7/28/2023,The Rec Room London Masonville,London,TRR,12133.13,974,12133.13
7/28/2023,Playdium Orion Gate,Brampton,PDM,14719.77,754,14719.77
7/28/2023,The Rec Room Square One,Mississauga,TRR,24850.76,1929,24850.76
7/28/2023,The Rec Room Roundhouse,Toronto,TRR,112154.06,8615,112154.06
7/28/2023,The Rec Room Brentwood,Burnaby,TRR,35480.5,2355,35480.5
7/28/2023,The Rec Room Park Place Barrie,Barrie,TRR,19885.82,1412,19885.82
7/28/2023,Playdium Dartmouth,Dartmouth,PDM,16635.99,641,16635.99
7/28/2023,The Rec Room South Edmonton,Edmonton,TRR,35406.14,2810,35406.14
7/28/2023,The Rec Room Avalon Mall,St. John's,TRR,31129.28,1670,31129.28
7/29/2023,The Rec Room South Edmonton,Edmonton,TRR,50793.56,3061,50793.56
7/29/2023,Playdium Orion Gate,Brampton,PDM,26377.58,1450,26377.58
7/29/2023,The Rec Room Square One,Mississauga,TRR,48466.25,2913,48466.25
7/29/2023,The Rec Room Avalon Mall,St. John's,TRR,21308.45,1501,21308.45
7/29/2023,TRR Seasons of Tuxedo,Winnipeg,TRR,46904.02,3432,46904.02
7/29/2023,Playdium Dartmouth,Dartmouth,PDM,24882.67,986,24882.67
7/29/2023,The Rec Room London Masonville,London,TRR,28677.1,1357,28677.1
7/29/2023,The Rec Room Brentwood,Burnaby,TRR,48792.92,2484,48792.92
7/29/2023,Playdium Whitby,Whitby,PDM,41067.26,2001,41067.26
7/29/2023,The Rec Room Deerfoot,Calgary,TRR,63165.86,3257,63165.86
7/29/2023,The Rec Room West Edmonton Mall,Edmonton,TRR,35654.62,1955,35654.62
7/29/2023,The Rec Room Roundhouse,Toronto,TRR,121813.9,9421,121813.9
7/29/2023,The Rec Room Park Place Barrie,Barrie,TRR,43212.22,2596,43212.22
7/30/2023,The Rec Room Square One,Mississauga,TRR,62032.13,2235,62032.13
7/30/2023,The Rec Room West Edmonton Mall,Edmonton,TRR,20833.9,1097,20833.9
7/30/2023,The Rec Room Deerfoot,Calgary,TRR,63292.95,1975,63292.95
7/30/2023,TRR Seasons of Tuxedo,Winnipeg,TRR,37590.61,1889,37590.61
7/30/2023,Playdium Dartmouth,Dartmouth,PDM,17444.65,705,17444.65
7/30/2023,The Rec Room Roundhouse,Toronto,TRR,99106.1,6089,99106.1
7/30/2023,The Rec Room London Masonville,London,TRR,39143.93,782,39143.93
7/30/2023,The Rec Room South Edmonton,Edmonton,TRR,55057.53,1693,55057.53
7/30/2023,Playdium Orion Gate,Brampton,PDM,16529.35,892,16529.35
7/30/2023,The Rec Room Brentwood,Burnaby,TRR,48440.41,1282,48440.41
7/30/2023,The Rec Room Park Place Barrie,Barrie,TRR,30322.19,1260,30322.19
7/30/2023,Playdium Whitby,Whitby,PDM,26663.26,1102,26663.26
7/30/2023,The Rec Room Avalon Mall,St. John's,TRR,39144.08,1808,39144.08
7/31/2023,The Rec Room South Edmonton,Edmonton,TRR,18352.33,1011,18352.33
7/31/2023,The Rec Room Park Place Barrie,Barrie,TRR,10653.76,540,10653.76
7/31/2023,The Rec Room West Edmonton Mall,Edmonton,TRR,15856.33,724,15856.33
7/31/2023,The Rec Room Roundhouse,Toronto,TRR,67856.95,5164,67856.95
7/31/2023,The Rec Room Avalon Mall,St. John's,TRR,16575.46,802,16575.46
7/31/2023,The Rec Room Brentwood,Burnaby,TRR,19223.69,824,19223.69
7/31/2023,The Rec Room Square One,Mississauga,TRR,10636.12,400,10636.12
7/31/2023,The Rec Room Deerfoot,Calgary,TRR,21459.95,829,21459.95
7/31/2023,The Rec Room London Masonville,London,TRR,9635.04,561,9635.04
7/31/2023,Playdium Dartmouth,Dartmouth,PDM,8677.42,334,8677.42
7/31/2023,TRR Seasons of Tuxedo,Winnipeg,TRR,23665.23,1020,23665.23
7/31/2023,Playdium Whitby,Whitby,PDM,13827.49,654,13827.49
7/31/2023,Playdium Orion Gate,Brampton,PDM,11827.65,441,11827.65
8/1/2023,Playdium Dartmouth,Dartmouth,PDM,11826.3,473,11826.3
8/1/2023,The Rec Room South Edmonton,Edmonton,TRR,24391.95,1060,24391.95
8/1/2023,The Rec Room Park Place Barrie,Barrie,TRR,13788.85,631,13788.85
8/1/2023,The Rec Room London Masonville,London,TRR,56592.05,2849,56592.05
8/1/2023,The Rec Room Deerfoot,Calgary,TRR,22610.93,883,22610.93
8/1/2023,The Rec Room Roundhouse,Toronto,TRR,64869.54,5283,64869.54
8/1/2023,The Rec Room Avalon Mall,St. John's,TRR,21505.71,1424,21505.71
8/1/2023,Playdium Orion Gate,Brampton,PDM,13103.99,698,13103.99
8/1/2023,TRR Seasons of Tuxedo,Winnipeg,TRR,30771.82,1101,30771.82
8/1/2023,The Rec Room West Edmonton Mall,Edmonton,TRR,16109.96,725,16109.96
8/1/2023,Playdium Whitby,Whitby,PDM,13508.69,569,13508.69
8/1/2023,The Rec Room Brentwood,Burnaby,TRR,17865.25,742,17865.25
8/1/2023,The Rec Room Square One,Mississauga,TRR,15894.03,632,15894.03
8/2/2023,Playdium Orion Gate,Brampton,PDM,11595.38,399,11595.38
8/2/2023,The Rec Room Square One,Mississauga,TRR,15780.03,710,15780.03
8/2/2023,TRR Seasons of Tuxedo,Winnipeg,TRR,24740.7,1290,24740.7
8/2/2023,The Rec Room Deerfoot,Calgary,TRR,22251.81,816,22251.81
8/2/2023,The Rec Room Brentwood,Burnaby,TRR,18385.77,753,18385.77
8/2/2023,The Rec Room Park Place Barrie,Barrie,TRR,11954.43,585,11954.43
8/2/2023,The Rec Room South Edmonton,Edmonton,TRR,19163.75,860,19163.75
8/2/2023,Playdium Dartmouth,Dartmouth,PDM,12259.02,652,12259.02
8/2/2023,The Rec Room London Masonville,London,TRR,10092.65,388,10092.65
8/2/2023,The Rec Room West Edmonton Mall,Edmonton,TRR,16425.17,837,16425.17
8/2/2023,The Rec Room Avalon Mall,St. John's,TRR,14461.91,801,14461.91
8/2/2023,Playdium Whitby,Whitby,PDM,14702.26,577,14702.26
8/2/2023,The Rec Room Roundhouse,Toronto,TRR,84453.82,5325,84453.82
8/3/2023,Playdium Dartmouth,Dartmouth,PDM,11812.37,452,11812.37
8/3/2023,Playdium Orion Gate,Brampton,PDM,12448.19,455,12448.19
8/3/2023,Playdium Whitby,Whitby,PDM,13936.33,842,13936.33
8/3/2023,The Rec Room Avalon Mall,St. John's,TRR,19190.45,1203,19190.45
8/3/2023,The Rec Room Brentwood,Burnaby,TRR,28054.86,1265,28054.86
8/3/2023,The Rec Room Deerfoot,Calgary,TRR,25091.79,1095,25091.79
8/3/2023,The Rec Room London Masonville,London,TRR,9552.75,418,9552.75
8/3/2023,The Rec Room Park Place Barrie,Barrie,TRR,16654.48,880,16654.48
8/3/2023,The Rec Room Roundhouse,Toronto,TRR,84735.08,6830,84735.08
8/3/2023,The Rec Room South Edmonton,Edmonton,TRR,19218.46,952,19218.46
8/3/2023,The Rec Room Square One,Mississauga,TRR,10997.56,771,10997.56
8/3/2023,The Rec Room West Edmonton Mall,Edmonton,TRR,14992.79,731,14992.79
8/3/2023,TRR Seasons of Tuxedo,Winnipeg,TRR,14197.61,951,14197.61
8/4/2023,TRR Seasons of Tuxedo,Winnipeg,TRR,31950.13,1801,31950.13
8/4/2023,The Rec Room Square One,Mississauga,TRR,24028.87,1300,24028.87
8/4/2023,The Rec Room Avalon Mall,St. John's,TRR,19959.2,1146,19959.2
8/4/2023,Playdium Orion Gate,Brampton,PDM,18962.56,835,18962.56
8/4/2023,Playdium Whitby,Whitby,PDM,25031.08,1199,25031.08
8/4/2023,The Rec Room London Masonville,London,TRR,7534.8,554,7534.8
8/4/2023,The Rec Room Roundhouse,Toronto,TRR,69289.69,4550,69289.69
8/4/2023,The Rec Room Deerfoot,Calgary,TRR,26056.03,2158,26056.03
8/4/2023,The Rec Room Brentwood,Burnaby,TRR,24661.54,1565,24661.54
8/4/2023,The Rec Room West Edmonton Mall,Edmonton,TRR,23982.13,1390,23982.13
8/4/2023,The Rec Room Park Place Barrie,Barrie,TRR,15149.73,1165,15149.73
8/4/2023,The Rec Room South Edmonton,Edmonton,TRR,23354.46,1668,23354.46
8/4/2023,Playdium Dartmouth,Dartmouth,PDM,14389.84,545,14389.84
8/5/2023,The Rec Room London Masonville,London,TRR,20493.73,1019,20493.73
8/5/2023,The Rec Room Roundhouse,Toronto,TRR,84852.41,6013,84852.41
8/5/2023,The Rec Room Avalon Mall,St. John's,TRR,21463.05,1488,21463.05
8/5/2023,The Rec Room West Edmonton Mall,Edmonton,TRR,33569.81,1812,33569.81
8/5/2023,TRR Seasons of Tuxedo,Winnipeg,TRR,38768.49,2034,38768.49
8/5/2023,Playdium Dartmouth,Dartmouth,PDM,41704.97,1507,41704.97
8/5/2023,The Rec Room South Edmonton,Edmonton,TRR,42806.09,2330,42806.09
8/5/2023,Playdium Orion Gate,Brampton,PDM,17950.14,996,17950.14
8/5/2023,The Rec Room Brentwood,Burnaby,TRR,56744.12,2867,56744.12
8/5/2023,The Rec Room Square One,Mississauga,TRR,32462.14,1757,32462.14
8/5/2023,The Rec Room Deerfoot,Calgary,TRR,54275.55,2990,54275.55
8/5/2023,Playdium Whitby,Whitby,PDM,31033.44,1307,31033.44
8/5/2023,The Rec Room Park Place Barrie,Barrie,TRR,24873.8,1497,24873.8
8/6/2023,Playdium Dartmouth,Dartmouth,PDM,16125.02,601,16125.02
8/6/2023,Playdium Orion Gate,Brampton,PDM,29378.06,1141,29378.06
8/6/2023,Playdium Whitby,Whitby,PDM,23882.65,998,23882.65
8/6/2023,The Rec Room Avalon Mall,St. John's,TRR,37921.04,1740,37921.04
8/6/2023,The Rec Room Brentwood,Burnaby,TRR,62613.94,1940,62613.94
8/6/2023,The Rec Room Deerfoot,Calgary,TRR,70451.07,2209,70451.07
8/6/2023,The Rec Room London Masonville,London,TRR,35172.43,817,35172.43
8/6/2023,The Rec Room Park Place Barrie,Barrie,TRR,29045.52,1051,29045.52
8/6/2023,The Rec Room Roundhouse,Toronto,TRR,85123.49,4796,85123.49
8/6/2023,The Rec Room South Edmonton,Edmonton,TRR,55902.53,1724,55902.53
8/6/2023,The Rec Room Square One,Mississauga,TRR,53556.81,2115,53556.81
8/6/2023,The Rec Room West Edmonton Mall,Edmonton,TRR,31936.64,1305,31936.64
8/6/2023,TRR Seasons of Tuxedo,Winnipeg,TRR,34175.83,1617,34175.83
8/7/2023,The Rec Room Deerfoot,Calgary,TRR,35377.45,1626,35377.45
8/7/2023,The Rec Room Park Place Barrie,Barrie,TRR,27085.69,1283,27085.69
8/7/2023,TRR Seasons of Tuxedo,Winnipeg,TRR,26455.19,1279,26455.19
8/7/2023,The Rec Room London Masonville,London,TRR,21710.68,648,21710.68
8/7/2023,Playdium Orion Gate,Brampton,PDM,31763.15,911,31763.15
8/7/2023,The Rec Room Roundhouse,Toronto,TRR,69705.87,5178,69705.87
8/7/2023,Playdium Dartmouth,Dartmouth,PDM,15966.55,575,15966.55
8/7/2023,Playdium Whitby,Whitby,PDM,33907.57,1288,33907.57
8/7/2023,The Rec Room West Edmonton Mall,Edmonton,TRR,21331.83,882,21331.83
8/7/2023,The Rec Room Brentwood,Burnaby,TRR,34118.17,1111,34118.17
8/7/2023,The Rec Room Avalon Mall,St. John's,TRR,26928.59,1513,26928.59
8/7/2023,The Rec Room South Edmonton,Edmonton,TRR,28145.84,1296,28145.84
8/7/2023,The Rec Room Square One,Mississauga,TRR,34474.48,1534,34474.48
8/8/2023,Playdium Whitby,Whitby,PDM,17214.51,792,17214.51
8/8/2023,The Rec Room South Edmonton,Edmonton,TRR,23625.34,1127,23625.34
8/8/2023,The Rec Room Brentwood,Burnaby,TRR,23633.32,911,23633.32
8/8/2023,The Rec Room Avalon Mall,St. John's,TRR,18931.56,1235,18931.56
8/8/2023,Playdium Orion Gate,Brampton,PDM,15084.11,1042,15084.11
8/8/2023,The Rec Room Square One,Mississauga,TRR,15860.98,688,15860.98
8/8/2023,The Rec Room West Edmonton Mall,Edmonton,TRR,20016.68,1446,20016.68
8/8/2023,The Rec Room Park Place Barrie,Barrie,TRR,15342.4,767,15342.4
8/8/2023,The Rec Room Deerfoot,Calgary,TRR,26672.66,1306,26672.66
8/8/2023,The Rec Room Roundhouse,Toronto,TRR,67529.47,4407,67529.47
8/8/2023,The Rec Room London Masonville,London,TRR,9509.1,323,9509.1
8/8/2023,Playdium Dartmouth,Dartmouth,PDM,13081.38,480,13081.38
8/8/2023,TRR Seasons of Tuxedo,Winnipeg,TRR,25412.82,1225,25412.82
8/9/2023,The Rec Room South Edmonton,Edmonton,TRR,30873.1,1446,30873.1
8/9/2023,Playdium Dartmouth,Dartmouth,PDM,25941.83,942,25941.83
8/9/2023,The Rec Room Brentwood,Burnaby,TRR,31249.53,1269,31249.53
8/9/2023,The Rec Room Park Place Barrie,Barrie,TRR,18058.94,1070,18058.94
8/9/2023,The Rec Room Avalon Mall,St. John's,TRR,17535.26,874,17535.26
8/9/2023,The Rec Room Roundhouse,Toronto,TRR,57512.95,4120,57512.95
8/9/2023,The Rec Room Square One,Mississauga,TRR,17995.59,858,17995.59
8/9/2023,Playdium Orion Gate,Brampton,PDM,9535.54,587,9535.54
8/9/2023,The Rec Room Deerfoot,Calgary,TRR,34435.72,1748,34435.72
8/9/2023,The Rec Room West Edmonton Mall,Edmonton,TRR,23552.74,1155,23552.74
8/9/2023,Playdium Whitby,Whitby,PDM,16102.27,705,16102.27
8/9/2023,The Rec Room London Masonville,London,TRR,8018.51,377,8018.51
8/9/2023,TRR Seasons of Tuxedo,Winnipeg,TRR,31579.35,1170,31579.35
8/10/2023,Playdium Dartmouth,Dartmouth,PDM,9960.63,391,9960.63
8/10/2023,TRR Seasons of Tuxedo,Winnipeg,TRR,29198.84,1737,29198.84
8/10/2023,Playdium Orion Gate,Brampton,PDM,14618.29,697,14618.29
8/10/2023,The Rec Room South Edmonton,Edmonton,TRR,24800.52,1192,24800.52
8/10/2023,The Rec Room Square One,Mississauga,TRR,21638.09,1030,21638.09
8/10/2023,Playdium Whitby,Whitby,PDM,18205.3,1048,18205.3
8/10/2023,The Rec Room West Edmonton Mall,Edmonton,TRR,18424.1,886,18424.1
8/10/2023,The Rec Room Deerfoot,Calgary,TRR,29851.77,1269,29851.77
8/10/2023,The Rec Room Brentwood,Burnaby,TRR,28401.31,1338,28401.31
8/10/2023,The Rec Room Roundhouse,Toronto,TRR,70800.19,5110,70800.19
8/10/2023,The Rec Room Avalon Mall,St. John's,TRR,27439.93,1483,27439.93
8/10/2023,The Rec Room Park Place Barrie,Barrie,TRR,18383.88,982,18383.88
8/10/2023,The Rec Room London Masonville,London,TRR,12397.8,492,12397.8
8/11/2023,The Rec Room West Edmonton Mall,Edmonton,TRR,28074.03,1835,28074.03
8/11/2023,Playdium Whitby,Whitby,PDM,19711.87,785,19711.87
8/11/2023,The Rec Room Deerfoot,Calgary,TRR,30129.07,2640,30129.07
8/11/2023,Playdium Dartmouth,Dartmouth,PDM,33051.97,1548,33051.97
8/11/2023,Playdium Orion Gate,Brampton,PDM,16238.11,625,16238.11
8/11/2023,TRR Seasons of Tuxedo,Winnipeg,TRR,41193.93,2238,41193.93
8/11/2023,The Rec Room Square One,Mississauga,TRR,27906.51,1964,27906.51
8/11/2023,The Rec Room Park Place Barrie,Barrie,TRR,16259.31,1367,16259.31
8/11/2023,The Rec Room South Edmonton,Edmonton,TRR,25845.01,2108,25845.01
8/11/2023,The Rec Room Brentwood,Burnaby,TRR,27620.36,1943,27620.36
8/11/2023,The Rec Room Avalon Mall,St. John's,TRR,25307.64,1545,25307.64
8/11/2023,The Rec Room London Masonville,London,TRR,10766,829,10766
8/11/2023,The Rec Room Roundhouse,Toronto,TRR,98778.14,7459,98778.14
8/12/2023,Playdium Dartmouth,Dartmouth,PDM,26493.58,1119,26493.58
8/12/2023,The Rec Room London Masonville,London,TRR,39891.38,1234,39891.38
8/12/2023,Playdium Orion Gate,Brampton,PDM,34396.97,1549,34396.97
8/12/2023,The Rec Room Square One,Mississauga,TRR,42807.88,2634,42807.88
8/12/2023,TRR Seasons of Tuxedo,Winnipeg,TRR,51362.19,2784,51362.19
8/12/2023,Playdium Whitby,Whitby,PDM,45450.8,1958,45450.8
8/12/2023,The Rec Room Deerfoot,Calgary,TRR,55625.2,3302,55625.2
8/12/2023,The Rec Room South Edmonton,Edmonton,TRR,52961.17,3081,52961.17
8/12/2023,The Rec Room Brentwood,Burnaby,TRR,44253.67,2339,44253.67
8/12/2023,The Rec Room Roundhouse,Toronto,TRR,125581.62,9111,125581.62
8/12/2023,The Rec Room Avalon Mall,St. John's,TRR,23955.13,1459,23955.13
8/12/2023,The Rec Room Park Place Barrie,Barrie,TRR,39383.01,2501,39383.01
8/12/2023,The Rec Room West Edmonton Mall,Edmonton,TRR,36321.16,1957,36321.16
8/13/2023,TRR Seasons of Tuxedo,Winnipeg,TRR,42487.71,1912,42487.71
8/13/2023,Playdium Orion Gate,Brampton,PDM,21818.88,916,21818.88
8/13/2023,The Rec Room London Masonville,London,TRR,16896.91,746,16896.91
8/13/2023,Playdium Whitby,Whitby,PDM,26091.93,1409,26091.93
8/13/2023,The Rec Room Deerfoot,Calgary,TRR,65416.45,1584,65416.45
8/13/2023,The Rec Room West Edmonton Mall,Edmonton,TRR,35971.53,1057,35971.53
8/13/2023,Playdium Dartmouth,Dartmouth,PDM,20199.89,823,20199.89
8/13/2023,The Rec Room South Edmonton,Edmonton,TRR,50623.82,1520,50623.82
8/13/2023,The Rec Room Roundhouse,Toronto,TRR,104962.3,6679,104962.3
8/13/2023,The Rec Room Brentwood,Burnaby,TRR,41898.31,1557,41898.31
8/13/2023,The Rec Room Park Place Barrie,Barrie,TRR,36336.87,1047,36336.87
8/13/2023,The Rec Room Avalon Mall,St. John's,TRR,19345.19,767,19345.19
8/13/2023,The Rec Room Square One,Mississauga,TRR,36212.1,1330,36212.1
8/14/2023,The Rec Room Deerfoot,Calgary,TRR,20050.26,1069,20050.26
8/14/2023,The Rec Room Brentwood,Burnaby,TRR,32990.34,776,32990.34
8/14/2023,Playdium Orion Gate,Brampton,PDM,11735.76,536,11735.76
8/14/2023,The Rec Room Roundhouse,Toronto,TRR,61477.34,4896,61477.34
8/14/2023,The Rec Room West Edmonton Mall,Edmonton,TRR,16317.95,743,16317.95
8/14/2023,The Rec Room Park Place Barrie,Barrie,TRR,12011.14,640,12011.14
8/14/2023,TRR Seasons of Tuxedo,Winnipeg,TRR,22530.17,772,22530.17
8/14/2023,The Rec Room South Edmonton,Edmonton,TRR,20936.36,1087,20936.36
8/14/2023,The Rec Room London Masonville,London,TRR,8498.33,344,8498.33
8/14/2023,The Rec Room Avalon Mall,St. John's,TRR,12493.09,598,12493.09
8/14/2023,The Rec Room Square One,Mississauga,TRR,18681.09,793,18681.09
8/14/2023,Playdium Dartmouth,Dartmouth,PDM,9612.42,471,9612.42
8/14/2023,Playdium Whitby,Whitby,PDM,14800.78,753,14800.78
8/15/2023,The Rec Room Brentwood,Burnaby,TRR,19091.36,736,19091.36
8/15/2023,The Rec Room Park Place Barrie,Barrie,TRR,15800.28,827,15800.28
8/15/2023,The Rec Room South Edmonton,Edmonton,TRR,22085.39,966,22085.39
8/15/2023,Playdium Whitby,Whitby,PDM,16236.31,825,16236.31
8/15/2023,The Rec Room Avalon Mall,St. John's,TRR,21766.04,1205,21766.04
8/15/2023,Playdium Dartmouth,Dartmouth,PDM,19212.77,817,19212.77
8/15/2023,The Rec Room Square One,Mississauga,TRR,17274.15,1128,17274.15
8/15/2023,The Rec Room West Edmonton Mall,Edmonton,TRR,17103.98,769,17103.98
8/15/2023,TRR Seasons of Tuxedo,Winnipeg,TRR,24478.6,1185,24478.6
8/15/2023,The Rec Room Deerfoot,Calgary,TRR,25991.86,1214,25991.86
8/15/2023,The Rec Room London Masonville,London,TRR,15254.03,573,15254.03
8/15/2023,Playdium Orion Gate,Brampton,PDM,15715.02,750,15715.02
8/15/2023,The Rec Room Roundhouse,Toronto,TRR,98013.52,6768,98013.52
8/16/2023,The Rec Room London Masonville,London,TRR,10276.34,368,10276.34
8/16/2023,TRR Seasons of Tuxedo,Winnipeg,TRR,28266.56,1447,28266.56
8/16/2023,The Rec Room West Edmonton Mall,Edmonton,TRR,15937.28,443,15937.28
8/16/2023,The Rec Room Brentwood,Burnaby,TRR,20610.59,694,20610.59
8/16/2023,The Rec Room Square One,Mississauga,TRR,20376.05,1139,20376.05
8/16/2023,Playdium Dartmouth,Dartmouth,PDM,18896.99,768,18896.99
8/16/2023,Playdium Whitby,Whitby,PDM,19697.44,735,19697.44
8/16/2023,The Rec Room Roundhouse,Toronto,TRR,107632.46,7036,107632.46
8/16/2023,The Rec Room Deerfoot,Calgary,TRR,29540.04,1520,29540.04
8/16/2023,Playdium Orion Gate,Brampton,PDM,9648.71,310,9648.71
8/16/2023,The Rec Room Park Place Barrie,Barrie,TRR,11862.61,689,11862.61
8/16/2023,The Rec Room South Edmonton,Edmonton,TRR,24707.22,1194,24707.22
8/16/2023,The Rec Room Avalon Mall,St. John's,TRR,20989.84,1123,20989.84
8/17/2023,The Rec Room Deerfoot,Calgary,TRR,35904.76,1693,35904.76
8/17/2023,The Rec Room Brentwood,Burnaby,TRR,22974.43,743,22974.43
8/17/2023,The Rec Room Square One,Mississauga,TRR,19925.77,995,19925.77
8/17/2023,The Rec Room South Edmonton,Edmonton,TRR,27895.34,1431,27895.34
8/17/2023,The Rec Room Park Place Barrie,Barrie,TRR,15877.42,924,15877.42
8/17/2023,The Rec Room London Masonville,London,TRR,13689.95,597,13689.95
8/17/2023,Playdium Dartmouth,Dartmouth,PDM,15740.59,559,15740.59
8/17/2023,The Rec Room West Edmonton Mall,Edmonton,TRR,27037.62,970,27037.62
8/17/2023,TRR Seasons of Tuxedo,Winnipeg,TRR,25728.09,1350,25728.09
8/17/2023,Playdium Whitby,Whitby,PDM,14735,532,14735
8/17/2023,The Rec Room Avalon Mall,St. John's,TRR,19540.65,1045,19540.65
8/17/2023,Playdium Orion Gate,Brampton,PDM,16265.07,672,16265.07
8/17/2023,The Rec Room Roundhouse,Toronto,TRR,83617.33,6350,83617.33
8/18/2023,The Rec Room Park Place Barrie,Barrie,TRR,24391.44,2042,24391.44
8/18/2023,The Rec Room South Edmonton,Edmonton,TRR,37730.78,2830,37730.78
8/18/2023,Playdium Dartmouth,Dartmouth,PDM,32968.33,1374,32968.33
8/18/2023,The Rec Room West Edmonton Mall,Edmonton,TRR,41291.69,2705,41291.69
8/18/2023,The Rec Room Avalon Mall,St. John's,TRR,20372.22,1377,20372.22
8/18/2023,The Rec Room Roundhouse,Toronto,TRR,75381.8,5595,75381.8
8/18/2023,Playdium Whitby,Whitby,PDM,26465.1,1243,26465.1
8/18/2023,Playdium Orion Gate,Brampton,PDM,18631.92,849,18631.92
8/18/2023,The Rec Room Brentwood,Burnaby,TRR,37307.65,2490,37307.65
8/18/2023,The Rec Room Deerfoot,Calgary,TRR,30717.42,2834,30717.42
8/18/2023,The Rec Room London Masonville,London,TRR,11932.73,997,11932.73
8/18/2023,TRR Seasons of Tuxedo,Winnipeg,TRR,39069.36,2238,39069.36
8/18/2023,The Rec Room Square One,Mississauga,TRR,27959.03,1986,27959.03
8/19/2023,The Rec Room Roundhouse,Toronto,TRR,102915.49,7368,102915.49
8/19/2023,The Rec Room Square One,Mississauga,TRR,44074.87,2116,44074.87
8/19/2023,The Rec Room Brentwood,Burnaby,TRR,59894.22,2849,59894.22
8/19/2023,The Rec Room Avalon Mall,St. John's,TRR,41376.41,2311,41376.41
8/19/2023,The Rec Room London Masonville,London,TRR,24439.01,1259,24439.01
8/19/2023,Playdium Orion Gate,Brampton,PDM,34715.66,1469,34715.66
8/19/2023,Playdium Whitby,Whitby,PDM,27504.23,1274,27504.23
8/19/2023,The Rec Room West Edmonton Mall,Edmonton,TRR,53336.83,2721,53336.83
8/19/2023,TRR Seasons of Tuxedo,Winnipeg,TRR,49799.7,2700,49799.7
8/19/2023,The Rec Room Park Place Barrie,Barrie,TRR,33172.28,1836,33172.28
8/19/2023,The Rec Room Deerfoot,Calgary,TRR,67966.4,3786,67966.4
8/19/2023,The Rec Room South Edmonton,Edmonton,TRR,82316.18,4569,82316.18
8/19/2023,Playdium Dartmouth,Dartmouth,PDM,27696.46,1039,27696.46
8/20/2023,Playdium Dartmouth,Dartmouth,PDM,20533.32,837,20533.32
8/20/2023,Playdium Orion Gate,Brampton,PDM,24010.99,1279,24010.99
8/20/2023,Playdium Whitby,Whitby,PDM,22990.69,1138,22990.69
8/20/2023,The Rec Room Avalon Mall,St. John's,TRR,34482.87,1567,34482.87
8/20/2023,The Rec Room Brentwood,Burnaby,TRR,55140.63,2237,55140.63
8/20/2023,The Rec Room Deerfoot,Calgary,TRR,76564.08,2017,76564.08
8/20/2023,The Rec Room London Masonville,London,TRR,23354.8,697,23354.8
8/20/2023,The Rec Room Park Place Barrie,Barrie,TRR,34302.78,1247,34302.78
8/20/2023,The Rec Room Roundhouse,Toronto,TRR,77294.2,4955,77294.2
8/20/2023,The Rec Room South Edmonton,Edmonton,TRR,62365.95,2297,62365.95
8/20/2023,The Rec Room Square One,Mississauga,TRR,29471.4,882,29471.4
8/20/2023,The Rec Room West Edmonton Mall,Edmonton,TRR,42444.51,1510,42444.51
8/20/2023,TRR Seasons of Tuxedo,Winnipeg,TRR,36926.35,1552,36926.35
8/21/2023,Playdium Orion Gate,Brampton,PDM,11827.75,424,11827.75
8/21/2023,The Rec Room South Edmonton,Edmonton,TRR,28129.91,1334,28129.91
8/21/2023,The Rec Room Square One,Mississauga,TRR,22779.55,796,22779.55
8/21/2023,The Rec Room Brentwood,Burnaby,TRR,30250.47,1459,30250.47
8/21/2023,The Rec Room London Masonville,London,TRR,10735.14,513,10735.14
8/21/2023,The Rec Room Roundhouse,Toronto,TRR,40981.57,3167,40981.57
8/21/2023,Playdium Whitby,Whitby,PDM,10250.35,425,10250.35
8/21/2023,The Rec Room Avalon Mall,St. John's,TRR,14601,693,14601
8/21/2023,The Rec Room West Edmonton Mall,Edmonton,TRR,18668.6,776,18668.6
8/21/2023,The Rec Room Park Place Barrie,Barrie,TRR,9631.12,538,9631.12
8/21/2023,The Rec Room Deerfoot,Calgary,TRR,35100.75,1523,35100.75
8/21/2023,TRR Seasons of Tuxedo,Winnipeg,TRR,28153.6,1294,28153.6
8/21/2023,Playdium Dartmouth,Dartmouth,PDM,15942.97,621,15942.97
8/22/2023,The Rec Room Deerfoot,Calgary,TRR,34404.26,1468,34404.26
8/22/2023,The Rec Room London Masonville,London,TRR,10678.64,352,10678.64
8/22/2023,Playdium Orion Gate,Brampton,PDM,10828.24,339,10828.24
8/22/2023,TRR Seasons of Tuxedo,Winnipeg,TRR,26379.88,1179,26379.88
8/22/2023,The Rec Room Square One,Mississauga,TRR,17596.11,801,17596.11
8/22/2023,The Rec Room Brentwood,Burnaby,TRR,22854.35,1203,22854.35
8/22/2023,The Rec Room Avalon Mall,St. John's,TRR,25356.74,1790,25356.74
8/22/2023,The Rec Room Roundhouse,Toronto,TRR,63412.3,3991,63412.3
8/22/2023,The Rec Room Park Place Barrie,Barrie,TRR,14649.46,776,14649.46
8/22/2023,Playdium Whitby,Whitby,PDM,12738.78,559,12738.78
8/22/2023,The Rec Room West Edmonton Mall,Edmonton,TRR,14885,700,14885
8/22/2023,Playdium Dartmouth,Dartmouth,PDM,10989.44,434,10989.44
8/22/2023,The Rec Room South Edmonton,Edmonton,TRR,33592.23,1567,33592.23
8/23/2023,The Rec Room South Edmonton,Edmonton,TRR,34094.73,1857,34094.73
8/23/2023,The Rec Room Brentwood,Burnaby,TRR,30235.78,1148,30235.78
8/23/2023,The Rec Room Avalon Mall,St. John's,TRR,23832.34,1322,23832.34
8/23/2023,The Rec Room Square One,Mississauga,TRR,34309.27,1693,34309.27
8/23/2023,The Rec Room Park Place Barrie,Barrie,TRR,18123.06,888,18123.06
8/23/2023,TRR Seasons of Tuxedo,Winnipeg,TRR,29919.44,970,29919.44
8/23/2023,The Rec Room Deerfoot,Calgary,TRR,32025.77,1571,32025.77
8/23/2023,The Rec Room London Masonville,London,TRR,9462.27,630,9462.27
8/23/2023,Playdium Whitby,Whitby,PDM,19309.24,815,19309.24
8/23/2023,The Rec Room Roundhouse,Toronto,TRR,60044.7,4457,60044.7
8/23/2023,Playdium Dartmouth,Dartmouth,PDM,14541.52,720,14541.52
8/23/2023,Playdium Orion Gate,Brampton,PDM,20007.78,666,20007.78
8/23/2023,The Rec Room West Edmonton Mall,Edmonton,TRR,19817.75,1046,19817.75
8/24/2023,The Rec Room South Edmonton,Edmonton,TRR,34668.45,1687,34668.45
8/24/2023,Playdium Dartmouth,Dartmouth,PDM,13322.36,512,13322.36
8/24/2023,Playdium Whitby,Whitby,PDM,16834.88,985,16834.88
8/24/2023,The Rec Room London Masonville,London,TRR,21406.68,468,21406.68
8/24/2023,The Rec Room West Edmonton Mall,Edmonton,TRR,24351.5,2053,24351.5
8/24/2023,The Rec Room Deerfoot,Calgary,TRR,35976.37,1717,35976.37
8/24/2023,The Rec Room Park Place Barrie,Barrie,TRR,20176.03,1066,20176.03
8/24/2023,TRR Seasons of Tuxedo,Winnipeg,TRR,28878.14,1811,28878.14
8/24/2023,Playdium Orion Gate,Brampton,PDM,18184.75,1061,18184.75
8/24/2023,The Rec Room Avalon Mall,St. John's,TRR,17913.08,1009,17913.08
8/24/2023,The Rec Room Roundhouse,Toronto,TRR,105544.21,6677,105544.21
8/24/2023,The Rec Room Brentwood,Burnaby,TRR,30866.85,1430,30866.85
8/24/2023,The Rec Room Square One,Mississauga,TRR,23880.26,1323,23880.26
8/25/2023,The Rec Room Roundhouse,Toronto,TRR,102625.87,7680,102625.87
8/25/2023,The Rec Room Deerfoot,Calgary,TRR,31507.39,2755,31507.39
8/25/2023,The Rec Room West Edmonton Mall,Edmonton,TRR,22812,1407,22812
8/25/2023,The Rec Room Park Place Barrie,Barrie,TRR,19208.55,1662,19208.55
8/25/2023,TRR Seasons of Tuxedo,Winnipeg,TRR,30891.37,2139,30891.37
8/25/2023,The Rec Room Square One,Mississauga,TRR,27446.08,2013,27446.08
8/25/2023,Playdium Whitby,Whitby,PDM,19606.85,778,19606.85
8/25/2023,The Rec Room London Masonville,London,TRR,10973.83,874,10973.83
8/25/2023,Playdium Orion Gate,Brampton,PDM,17828.89,624,17828.89
8/25/2023,The Rec Room Avalon Mall,St. John's,TRR,19350.55,1142,19350.55
8/25/2023,The Rec Room Brentwood,Burnaby,TRR,36399.6,2438,36399.6
8/25/2023,The Rec Room South Edmonton,Edmonton,TRR,41197.99,3197,41197.99
8/25/2023,Playdium Dartmouth,Dartmouth,PDM,20790.48,1060,20790.48
8/26/2023,The Rec Room Park Place Barrie,Barrie,TRR,36937.3,2382,36937.3
8/26/2023,The Rec Room Brentwood,Burnaby,TRR,65541.39,3252,65541.39
8/26/2023,The Rec Room West Edmonton Mall,Edmonton,TRR,33628.81,1597,33628.81
8/26/2023,The Rec Room Roundhouse,Toronto,TRR,115009.77,8658,115009.77
8/26/2023,The Rec Room Deerfoot,Calgary,TRR,54129.52,3102,54129.52
8/26/2023,The Rec Room Avalon Mall,St. John's,TRR,35394.97,2070,35394.97
8/26/2023,The Rec Room London Masonville,London,TRR,28914.49,1382,28914.49
8/26/2023,TRR Seasons of Tuxedo,Winnipeg,TRR,42616.44,3095,42616.44
8/26/2023,The Rec Room South Edmonton,Edmonton,TRR,73889.62,4070,73889.62
8/26/2023,Playdium Dartmouth,Dartmouth,PDM,47089.17,1688,47089.17
8/26/2023,The Rec Room Square One,Mississauga,TRR,44576.35,2305,44576.35
8/26/2023,Playdium Whitby,Whitby,PDM,37072.65,1563,37072.65
8/26/2023,Playdium Orion Gate,Brampton,PDM,27908.81,1256,27908.81
8/27/2023,TRR Seasons of Tuxedo,Winnipeg,TRR,38195.25,1559,38195.25
8/27/2023,The Rec Room Deerfoot,Calgary,TRR,59163.2,1679,59163.2
8/27/2023,Playdium Orion Gate,Brampton,PDM,26071.06,824,26071.06
8/27/2023,The Rec Room West Edmonton Mall,Edmonton,TRR,37785.67,1360,37785.67
8/27/2023,Playdium Whitby,Whitby,PDM,24824.57,1144,24824.57
8/27/2023,The Rec Room Roundhouse,Toronto,TRR,97741.1,5511,97741.1
8/27/2023,The Rec Room Park Place Barrie,Barrie,TRR,32214.16,1486,32214.16
8/27/2023,The Rec Room Avalon Mall,St. John's,TRR,25147.14,969,25147.14
8/27/2023,The Rec Room London Masonville,London,TRR,26669.09,669,26669.09
8/27/2023,The Rec Room Square One,Mississauga,TRR,35836.54,1267,35836.54
8/27/2023,The Rec Room Brentwood,Burnaby,TRR,53507.25,1734,53507.25
8/27/2023,Playdium Dartmouth,Dartmouth,PDM,34580.06,1313,34580.06
8/27/2023,The Rec Room South Edmonton,Edmonton,TRR,44097.06,2105,44097.06
8/28/2023,The Rec Room Deerfoot,Calgary,TRR,19539.68,898,19539.68
8/28/2023,The Rec Room Roundhouse,Toronto,TRR,63538.43,4664,63538.43
8/28/2023,The Rec Room Brentwood,Burnaby,TRR,27985.96,1097,27985.96
8/28/2023,The Rec Room Avalon Mall,St. John's,TRR,16885.26,831,16885.26
8/28/2023,Playdium Orion Gate,Brampton,PDM,13145.29,455,13145.29
8/28/2023,Playdium Dartmouth,Dartmouth,PDM,8904.37,354,8904.37
8/28/2023,The Rec Room Square One,Mississauga,TRR,14575.54,675,14575.54
8/28/2023,The Rec Room West Edmonton Mall,Edmonton,TRR,16967.84,860,16967.84
8/28/2023,The Rec Room Park Place Barrie,Barrie,TRR,12573.85,652,12573.85
8/28/2023,The Rec Room London Masonville,London,TRR,9195.33,347,9195.33
8/28/2023,TRR Seasons of Tuxedo,Winnipeg,TRR,14631.21,978,14631.21
8/28/2023,Playdium Whitby,Whitby,PDM,13755.54,683,13755.54
8/28/2023,The Rec Room South Edmonton,Edmonton,TRR,22114.1,1140,22114.1
8/29/2023,The Rec Room Deerfoot,Calgary,TRR,25095.29,1146,25095.29
8/29/2023,The Rec Room West Edmonton Mall,Edmonton,TRR,17908.45,776,17908.45
8/29/2023,Playdium Orion Gate,Brampton,PDM,10595.54,461,10595.54
8/29/2023,The Rec Room London Masonville,London,TRR,11233.38,455,11233.38
8/29/2023,TRR Seasons of Tuxedo,Winnipeg,TRR,24075.28,1206,24075.28
8/29/2023,Playdium Whitby,Whitby,PDM,15450.56,700,15450.56
8/29/2023,The Rec Room Avalon Mall,St. John's,TRR,12736.48,606,12736.48
8/29/2023,The Rec Room Square One,Mississauga,TRR,19104.89,955,19104.89
8/29/2023,The Rec Room Roundhouse,Toronto,TRR,74691.24,5323,74691.24
8/29/2023,The Rec Room Brentwood,Burnaby,TRR,35335.8,1408,35335.8
8/29/2023,The Rec Room Park Place Barrie,Barrie,TRR,11757.51,621,11757.51
8/29/2023,The Rec Room South Edmonton,Edmonton,TRR,22969.25,1406,22969.25
8/29/2023,Playdium Dartmouth,Dartmouth,PDM,16954.87,698,16954.87
8/30/2023,The Rec Room South Edmonton,Edmonton,TRR,22827.04,1367,22827.04
8/30/2023,The Rec Room London Masonville,London,TRR,14034.01,601,14034.01
8/30/2023,TRR Seasons of Tuxedo,Winnipeg,TRR,22830.68,1194,22830.68
8/30/2023,Playdium Orion Gate,Brampton,PDM,15707.84,593,15707.84
8/30/2023,Playdium Dartmouth,Dartmouth,PDM,22749.91,1155,22749.91
8/30/2023,The Rec Room Avalon Mall,St. John's,TRR,22009.99,1167,22009.99
8/30/2023,Playdium Whitby,Whitby,PDM,17880.23,703,17880.23
8/30/2023,The Rec Room Roundhouse,Toronto,TRR,74074.42,5343,74074.42
8/30/2023,The Rec Room Square One,Mississauga,TRR,24575.94,1152,24575.94
8/30/2023,The Rec Room Brentwood,Burnaby,TRR,27827.48,1384,27827.48
8/30/2023,The Rec Room Park Place Barrie,Barrie,TRR,19179.17,1102,19179.17
8/30/2023,The Rec Room West Edmonton Mall,Edmonton,TRR,18741.86,976,18741.86
8/30/2023,The Rec Room Deerfoot,Calgary,TRR,28883.67,1320,28883.67
8/31/2023,The Rec Room Deerfoot,Calgary,TRR,33333.37,1550,33333.37
8/31/2023,The Rec Room London Masonville,London,TRR,10552.68,409,10552.68
8/31/2023,The Rec Room West Edmonton Mall,Edmonton,TRR,19215.86,932,19215.86
8/31/2023,TRR Seasons of Tuxedo,Winnipeg,TRR,20040.24,952,20040.24
8/31/2023,Playdium Orion Gate,Brampton,PDM,13701.11,670,13701.11
8/31/2023,The Rec Room Brentwood,Burnaby,TRR,41976.8,1831,41976.8
8/31/2023,The Rec Room Roundhouse,Toronto,TRR,56604.3,4318,56604.3
8/31/2023,The Rec Room Park Place Barrie,Barrie,TRR,15690.03,729,15690.03
8/31/2023,Playdium Dartmouth,Dartmouth,PDM,17693.56,673,17693.56
8/31/2023,The Rec Room South Edmonton,Edmonton,TRR,27433.15,1576,27433.15
8/31/2023,The Rec Room Square One,Mississauga,TRR,24358.89,1524,24358.89
8/31/2023,Playdium Whitby,Whitby,PDM,21270.45,1016,21270.45
8/31/2023,The Rec Room Avalon Mall,St. John's,TRR,27315.87,1419,27315.87
9/1/2023,The Rec Room Deerfoot,Calgary,TRR,28481.2,2556,28481.2
9/1/2023,Playdium Whitby,Whitby,PDM,20169.22,780,20169.22
9/1/2023,The Rec Room Park Place Barrie,Barrie,TRR,20567.02,1907,20567.02
9/1/2023,The Rec Room West Edmonton Mall,Edmonton,TRR,28415.92,1666,28415.92
9/1/2023,The Rec Room South Edmonton,Edmonton,TRR,33102.49,2225,33102.49
9/1/2023,The Rec Room Avalon Mall,St. John's,TRR,23953.39,1388,23953.39
9/1/2023,The Rec Room London Masonville,London,TRR,22777.61,971,22777.61
9/1/2023,The Rec Room Roundhouse,Toronto,TRR,59522.94,4504,59522.94
9/1/2023,Playdium Dartmouth,Dartmouth,PDM,18081.48,749,18081.48
9/1/2023,Playdium Orion Gate,Brampton,PDM,21329.93,798,21329.93
9/1/2023,TRR Seasons of Tuxedo,Winnipeg,TRR,33750.48,1798,33750.48
9/1/2023,The Rec Room Square One,Mississauga,TRR,22069.76,1699,22069.76
9/1/2023,The Rec Room Brentwood,Burnaby,TRR,34793.47,2367,34793.47
9/2/2023,The Rec Room London Masonville,London,TRR,16218.57,1259,16218.57
9/2/2023,TRR Seasons of Tuxedo,Winnipeg,TRR,49348.69,2485,49348.69
9/2/2023,The Rec Room Roundhouse,Toronto,TRR,82493.91,5971,82493.91
9/2/2023,The Rec Room Avalon Mall,St. John's,TRR,23562.87,1618,23562.87
9/2/2023,Playdium Whitby,Whitby,PDM,27753.24,1109,27753.24
9/2/2023,The Rec Room West Edmonton Mall,Edmonton,TRR,44705.03,2489,44705.03
9/2/2023,Playdium Orion Gate,Brampton,PDM,28927.6,1009,28927.6
9/2/2023,The Rec Room Square One,Mississauga,TRR,40656.39,2476,40656.39
9/2/2023,The Rec Room Park Place Barrie,Barrie,TRR,33541.36,1824,33541.36
9/2/2023,The Rec Room Brentwood,Burnaby,TRR,48924.04,2482,48924.04
9/2/2023,Playdium Dartmouth,Dartmouth,PDM,22654.56,751,22654.56
9/2/2023,The Rec Room Deerfoot,Calgary,TRR,50641.32,2650,50641.32
9/2/2023,The Rec Room South Edmonton,Edmonton,TRR,63737.95,3942,63737.95
9/3/2023,The Rec Room Brentwood,Burnaby,TRR,69579.98,2812,69579.98
9/3/2023,The Rec Room Roundhouse,Toronto,TRR,97055.35,5776,97055.35
9/3/2023,The Rec Room Park Place Barrie,Barrie,TRR,30778.36,1083,30778.36
9/3/2023,TRR Seasons of Tuxedo,Winnipeg,TRR,40667.52,1898,40667.52
9/3/2023,Playdium Orion Gate,Brampton,PDM,23486.69,977,23486.69
9/3/2023,The Rec Room London Masonville,London,TRR,31556.81,724,31556.81
9/3/2023,The Rec Room Square One,Mississauga,TRR,45116,1758,45116
9/3/2023,The Rec Room South Edmonton,Edmonton,TRR,70076.6,3308,70076.6
9/3/2023,Playdium Dartmouth,Dartmouth,PDM,19588.32,803,19588.32
9/3/2023,The Rec Room Deerfoot,Calgary,TRR,97740,3468,97740
9/3/2023,The Rec Room West Edmonton Mall,Edmonton,TRR,36840.63,1798,36840.63
9/3/2023,Playdium Whitby,Whitby,PDM,24645.11,1109,24645.11
9/3/2023,The Rec Room Avalon Mall,St. John's,TRR,22178.88,990,22178.88
9/4/2023,The Rec Room Park Place Barrie,Barrie,TRR,11591.06,644,11591.06
9/4/2023,TRR Seasons of Tuxedo,Winnipeg,TRR,38105.94,1615,38105.94
9/4/2023,The Rec Room Square One,Mississauga,TRR,22541.08,1108,22541.08
9/4/2023,The Rec Room Brentwood,Burnaby,TRR,52201.07,1424,52201.07
9/4/2023,Playdium Dartmouth,Dartmouth,PDM,12061.31,534,12061.31
9/4/2023,The Rec Room South Edmonton,Edmonton,TRR,39065.98,2014,39065.98
9/4/2023,The Rec Room Deerfoot,Calgary,TRR,48642.09,2031,48642.09
9/4/2023,Playdium Orion Gate,Brampton,PDM,19821.56,802,19821.56
9/4/2023,The Rec Room Roundhouse,Toronto,TRR,54311.69,4047,54311.69
9/4/2023,Playdium Whitby,Whitby,PDM,15111.94,678,15111.94
9/4/2023,The Rec Room Avalon Mall,St. John's,TRR,8544.43,507,8544.43
9/4/2023,The Rec Room London Masonville,London,TRR,8657.06,387,8657.06
9/4/2023,The Rec Room West Edmonton Mall,Edmonton,TRR,27605.77,1170,27605.77
9/5/2023,The Rec Room South Edmonton,Edmonton,TRR,9204.78,665,9204.78
9/5/2023,Playdium Whitby,Whitby,PDM,3354.05,170,3354.05
9/5/2023,Playdium Dartmouth,Dartmouth,PDM,5310.54,179,5310.54
9/5/2023,The Rec Room West Edmonton Mall,Edmonton,TRR,6370.66,355,6370.66
9/5/2023,The Rec Room Square One,Mississauga,TRR,8212.69,329,8212.69
9/5/2023,The Rec Room Park Place Barrie,Barrie,TRR,4694.99,234,4694.99
9/5/2023,The Rec Room London Masonville,London,TRR,8296.95,453,8296.95
9/5/2023,The Rec Room Avalon Mall,St. John's,TRR,16352.76,1032,16352.76
9/5/2023,Playdium Orion Gate,Brampton,PDM,3611.67,146,3611.67
9/5/2023,The Rec Room Roundhouse,Toronto,TRR,18048.17,1161,18048.17
9/5/2023,The Rec Room Deerfoot,Calgary,TRR,12969.03,615,12969.03
9/5/2023,TRR Seasons of Tuxedo,Winnipeg,TRR,27997.93,936,27997.93
9/5/2023,The Rec Room Brentwood,Burnaby,TRR,15216,621,15216
9/6/2023,Playdium Whitby,Whitby,PDM,3188.88,101,3188.88
9/6/2023,The Rec Room Avalon Mall,St. John's,TRR,4386.77,346,4386.77
9/6/2023,The Rec Room London Masonville,London,TRR,11245.98,658,11245.98
9/6/2023,The Rec Room Roundhouse,Toronto,TRR,26316.97,1679,26316.97
9/6/2023,The Rec Room South Edmonton,Edmonton,TRR,10890.57,718,10890.57
9/6/2023,Playdium Orion Gate,Brampton,PDM,2939.92,121,2939.92
9/6/2023,The Rec Room Deerfoot,Calgary,TRR,14569.13,738,14569.13
9/6/2023,The Rec Room Square One,Mississauga,TRR,22588.98,898,22588.98
9/6/2023,Playdium Dartmouth,Dartmouth,PDM,6432.86,265,6432.86
9/6/2023,The Rec Room Brentwood,Burnaby,TRR,15375.86,699,15375.86
9/6/2023,The Rec Room Park Place Barrie,Barrie,TRR,4777.26,254,4777.26
9/6/2023,TRR Seasons of Tuxedo,Winnipeg,TRR,14702.28,655,14702.28
9/6/2023,The Rec Room West Edmonton Mall,Edmonton,TRR,6040.03,327,6040.03
9/7/2023,Playdium Whitby,Whitby,PDM,3383.43,533,3383.43
9/7/2023,The Rec Room West Edmonton Mall,Edmonton,TRR,8572.92,486,8572.92
9/7/2023,The Rec Room South Edmonton,Edmonton,TRR,19711.24,1331,19711.24
9/7/2023,Playdium Dartmouth,Dartmouth,PDM,2218.94,86,2218.94
9/7/2023,The Rec Room Deerfoot,Calgary,TRR,10919.98,729,10919.98
9/7/2023,The Rec Room Brentwood,Burnaby,TRR,19785.39,703,19785.39
9/7/2023,Playdium Orion Gate,Brampton,PDM,2600.93,252,2600.93
9/7/2023,The Rec Room Square One,Mississauga,TRR,10630.94,744,10630.94
9/7/2023,The Rec Room London Masonville,London,TRR,3745.43,169,3745.43
9/7/2023,The Rec Room Park Place Barrie,Barrie,TRR,6977.16,458,6977.16
9/7/2023,TRR Seasons of Tuxedo,Winnipeg,TRR,7847.85,609,7847.85
9/7/2023,The Rec Room Avalon Mall,St. John's,TRR,5529.57,434,5529.57
9/7/2023,The Rec Room Roundhouse,Toronto,TRR,63453.27,3483,63453.27
9/8/2023,The Rec Room Park Place Barrie,Barrie,TRR,13609.72,1285,13609.72
9/8/2023,The Rec Room Deerfoot,Calgary,TRR,31725.46,3049,31725.46
9/8/2023,The Rec Room Brentwood,Burnaby,TRR,27699.26,2030,27699.26
9/8/2023,The Rec Room West Edmonton Mall,Edmonton,TRR,20649.6,1400,20649.6
9/8/2023,TRR Seasons of Tuxedo,Winnipeg,TRR,32815.86,1949,32815.86
9/8/2023,The Rec Room London Masonville,London,TRR,7748.15,637,7748.15
9/8/2023,Playdium Dartmouth,Dartmouth,PDM,6383.48,345,6383.48
9/8/2023,The Rec Room Roundhouse,Toronto,TRR,61217.08,4447,61217.08
9/8/2023,Playdium Orion Gate,Brampton,PDM,6944.95,322,6944.95
9/8/2023,Playdium Whitby,Whitby,PDM,11906.24,702,11906.24
9/8/2023,The Rec Room South Edmonton,Edmonton,TRR,36265.27,2495,36265.27
9/8/2023,The Rec Room Avalon Mall,St. John's,TRR,16007.86,1097,16007.86
9/8/2023,The Rec Room Square One,Mississauga,TRR,14100.12,1317,14100.12
9/9/2023,The Rec Room West Edmonton Mall,Edmonton,TRR,33986.52,1972,33986.52
9/9/2023,The Rec Room Brentwood,Burnaby,TRR,54831.1,3074,54831.1
9/9/2023,Playdium Whitby,Whitby,PDM,33324.63,1517,33324.63
9/9/2023,The Rec Room South Edmonton,Edmonton,TRR,71197.22,4756,71197.22
9/9/2023,Playdium Dartmouth,Dartmouth,PDM,24991.14,1184,24991.14
9/9/2023,The Rec Room Avalon Mall,St. John's,TRR,24216.63,1645,24216.63
9/9/2023,Playdium Orion Gate,Brampton,PDM,28838.4,1221,28838.4
9/9/2023,TRR Seasons of Tuxedo,Winnipeg,TRR,44995.39,2599,44995.39
9/9/2023,The Rec Room Square One,Mississauga,TRR,42176.61,2306,42176.61
9/9/2023,The Rec Room Deerfoot,Calgary,TRR,61946.6,4057,61946.6
9/9/2023,The Rec Room Roundhouse,Toronto,TRR,100073.3,8125,100073.3
9/9/2023,The Rec Room Park Place Barrie,Barrie,TRR,32452.12,2160,32452.12
9/9/2023,The Rec Room London Masonville,London,TRR,23809.68,1416,23809.68
9/10/2023,The Rec Room Square One,Mississauga,TRR,36088.54,1347,36088.54
9/10/2023,Playdium Dartmouth,Dartmouth,PDM,16960.92,783,16960.92
9/10/2023,Playdium Orion Gate,Brampton,PDM,19038.02,640,19038.02
9/10/2023,The Rec Room South Edmonton,Edmonton,TRR,30733.83,1651,30733.83
9/10/2023,The Rec Room Brentwood,Burnaby,TRR,50898.26,1595,50898.26
9/10/2023,Playdium Whitby,Whitby,PDM,23035.23,1325,23035.23
9/10/2023,The Rec Room Avalon Mall,St. John's,TRR,9372.12,732,9372.12
9/10/2023,The Rec Room Roundhouse,Toronto,TRR,75980.04,4417,75980.04
9/10/2023,The Rec Room Deerfoot,Calgary,TRR,55225.93,1707,55225.93
9/10/2023,The Rec Room Park Place Barrie,Barrie,TRR,33037.91,1045,33037.91
9/10/2023,The Rec Room London Masonville,London,TRR,31374.65,1023,31374.65
9/10/2023,The Rec Room West Edmonton Mall,Edmonton,TRR,19566.8,793,19566.8
9/10/2023,TRR Seasons of Tuxedo,Winnipeg,TRR,27495.93,1224,27495.93
9/11/2023,The Rec Room Avalon Mall,St. John's,TRR,4954.91,408,4954.91
9/11/2023,The Rec Room London Masonville,London,TRR,3146.55,173,3146.55
9/11/2023,The Rec Room Roundhouse,Toronto,TRR,78603.22,3028,78603.22
9/11/2023,The Rec Room Deerfoot,Calgary,TRR,8745.18,449,8745.18
9/11/2023,The Rec Room West Edmonton Mall,Edmonton,TRR,6631.47,358,6631.47
9/11/2023,TRR Seasons of Tuxedo,Winnipeg,TRR,20020.25,546,20020.25
9/11/2023,The Rec Room Brentwood,Burnaby,TRR,10417.39,572,10417.39
9/11/2023,The Rec Room Park Place Barrie,Barrie,TRR,4321.25,251,4321.25
9/11/2023,The Rec Room Square One,Mississauga,TRR,8326.4,464,8326.4
9/11/2023,The Rec Room South Edmonton,Edmonton,TRR,8479.14,473,8479.14
9/11/2023,Playdium Orion Gate,Brampton,PDM,2634.43,119,2634.43
9/11/2023,Playdium Dartmouth,Dartmouth,PDM,3994.94,145,3994.94
9/11/2023,Playdium Whitby,Whitby,PDM,2548.41,128,2548.41
9/12/2023,The Rec Room Avalon Mall,St. John's,TRR,8009.6,560,8009.6
9/12/2023,The Rec Room Square One,Mississauga,TRR,14511.32,636,14511.32
9/12/2023,Playdium Dartmouth,Dartmouth,PDM,2639.91,117,2639.91
9/12/2023,The Rec Room Brentwood,Burnaby,TRR,17023.24,898,17023.24
9/12/2023,Playdium Orion Gate,Brampton,PDM,3159.94,133,3159.94
9/12/2023,The Rec Room South Edmonton,Edmonton,TRR,9203.4,682,9203.4
9/12/2023,The Rec Room London Masonville,London,TRR,8170.97,475,8170.97
9/12/2023,The Rec Room Deerfoot,Calgary,TRR,12334.57,608,12334.57
9/12/2023,TRR Seasons of Tuxedo,Winnipeg,TRR,8229.23,510,8229.23
9/12/2023,The Rec Room Park Place Barrie,Barrie,TRR,7580.19,464,7580.19
9/12/2023,The Rec Room Roundhouse,Toronto,TRR,51898.29,3862,51898.29
9/12/2023,The Rec Room West Edmonton Mall,Edmonton,TRR,6899.58,544,6899.58
9/12/2023,Playdium Whitby,Whitby,PDM,2709.04,142,2709.04
9/13/2023,The Rec Room Roundhouse,Toronto,TRR,56765.94,3759,56765.94
9/13/2023,The Rec Room West Edmonton Mall,Edmonton,TRR,5967.44,399,5967.44
9/13/2023,The Rec Room Avalon Mall,St. John's,TRR,15860.64,585,15860.64
9/13/2023,The Rec Room Brentwood,Burnaby,TRR,12381.05,676,12381.05
9/13/2023,The Rec Room Deerfoot,Calgary,TRR,16523.39,1098,16523.39
9/13/2023,The Rec Room Park Place Barrie,Barrie,TRR,7623.86,502,7623.86
9/13/2023,Playdium Whitby,Whitby,PDM,4623.46,223,4623.46
9/13/2023,The Rec Room South Edmonton,Edmonton,TRR,15923.78,959,15923.78
9/13/2023,Playdium Dartmouth,Dartmouth,PDM,3620.64,296,3620.64
9/13/2023,The Rec Room London Masonville,London,TRR,5205.46,316,5205.46
9/13/2023,The Rec Room Square One,Mississauga,TRR,18073.21,941,18073.21
9/13/2023,TRR Seasons of Tuxedo,Winnipeg,TRR,14746.49,853,14746.49
9/13/2023,Playdium Orion Gate,Brampton,PDM,2321.43,334,2321.43
9/14/2023,Playdium Whitby,Whitby,PDM,3671.87,257,3671.87
9/14/2023,The Rec Room London Masonville,London,TRR,5837.63,336,5837.63
9/14/2023,The Rec Room Park Place Barrie,Barrie,TRR,9012.23,521,9012.23
9/14/2023,TRR Seasons of Tuxedo,Winnipeg,TRR,13550.24,912,13550.24
9/14/2023,Playdium Orion Gate,Brampton,PDM,2656.43,149,2656.43
9/14/2023,The Rec Room Roundhouse,Toronto,TRR,57761.21,4551,57761.21
9/14/2023,The Rec Room Deerfoot,Calgary,TRR,12958.98,654,12958.98
9/14/2023,The Rec Room West Edmonton Mall,Edmonton,TRR,10846.41,629,10846.41
9/14/2023,Playdium Dartmouth,Dartmouth,PDM,2497.45,108,2497.45
9/14/2023,The Rec Room Brentwood,Burnaby,TRR,18197.51,923,18197.51
9/14/2023,The Rec Room South Edmonton,Edmonton,TRR,19106.5,1105,19106.5
9/14/2023,The Rec Room Square One,Mississauga,TRR,23295.92,1337,23295.92
9/14/2023,The Rec Room Avalon Mall,St. John's,TRR,7362.45,452,7362.45
9/15/2023,The Rec Room Brentwood,Burnaby,TRR,35101.64,2487,35101.64
9/15/2023,The Rec Room Park Place Barrie,Barrie,TRR,14936.22,1438,14936.22
9/15/2023,The Rec Room West Edmonton Mall,Edmonton,TRR,14625.51,915,14625.51
9/15/2023,The Rec Room Avalon Mall,St. John's,TRR,19168.8,1426,19168.8
9/15/2023,Playdium Whitby,Whitby,PDM,16140.75,1406,16140.75
9/15/2023,The Rec Room London Masonville,London,TRR,17924.1,1350,17924.1
9/15/2023,TRR Seasons of Tuxedo,Winnipeg,TRR,37013.34,2192,37013.34
9/15/2023,The Rec Room South Edmonton,Edmonton,TRR,33477.55,2561,33477.55
9/15/2023,The Rec Room Deerfoot,Calgary,TRR,29442.7,2571,29442.7
9/15/2023,Playdium Orion Gate,Brampton,PDM,7673.23,264,7673.23
9/15/2023,The Rec Room Roundhouse,Toronto,TRR,83859.04,6348,83859.04
9/15/2023,Playdium Dartmouth,Dartmouth,PDM,8110.99,261,8110.99
9/15/2023,The Rec Room Square One,Mississauga,TRR,19424.26,1642,19424.26
9/16/2023,Playdium Whitby,Whitby,PDM,38735.08,2127,38735.08
9/16/2023,The Rec Room Brentwood,Burnaby,TRR,61535.73,3438,61535.73
9/16/2023,The Rec Room Square One,Mississauga,TRR,45234.84,2740,45234.84
9/16/2023,Playdium Dartmouth,Dartmouth,PDM,9652.37,786,9652.37
9/16/2023,The Rec Room West Edmonton Mall,Edmonton,TRR,39567.84,2592,39567.84
9/16/2023,The Rec Room South Edmonton,Edmonton,TRR,78259.53,4795,78259.53
9/16/2023,The Rec Room Deerfoot,Calgary,TRR,49669.5,3255,49669.5
9/16/2023,The Rec Room London Masonville,London,TRR,25684.47,1469,25684.47
9/16/2023,TRR Seasons of Tuxedo,Winnipeg,TRR,48671.46,3162,48671.46
9/16/2023,Playdium Orion Gate,Brampton,PDM,33342.89,1916,33342.89
9/16/2023,The Rec Room Avalon Mall,St. John's,TRR,31480.17,2123,31480.17
9/16/2023,The Rec Room Park Place Barrie,Barrie,TRR,38621.22,2733,38621.22
9/16/2023,The Rec Room Roundhouse,Toronto,TRR,118730.98,9216,118730.98
9/17/2023,The Rec Room Avalon Mall,St. John's,TRR,16436.17,1201,16436.17
9/17/2023,The Rec Room Deerfoot,Calgary,TRR,60190.9,1820,60190.9
9/17/2023,Playdium Whitby,Whitby,PDM,24224.61,1549,24224.61
9/17/2023,The Rec Room West Edmonton Mall,Edmonton,TRR,21178.85,950,21178.85
9/17/2023,The Rec Room South Edmonton,Edmonton,TRR,41113.93,2007,41113.93
9/17/2023,The Rec Room Park Place Barrie,Barrie,TRR,37343.99,1491,37343.99
9/17/2023,TRR Seasons of Tuxedo,Winnipeg,TRR,48903.29,1863,48903.29
9/17/2023,The Rec Room Brentwood,Burnaby,TRR,50141.65,1825,50141.65
9/17/2023,The Rec Room Square One,Mississauga,TRR,34917.07,1297,34917.07
9/17/2023,Playdium Orion Gate,Brampton,PDM,24946.5,1173,24946.5
9/17/2023,Playdium Dartmouth,Dartmouth,PDM,14074.84,591,14074.84
9/17/2023,The Rec Room London Masonville,London,TRR,19319.66,864,19319.66
9/17/2023,The Rec Room Roundhouse,Toronto,TRR,118352.79,7279,118352.79
9/18/2023,The Rec Room Brentwood,Burnaby,TRR,14158.04,761,14158.04
9/18/2023,The Rec Room Park Place Barrie,Barrie,TRR,7388.96,456,7388.96
9/18/2023,Playdium Dartmouth,Dartmouth,PDM,3250.02,131,3250.02
9/18/2023,The Rec Room Square One,Mississauga,TRR,18241.23,807,18241.23
9/18/2023,TRR Seasons of Tuxedo,Winnipeg,TRR,8471.96,393,8471.96
9/18/2023,The Rec Room Deerfoot,Calgary,TRR,11915.22,560,11915.22
9/18/2023,The Rec Room South Edmonton,Edmonton,TRR,7640.43,426,7640.43
9/18/2023,The Rec Room Avalon Mall,St. John's,TRR,5553.16,390,5553.16
9/18/2023,Playdium Whitby,Whitby,PDM,3106.37,154,3106.37
9/18/2023,The Rec Room London Masonville,London,TRR,4335.28,226,4335.28
9/18/2023,Playdium Orion Gate,Brampton,PDM,5202.93,183,5202.93
9/18/2023,The Rec Room West Edmonton Mall,Edmonton,TRR,5844.43,337,5844.43
9/18/2023,The Rec Room Roundhouse,Toronto,TRR,41856.51,3148,41856.51
9/19/2023,Playdium Dartmouth,Dartmouth,PDM,3302.04,167,3302.04
9/19/2023,The Rec Room South Edmonton,Edmonton,TRR,15100.85,825,15100.85
9/19/2023,The Rec Room Deerfoot,Calgary,TRR,9140.68,507,9140.68
9/19/2023,Playdium Whitby,Whitby,PDM,4263.98,232,4263.98
9/19/2023,TRR Seasons of Tuxedo,Winnipeg,TRR,7345.51,622,7345.51
9/19/2023,The Rec Room Avalon Mall,St. John's,TRR,6794.71,527,6794.71
9/19/2023,The Rec Room West Edmonton Mall,Edmonton,TRR,6920.5,485,6920.5
9/19/2023,The Rec Room Roundhouse,Toronto,TRR,44925.57,2685,44925.57
9/19/2023,The Rec Room Brentwood,Burnaby,TRR,13402.78,895,13402.78
9/19/2023,Playdium Orion Gate,Brampton,PDM,2505.92,84,2505.92
9/19/2023,The Rec Room Park Place Barrie,Barrie,TRR,6471.59,394,6471.59
9/19/2023,The Rec Room Square One,Mississauga,TRR,12183.32,709,12183.32
9/19/2023,The Rec Room London Masonville,London,TRR,5734.67,419,5734.67
9/20/2023,Playdium Dartmouth,Dartmouth,PDM,7240.45,232,7240.45
9/20/2023,Playdium Orion Gate,Brampton,PDM,2933.9,415,2933.9
9/20/2023,Playdium Whitby,Whitby,PDM,2837.84,142,2837.84
9/20/2023,The Rec Room Avalon Mall,St. John's,TRR,5947.5,438,5947.5
9/20/2023,The Rec Room Brentwood,Burnaby,TRR,20879.42,1369,20879.42
9/20/2023,The Rec Room Deerfoot,Calgary,TRR,13384.7,860,13384.7
9/20/2023,The Rec Room London Masonville,London,TRR,14363.62,766,14363.62
9/20/2023,The Rec Room Park Place Barrie,Barrie,TRR,8590.56,567,8590.56
9/20/2023,The Rec Room Roundhouse,Toronto,TRR,70681.09,4498,70681.09
9/20/2023,The Rec Room South Edmonton,Edmonton,TRR,9556.63,573,9556.63
9/20/2023,The Rec Room Square One,Mississauga,TRR,13660.13,791,13660.13
9/20/2023,The Rec Room West Edmonton Mall,Edmonton,TRR,9279.31,1057,9279.31
9/20/2023,TRR Seasons of Tuxedo,Winnipeg,TRR,7533.89,652,7533.89
9/21/2023,Playdium Dartmouth,Dartmouth,PDM,5224.94,356,5224.94
9/21/2023,The Rec Room Deerfoot,Calgary,TRR,16748.23,865,16748.23
9/21/2023,Playdium Whitby,Whitby,PDM,2334.93,573,2334.93
9/21/2023,TRR Seasons of Tuxedo,Winnipeg,TRR,15965.32,775,15965.32
9/21/2023,The Rec Room South Edmonton,Edmonton,TRR,23984.77,1455,23984.77
9/21/2023,The Rec Room West Edmonton Mall,Edmonton,TRR,6863.02,1162,6863.02
9/21/2023,The Rec Room Avalon Mall,St. John's,TRR,7912.88,649,7912.88
9/21/2023,The Rec Room Brentwood,Burnaby,TRR,22383.63,1185,22383.63
9/21/2023,The Rec Room Roundhouse,Toronto,TRR,65433.35,3773,65433.35
9/21/2023,The Rec Room Park Place Barrie,Barrie,TRR,11445.73,753,11445.73
9/21/2023,The Rec Room London Masonville,London,TRR,5507.65,269,5507.65
9/21/2023,Playdium Orion Gate,Brampton,PDM,3351.4,307,3351.4
9/21/2023,The Rec Room Square One,Mississauga,TRR,10483.21,667,10483.21
9/22/2023,The Rec Room London Masonville,London,TRR,13995.19,1161,13995.19
9/22/2023,The Rec Room Roundhouse,Toronto,TRR,53689.03,3808,53689.03
9/22/2023,Playdium Orion Gate,Brampton,PDM,12138.37,664,12138.37
9/22/2023,The Rec Room Avalon Mall,St. John's,TRR,21470.56,1580,21470.56
9/22/2023,Playdium Whitby,Whitby,PDM,10914.97,628,10914.97
9/22/2023,The Rec Room Park Place Barrie,Barrie,TRR,21480.01,1891,21480.01
9/22/2023,The Rec Room South Edmonton,Edmonton,TRR,35645.37,2705,35645.37
9/22/2023,The Rec Room West Edmonton Mall,Edmonton,TRR,24017.36,1602,24017.36
9/22/2023,The Rec Room Deerfoot,Calgary,TRR,25645.55,2504,25645.55
9/22/2023,Playdium Dartmouth,Dartmouth,PDM,10448.92,590,10448.92
9/22/2023,TRR Seasons of Tuxedo,Winnipeg,TRR,22580.64,1665,22580.64
9/22/2023,The Rec Room Square One,Mississauga,TRR,38273.76,1997,38273.76
9/22/2023,The Rec Room Brentwood,Burnaby,TRR,40298.82,2818,40298.82
9/23/2023,Playdium Orion Gate,Brampton,PDM,35882.05,1865,35882.05
9/23/2023,The Rec Room Park Place Barrie,Barrie,TRR,38569.55,2758,38569.55
9/23/2023,The Rec Room Brentwood,Burnaby,TRR,75651.55,4095,75651.55
9/23/2023,The Rec Room Roundhouse,Toronto,TRR,80321.3,5842,80321.3
9/23/2023,The Rec Room Avalon Mall,St. John's,TRR,31124.01,2182,31124.01
9/23/2023,The Rec Room London Masonville,London,TRR,25861.85,1515,25861.85
9/23/2023,The Rec Room Square One,Mississauga,TRR,39144.38,2322,39144.38
9/23/2023,TRR Seasons of Tuxedo,Winnipeg,TRR,57493.77,3497,57493.77
9/23/2023,The Rec Room South Edmonton,Edmonton,TRR,65776.04,4225,65776.04
9/23/2023,Playdium Whitby,Whitby,PDM,44889.14,2020,44889.14
9/23/2023,The Rec Room West Edmonton Mall,Edmonton,TRR,44265.03,2589,44265.03
9/23/2023,The Rec Room Deerfoot,Calgary,TRR,61553.69,4374,61553.69
9/23/2023,Playdium Dartmouth,Dartmouth,PDM,28409.94,1775,28409.94
9/24/2023,The Rec Room Roundhouse,Toronto,TRR,57382.18,3207,57382.18
9/24/2023,Playdium Orion Gate,Brampton,PDM,30871.06,1935,30871.06
9/24/2023,The Rec Room Brentwood,Burnaby,TRR,69859.18,2497,69859.18
9/24/2023,Playdium Dartmouth,Dartmouth,PDM,27207.67,1053,27207.67
9/24/2023,The Rec Room Park Place Barrie,Barrie,TRR,30900.36,1162,30900.36
9/24/2023,The Rec Room Deerfoot,Calgary,TRR,66072.64,2091,66072.64
9/24/2023,TRR Seasons of Tuxedo,Winnipeg,TRR,39812.15,1882,39812.15
9/24/2023,The Rec Room West Edmonton Mall,Edmonton,TRR,25284.19,1253,25284.19
9/24/2023,The Rec Room Avalon Mall,St. John's,TRR,15666.22,1497,15666.22
9/24/2023,The Rec Room Square One,Mississauga,TRR,38705.53,1501,38705.53
9/24/2023,The Rec Room London Masonville,London,TRR,31337.48,774,31337.48
9/24/2023,Playdium Whitby,Whitby,PDM,23072.86,1315,23072.86
9/24/2023,The Rec Room South Edmonton,Edmonton,TRR,58197.35,1987,58197.35
9/25/2023,TRR Seasons of Tuxedo,Winnipeg,TRR,18287.19,692,18287.19
9/25/2023,Playdium Orion Gate,Brampton,PDM,2223.41,82,2223.41
9/25/2023,The Rec Room Avalon Mall,St. John's,TRR,6316.27,478,6316.27
9/25/2023,The Rec Room Park Place Barrie,Barrie,TRR,6119.99,299,6119.99
9/25/2023,The Rec Room London Masonville,London,TRR,6548.96,256,6548.96
9/25/2023,The Rec Room Deerfoot,Calgary,TRR,11798.7,682,11798.7
9/25/2023,The Rec Room Roundhouse,Toronto,TRR,33370.53,2558,33370.53
9/25/2023,The Rec Room Square One,Mississauga,TRR,7007.66,423,7007.66
9/25/2023,The Rec Room Brentwood,Burnaby,TRR,15779.93,995,15779.93
9/25/2023,The Rec Room West Edmonton Mall,Edmonton,TRR,8265.7,452,8265.7
9/25/2023,The Rec Room South Edmonton,Edmonton,TRR,12931.59,610,12931.59
9/25/2023,Playdium Whitby,Whitby,PDM,4349.37,221,4349.37
9/25/2023,Playdium Dartmouth,Dartmouth,PDM,3545.43,130,3545.43
9/26/2023,The Rec Room Avalon Mall,St. John's,TRR,5639.78,389,5639.78
9/26/2023,Playdium Orion Gate,Brampton,PDM,2606.4,72,2606.4
9/26/2023,Playdium Dartmouth,Dartmouth,PDM,3177.06,130,3177.06
9/26/2023,The Rec Room Square One,Mississauga,TRR,18058.54,946,18058.54
9/26/2023,Playdium Whitby,Whitby,PDM,3089.88,216,3089.88
9/26/2023,The Rec Room South Edmonton,Edmonton,TRR,8087.9,568,8087.9
9/26/2023,The Rec Room London Masonville,London,TRR,4539.55,295,4539.55
9/26/2023,TRR Seasons of Tuxedo,Winnipeg,TRR,12629.59,825,12629.59
9/26/2023,The Rec Room West Edmonton Mall,Edmonton,TRR,5812.94,426,5812.94
9/26/2023,The Rec Room Brentwood,Burnaby,TRR,26961.06,1468,26961.06
9/26/2023,The Rec Room Park Place Barrie,Barrie,TRR,7891.26,496,7891.26
9/26/2023,The Rec Room Deerfoot,Calgary,TRR,11327.96,599,11327.96
9/26/2023,The Rec Room Roundhouse,Toronto,TRR,69679.06,4496,69679.06
9/27/2023,The Rec Room Park Place Barrie,Barrie,TRR,5868.81,418,5868.81
9/27/2023,The Rec Room Deerfoot,Calgary,TRR,13327.96,786,13327.96
9/27/2023,The Rec Room Roundhouse,Toronto,TRR,88972.64,5588,88972.64
9/27/2023,The Rec Room London Masonville,London,TRR,4973.9,290,4973.9
9/27/2023,The Rec Room Avalon Mall,St. John's,TRR,7546.42,601,7546.42
9/27/2023,The Rec Room Brentwood,Burnaby,TRR,17986.51,837,17986.51
9/27/2023,Playdium Dartmouth,Dartmouth,PDM,4347,165,4347
9/27/2023,The Rec Room Square One,Mississauga,TRR,8628.52,709,8628.52
9/27/2023,Playdium Whitby,Whitby,PDM,2894.34,281,2894.34
9/27/2023,Playdium Orion Gate,Brampton,PDM,3582.86,301,3582.86
9/27/2023,The Rec Room South Edmonton,Edmonton,TRR,11241.59,646,11241.59
9/27/2023,TRR Seasons of Tuxedo,Winnipeg,TRR,6049.81,377,6049.81
9/27/2023,The Rec Room West Edmonton Mall,Edmonton,TRR,5340.65,325,5340.65
9/28/2023,The Rec Room South Edmonton,Edmonton,TRR,14074.35,1020,14074.35
9/28/2023,TRR Seasons of Tuxedo,Winnipeg,TRR,11484.99,681,11484.99
9/28/2023,Playdium Orion Gate,Brampton,PDM,4334.13,322,4334.13
9/28/2023,Playdium Whitby,Whitby,PDM,6185.91,335,6185.91
9/28/2023,The Rec Room Avalon Mall,St. John's,TRR,8814.82,463,8814.82
9/28/2023,The Rec Room Square One,Mississauga,TRR,17730.03,800,17730.03
9/28/2023,Playdium Dartmouth,Dartmouth,PDM,4417.9,210,4417.9
9/28/2023,The Rec Room Park Place Barrie,Barrie,TRR,7563.38,576,7563.38
9/28/2023,The Rec Room Roundhouse,Toronto,TRR,57655.96,4966,57655.96
9/28/2023,The Rec Room Brentwood,Burnaby,TRR,28673.53,1469,28673.53
9/28/2023,The Rec Room West Edmonton Mall,Edmonton,TRR,8375.49,524,8375.49
9/28/2023,The Rec Room Deerfoot,Calgary,TRR,16445.42,829,16445.42
9/28/2023,The Rec Room London Masonville,London,TRR,10729.42,533,10729.42
9/29/2023,The Rec Room Park Place Barrie,Barrie,TRR,15150.82,1421,15150.82
9/29/2023,The Rec Room Deerfoot,Calgary,TRR,32174.68,3110,32174.68
9/29/2023,The Rec Room Brentwood,Burnaby,TRR,33253.31,2458,33253.31
9/29/2023,The Rec Room Avalon Mall,St. John's,TRR,21350.39,1442,21350.39
9/29/2023,The Rec Room Roundhouse,Toronto,TRR,93776.11,6519,93776.11
9/29/2023,Playdium Dartmouth,Dartmouth,PDM,10135.98,664,10135.98
9/29/2023,Playdium Whitby,Whitby,PDM,16007.23,777,16007.23
9/29/2023,The Rec Room London Masonville,London,TRR,13802.12,1037,13802.12
9/29/2023,The Rec Room West Edmonton Mall,Edmonton,TRR,21819.49,1349,21819.49
9/29/2023,TRR Seasons of Tuxedo,Winnipeg,TRR,34312.09,2125,34312.09
9/29/2023,The Rec Room Square One,Mississauga,TRR,18764.84,1463,18764.84
9/29/2023,The Rec Room South Edmonton,Edmonton,TRR,49419.97,3976,49419.97
9/29/2023,Playdium Orion Gate,Brampton,PDM,8314.48,442,8314.48
9/30/2023,The Rec Room Brentwood,Burnaby,TRR,62381.6,3487,62381.6
9/30/2023,Playdium Dartmouth,Dartmouth,PDM,33605.17,1411,33605.17
9/30/2023,The Rec Room South Edmonton,Edmonton,TRR,76032.63,4476,76032.63
9/30/2023,Playdium Orion Gate,Brampton,PDM,31669.21,1574,31669.21
9/30/2023,The Rec Room Square One,Mississauga,TRR,54684.42,3487,54684.42
9/30/2023,TRR Seasons of Tuxedo,Winnipeg,TRR,58349.09,3358,58349.09
9/30/2023,The Rec Room Avalon Mall,St. John's,TRR,32503.54,2484,32503.54
9/30/2023,The Rec Room West Edmonton Mall,Edmonton,TRR,47136.71,2735,47136.71
9/30/2023,Playdium Whitby,Whitby,PDM,34906.5,2119,34906.5
9/30/2023,The Rec Room London Masonville,London,TRR,23741.74,1338,23741.74
9/30/2023,The Rec Room Park Place Barrie,Barrie,TRR,43210.85,2901,43210.85
9/30/2023,The Rec Room Roundhouse,Toronto,TRR,110519.64,8745,110519.64
9/30/2023,The Rec Room Deerfoot,Calgary,TRR,71401.41,4962,71401.41
10/1/2023,The Rec Room South Edmonton,Edmonton,TRR,48540.29,2073,48540.29
10/1/2023,The Rec Room London Masonville,London,TRR,28774.64,631,28774.64
10/1/2023,The Rec Room West Edmonton Mall,Edmonton,TRR,25258.18,1081,25258.18
10/1/2023,The Rec Room Deerfoot,Calgary,TRR,88409.96,2571,88409.96
10/1/2023,The Rec Room Square One,Mississauga,TRR,40486.25,1815,40486.25
10/1/2023,The Rec Room Avalon Mall,St. John's,TRR,23050.08,1172,23050.08
10/1/2023,Playdium Whitby,Whitby,PDM,25356.72,1341,25356.72
10/1/2023,The Rec Room Brentwood,Burnaby,TRR,62239,2118,62239
10/1/2023,TRR Seasons of Tuxedo,Winnipeg,TRR,41771.78,1749,41771.78
10/1/2023,The Rec Room Roundhouse,Toronto,TRR,104182.43,5289,104182.43
10/1/2023,Playdium Orion Gate,Brampton,PDM,22968.51,1279,22968.51
10/1/2023,Playdium Dartmouth,Dartmouth,PDM,18685.35,850,18685.35
10/1/2023,The Rec Room Park Place Barrie,Barrie,TRR,32797.52,1302,32797.52
10/2/2023,The Rec Room Square One,Mississauga,TRR,6554.77,311,6554.77
10/2/2023,The Rec Room South Edmonton,Edmonton,TRR,27154.28,793,27154.28
10/2/2023,The Rec Room Deerfoot,Calgary,TRR,10133.33,536,10133.33
10/2/2023,Playdium Dartmouth,Dartmouth,PDM,11043.02,447,11043.02
10/2/2023,The Rec Room Brentwood,Burnaby,TRR,40776.23,1296,40776.23
10/2/2023,Playdium Whitby,Whitby,PDM,3656.11,194,3656.11
10/2/2023,Playdium Orion Gate,Brampton,PDM,3653.41,113,3653.41
10/2/2023,The Rec Room Roundhouse,Toronto,TRR,53070.77,2757,53070.77
10/2/2023,The Rec Room West Edmonton Mall,Edmonton,TRR,8864.06,411,8864.06
10/2/2023,The Rec Room Park Place Barrie,Barrie,TRR,6514.9,340,6514.9
10/2/2023,The Rec Room Avalon Mall,St. John's,TRR,12660.16,714,12660.16
10/2/2023,TRR Seasons of Tuxedo,Winnipeg,TRR,20307.48,584,20307.48
10/2/2023,The Rec Room London Masonville,London,TRR,5007.54,217,5007.54
10/3/2023,The Rec Room South Edmonton,Edmonton,TRR,13445.48,825,13445.48
10/3/2023,The Rec Room Park Place Barrie,Barrie,TRR,4618.3,334,4618.3
10/3/2023,The Rec Room West Edmonton Mall,Edmonton,TRR,5547.5,388,5547.5
10/3/2023,Playdium Whitby,Whitby,PDM,2369.9,156,2369.9
10/3/2023,The Rec Room Deerfoot,Calgary,TRR,9981.38,529,9981.38
10/3/2023,The Rec Room London Masonville,London,TRR,4411.82,284,4411.82
10/3/2023,The Rec Room Roundhouse,Toronto,TRR,70094.92,3709,70094.92
10/3/2023,The Rec Room Avalon Mall,St. John's,TRR,5940.44,390,5940.44
10/3/2023,The Rec Room Square One,Mississauga,TRR,10730.25,729,10730.25
10/3/2023,Playdium Dartmouth,Dartmouth,PDM,2508.14,109,2508.14
10/3/2023,Playdium Orion Gate,Brampton,PDM,6425.25,645,6425.25
10/3/2023,TRR Seasons of Tuxedo,Winnipeg,TRR,12915.93,972,12915.93
10/3/2023,The Rec Room Brentwood,Burnaby,TRR,15835.44,982,15835.44
10/4/2023,The Rec Room South Edmonton,Edmonton,TRR,15055.53,827,15055.53
10/4/2023,The Rec Room Deerfoot,Calgary,TRR,18115.84,921,18115.84
10/4/2023,The Rec Room Brentwood,Burnaby,TRR,12267.36,657,12267.36
10/4/2023,Playdium Dartmouth,Dartmouth,PDM,4601.93,161,4601.93
10/4/2023,The Rec Room Square One,Mississauga,TRR,10969.59,616,10969.59
10/4/2023,TRR Seasons of Tuxedo,Winnipeg,TRR,15902.13,724,15902.13
10/4/2023,Playdium Orion Gate,Brampton,PDM,3990.82,506,3990.82
10/4/2023,The Rec Room Roundhouse,Toronto,TRR,56057.52,3163,56057.52
10/4/2023,The Rec Room West Edmonton Mall,Edmonton,TRR,4703.92,317,4703.92
10/4/2023,The Rec Room London Masonville,London,TRR,5404.59,468,5404.59
10/4/2023,The Rec Room Park Place Barrie,Barrie,TRR,3714.63,209,3714.63
10/4/2023,The Rec Room Avalon Mall,St. John's,TRR,6119.89,433,6119.89
10/4/2023,Playdium Whitby,Whitby,PDM,1724.97,209,1724.97
10/5/2023,Playdium Whitby,Whitby,PDM,3353.86,286,3353.86
10/5/2023,The Rec Room Deerfoot,Calgary,TRR,17395.42,1149,17395.42
10/5/2023,The Rec Room Avalon Mall,St. John's,TRR,6164.44,442,6164.44
10/5/2023,The Rec Room West Edmonton Mall,Edmonton,TRR,9020.98,583,9020.98
10/5/2023,The Rec Room South Edmonton,Edmonton,TRR,12790.49,733,12790.49
10/5/2023,TRR Seasons of Tuxedo,Winnipeg,TRR,12711.97,650,12711.97
10/5/2023,Playdium Dartmouth,Dartmouth,PDM,4141.68,182,4141.68
10/5/2023,The Rec Room London Masonville,London,TRR,6221,316,6221
10/5/2023,The Rec Room Square One,Mississauga,TRR,29838.5,1836,29838.5
10/5/2023,Playdium Orion Gate,Brampton,PDM,7521.99,601,7521.99
10/5/2023,The Rec Room Brentwood,Burnaby,TRR,14103.63,747,14103.63
10/5/2023,The Rec Room Park Place Barrie,Barrie,TRR,6523.32,427,6523.32
10/5/2023,The Rec Room Roundhouse,Toronto,TRR,72467.86,3935,72467.86
10/6/2023,Playdium Dartmouth,Dartmouth,PDM,7923.85,333,7923.85
10/6/2023,The Rec Room Park Place Barrie,Barrie,TRR,13486.32,1322,13486.32
10/6/2023,The Rec Room West Edmonton Mall,Edmonton,TRR,15880.26,1173,15880.26
10/6/2023,The Rec Room Deerfoot,Calgary,TRR,32263.17,2982,32263.17
10/6/2023,The Rec Room Brentwood,Burnaby,TRR,30440.7,2120,30440.7
10/6/2023,The Rec Room Avalon Mall,St. John's,TRR,16854.7,1012,16854.7
10/6/2023,The Rec Room South Edmonton,Edmonton,TRR,27101.01,2333,27101.01
10/6/2023,The Rec Room Square One,Mississauga,TRR,28542.45,1987,28542.45
10/6/2023,TRR Seasons of Tuxedo,Winnipeg,TRR,27604.49,1691,27604.49
10/6/2023,The Rec Room Roundhouse,Toronto,TRR,48142.39,3642,48142.39
10/6/2023,The Rec Room London Masonville,London,TRR,15120.57,1076,15120.57
10/6/2023,Playdium Whitby,Whitby,PDM,18632.9,1161,18632.9
10/6/2023,Playdium Orion Gate,Brampton,PDM,16467.68,853,16467.68
10/7/2023,TRR Seasons of Tuxedo,Winnipeg,TRR,47578.24,2681,47578.24
10/7/2023,The Rec Room South Edmonton,Edmonton,TRR,52969.6,3406,52969.6
10/7/2023,Playdium Whitby,Whitby,PDM,30495.45,1682,30495.45
10/7/2023,The Rec Room Deerfoot,Calgary,TRR,54768.49,3518,54768.49
10/7/2023,Playdium Dartmouth,Dartmouth,PDM,21282.57,925,21282.57
10/7/2023,The Rec Room Avalon Mall,St. John's,TRR,24576.16,1684,24576.16
10/7/2023,Playdium Orion Gate,Brampton,PDM,32833.74,1546,32833.74
10/7/2023,The Rec Room Square One,Mississauga,TRR,51639.6,3000,51639.6
10/7/2023,The Rec Room London Masonville,London,TRR,23224.44,1246,23224.44
10/7/2023,The Rec Room West Edmonton Mall,Edmonton,TRR,33077.66,1925,33077.66
10/7/2023,The Rec Room Park Place Barrie,Barrie,TRR,30801.06,1961,30801.06
10/7/2023,The Rec Room Roundhouse,Toronto,TRR,76759.67,5260,76759.67
10/7/2023,The Rec Room Brentwood,Burnaby,TRR,50696.28,2830,50696.28
10/8/2023,The Rec Room Deerfoot,Calgary,TRR,62663.36,1700,62663.36
10/8/2023,The Rec Room Avalon Mall,St. John's,TRR,14426.93,547,14426.93
10/8/2023,The Rec Room West Edmonton Mall,Edmonton,TRR,27568.12,810,27568.12
10/8/2023,The Rec Room Park Place Barrie,Barrie,TRR,35662.12,990,35662.12
10/8/2023,Playdium Dartmouth,Dartmouth,PDM,15128.01,572,15128.01
10/8/2023,The Rec Room Roundhouse,Toronto,TRR,70740.73,3829,70740.73
10/8/2023,The Rec Room Brentwood,Burnaby,TRR,50613.81,1781,50613.81
10/8/2023,The Rec Room Square One,Mississauga,TRR,47562,1620,47562
10/8/2023,The Rec Room London Masonville,London,TRR,32349.57,717,32349.57
10/8/2023,Playdium Orion Gate,Brampton,PDM,32238.45,1398,32238.45
10/8/2023,Playdium Whitby,Whitby,PDM,23368.01,1213,23368.01
10/8/2023,The Rec Room South Edmonton,Edmonton,TRR,49469.98,1623,49469.98
10/8/2023,TRR Seasons of Tuxedo,Winnipeg,TRR,34534.81,1588,34534.81
10/9/2023,Playdium Whitby,Whitby,PDM,12488.85,596,12488.85
10/9/2023,The Rec Room West Edmonton Mall,Edmonton,TRR,14361.86,677,14361.86
10/9/2023,The Rec Room Park Place Barrie,Barrie,TRR,13218.19,557,13218.19
10/9/2023,The Rec Room Deerfoot,Calgary,TRR,25452.92,1368,25452.92
10/9/2023,Playdium Orion Gate,Brampton,PDM,20658.08,723,20658.08
10/9/2023,TRR Seasons of Tuxedo,Winnipeg,TRR,22063.83,735,22063.83
10/9/2023,Playdium Dartmouth,Dartmouth,PDM,7521.54,271,7521.54
10/9/2023,The Rec Room Brentwood,Burnaby,TRR,35009.02,1321,35009.02
10/9/2023,The Rec Room South Edmonton,Edmonton,TRR,24660.96,1008,24660.96
10/9/2023,The Rec Room London Masonville,London,TRR,6289.01,244,6289.01
10/9/2023,The Rec Room Square One,Mississauga,TRR,24447.17,1101,24447.17
10/9/2023,The Rec Room Roundhouse,Toronto,TRR,35551.59,2891,35551.59
10/9/2023,The Rec Room Avalon Mall,St. John's,TRR,11735.55,539,11735.55
10/10/2023,Playdium Orion Gate,Brampton,PDM,4733.85,181,4733.85
10/10/2023,The Rec Room Square One,Mississauga,TRR,11691.52,625,11691.52
10/10/2023,The Rec Room London Masonville,London,TRR,6280.47,273,6280.47
10/10/2023,The Rec Room West Edmonton Mall,Edmonton,TRR,7448.2,396,7448.2
10/10/2023,The Rec Room Deerfoot,Calgary,TRR,9518.41,448,9518.41
10/10/2023,The Rec Room Brentwood,Burnaby,TRR,10547.01,539,10547.01
10/10/2023,The Rec Room Park Place Barrie,Barrie,TRR,5544.76,329,5544.76
10/10/2023,TRR Seasons of Tuxedo,Winnipeg,TRR,12670.84,566,12670.84
10/10/2023,Playdium Dartmouth,Dartmouth,PDM,3201,112,3201
10/10/2023,The Rec Room Roundhouse,Toronto,TRR,35795.72,1760,35795.72
10/10/2023,Playdium Whitby,Whitby,PDM,3425.95,177,3425.95
10/10/2023,The Rec Room South Edmonton,Edmonton,TRR,7710.42,578,7710.42
10/10/2023,The Rec Room Avalon Mall,St. John's,TRR,5679.88,364,5679.88
10/11/2023,The Rec Room Deerfoot,Calgary,TRR,19531.76,1062,19531.76
10/11/2023,The Rec Room West Edmonton Mall,Edmonton,TRR,6129.96,368,6129.96
10/11/2023,TRR Seasons of Tuxedo,Winnipeg,TRR,11856.29,741,11856.29
10/11/2023,Playdium Orion Gate,Brampton,PDM,3558.71,151,3558.71
10/11/2023,Playdium Whitby,Whitby,PDM,4364.34,252,4364.34
10/11/2023,Playdium Dartmouth,Dartmouth,PDM,4341.48,162,4341.48
10/11/2023,The Rec Room South Edmonton,Edmonton,TRR,14780.98,904,14780.98
10/11/2023,The Rec Room Brentwood,Burnaby,TRR,15768.09,905,15768.09
10/11/2023,The Rec Room Square One,Mississauga,TRR,17263.33,765,17263.33
10/11/2023,The Rec Room London Masonville,London,TRR,6315.87,221,6315.87
10/11/2023,The Rec Room Avalon Mall,St. John's,TRR,5278.14,369,5278.14
10/11/2023,The Rec Room Park Place Barrie,Barrie,TRR,5836.06,335,5836.06
10/11/2023,The Rec Room Roundhouse,Toronto,TRR,40767.42,2912,40767.42
10/12/2023,The Rec Room Brentwood,Burnaby,TRR,20755.82,1091,20755.82
10/12/2023,The Rec Room London Masonville,London,TRR,6512.4,361,6512.4
10/12/2023,The Rec Room Deerfoot,Calgary,TRR,23599.47,1218,23599.47
10/12/2023,TRR Seasons of Tuxedo,Winnipeg,TRR,15318.75,724,15318.75
10/12/2023,The Rec Room Roundhouse,Toronto,TRR,43039.22,2278,43039.22
10/12/2023,The Rec Room West Edmonton Mall,Edmonton,TRR,8109.21,447,8109.21
10/12/2023,The Rec Room Park Place Barrie,Barrie,TRR,10719.62,606,10719.62
10/12/2023,The Rec Room Avalon Mall,St. John's,TRR,7457.24,493,7457.24
10/12/2023,The Rec Room South Edmonton,Edmonton,TRR,10568.12,536,10568.12
10/12/2023,The Rec Room Square One,Mississauga,TRR,14237.35,865,14237.35
10/12/2023,Playdium Dartmouth,Dartmouth,PDM,3190.46,137,3190.46
10/12/2023,Playdium Orion Gate,Brampton,PDM,3527.01,110,3527.01
10/12/2023,Playdium Whitby,Whitby,PDM,5097.36,533,5097.36
10/13/2023,The Rec Room Avalon Mall,St. John's,TRR,19742.58,1371,19742.58
10/13/2023,The Rec Room Brentwood,Burnaby,TRR,38881.68,2869,38881.68
10/13/2023,The Rec Room London Masonville,London,TRR,11336.56,1127,11336.56
10/13/2023,The Rec Room South Edmonton,Edmonton,TRR,32176.3,2865,32176.3
10/13/2023,The Rec Room Park Place Barrie,Barrie,TRR,22529.12,1991,22529.12
10/13/2023,The Rec Room West Edmonton Mall,Edmonton,TRR,14053.33,1020,14053.33
10/13/2023,The Rec Room Roundhouse,Toronto,TRR,52119.68,3270,52119.68
10/13/2023,TRR Seasons of Tuxedo,Winnipeg,TRR,28126.03,1991,28126.03
10/13/2023,The Rec Room Deerfoot,Calgary,TRR,34154.99,3137,34154.99
10/13/2023,Playdium Dartmouth,Dartmouth,PDM,11518.15,658,11518.15
10/13/2023,Playdium Orion Gate,Brampton,PDM,6905.18,647,6905.18
10/13/2023,The Rec Room Square One,Mississauga,TRR,23565.34,1891,23565.34
10/13/2023,Playdium Whitby,Whitby,PDM,13065.98,755,13065.98
10/14/2023,The Rec Room Roundhouse,Toronto,TRR,74218.9,5375,74218.9
10/14/2023,The Rec Room Brentwood,Burnaby,TRR,76768.3,4395,76768.3
10/14/2023,The Rec Room Deerfoot,Calgary,TRR,66015.23,4631,66015.23
10/14/2023,The Rec Room Park Place Barrie,Barrie,TRR,49194.35,3538,49194.35
10/14/2023,The Rec Room West Edmonton Mall,Edmonton,TRR,46119.57,2968,46119.57
10/14/2023,The Rec Room London Masonville,London,TRR,32629.04,2105,32629.04
10/14/2023,TRR Seasons of Tuxedo,Winnipeg,TRR,55370.21,3339,55370.21
10/14/2023,The Rec Room South Edmonton,Edmonton,TRR,60829.41,3776,60829.41
10/14/2023,Playdium Orion Gate,Brampton,PDM,34289.12,1953,34289.12
10/14/2023,Playdium Whitby,Whitby,PDM,40391.04,1995,40391.04
10/14/2023,The Rec Room Avalon Mall,St. John's,TRR,34582.82,2554,34582.82
10/14/2023,The Rec Room Square One,Mississauga,TRR,44559.31,2874,44559.31
10/14/2023,Playdium Dartmouth,Dartmouth,PDM,35374.27,1721,35374.27
10/15/2023,The Rec Room London Masonville,London,TRR,40562.71,891,40562.71
10/15/2023,Playdium Dartmouth,Dartmouth,PDM,16536.79,746,16536.79
10/15/2023,TRR Seasons of Tuxedo,Winnipeg,TRR,36755.5,1775,36755.5
10/15/2023,The Rec Room Square One,Mississauga,TRR,49278,1910,49278
10/15/2023,The Rec Room West Edmonton Mall,Edmonton,TRR,28747.51,1158,28747.51
10/15/2023,Playdium Whitby,Whitby,PDM,26000.81,1718,26000.81
10/15/2023,Playdium Orion Gate,Brampton,PDM,26761.36,1145,26761.36
10/15/2023,The Rec Room Park Place Barrie,Barrie,TRR,36105.66,1513,36105.66
10/15/2023,The Rec Room South Edmonton,Edmonton,TRR,53311.46,1969,53311.46
10/15/2023,The Rec Room Roundhouse,Toronto,TRR,64136.87,3591,64136.87
10/15/2023,The Rec Room Avalon Mall,St. John's,TRR,17868.55,779,17868.55
10/15/2023,The Rec Room Brentwood,Burnaby,TRR,58950.08,1873,58950.08
10/15/2023,The Rec Room Deerfoot,Calgary,TRR,77208.17,2489,77208.17
10/16/2023,Playdium Dartmouth,Dartmouth,PDM,3176,134,3176
10/16/2023,Playdium Orion Gate,Brampton,PDM,2757.92,83,2757.92
10/16/2023,Playdium Whitby,Whitby,PDM,1813.87,114,1813.87
10/16/2023,The Rec Room Avalon Mall,St. John's,TRR,6471.2,402,6471.2
10/16/2023,The Rec Room Brentwood,Burnaby,TRR,12568.46,684,12568.46
10/16/2023,The Rec Room Deerfoot,Calgary,TRR,14656.9,829,14656.9
10/16/2023,The Rec Room London Masonville,London,TRR,4860.88,195,4860.88
10/16/2023,The Rec Room Park Place Barrie,Barrie,TRR,5662.58,362,5662.58
10/16/2023,The Rec Room Roundhouse,Toronto,TRR,32449.85,2319,32449.85
10/16/2023,The Rec Room South Edmonton,Edmonton,TRR,8774.5,621,8774.5
10/16/2023,The Rec Room Square One,Mississauga,TRR,4769.92,397,4769.92
10/16/2023,The Rec Room West Edmonton Mall,Edmonton,TRR,7601.76,398,7601.76
10/16/2023,TRR Seasons of Tuxedo,Winnipeg,TRR,15457.63,537,15457.63
10/17/2023,The Rec Room Avalon Mall,St. John's,TRR,5877.39,403,5877.39
10/17/2023,The Rec Room Park Place Barrie,Barrie,TRR,8671.4,545,8671.4
10/17/2023,Playdium Whitby,Whitby,PDM,3994.4,319,3994.4
10/17/2023,The Rec Room Brentwood,Burnaby,TRR,20603.83,1009,20603.83
10/17/2023,The Rec Room South Edmonton,Edmonton,TRR,34841.22,1873,34841.22
10/17/2023,The Rec Room London Masonville,London,TRR,6703.2,410,6703.2
10/17/2023,The Rec Room West Edmonton Mall,Edmonton,TRR,6765.2,375,6765.2
10/17/2023,The Rec Room Deerfoot,Calgary,TRR,19599.4,1023,19599.4
10/17/2023,The Rec Room Square One,Mississauga,TRR,34489.99,2201,34489.99
10/17/2023,Playdium Dartmouth,Dartmouth,PDM,3641.98,128,3641.98
10/17/2023,TRR Seasons of Tuxedo,Winnipeg,TRR,7298.82,639,7298.82
10/17/2023,The Rec Room Roundhouse,Toronto,TRR,45866.48,2556,45866.48
10/17/2023,Playdium Orion Gate,Brampton,PDM,3334.86,166,3334.86
10/18/2023,The Rec Room West Edmonton Mall,Edmonton,TRR,8961.01,439,8961.01
10/18/2023,The Rec Room Park Place Barrie,Barrie,TRR,6505.12,380,6505.12
10/18/2023,The Rec Room Roundhouse,Toronto,TRR,41707.66,2590,41707.66
10/18/2023,The Rec Room London Masonville,London,TRR,6107.5,369,6107.5
10/18/2023,The Rec Room Avalon Mall,St. John's,TRR,7890.51,495,7890.51
10/18/2023,The Rec Room Brentwood,Burnaby,TRR,17119.68,926,17119.68
10/18/2023,Playdium Dartmouth,Dartmouth,PDM,2761.38,119,2761.38
10/18/2023,The Rec Room Square One,Mississauga,TRR,25903.53,1168,25903.53
10/18/2023,TRR Seasons of Tuxedo,Winnipeg,TRR,25716.43,1194,25716.43
10/18/2023,Playdium Orion Gate,Brampton,PDM,2062.46,76,2062.46
10/18/2023,The Rec Room Deerfoot,Calgary,TRR,18512.57,859,18512.57
10/18/2023,The Rec Room South Edmonton,Edmonton,TRR,39215.91,1524,39215.91
10/18/2023,Playdium Whitby,Whitby,PDM,1703.39,527,1703.39
10/19/2023,The Rec Room Avalon Mall,St. John's,TRR,9282.81,609,9282.81
10/19/2023,The Rec Room Park Place Barrie,Barrie,TRR,11553.19,712,11553.19
10/19/2023,Playdium Whitby,Whitby,PDM,5315.37,279,5315.37
10/19/2023,The Rec Room South Edmonton,Edmonton,TRR,24309.79,1386,24309.79
10/19/2023,The Rec Room Deerfoot,Calgary,TRR,20713.23,1412,20713.23
10/19/2023,The Rec Room Brentwood,Burnaby,TRR,26617.06,1597,26617.06
10/19/2023,The Rec Room West Edmonton Mall,Edmonton,TRR,11714.96,801,11714.96
10/19/2023,The Rec Room Square One,Mississauga,TRR,20914.93,1140,20914.93
10/19/2023,The Rec Room Roundhouse,Toronto,TRR,35340.24,2413,35340.24
10/19/2023,Playdium Dartmouth,Dartmouth,PDM,3390.63,102,3390.63
10/19/2023,Playdium Orion Gate,Brampton,PDM,3098.6,93,3098.6
10/19/2023,The Rec Room London Masonville,London,TRR,6839.31,380,6839.31
10/19/2023,TRR Seasons of Tuxedo,Winnipeg,TRR,12037.49,816,12037.49
10/20/2023,TRR Seasons of Tuxedo,Winnipeg,TRR,37801.66,2424,37801.66
10/20/2023,The Rec Room Square One,Mississauga,TRR,20580.8,1875,20580.8
10/20/2023,Playdium Orion Gate,Brampton,PDM,12124.19,953,12124.19
10/20/2023,The Rec Room Deerfoot,Calgary,TRR,37749.02,3480,37749.02
10/20/2023,The Rec Room Brentwood,Burnaby,TRR,41853.86,2826,41853.86
10/20/2023,The Rec Room South Edmonton,Edmonton,TRR,37678.7,3037,37678.7
10/20/2023,Playdium Whitby,Whitby,PDM,17953.16,816,17953.16
10/20/2023,The Rec Room Park Place Barrie,Barrie,TRR,28417.08,2349,28417.08
10/20/2023,The Rec Room Avalon Mall,St. John's,TRR,18092.33,1060,18092.33
10/20/2023,The Rec Room West Edmonton Mall,Edmonton,TRR,28084.1,1830,28084.1
10/20/2023,Playdium Dartmouth,Dartmouth,PDM,13284.03,532,13284.03
10/20/2023,The Rec Room London Masonville,London,TRR,13199.54,1085,13199.54
10/20/2023,The Rec Room Roundhouse,Toronto,TRR,48720.64,3392,48720.64
10/21/2023,The Rec Room London Masonville,London,TRR,36817.75,1994,36817.75
10/21/2023,Playdium Orion Gate,Brampton,PDM,32651.68,1810,32651.68
10/21/2023,The Rec Room Roundhouse,Toronto,TRR,81346.24,5967,81346.24
10/21/2023,The Rec Room Square One,Mississauga,TRR,45757.84,2894,45757.84
10/21/2023,The Rec Room Brentwood,Burnaby,TRR,81334.03,4438,81334.03
10/21/2023,The Rec Room Deerfoot,Calgary,TRR,68971.43,4355,68971.43
10/21/2023,Playdium Dartmouth,Dartmouth,PDM,41494.55,2095,41494.55
10/21/2023,The Rec Room West Edmonton Mall,Edmonton,TRR,55237.48,2548,55237.48
10/21/2023,The Rec Room Park Place Barrie,Barrie,TRR,56175.6,3216,56175.6
10/21/2023,Playdium Whitby,Whitby,PDM,45001.21,2046,45001.21
10/21/2023,The Rec Room Avalon Mall,St. John's,TRR,31133.43,2185,31133.43
10/21/2023,The Rec Room South Edmonton,Edmonton,TRR,71744.93,4313,71744.93
10/21/2023,TRR Seasons of Tuxedo,Winnipeg,TRR,64683.16,3263,64683.16
10/22/2023,The Rec Room Square One,Mississauga,TRR,44243.54,1476,44243.54
10/22/2023,The Rec Room Park Place Barrie,Barrie,TRR,43988.53,1602,43988.53
10/22/2023,TRR Seasons of Tuxedo,Winnipeg,TRR,36639.24,1737,36639.24
10/22/2023,The Rec Room West Edmonton Mall,Edmonton,TRR,25202.88,1122,25202.88
10/22/2023,The Rec Room Avalon Mall,St. John's,TRR,20101.04,971,20101.04
10/22/2023,The Rec Room Brentwood,Burnaby,TRR,57270.5,1830,57270.5
10/22/2023,The Rec Room Deerfoot,Calgary,TRR,72888.59,1830,72888.59
10/22/2023,Playdium Orion Gate,Brampton,PDM,25372.74,1323,25372.74
10/22/2023,Playdium Whitby,Whitby,PDM,25781.69,1547,25781.69
10/22/2023,The Rec Room London Masonville,London,TRR,38315.17,788,38315.17
10/22/2023,Playdium Dartmouth,Dartmouth,PDM,20973.34,822,20973.34
10/22/2023,The Rec Room Roundhouse,Toronto,TRR,63728.33,3151,63728.33
10/22/2023,The Rec Room South Edmonton,Edmonton,TRR,58645.28,2088,58645.28
10/23/2023,The Rec Room Avalon Mall,St. John's,TRR,7644.12,423,7644.12
10/23/2023,The Rec Room Roundhouse,Toronto,TRR,30729.18,2470,30729.18
10/23/2023,Playdium Orion Gate,Brampton,PDM,3963.92,135,3963.92
10/23/2023,The Rec Room Square One,Mississauga,TRR,6716.63,374,6716.63
10/23/2023,The Rec Room South Edmonton,Edmonton,TRR,14131.32,709,14131.32
10/23/2023,The Rec Room London Masonville,London,TRR,4423.61,196,4423.61
10/23/2023,The Rec Room Park Place Barrie,Barrie,TRR,4359.12,220,4359.12
10/23/2023,The Rec Room Brentwood,Burnaby,TRR,23354.3,1359,23354.3
10/23/2023,The Rec Room West Edmonton Mall,Edmonton,TRR,6290.66,429,6290.66
10/23/2023,TRR Seasons of Tuxedo,Winnipeg,TRR,14379.03,530,14379.03
10/23/2023,The Rec Room Deerfoot,Calgary,TRR,6723.04,394,6723.04
10/23/2023,Playdium Whitby,Whitby,PDM,3224.91,121,3224.91
10/23/2023,Playdium Dartmouth,Dartmouth,PDM,3524.32,178,3524.32
10/24/2023,The Rec Room Square One,Mississauga,TRR,19353.27,1016,19353.27
10/24/2023,The Rec Room Brentwood,Burnaby,TRR,18109.88,1872,18109.88
10/24/2023,The Rec Room Avalon Mall,St. John's,TRR,10727.26,699,10727.26
10/24/2023,The Rec Room Deerfoot,Calgary,TRR,10703.62,777,10703.62
10/24/2023,The Rec Room Park Place Barrie,Barrie,TRR,10267.73,610,10267.73
10/24/2023,The Rec Room West Edmonton Mall,Edmonton,TRR,5853.29,380,5853.29
10/24/2023,TRR Seasons of Tuxedo,Winnipeg,TRR,11629.09,673,11629.09
10/24/2023,Playdium Dartmouth,Dartmouth,PDM,4612.95,226,4612.95
10/24/2023,Playdium Whitby,Whitby,PDM,3181.91,200,3181.91
10/24/2023,The Rec Room South Edmonton,Edmonton,TRR,10152.59,592,10152.59
10/24/2023,The Rec Room London Masonville,London,TRR,7463.85,355,7463.85
10/24/2023,The Rec Room Roundhouse,Toronto,TRR,31781.53,2634,31781.53
10/24/2023,Playdium Orion Gate,Brampton,PDM,3693.85,79,3693.85
10/25/2023,The Rec Room Square One,Mississauga,TRR,11941.53,604,11941.53
10/25/2023,The Rec Room Park Place Barrie,Barrie,TRR,5578.88,252,5578.88
10/25/2023,The Rec Room South Edmonton,Edmonton,TRR,24025.67,1025,24025.67
10/25/2023,The Rec Room Brentwood,Burnaby,TRR,57681,3181,57681
10/25/2023,The Rec Room Avalon Mall,St. John's,TRR,8190.78,565,8190.78
10/25/2023,The Rec Room West Edmonton Mall,Edmonton,TRR,6617.14,381,6617.14
10/25/2023,The Rec Room Roundhouse,Toronto,TRR,69892.12,3969,69892.12
10/25/2023,Playdium Whitby,Whitby,PDM,4760.6,432,4760.6
10/25/2023,TRR Seasons of Tuxedo,Winnipeg,TRR,9860.43,778,9860.43
10/25/2023,Playdium Dartmouth,Dartmouth,PDM,2815.14,151,2815.14
10/25/2023,Playdium Orion Gate,Brampton,PDM,4176.32,112,4176.32
10/25/2023,The Rec Room London Masonville,London,TRR,5654.67,254,5654.67
10/25/2023,The Rec Room Deerfoot,Calgary,TRR,34165.21,1537,34165.21
10/26/2023,Playdium Whitby,Whitby,PDM,4603.89,231,4603.89
10/26/2023,The Rec Room South Edmonton,Edmonton,TRR,11890,702,11890
10/26/2023,Playdium Orion Gate,Brampton,PDM,4997.87,543,4997.87
10/26/2023,The Rec Room London Masonville,London,TRR,6409.05,250,6409.05
10/26/2023,The Rec Room Avalon Mall,St. John's,TRR,7404.88,538,7404.88
10/26/2023,The Rec Room Square One,Mississauga,TRR,13698.57,657,13698.57
10/26/2023,The Rec Room Brentwood,Burnaby,TRR,90617.63,1997,90617.63
10/26/2023,The Rec Room Park Place Barrie,Barrie,TRR,9810.47,644,9810.47
10/26/2023,The Rec Room West Edmonton Mall,Edmonton,TRR,8613.94,775,8613.94
10/26/2023,The Rec Room Deerfoot,Calgary,TRR,19008.94,1227,19008.94
10/26/2023,TRR Seasons of Tuxedo,Winnipeg,TRR,16068.49,703,16068.49
10/26/2023,Playdium Dartmouth,Dartmouth,PDM,4128.3,158,4128.3
10/26/2023,The Rec Room Roundhouse,Toronto,TRR,58306.34,3378,58306.34
10/27/2023,The Rec Room West Edmonton Mall,Edmonton,TRR,31585.22,1941,31585.22
10/27/2023,Playdium Orion Gate,Brampton,PDM,5883.2,243,5883.2
10/27/2023,TRR Seasons of Tuxedo,Winnipeg,TRR,22321.9,2217,22321.9
10/27/2023,Playdium Whitby,Whitby,PDM,12457.76,727,12457.76
10/27/2023,The Rec Room Deerfoot,Calgary,TRR,28103.5,2602,28103.5
10/27/2023,The Rec Room Park Place Barrie,Barrie,TRR,19734.55,1864,19734.55
10/27/2023,The Rec Room Square One,Mississauga,TRR,16122.83,1652,16122.83
10/27/2023,The Rec Room Roundhouse,Toronto,TRR,44428.12,2998,44428.12
10/27/2023,The Rec Room Brentwood,Burnaby,TRR,36433.62,2625,36433.62
10/27/2023,The Rec Room Avalon Mall,St. John's,TRR,22222.89,1342,22222.89
10/27/2023,The Rec Room London Masonville,London,TRR,12779.74,1099,12779.74
10/27/2023,Playdium Dartmouth,Dartmouth,PDM,19479.79,946,19479.79
10/27/2023,The Rec Room South Edmonton,Edmonton,TRR,25932.11,2641,25932.11
10/28/2023,TRR Seasons of Tuxedo,Winnipeg,TRR,58950.22,4731,58950.22
10/28/2023,The Rec Room Park Place Barrie,Barrie,TRR,43456.23,3772,43456.23
10/28/2023,The Rec Room Roundhouse,Toronto,TRR,75360.16,5770,75360.16
10/28/2023,The Rec Room Avalon Mall,St. John's,TRR,28845.88,2066,28845.88
10/28/2023,The Rec Room London Masonville,London,TRR,30927.83,2366,30927.83
10/28/2023,The Rec Room Brentwood,Burnaby,TRR,53069.86,3970,53069.86
10/28/2023,The Rec Room West Edmonton Mall,Edmonton,TRR,51025.93,3642,51025.93
10/28/2023,The Rec Room Deerfoot,Calgary,TRR,57835.52,4678,57835.52
10/28/2023,Playdium Whitby,Whitby,PDM,38833.72,2181,38833.72
10/28/2023,The Rec Room South Edmonton,Edmonton,TRR,50924.07,4609,50924.07
10/28/2023,Playdium Orion Gate,Brampton,PDM,33387.77,1909,33387.77
10/28/2023,Playdium Dartmouth,Dartmouth,PDM,24524.8,1201,24524.8
10/28/2023,The Rec Room Square One,Mississauga,TRR,43293.74,2596,43293.74
10/29/2023,The Rec Room Roundhouse,Toronto,TRR,56834.23,3293,56834.23
10/29/2023,The Rec Room Park Place Barrie,Barrie,TRR,39745.02,1715,39745.02
10/29/2023,The Rec Room Square One,Mississauga,TRR,37773.37,1517,37773.37
10/29/2023,Playdium Dartmouth,Dartmouth,PDM,14253.5,589,14253.5
10/29/2023,The Rec Room South Edmonton,Edmonton,TRR,53745.97,1731,53745.97
10/29/2023,The Rec Room Avalon Mall,St. John's,TRR,17909.22,815,17909.22
10/29/2023,TRR Seasons of Tuxedo,Winnipeg,TRR,38399.23,1932,38399.23
10/29/2023,Playdium Orion Gate,Brampton,PDM,23850.48,1294,23850.48
10/29/2023,The Rec Room Deerfoot,Calgary,TRR,67523.3,1993,67523.3
10/29/2023,Playdium Whitby,Whitby,PDM,22919.64,1393,22919.64
10/29/2023,The Rec Room London Masonville,London,TRR,29999.69,764,29999.69
10/29/2023,The Rec Room Brentwood,Burnaby,TRR,37099.56,1211,37099.56
10/29/2023,The Rec Room West Edmonton Mall,Edmonton,TRR,46580.07,1954,46580.07
10/30/2023,Playdium Dartmouth,Dartmouth,PDM,2546.46,87,2546.46
10/30/2023,Playdium Orion Gate,Brampton,PDM,3074.03,103,3074.03
10/30/2023,Playdium Whitby,Whitby,PDM,3629.47,149,3629.47
10/30/2023,The Rec Room Avalon Mall,St. John's,TRR,6713.53,382,6713.53
10/30/2023,The Rec Room Brentwood,Burnaby,TRR,14009.61,680,14009.61
10/30/2023,The Rec Room Deerfoot,Calgary,TRR,10937.78,596,10937.78
10/30/2023,The Rec Room London Masonville,London,TRR,4271.79,165,4271.79
10/30/2023,The Rec Room Park Place Barrie,Barrie,TRR,3907.45,195,3907.45
10/30/2023,The Rec Room Roundhouse,Toronto,TRR,18187.65,1377,18187.65
10/30/2023,The Rec Room South Edmonton,Edmonton,TRR,10672.86,570,10672.86
10/30/2023,The Rec Room Square One,Mississauga,TRR,6410.08,531,6410.08
10/30/2023,The Rec Room West Edmonton Mall,Edmonton,TRR,6899.67,330,6899.67
10/30/2023,TRR Seasons of Tuxedo,Winnipeg,TRR,6894.34,339,6894.34
10/31/2023,The Rec Room Square One,Mississauga,TRR,10064.65,533,10064.65
10/31/2023,The Rec Room Brentwood,Burnaby,TRR,9135.56,580,9135.56
10/31/2023,The Rec Room Park Place Barrie,Barrie,TRR,4402.48,216,4402.48
10/31/2023,The Rec Room South Edmonton,Edmonton,TRR,10117.47,622,10117.47
10/31/2023,The Rec Room Avalon Mall,St. John's,TRR,3746.98,233,3746.98
10/31/2023,Playdium Whitby,Whitby,PDM,7641.6,287,7641.6
10/31/2023,The Rec Room Roundhouse,Toronto,TRR,21888.37,1808,21888.37
10/31/2023,Playdium Dartmouth,Dartmouth,PDM,2252.56,124,2252.56
10/31/2023,The Rec Room West Edmonton Mall,Edmonton,TRR,4949.86,287,4949.86
10/31/2023,The Rec Room Deerfoot,Calgary,TRR,9315.64,503,9315.64
10/31/2023,The Rec Room London Masonville,London,TRR,4357.26,172,4357.26
10/31/2023,TRR Seasons of Tuxedo,Winnipeg,TRR,5864.38,466,5864.38
10/31/2023,Playdium Orion Gate,Brampton,PDM,2305.98,74,2305.98
11/1/2023,The Rec Room Roundhouse,Toronto,TRR,26620.93,2371,26620.93
11/1/2023,Playdium Dartmouth,Dartmouth,PDM,3008.1,130,3008.1
11/1/2023,The Rec Room Square One,Mississauga,TRR,17282.17,731,17282.17
11/1/2023,The Rec Room Avalon Mall,St. John's,TRR,10782.19,640,10782.19
11/1/2023,Playdium Orion Gate,Brampton,PDM,2763.73,363,2763.73
11/1/2023,TRR Seasons of Tuxedo,Winnipeg,TRR,9320.37,498,9320.37
11/1/2023,Playdium Whitby,Whitby,PDM,2995.91,144,2995.91
11/1/2023,The Rec Room South Edmonton,Edmonton,TRR,11925.3,710,11925.3
11/1/2023,The Rec Room London Masonville,London,TRR,5496.39,341,5496.39
11/1/2023,The Rec Room Park Place Barrie,Barrie,TRR,10751.4,632,10751.4
11/1/2023,The Rec Room West Edmonton Mall,Edmonton,TRR,6901.19,437,6901.19
11/1/2023,The Rec Room Deerfoot,Calgary,TRR,11594.36,719,11594.36
11/1/2023,The Rec Room Brentwood,Burnaby,TRR,28069.83,1735,28069.83
11/2/2023,The Rec Room Brentwood,Burnaby,TRR,43017.76,2133,43017.76
11/2/2023,The Rec Room Park Place Barrie,Barrie,TRR,6360.57,342,6360.57
11/2/2023,The Rec Room South Edmonton,Edmonton,TRR,17656.23,1000,17656.23
11/2/2023,The Rec Room Avalon Mall,St. John's,TRR,7924.99,521,7924.99
11/2/2023,Playdium Whitby,Whitby,PDM,3679.41,471,3679.41
11/2/2023,TRR Seasons of Tuxedo,Winnipeg,TRR,15992.84,814,15992.84
11/2/2023,The Rec Room London Masonville,London,TRR,5601.43,264,5601.43
11/2/2023,Playdium Dartmouth,Dartmouth,PDM,3868.94,232,3868.94
11/2/2023,Playdium Orion Gate,Brampton,PDM,3523.37,158,3523.37
11/2/2023,The Rec Room Roundhouse,Toronto,TRR,56026.8,3129,56026.8
11/2/2023,The Rec Room Square One,Mississauga,TRR,16560.49,805,16560.49
11/2/2023,The Rec Room West Edmonton Mall,Edmonton,TRR,4728.96,507,4728.96
11/2/2023,The Rec Room Deerfoot,Calgary,TRR,12381.4,1406,12381.4
11/3/2023,The Rec Room Avalon Mall,St. John's,TRR,18821.78,2356,18821.78
11/3/2023,The Rec Room Park Place Barrie,Barrie,TRR,15610.41,1447,15610.41
11/3/2023,The Rec Room Brentwood,Burnaby,TRR,35059.22,3111,35059.22
11/3/2023,The Rec Room West Edmonton Mall,Edmonton,TRR,19952.85,2151,19952.85
11/3/2023,The Rec Room Roundhouse,Toronto,TRR,46102.16,3396,46102.16
11/3/2023,Playdium Whitby,Whitby,PDM,15502.04,1068,15502.04
11/3/2023,Playdium Orion Gate,Brampton,PDM,9124.91,930,9124.91
11/3/2023,The Rec Room South Edmonton,Edmonton,TRR,23276.06,3140,23276.06
11/3/2023,The Rec Room Square One,Mississauga,TRR,28768.31,2131,28768.31
11/3/2023,Playdium Dartmouth,Dartmouth,PDM,9171.99,629,9171.99
11/3/2023,The Rec Room Deerfoot,Calgary,TRR,36808.06,3367,36808.06
11/3/2023,The Rec Room London Masonville,London,TRR,14783.64,1211,14783.64
11/3/2023,TRR Seasons of Tuxedo,Winnipeg,TRR,21314.46,1608,21314.46
11/4/2023,The Rec Room Deerfoot,Calgary,TRR,72697.55,6822,72697.55
11/4/2023,The Rec Room South Edmonton,Edmonton,TRR,69466.23,6831,69466.23
11/4/2023,The Rec Room Park Place Barrie,Barrie,TRR,50626.77,4941,50626.77
11/4/2023,TRR Seasons of Tuxedo,Winnipeg,TRR,65481.76,5370,65481.76
11/4/2023,Playdium Orion Gate,Brampton,PDM,33854.3,2802,33854.3
11/4/2023,The Rec Room Avalon Mall,St. John's,TRR,27232.9,2218,27232.9
11/4/2023,The Rec Room London Masonville,London,TRR,32559.96,3118,32559.96
11/4/2023,The Rec Room West Edmonton Mall,Edmonton,TRR,48294.74,4251,48294.74
11/4/2023,The Rec Room Square One,Mississauga,TRR,52764.44,4594,52764.44
11/4/2023,Playdium Whitby,Whitby,PDM,51116.76,4008,51116.76
11/4/2023,The Rec Room Roundhouse,Toronto,TRR,89447.3,7763,89447.3
11/4/2023,Playdium Dartmouth,Dartmouth,PDM,23293.32,2619,23293.32
11/4/2023,The Rec Room Brentwood,Burnaby,TRR,66121.98,4961,66121.98
11/5/2023,The Rec Room Brentwood,Burnaby,TRR,67878.23,2107,67878.23
11/5/2023,The Rec Room Deerfoot,Calgary,TRR,79170.65,2368,79170.65
11/5/2023,TRR Seasons of Tuxedo,Winnipeg,TRR,46655.62,1887,46655.62
11/5/2023,The Rec Room Square One,Mississauga,TRR,48779.15,1991,48779.15
11/5/2023,The Rec Room Avalon Mall,St. John's,TRR,18058.75,854,18058.75
11/5/2023,Playdium Orion Gate,Brampton,PDM,22394.34,1188,22394.34
11/5/2023,Playdium Whitby,Whitby,PDM,22924.49,1190,22924.49
11/5/2023,The Rec Room Roundhouse,Toronto,TRR,68400.14,3314,68400.14
11/5/2023,The Rec Room West Edmonton Mall,Edmonton,TRR,36497.03,1404,36497.03
11/5/2023,The Rec Room Park Place Barrie,Barrie,TRR,43683.69,1758,43683.69
11/5/2023,Playdium Dartmouth,Dartmouth,PDM,23843.72,878,23843.72
11/5/2023,The Rec Room London Masonville,London,TRR,34018.2,806,34018.2
11/5/2023,The Rec Room South Edmonton,Edmonton,TRR,104989.28,3162,104989.28
11/6/2023,Playdium Dartmouth,Dartmouth,PDM,3374.58,140,3374.58
11/6/2023,The Rec Room South Edmonton,Edmonton,TRR,11127.95,630,11127.95
11/6/2023,The Rec Room Deerfoot,Calgary,TRR,9713.6,474,9713.6
11/6/2023,TRR Seasons of Tuxedo,Winnipeg,TRR,11700.96,479,11700.96
11/6/2023,Playdium Orion Gate,Brampton,PDM,3238.48,108,3238.48
11/6/2023,The Rec Room London Masonville,London,TRR,2880.8,141,2880.8
11/6/2023,The Rec Room Roundhouse,Toronto,TRR,15236.68,1083,15236.68
11/6/2023,The Rec Room Avalon Mall,St. John's,TRR,4890.59,292,4890.59
11/6/2023,The Rec Room Brentwood,Burnaby,TRR,8479.87,479,8479.87
11/6/2023,Playdium Whitby,Whitby,PDM,2077.93,110,2077.93
11/6/2023,The Rec Room Square One,Mississauga,TRR,6638.9,549,6638.9
11/6/2023,The Rec Room West Edmonton Mall,Edmonton,TRR,9434.85,525,9434.85
11/6/2023,The Rec Room Park Place Barrie,Barrie,TRR,5617.57,434,5617.57
11/7/2023,Playdium Whitby,Whitby,PDM,3409.08,152,3409.08
11/7/2023,The Rec Room London Masonville,London,TRR,6426.7,306,6426.7
11/7/2023,The Rec Room Roundhouse,Toronto,TRR,40922.6,2053,40922.6
11/7/2023,Playdium Dartmouth,Dartmouth,PDM,6919.41,217,6919.41
11/7/2023,The Rec Room South Edmonton,Edmonton,TRR,20771.39,976,20771.39
11/7/2023,The Rec Room Park Place Barrie,Barrie,TRR,8272.09,500,8272.09
11/7/2023,TRR Seasons of Tuxedo,Winnipeg,TRR,6780.31,651,6780.31
11/7/2023,The Rec Room Square One,Mississauga,TRR,40705.78,1938,40705.78
11/7/2023,The Rec Room Deerfoot,Calgary,TRR,23966.88,1227,23966.88
11/7/2023,The Rec Room Brentwood,Burnaby,TRR,12259.49,731,12259.49
11/7/2023,The Rec Room Avalon Mall,St. John's,TRR,5655.15,377,5655.15
11/7/2023,The Rec Room West Edmonton Mall,Edmonton,TRR,10650.2,501,10650.2
11/7/2023,Playdium Orion Gate,Brampton,PDM,2885.4,116,2885.4
11/8/2023,The Rec Room Square One,Mississauga,TRR,21232.76,935,21232.76
11/8/2023,The Rec Room London Masonville,London,TRR,5400.57,270,5400.57
11/8/2023,Playdium Orion Gate,Brampton,PDM,2888.39,330,2888.39
11/8/2023,The Rec Room Brentwood,Burnaby,TRR,10447.72,550,10447.72
11/8/2023,The Rec Room Avalon Mall,St. John's,TRR,6435.51,458,6435.51
11/8/2023,The Rec Room Roundhouse,Toronto,TRR,35636.05,2346,35636.05
11/8/2023,The Rec Room South Edmonton,Edmonton,TRR,17581.08,887,17581.08
11/8/2023,TRR Seasons of Tuxedo,Winnipeg,TRR,7457.26,482,7457.26
11/8/2023,Playdium Whitby,Whitby,PDM,3486.79,230,3486.79
11/8/2023,The Rec Room Deerfoot,Calgary,TRR,15639.2,846,15639.2
11/8/2023,The Rec Room Park Place Barrie,Barrie,TRR,4505.82,310,4505.82
11/8/2023,The Rec Room West Edmonton Mall,Edmonton,TRR,11411.11,569,11411.11
11/8/2023,Playdium Dartmouth,Dartmouth,PDM,2649,144,2649
11/9/2023,Playdium Dartmouth,Dartmouth,PDM,4132.45,184,4132.45
11/9/2023,Playdium Whitby,Whitby,PDM,2966.88,410,2966.88
11/9/2023,The Rec Room London Masonville,London,TRR,7328.22,415,7328.22
11/9/2023,The Rec Room Roundhouse,Toronto,TRR,25475.59,2102,25475.59
11/9/2023,The Rec Room South Edmonton,Edmonton,TRR,33028.26,1722,33028.26
11/9/2023,The Rec Room Park Place Barrie,Barrie,TRR,8202.12,477,8202.12
11/9/2023,The Rec Room Square One,Mississauga,TRR,21445.29,1003,21445.29
11/9/2023,Playdium Orion Gate,Brampton,PDM,2777.37,128,2777.37
11/9/2023,The Rec Room Brentwood,Burnaby,TRR,27831.93,1665,27831.93
11/9/2023,The Rec Room Avalon Mall,St. John's,TRR,11914.21,712,11914.21
11/9/2023,TRR Seasons of Tuxedo,Winnipeg,TRR,12319.68,767,12319.68
11/9/2023,The Rec Room Deerfoot,Calgary,TRR,26792.09,1386,26792.09
11/9/2023,The Rec Room West Edmonton Mall,Edmonton,TRR,17141.19,871,17141.19
11/10/2023,The Rec Room Avalon Mall,St. John's,TRR,23631.57,1513,23631.57
11/10/2023,The Rec Room Brentwood,Burnaby,TRR,38074.1,2768,38074.1
11/10/2023,The Rec Room Square One,Mississauga,TRR,22960.07,1799,22960.07
11/10/2023,The Rec Room South Edmonton,Edmonton,TRR,42247.37,3600,42247.37
11/10/2023,The Rec Room Deerfoot,Calgary,TRR,37305.06,3320,37305.06
11/10/2023,The Rec Room Park Place Barrie,Barrie,TRR,22555.59,2012,22555.59
11/10/2023,The Rec Room Roundhouse,Toronto,TRR,55488.08,4077,55488.08
11/10/2023,Playdium Orion Gate,Brampton,PDM,9585.54,472,9585.54
11/10/2023,Playdium Dartmouth,Dartmouth,PDM,16527.38,793,16527.38
11/10/2023,The Rec Room London Masonville,London,TRR,15196.05,1415,15196.05
11/10/2023,TRR Seasons of Tuxedo,Winnipeg,TRR,35023.18,2318,35023.18
11/10/2023,The Rec Room West Edmonton Mall,Edmonton,TRR,33143.26,2394,33143.26
11/10/2023,Playdium Whitby,Whitby,PDM,17434.54,1201,17434.54
11/11/2023,Playdium Whitby,Whitby,PDM,45940.1,2266,45940.1
11/11/2023,The Rec Room South Edmonton,Edmonton,TRR,91582.55,5070,91582.55
11/11/2023,Playdium Dartmouth,Dartmouth,PDM,26101.21,1042,26101.21
11/11/2023,TRR Seasons of Tuxedo,Winnipeg,TRR,61276.69,3528,61276.69
11/11/2023,The Rec Room Deerfoot,Calgary,TRR,83447.7,5258,83447.7
11/11/2023,The Rec Room London Masonville,London,TRR,41281.46,2810,41281.46
11/11/2023,The Rec Room Park Place Barrie,Barrie,TRR,58499.83,3683,58499.83
11/11/2023,The Rec Room Avalon Mall,St. John's,TRR,27966.65,2133,27966.65
11/11/2023,The Rec Room Roundhouse,Toronto,TRR,84520.22,5752,84520.22
11/11/2023,The Rec Room Brentwood,Burnaby,TRR,80279.95,4625,80279.95
11/11/2023,Playdium Orion Gate,Brampton,PDM,40055.82,2060,40055.82
11/11/2023,The Rec Room Square One,Mississauga,TRR,49828.46,3252,49828.46
11/11/2023,The Rec Room West Edmonton Mall,Edmonton,TRR,56538.56,3226,56538.56
11/12/2023,Playdium Orion Gate,Brampton,PDM,18241.52,1492,18241.52
11/12/2023,The Rec Room West Edmonton Mall,Edmonton,TRR,53646.67,2021,53646.67
11/12/2023,The Rec Room Deerfoot,Calgary,TRR,97553.46,2695,97553.46
11/12/2023,The Rec Room London Masonville,London,TRR,34212.86,698,34212.86
11/12/2023,Playdium Whitby,Whitby,PDM,27271.51,1538,27271.51
11/12/2023,TRR Seasons of Tuxedo,Winnipeg,TRR,50939.48,1859,50939.48
11/12/2023,The Rec Room South Edmonton,Edmonton,TRR,75127.84,2529,75127.84
11/12/2023,The Rec Room Square One,Mississauga,TRR,50538.23,1516,50538.23
11/12/2023,The Rec Room Brentwood,Burnaby,TRR,84597.89,2874,84597.89
11/12/2023,The Rec Room Avalon Mall,St. John's,TRR,27000.28,1241,27000.28
11/12/2023,Playdium Dartmouth,Dartmouth,PDM,26331,1271,26331
11/12/2023,The Rec Room Roundhouse,Toronto,TRR,76591.03,4022,76591.03
11/12/2023,The Rec Room Park Place Barrie,Barrie,TRR,50000.93,1730,50000.93
11/13/2023,Playdium Whitby,Whitby,PDM,5063.45,281,5063.45
11/13/2023,Playdium Orion Gate,Brampton,PDM,4309.48,218,4309.48
11/13/2023,The Rec Room South Edmonton,Edmonton,TRR,31844.54,1503,31844.54
11/13/2023,Playdium Dartmouth,Dartmouth,PDM,12449.38,498,12449.38
11/13/2023,The Rec Room Square One,Mississauga,TRR,10332.43,530,10332.43
11/13/2023,TRR Seasons of Tuxedo,Winnipeg,TRR,16259.55,750,16259.55
11/13/2023,The Rec Room Park Place Barrie,Barrie,TRR,12513,443,12513
11/13/2023,The Rec Room London Masonville,London,TRR,5851.49,240,5851.49
11/13/2023,The Rec Room West Edmonton Mall,Edmonton,TRR,29220.88,1443,29220.88
11/13/2023,The Rec Room Deerfoot,Calgary,TRR,36555.7,1490,36555.7
11/13/2023,The Rec Room Brentwood,Burnaby,TRR,36018.7,1328,36018.7
11/13/2023,The Rec Room Avalon Mall,St. John's,TRR,18977.42,1055,18977.42
11/13/2023,The Rec Room Roundhouse,Toronto,TRR,23213.79,1629,23213.79
11/14/2023,Playdium Whitby,Whitby,PDM,2259.52,184,2259.52
11/14/2023,Playdium Orion Gate,Brampton,PDM,3402.87,355,3402.87
11/14/2023,The Rec Room Deerfoot,Calgary,TRR,32275.67,1649,32275.67
11/14/2023,TRR Seasons of Tuxedo,Winnipeg,TRR,9353.54,660,9353.54
11/14/2023,The Rec Room West Edmonton Mall,Edmonton,TRR,14961.88,744,14961.88
11/14/2023,The Rec Room London Masonville,London,TRR,4972.5,331,4972.5
11/14/2023,The Rec Room Roundhouse,Toronto,TRR,28229.73,1553,28229.73
11/14/2023,The Rec Room Avalon Mall,St. John's,TRR,5961.18,342,5961.18
11/14/2023,The Rec Room Park Place Barrie,Barrie,TRR,17963.49,817,17963.49
11/14/2023,The Rec Room Square One,Mississauga,TRR,10357.26,675,10357.26
11/14/2023,The Rec Room South Edmonton,Edmonton,TRR,22683.01,1044,22683.01
11/14/2023,The Rec Room Brentwood,Burnaby,TRR,9972.52,611,9972.52
11/14/2023,Playdium Dartmouth,Dartmouth,PDM,3938.98,149,3938.98
11/15/2023,The Rec Room South Edmonton,Edmonton,TRR,19870.96,911,19870.96
11/15/2023,Playdium Whitby,Whitby,PDM,3319.91,158,3319.91
11/15/2023,Playdium Orion Gate,Brampton,PDM,3149.89,108,3149.89
11/15/2023,TRR Seasons of Tuxedo,Winnipeg,TRR,15768.62,964,15768.62
11/15/2023,Playdium Dartmouth,Dartmouth,PDM,3870.44,168,3870.44
11/15/2023,The Rec Room Square One,Mississauga,TRR,16581.95,899,16581.95
11/15/2023,The Rec Room London Masonville,London,TRR,5276.98,267,5276.98
11/15/2023,The Rec Room West Edmonton Mall,Edmonton,TRR,8384.14,463,8384.14
11/15/2023,The Rec Room Brentwood,Burnaby,TRR,19022.06,1187,19022.06
11/15/2023,The Rec Room Avalon Mall,St. John's,TRR,5668.9,402,5668.9
11/15/2023,The Rec Room Roundhouse,Toronto,TRR,83881.13,3932,83881.13
11/15/2023,The Rec Room Deerfoot,Calgary,TRR,31238.66,1745,31238.66
11/15/2023,The Rec Room Park Place Barrie,Barrie,TRR,10745.88,736,10745.88
11/16/2023,The Rec Room West Edmonton Mall,Edmonton,TRR,12227.82,931,12227.82
11/16/2023,Playdium Whitby,Whitby,PDM,4087.82,378,4087.82
11/16/2023,The Rec Room Deerfoot,Calgary,TRR,19708.89,1056,19708.89
11/16/2023,Playdium Orion Gate,Brampton,PDM,2962.44,421,2962.44
11/16/2023,The Rec Room London Masonville,London,TRR,6274.78,279,6274.78
11/16/2023,TRR Seasons of Tuxedo,Winnipeg,TRR,18157.04,903,18157.04
11/16/2023,The Rec Room South Edmonton,Edmonton,TRR,17556.96,810,17556.96
11/16/2023,The Rec Room Avalon Mall,St. John's,TRR,6938.92,460,6938.92
11/16/2023,Playdium Dartmouth,Dartmouth,PDM,3458.95,132,3458.95
11/16/2023,The Rec Room Park Place Barrie,Barrie,TRR,8981.11,601,8981.11
11/16/2023,The Rec Room Brentwood,Burnaby,TRR,15101.14,988,15101.14
11/16/2023,The Rec Room Square One,Mississauga,TRR,19860.3,1108,19860.3
11/16/2023,The Rec Room Roundhouse,Toronto,TRR,28405.97,1821,28405.97
11/17/2023,The Rec Room Park Place Barrie,Barrie,TRR,38034.17,3719,38034.17
11/17/2023,The Rec Room Avalon Mall,St. John's,TRR,22842.43,1591,22842.43
11/17/2023,The Rec Room Deerfoot,Calgary,TRR,28614.04,2361,28614.04
11/17/2023,The Rec Room West Edmonton Mall,Edmonton,TRR,29921.31,2231,29921.31
11/17/2023,The Rec Room Brentwood,Burnaby,TRR,45382.94,2847,45382.94
11/17/2023,The Rec Room Square One,Mississauga,TRR,34261.66,2203,34261.66
11/17/2023,Playdium Dartmouth,Dartmouth,PDM,9756.69,824,9756.69
11/17/2023,The Rec Room London Masonville,London,TRR,23148.31,2055,23148.31
11/17/2023,Playdium Orion Gate,Brampton,PDM,8633.27,363,8633.27
11/17/2023,TRR Seasons of Tuxedo,Winnipeg,TRR,44272.59,2419,44272.59
11/17/2023,The Rec Room South Edmonton,Edmonton,TRR,31316.81,2839,31316.81
11/17/2023,The Rec Room Roundhouse,Toronto,TRR,61107.64,4382,61107.64
11/17/2023,Playdium Whitby,Whitby,PDM,31184.3,1813,31184.3
11/18/2023,The Rec Room London Masonville,London,TRR,53416.13,2852,53416.13
11/18/2023,The Rec Room Deerfoot,Calgary,TRR,76647.48,4458,76647.48
11/18/2023,The Rec Room West Edmonton Mall,Edmonton,TRR,52331.55,3066,52331.55
11/18/2023,TRR Seasons of Tuxedo,Winnipeg,TRR,70202.3,4064,70202.3
11/18/2023,The Rec Room Park Place Barrie,Barrie,TRR,61598.41,4126,61598.41
11/18/2023,Playdium Orion Gate,Brampton,PDM,34242.81,1934,34242.81
11/18/2023,The Rec Room Avalon Mall,St. John's,TRR,28174.28,1886,28174.28
11/18/2023,The Rec Room Roundhouse,Toronto,TRR,83099.36,5904,83099.36
11/18/2023,The Rec Room Brentwood,Burnaby,TRR,75501.57,4420,75501.57
11/18/2023,The Rec Room South Edmonton,Edmonton,TRR,71862.91,4631,71862.91
11/18/2023,Playdium Dartmouth,Dartmouth,PDM,31665.99,1371,31665.99
11/18/2023,Playdium Whitby,Whitby,PDM,42020.38,2216,42020.38
11/18/2023,The Rec Room Square One,Mississauga,TRR,51936.89,2861,51936.89
11/19/2023,The Rec Room West Edmonton Mall,Edmonton,TRR,36492.4,1524,36492.4
11/19/2023,The Rec Room Park Place Barrie,Barrie,TRR,38792.64,1280,38792.64
11/19/2023,The Rec Room Brentwood,Burnaby,TRR,58250.45,2025,58250.45
11/19/2023,The Rec Room Avalon Mall,St. John's,TRR,18089.59,820,18089.59
11/19/2023,The Rec Room Deerfoot,Calgary,TRR,89875.34,2982,89875.34
11/19/2023,TRR Seasons of Tuxedo,Winnipeg,TRR,41120.3,1638,41120.3
11/19/2023,The Rec Room London Masonville,London,TRR,36455.37,954,36455.37
11/19/2023,Playdium Dartmouth,Dartmouth,PDM,19692.65,1026,19692.65
11/19/2023,The Rec Room Roundhouse,Toronto,TRR,81674.14,4197,81674.14
11/19/2023,The Rec Room South Edmonton,Edmonton,TRR,68775.02,2218,68775.02
11/19/2023,The Rec Room Square One,Mississauga,TRR,50654.3,2001,50654.3
11/19/2023,Playdium Orion Gate,Brampton,PDM,23070.95,1184,23070.95
11/19/2023,Playdium Whitby,Whitby,PDM,30911.74,2127,30911.74
11/20/2023,The Rec Room London Masonville,London,TRR,8374.3,319,8374.3
11/20/2023,The Rec Room West Edmonton Mall,Edmonton,TRR,6723.67,414,6723.67
11/20/2023,Playdium Orion Gate,Brampton,PDM,3025.47,166,3025.47
11/20/2023,The Rec Room Avalon Mall,St. John's,TRR,10796.7,582,10796.7
11/20/2023,The Rec Room Roundhouse,Toronto,TRR,29190.78,2118,29190.78
11/20/2023,Playdium Whitby,Whitby,PDM,3536.93,229,3536.93
11/20/2023,The Rec Room Deerfoot,Calgary,TRR,11617.82,1360,11617.82
11/20/2023,TRR Seasons of Tuxedo,Winnipeg,TRR,11521.93,441,11521.93
11/20/2023,The Rec Room South Edmonton,Edmonton,TRR,7021.39,381,7021.39
11/20/2023,The Rec Room Park Place Barrie,Barrie,TRR,5862.22,337,5862.22
11/20/2023,The Rec Room Brentwood,Burnaby,TRR,20510.78,891,20510.78
11/20/2023,The Rec Room Square One,Mississauga,TRR,8656.96,431,8656.96
11/20/2023,Playdium Dartmouth,Dartmouth,PDM,3141.68,113,3141.68
11/21/2023,The Rec Room Avalon Mall,St. John's,TRR,8548.46,473,8548.46
11/21/2023,Playdium Whitby,Whitby,PDM,3593.41,176,3593.41
11/21/2023,The Rec Room West Edmonton Mall,Edmonton,TRR,5707.68,240,5707.68
11/21/2023,The Rec Room Deerfoot,Calgary,TRR,17499.95,1091,17499.95
11/21/2023,The Rec Room Square One,Mississauga,TRR,13420.79,1333,13420.79
11/21/2023,Playdium Dartmouth,Dartmouth,PDM,2655.64,141,2655.64
11/21/2023,The Rec Room South Edmonton,Edmonton,TRR,8726.86,558,8726.86
11/21/2023,The Rec Room London Masonville,London,TRR,5500.63,264,5500.63
11/21/2023,TRR Seasons of Tuxedo,Winnipeg,TRR,12592.28,525,12592.28
11/21/2023,The Rec Room Park Place Barrie,Barrie,TRR,7892.29,413,7892.29
11/21/2023,The Rec Room Brentwood,Burnaby,TRR,25714.57,1268,25714.57
11/21/2023,The Rec Room Roundhouse,Toronto,TRR,20986.14,1785,20986.14
11/21/2023,Playdium Orion Gate,Brampton,PDM,3952.4,136,3952.4
11/22/2023,Playdium Dartmouth,Dartmouth,PDM,3776.96,170,3776.96
11/22/2023,Playdium Orion Gate,Brampton,PDM,2464.38,347,2464.38
11/22/2023,Playdium Whitby,Whitby,PDM,4277.92,738,4277.92
11/22/2023,The Rec Room Avalon Mall,St. John's,TRR,9549.94,463,9549.94
11/22/2023,The Rec Room Brentwood,Burnaby,TRR,19650.69,1113,19650.69
11/22/2023,The Rec Room Deerfoot,Calgary,TRR,14731.95,978,14731.95
11/22/2023,The Rec Room London Masonville,London,TRR,5377.5,263,5377.5
11/22/2023,The Rec Room Park Place Barrie,Barrie,TRR,6928.09,419,6928.09
11/22/2023,The Rec Room Roundhouse,Toronto,TRR,76765.42,4544,76765.42
11/22/2023,The Rec Room South Edmonton,Edmonton,TRR,9442.56,540,9442.56
11/22/2023,The Rec Room Square One,Mississauga,TRR,17687.99,1027,17687.99
11/22/2023,The Rec Room West Edmonton Mall,Edmonton,TRR,6784.9,460,6784.9
11/22/2023,TRR Seasons of Tuxedo,Winnipeg,TRR,8962.64,676,8962.64
11/23/2023,The Rec Room Park Place Barrie,Barrie,TRR,11216.08,723,11216.08
11/23/2023,The Rec Room Square One,Mississauga,TRR,36383.69,1327,36383.69
11/23/2023,The Rec Room Avalon Mall,St. John's,TRR,8839.4,671,8839.4
11/23/2023,TRR Seasons of Tuxedo,Winnipeg,TRR,16114.73,1190,16114.73
11/23/2023,The Rec Room Brentwood,Burnaby,TRR,24152.42,1337,24152.42
11/23/2023,The Rec Room West Edmonton Mall,Edmonton,TRR,60415.18,1795,60415.18
11/23/2023,The Rec Room Deerfoot,Calgary,TRR,21230.41,1336,21230.41
11/23/2023,The Rec Room London Masonville,London,TRR,6624,771,6624
11/23/2023,Playdium Orion Gate,Brampton,PDM,4548.36,192,4548.36
11/23/2023,The Rec Room Roundhouse,Toronto,TRR,119661.53,4236,119661.53
11/23/2023,Playdium Dartmouth,Dartmouth,PDM,6802.4,292,6802.4
11/23/2023,The Rec Room South Edmonton,Edmonton,TRR,12798.22,829,12798.22
11/23/2023,Playdium Whitby,Whitby,PDM,2401.92,127,2401.92
11/24/2023,The Rec Room Roundhouse,Toronto,TRR,53469.18,4410,53469.18
11/24/2023,The Rec Room Avalon Mall,St. John's,TRR,21355.91,1494,21355.91
11/24/2023,The Rec Room Square One,Mississauga,TRR,32790.17,2484,32790.17
11/24/2023,Playdium Whitby,Whitby,PDM,14641.56,820,14641.56
11/24/2023,Playdium Orion Gate,Brampton,PDM,13414.15,583,13414.15
11/24/2023,The Rec Room South Edmonton,Edmonton,TRR,43748.02,3987,43748.02
11/24/2023,The Rec Room Brentwood,Burnaby,TRR,63966.11,3900,63966.11
11/24/2023,The Rec Room London Masonville,London,TRR,52483.5,1989,52483.5
11/24/2023,The Rec Room Deerfoot,Calgary,TRR,35594.83,3034,35594.83
11/24/2023,TRR Seasons of Tuxedo,Winnipeg,TRR,44282.87,2353,44282.87
11/24/2023,Playdium Dartmouth,Dartmouth,PDM,10231.06,839,10231.06
11/24/2023,The Rec Room West Edmonton Mall,Edmonton,TRR,27869.63,1915,27869.63
11/24/2023,The Rec Room Park Place Barrie,Barrie,TRR,23747.81,2361,23747.81
11/25/2023,TRR Seasons of Tuxedo,Winnipeg,TRR,61036.86,3859,61036.86
11/25/2023,The Rec Room Park Place Barrie,Barrie,TRR,58465.73,3804,58465.73
11/25/2023,The Rec Room Square One,Mississauga,TRR,73686.18,2453,73686.18
11/25/2023,The Rec Room Brentwood,Burnaby,TRR,70536,4229,70536
11/25/2023,Playdium Orion Gate,Brampton,PDM,35659.11,2417,35659.11
11/25/2023,Playdium Dartmouth,Dartmouth,PDM,26899.99,1631,26899.99
11/25/2023,The Rec Room Deerfoot,Calgary,TRR,76791.21,4310,76791.21
11/25/2023,The Rec Room Avalon Mall,St. John's,TRR,27687.14,2007,27687.14
11/25/2023,The Rec Room West Edmonton Mall,Edmonton,TRR,59033.63,3291,59033.63
11/25/2023,The Rec Room Roundhouse,Toronto,TRR,95763.16,6649,95763.16
11/25/2023,The Rec Room South Edmonton,Edmonton,TRR,66426.92,4282,66426.92
11/25/2023,Playdium Whitby,Whitby,PDM,40690.37,2091,40690.37
11/25/2023,The Rec Room London Masonville,London,TRR,46781.79,2058,46781.79
11/26/2023,The Rec Room Square One,Mississauga,TRR,75878.22,2323,75878.22
11/26/2023,The Rec Room South Edmonton,Edmonton,TRR,60847.52,1793,60847.52
11/26/2023,The Rec Room Brentwood,Burnaby,TRR,50178.25,1885,50178.25
11/26/2023,The Rec Room Avalon Mall,St. John's,TRR,20911.45,1040,20911.45
11/26/2023,Playdium Whitby,Whitby,PDM,23678.65,1492,23678.65
11/26/2023,Playdium Orion Gate,Brampton,PDM,55608.78,2444,55608.78
11/26/2023,The Rec Room Roundhouse,Toronto,TRR,70323.91,3805,70323.91
11/26/2023,Playdium Dartmouth,Dartmouth,PDM,29128.66,1181,29128.66
11/26/2023,The Rec Room London Masonville,London,TRR,34776.97,835,34776.97
11/26/2023,The Rec Room Deerfoot,Calgary,TRR,84777.52,3094,84777.52
11/26/2023,TRR Seasons of Tuxedo,Winnipeg,TRR,41059.65,1802,41059.65
11/26/2023,The Rec Room Park Place Barrie,Barrie,TRR,39840.55,2112,39840.55
11/26/2023,The Rec Room West Edmonton Mall,Edmonton,TRR,28348.33,1019,28348.33
11/27/2023,TRR Seasons of Tuxedo,Winnipeg,TRR,15294.81,619,15294.81
11/27/2023,The Rec Room London Masonville,London,TRR,5733.52,327,5733.52
11/27/2023,Playdium Orion Gate,Brampton,PDM,1848.44,68,1848.44
11/27/2023,The Rec Room Deerfoot,Calgary,TRR,20944.42,1138,20944.42
11/27/2023,The Rec Room Park Place Barrie,Barrie,TRR,8390.81,465,8390.81
11/27/2023,The Rec Room West Edmonton Mall,Edmonton,TRR,6883.96,895,6883.96
11/27/2023,Playdium Dartmouth,Dartmouth,PDM,2095.97,98,2095.97
11/27/2023,The Rec Room South Edmonton,Edmonton,TRR,11043.74,477,11043.74
11/27/2023,The Rec Room Avalon Mall,St. John's,TRR,6770.98,481,6770.98
11/27/2023,The Rec Room Brentwood,Burnaby,TRR,12058.69,618,12058.69
11/27/2023,The Rec Room Square One,Mississauga,TRR,18630.63,944,18630.63
11/27/2023,The Rec Room Roundhouse,Toronto,TRR,53687.82,3122,53687.82
11/27/2023,Playdium Whitby,Whitby,PDM,3163.46,234,3163.46
11/28/2023,Playdium Dartmouth,Dartmouth,PDM,1948,98,1948
11/28/2023,Playdium Orion Gate,Brampton,PDM,6223.61,239,6223.61
11/28/2023,Playdium Whitby,Whitby,PDM,5628.5,330,5628.5
11/28/2023,The Rec Room Avalon Mall,St. John's,TRR,7808.64,613,7808.64
11/28/2023,The Rec Room Brentwood,Burnaby,TRR,19484.88,1064,19484.88
11/28/2023,The Rec Room Deerfoot,Calgary,TRR,10929.54,641,10929.54
11/28/2023,The Rec Room London Masonville,London,TRR,4277.87,257,4277.87
11/28/2023,The Rec Room Park Place Barrie,Barrie,TRR,8933.76,589,8933.76
11/28/2023,The Rec Room Roundhouse,Toronto,TRR,50951.61,3118,50951.61
11/28/2023,The Rec Room South Edmonton,Edmonton,TRR,10119.06,644,10119.06
11/28/2023,The Rec Room Square One,Mississauga,TRR,25365.09,1414,25365.09
11/28/2023,The Rec Room West Edmonton Mall,Edmonton,TRR,8906.38,520,8906.38
11/28/2023,TRR Seasons of Tuxedo,Winnipeg,TRR,11483.9,471,11483.9
11/29/2023,The Rec Room Avalon Mall,St. John's,TRR,4195.22,291,4195.22
11/29/2023,The Rec Room Deerfoot,Calgary,TRR,21832.26,1124,21832.26
11/29/2023,TRR Seasons of Tuxedo,Winnipeg,TRR,13837.63,742,13837.63
11/29/2023,The Rec Room London Masonville,London,TRR,6518.54,338,6518.54
11/29/2023,The Rec Room Brentwood,Burnaby,TRR,24190.25,1451,24190.25
11/29/2023,The Rec Room West Edmonton Mall,Edmonton,TRR,9896.69,951,9896.69
11/29/2023,The Rec Room Roundhouse,Toronto,TRR,84240.12,4849,84240.12
11/29/2023,The Rec Room Park Place Barrie,Barrie,TRR,5122.62,379,5122.62
11/29/2023,Playdium Whitby,Whitby,PDM,2995.88,137,2995.88
11/29/2023,Playdium Orion Gate,Brampton,PDM,1938.67,83,1938.67
11/29/2023,The Rec Room Square One,Mississauga,TRR,20911.33,1192,20911.33
11/29/2023,The Rec Room South Edmonton,Edmonton,TRR,18338.17,1220,18338.17
11/29/2023,Playdium Dartmouth,Dartmouth,PDM,3503.43,147,3503.43
11/30/2023,Playdium Dartmouth,Dartmouth,PDM,5559.54,261,5559.54
11/30/2023,Playdium Orion Gate,Brampton,PDM,2319.95,414,2319.95
11/30/2023,Playdium Whitby,Whitby,PDM,3367.37,1054,3367.37
11/30/2023,The Rec Room Avalon Mall,St. John's,TRR,9413.65,597,9413.65
11/30/2023,The Rec Room Brentwood,Burnaby,TRR,26569.54,1797,26569.54
11/30/2023,The Rec Room Deerfoot,Calgary,TRR,20131.29,1366,20131.29
11/30/2023,The Rec Room London Masonville,London,TRR,15235.15,675,15235.15
11/30/2023,The Rec Room Park Place Barrie,Barrie,TRR,5506.16,346,5506.16
11/30/2023,The Rec Room Roundhouse,Toronto,TRR,112501.85,6317,112501.85
11/30/2023,The Rec Room South Edmonton,Edmonton,TRR,22095.87,1219,22095.87
11/30/2023,The Rec Room Square One,Mississauga,TRR,30643.39,1748,30643.39
11/30/2023,The Rec Room West Edmonton Mall,Edmonton,TRR,12701.06,544,12701.06
11/30/2023,TRR Seasons of Tuxedo,Winnipeg,TRR,14080.68,991,14080.68
12/1/2023,The Rec Room Brentwood,Burnaby,TRR,57532.71,3721,57532.71
12/1/2023,The Rec Room Park Place Barrie,Barrie,TRR,20014.1,1663,20014.1
12/1/2023,The Rec Room Avalon Mall,St. John's,TRR,19353.73,1415,19353.73
12/1/2023,The Rec Room West Edmonton Mall,Edmonton,TRR,53025.05,3300,53025.05
12/1/2023,The Rec Room Deerfoot,Calgary,TRR,51663.36,3615,51663.36
12/1/2023,The Rec Room Roundhouse,Toronto,TRR,110322.48,6638,110322.48
12/1/2023,The Rec Room South Edmonton,Edmonton,TRR,26055.88,2914,26055.88
12/1/2023,Playdium Whitby,Whitby,PDM,14551.84,984,14551.84
12/1/2023,The Rec Room London Masonville,London,TRR,23018.35,1849,23018.35
12/1/2023,TRR Seasons of Tuxedo,Winnipeg,TRR,40756.47,2699,40756.47
12/1/2023,The Rec Room Square One,Mississauga,TRR,62881,2602,62881
12/1/2023,Playdium Orion Gate,Brampton,PDM,10697.94,622,10697.94
12/1/2023,Playdium Dartmouth,Dartmouth,PDM,8877.9,610,8877.9
12/2/2023,Playdium Orion Gate,Brampton,PDM,31607.61,1987,31607.61
12/2/2023,TRR Seasons of Tuxedo,Winnipeg,TRR,57205.04,4109,57205.04
12/2/2023,The Rec Room London Masonville,London,TRR,49339.94,2559,49339.94
12/2/2023,The Rec Room Brentwood,Burnaby,TRR,76489.66,4127,76489.66
12/2/2023,The Rec Room West Edmonton Mall,Edmonton,TRR,77098.3,4089,77098.3
12/2/2023,The Rec Room Deerfoot,Calgary,TRR,128892.46,7099,128892.46
12/2/2023,Playdium Whitby,Whitby,PDM,57711.08,2883,57711.08
12/2/2023,The Rec Room Roundhouse,Toronto,TRR,107088.49,6698,107088.49
12/2/2023,The Rec Room South Edmonton,Edmonton,TRR,142171.52,6617,142171.52
12/2/2023,The Rec Room Park Place Barrie,Barrie,TRR,55657.95,3524,55657.95
12/2/2023,Playdium Dartmouth,Dartmouth,PDM,25548.8,1220,25548.8
12/2/2023,The Rec Room Square One,Mississauga,TRR,51784.22,3167,51784.22
12/2/2023,The Rec Room Avalon Mall,St. John's,TRR,27584.18,2153,27584.18
12/3/2023,The Rec Room West Edmonton Mall,Edmonton,TRR,24721.84,1253,24721.84
12/3/2023,The Rec Room Brentwood,Burnaby,TRR,56285.89,2311,56285.89
12/3/2023,The Rec Room Avalon Mall,St. John's,TRR,29917.68,1289,29917.68
12/3/2023,The Rec Room Park Place Barrie,Barrie,TRR,34663.2,1208,34663.2
12/3/2023,Playdium Orion Gate,Brampton,PDM,27119.79,1475,27119.79
12/3/2023,TRR Seasons of Tuxedo,Winnipeg,TRR,73881.18,3282,73881.18
12/3/2023,Playdium Whitby,Whitby,PDM,30233,1364,30233
12/3/2023,The Rec Room Roundhouse,Toronto,TRR,65145.11,3549,65145.11
12/3/2023,The Rec Room South Edmonton,Edmonton,TRR,70328.59,1949,70328.59
12/3/2023,The Rec Room Deerfoot,Calgary,TRR,73755.73,2680,73755.73
12/3/2023,The Rec Room London Masonville,London,TRR,27128,601,27128
12/3/2023,The Rec Room Square One,Mississauga,TRR,30430.16,1455,30430.16
12/3/2023,Playdium Dartmouth,Dartmouth,PDM,13848.87,750,13848.87
12/4/2023,Playdium Orion Gate,Brampton,PDM,2086.93,76,2086.93
12/4/2023,The Rec Room Avalon Mall,St. John's,TRR,7671.42,482,7671.42
12/4/2023,The Rec Room Roundhouse,Toronto,TRR,39347.79,3078,39347.79
12/4/2023,TRR Seasons of Tuxedo,Winnipeg,TRR,8258.69,570,8258.69
12/4/2023,The Rec Room West Edmonton Mall,Edmonton,TRR,9732.11,421,9732.11
12/4/2023,Playdium Dartmouth,Dartmouth,PDM,2969.43,128,2969.43
12/4/2023,The Rec Room Square One,Mississauga,TRR,14950.73,370,14950.73
12/4/2023,The Rec Room Deerfoot,Calgary,TRR,9919.34,522,9919.34
12/4/2023,The Rec Room London Masonville,London,TRR,4298.29,234,4298.29
12/4/2023,Playdium Whitby,Whitby,PDM,2653.44,156,2653.44
12/4/2023,The Rec Room South Edmonton,Edmonton,TRR,9663.49,578,9663.49
12/4/2023,The Rec Room Brentwood,Burnaby,TRR,13498.15,753,13498.15
12/4/2023,The Rec Room Park Place Barrie,Barrie,TRR,5937.48,362,5937.48
12/5/2023,Playdium Whitby,Whitby,PDM,4994.86,308,4994.86
12/5/2023,The Rec Room Avalon Mall,St. John's,TRR,8134.42,581,8134.42
12/5/2023,The Rec Room Brentwood,Burnaby,TRR,17679.54,991,17679.54
12/5/2023,The Rec Room West Edmonton Mall,Edmonton,TRR,7087.06,402,7087.06
12/5/2023,The Rec Room Park Place Barrie,Barrie,TRR,6128.76,450,6128.76
12/5/2023,The Rec Room Square One,Mississauga,TRR,17481.06,926,17481.06
12/5/2023,Playdium Orion Gate,Brampton,PDM,2213.94,118,2213.94
12/5/2023,Playdium Dartmouth,Dartmouth,PDM,2902.01,157,2902.01
12/5/2023,The Rec Room South Edmonton,Edmonton,TRR,14033.62,723,14033.62
12/5/2023,The Rec Room Roundhouse,Toronto,TRR,75807.44,4608,75807.44
12/5/2023,The Rec Room Deerfoot,Calgary,TRR,11713.2,605,11713.2
12/5/2023,TRR Seasons of Tuxedo,Winnipeg,TRR,13229.79,838,13229.79
12/5/2023,The Rec Room London Masonville,London,TRR,5066.76,318,5066.76
12/6/2023,The Rec Room Roundhouse,Toronto,TRR,131056.33,4562,131056.33
12/6/2023,The Rec Room West Edmonton Mall,Edmonton,TRR,9630.66,948,9630.66
12/6/2023,Playdium Orion Gate,Brampton,PDM,1900.9,74,1900.9
12/6/2023,Playdium Whitby,Whitby,PDM,4277.41,521,4277.41
12/6/2023,The Rec Room Avalon Mall,St. John's,TRR,9922.12,698,9922.12
12/6/2023,The Rec Room London Masonville,London,TRR,12219.88,579,12219.88
12/6/2023,The Rec Room Park Place Barrie,Barrie,TRR,8199.17,473,8199.17
12/6/2023,The Rec Room South Edmonton,Edmonton,TRR,14058.54,640,14058.54
12/6/2023,The Rec Room Deerfoot,Calgary,TRR,22234.92,1369,22234.92
12/6/2023,The Rec Room Square One,Mississauga,TRR,37043.41,1668,37043.41
12/6/2023,Playdium Dartmouth,Dartmouth,PDM,3291.48,251,3291.48
12/6/2023,The Rec Room Brentwood,Burnaby,TRR,33146.6,1895,33146.6
12/6/2023,TRR Seasons of Tuxedo,Winnipeg,TRR,22453.21,1144,22453.21
12/7/2023,The Rec Room Deerfoot,Calgary,TRR,32557.31,2109,32557.31
12/7/2023,Playdium Dartmouth,Dartmouth,PDM,4846.13,296,4846.13
12/7/2023,The Rec Room South Edmonton,Edmonton,TRR,33146.94,1581,33146.94
12/7/2023,The Rec Room Avalon Mall,St. John's,TRR,15031.06,918,15031.06
12/7/2023,The Rec Room West Edmonton Mall,Edmonton,TRR,12185.62,567,12185.62
12/7/2023,The Rec Room Park Place Barrie,Barrie,TRR,28724.04,1518,28724.04
12/7/2023,Playdium Orion Gate,Brampton,PDM,2540.32,574,2540.32
12/7/2023,TRR Seasons of Tuxedo,Winnipeg,TRR,21370.05,1359,21370.05
12/7/2023,The Rec Room London Masonville,London,TRR,8232.89,392,8232.89
12/7/2023,The Rec Room Brentwood,Burnaby,TRR,36283.88,1920,36283.88
12/7/2023,The Rec Room Roundhouse,Toronto,TRR,97596.96,6171,97596.96
12/7/2023,Playdium Whitby,Whitby,PDM,8538.59,889,8538.59
12/7/2023,The Rec Room Square One,Mississauga,TRR,34097.42,2525,34097.42
12/8/2023,Playdium Dartmouth,Dartmouth,PDM,10771.59,388,10771.59
12/8/2023,Playdium Orion Gate,Brampton,PDM,9911.45,467,9911.45
12/8/2023,Playdium Whitby,Whitby,PDM,18241.64,873,18241.64
12/8/2023,The Rec Room Avalon Mall,St. John's,TRR,18864.21,1171,18864.21
12/8/2023,The Rec Room Brentwood,Burnaby,TRR,67595.31,4369,67595.31
12/8/2023,The Rec Room Deerfoot,Calgary,TRR,50008.05,3313,50008.05
12/8/2023,The Rec Room London Masonville,London,TRR,35281.18,2025,35281.18
12/8/2023,The Rec Room Park Place Barrie,Barrie,TRR,26860.07,2310,26860.07
12/8/2023,The Rec Room Roundhouse,Toronto,TRR,114890.1,7153,114890.1
12/8/2023,The Rec Room South Edmonton,Edmonton,TRR,56520.91,4189,56520.91
12/8/2023,The Rec Room Square One,Mississauga,TRR,75658.78,3917,75658.78
12/8/2023,The Rec Room West Edmonton Mall,Edmonton,TRR,48081.22,2924,48081.22
12/8/2023,TRR Seasons of Tuxedo,Winnipeg,TRR,39254.34,2648,39254.34
12/9/2023,Playdium Orion Gate,Brampton,PDM,34025.15,2121,34025.15
12/9/2023,The Rec Room Square One,Mississauga,TRR,66933.3,3332,66933.3
12/9/2023,The Rec Room London Masonville,London,TRR,36952.49,2184,36952.49
12/9/2023,The Rec Room Roundhouse,Toronto,TRR,125777.61,7028,125777.61
12/9/2023,The Rec Room West Edmonton Mall,Edmonton,TRR,82751.93,4066,82751.93
12/9/2023,The Rec Room Deerfoot,Calgary,TRR,75065.98,4907,75065.98
12/9/2023,The Rec Room Park Place Barrie,Barrie,TRR,57514.41,3702,57514.41
12/9/2023,The Rec Room Brentwood,Burnaby,TRR,70111.83,4383,70111.83
12/9/2023,The Rec Room Avalon Mall,St. John's,TRR,23990.1,1866,23990.1
12/9/2023,TRR Seasons of Tuxedo,Winnipeg,TRR,70105.75,3792,70105.75
12/9/2023,The Rec Room South Edmonton,Edmonton,TRR,101108.54,5246,101108.54
12/9/2023,Playdium Whitby,Whitby,PDM,37503.71,2060,37503.71
12/9/2023,Playdium Dartmouth,Dartmouth,PDM,27587.71,1800,27587.71
12/10/2023,The Rec Room Brentwood,Burnaby,TRR,74463.81,2916,74463.81
12/10/2023,The Rec Room Square One,Mississauga,TRR,51062.06,2184,51062.06
12/10/2023,Playdium Dartmouth,Dartmouth,PDM,19320.48,691,19320.48
12/10/2023,TRR Seasons of Tuxedo,Winnipeg,TRR,33178.95,1724,33178.95
12/10/2023,The Rec Room Deerfoot,Calgary,TRR,89185.17,3487,89185.17
12/10/2023,The Rec Room Park Place Barrie,Barrie,TRR,36430.45,1587,36430.45
12/10/2023,The Rec Room West Edmonton Mall,Edmonton,TRR,25014.82,1560,25014.82
12/10/2023,The Rec Room Avalon Mall,St. John's,TRR,20254.78,1121,20254.78
12/10/2023,The Rec Room Roundhouse,Toronto,TRR,64038.55,3767,64038.55
12/10/2023,The Rec Room South Edmonton,Edmonton,TRR,58056.12,2165,58056.12
12/10/2023,Playdium Whitby,Whitby,PDM,25482.7,1429,25482.7
12/10/2023,The Rec Room London Masonville,London,TRR,39976.62,1235,39976.62
12/10/2023,Playdium Orion Gate,Brampton,PDM,29163.17,1352,29163.17
12/11/2023,The Rec Room Avalon Mall,St. John's,TRR,10181.26,668,10181.26
12/11/2023,The Rec Room Deerfoot,Calgary,TRR,17062.24,1192,17062.24
12/11/2023,The Rec Room Roundhouse,Toronto,TRR,53405.85,3392,53405.85
12/11/2023,The Rec Room London Masonville,London,TRR,5163.96,260,5163.96
12/11/2023,The Rec Room Brentwood,Burnaby,TRR,12144.37,594,12144.37
12/11/2023,TRR Seasons of Tuxedo,Winnipeg,TRR,16228.42,529,16228.42
12/11/2023,The Rec Room Square One,Mississauga,TRR,17810.94,1446,17810.94
12/11/2023,Playdium Orion Gate,Brampton,PDM,3208.43,129,3208.43
12/11/2023,The Rec Room Park Place Barrie,Barrie,TRR,4956.66,358,4956.66
12/11/2023,The Rec Room South Edmonton,Edmonton,TRR,12623.07,756,12623.07
12/11/2023,Playdium Whitby,Whitby,PDM,4170.87,426,4170.87
12/11/2023,Playdium Dartmouth,Dartmouth,PDM,9995.61,201,9995.61
12/11/2023,The Rec Room West Edmonton Mall,Edmonton,TRR,9335.59,350,9335.59
12/12/2023,The Rec Room Roundhouse,Toronto,TRR,94033.97,5172,94033.97
12/12/2023,Playdium Dartmouth,Dartmouth,PDM,9417.88,326,9417.88
12/12/2023,Playdium Orion Gate,Brampton,PDM,3146.9,487,3146.9
12/12/2023,The Rec Room Deerfoot,Calgary,TRR,29397.13,1577,29397.13
12/12/2023,The Rec Room Brentwood,Burnaby,TRR,21589.2,1133,21589.2
12/12/2023,The Rec Room London Masonville,London,TRR,5965.52,346,5965.52
12/12/2023,The Rec Room West Edmonton Mall,Edmonton,TRR,9525.64,733,9525.64
12/12/2023,The Rec Room South Edmonton,Edmonton,TRR,21857.34,1267,21857.34
12/12/2023,TRR Seasons of Tuxedo,Winnipeg,TRR,88800.91,3727,88800.91
12/12/2023,The Rec Room Square One,Mississauga,TRR,43233.33,2392,43233.33
12/12/2023,The Rec Room Avalon Mall,St. John's,TRR,10589.74,787,10589.74
12/12/2023,The Rec Room Park Place Barrie,Barrie,TRR,12827.73,965,12827.73
12/12/2023,Playdium Whitby,Whitby,PDM,5155.45,266,5155.45
12/13/2023,Playdium Whitby,Whitby,PDM,3570.89,200,3570.89
12/13/2023,The Rec Room South Edmonton,Edmonton,TRR,14286.41,1187,14286.41
12/13/2023,Playdium Dartmouth,Dartmouth,PDM,4511.97,212,4511.97
12/13/2023,The Rec Room West Edmonton Mall,Edmonton,TRR,8315.74,621,8315.74
12/13/2023,The Rec Room London Masonville,London,TRR,5812.8,315,5812.8
12/13/2023,The Rec Room Avalon Mall,St. John's,TRR,14930.08,925,14930.08
12/13/2023,TRR Seasons of Tuxedo,Winnipeg,TRR,13795.87,911,13795.87
12/13/2023,The Rec Room Deerfoot,Calgary,TRR,36159.83,1818,36159.83
12/13/2023,The Rec Room Park Place Barrie,Barrie,TRR,14491.09,924,14491.09
12/13/2023,Playdium Orion Gate,Brampton,PDM,3618.92,144,3618.92
12/13/2023,The Rec Room Brentwood,Burnaby,TRR,24795.34,1505,24795.34
12/13/2023,The Rec Room Square One,Mississauga,TRR,45137.68,2455,45137.68
12/13/2023,The Rec Room Roundhouse,Toronto,TRR,151712.8,7276,151712.8
12/14/2023,The Rec Room Avalon Mall,St. John's,TRR,13226,979,13226
12/14/2023,The Rec Room Brentwood,Burnaby,TRR,50194.86,2675,50194.86
12/14/2023,The Rec Room South Edmonton,Edmonton,TRR,33396.05,1712,33396.05
12/14/2023,Playdium Whitby,Whitby,PDM,3403.21,738,3403.21
12/14/2023,Playdium Dartmouth,Dartmouth,PDM,7461.03,613,7461.03
12/14/2023,Playdium Orion Gate,Brampton,PDM,4138.37,215,4138.37
12/14/2023,The Rec Room Square One,Mississauga,TRR,52709.64,2662,52709.64
12/14/2023,TRR Seasons of Tuxedo,Winnipeg,TRR,27894,1312,27894
12/14/2023,The Rec Room London Masonville,London,TRR,16031,957,16031
12/14/2023,The Rec Room West Edmonton Mall,Edmonton,TRR,33937.87,2179,33937.87
12/14/2023,The Rec Room Roundhouse,Toronto,TRR,103526.97,6740,103526.97
12/14/2023,The Rec Room Deerfoot,Calgary,TRR,42229.06,2188,42229.06
12/14/2023,The Rec Room Park Place Barrie,Barrie,TRR,18836.23,1408,18836.23
12/15/2023,The Rec Room Park Place Barrie,Barrie,TRR,30639.21,2523,30639.21
12/15/2023,The Rec Room Brentwood,Burnaby,TRR,60685.23,4201,60685.23
12/15/2023,Playdium Orion Gate,Brampton,PDM,10356.42,625,10356.42
12/15/2023,The Rec Room Square One,Mississauga,TRR,51794.17,3574,51794.17
12/15/2023,Playdium Whitby,Whitby,PDM,14196.61,908,14196.61
12/15/2023,The Rec Room London Masonville,London,TRR,23735.58,1673,23735.58
12/15/2023,TRR Seasons of Tuxedo,Winnipeg,TRR,49627.19,2960,49627.19
12/15/2023,The Rec Room Avalon Mall,St. John's,TRR,31767.63,2078,31767.63
12/15/2023,The Rec Room Deerfoot,Calgary,TRR,70690.5,4947,70690.5
12/15/2023,The Rec Room Roundhouse,Toronto,TRR,126242.55,6829,126242.55
12/15/2023,The Rec Room South Edmonton,Edmonton,TRR,54456.51,4241,54456.51
12/15/2023,Playdium Dartmouth,Dartmouth,PDM,13350.27,665,13350.27
12/15/2023,The Rec Room West Edmonton Mall,Edmonton,TRR,55619.46,3314,55619.46
12/16/2023,TRR Seasons of Tuxedo,Winnipeg,TRR,65278.65,3953,65278.65
12/16/2023,Playdium Dartmouth,Dartmouth,PDM,28083.25,1358,28083.25
12/16/2023,The Rec Room South Edmonton,Edmonton,TRR,83064.81,5290,83064.81
12/16/2023,Playdium Orion Gate,Brampton,PDM,31964.23,1953,31964.23
12/16/2023,The Rec Room Brentwood,Burnaby,TRR,88232.62,4367,88232.62
12/16/2023,Playdium Whitby,Whitby,PDM,39683.44,2103,39683.44
12/16/2023,The Rec Room Avalon Mall,St. John's,TRR,32638.03,2238,32638.03
12/16/2023,The Rec Room Roundhouse,Toronto,TRR,109672.35,7123,109672.35
12/16/2023,The Rec Room Square One,Mississauga,TRR,50253.54,3119,50253.54
12/16/2023,The Rec Room West Edmonton Mall,Edmonton,TRR,73760.34,3807,73760.34
12/16/2023,The Rec Room Park Place Barrie,Barrie,TRR,51100.12,3565,51100.12
12/16/2023,The Rec Room Deerfoot,Calgary,TRR,107008.63,6249,107008.63
12/16/2023,The Rec Room London Masonville,London,TRR,43158.82,2351,43158.82
12/17/2023,The Rec Room South Edmonton,Edmonton,TRR,101475.36,3099,101475.36
12/17/2023,The Rec Room West Edmonton Mall,Edmonton,TRR,31943.47,1428,31943.47
12/17/2023,TRR Seasons of Tuxedo,Winnipeg,TRR,40800.43,2111,40800.43
12/17/2023,The Rec Room London Masonville,London,TRR,36721.89,1231,36721.89
12/17/2023,Playdium Dartmouth,Dartmouth,PDM,16301.4,892,16301.4
12/17/2023,The Rec Room Square One,Mississauga,TRR,47060.78,1976,47060.78
12/17/2023,Playdium Orion Gate,Brampton,PDM,25032.99,1507,25032.99
12/17/2023,Playdium Whitby,Whitby,PDM,26871.62,1758,26871.62
12/17/2023,The Rec Room Roundhouse,Toronto,TRR,74769.85,3764,74769.85
12/17/2023,The Rec Room Park Place Barrie,Barrie,TRR,45616.48,2466,45616.48
12/17/2023,The Rec Room Brentwood,Burnaby,TRR,59231.59,2320,59231.59
12/17/2023,The Rec Room Deerfoot,Calgary,TRR,84813.72,2929,84813.72
12/17/2023,The Rec Room Avalon Mall,St. John's,TRR,43304.51,1800,43304.51
12/18/2023,Playdium Dartmouth,Dartmouth,PDM,5286.96,246,5286.96
12/18/2023,The Rec Room Brentwood,Burnaby,TRR,20916.07,982,20916.07
12/18/2023,The Rec Room South Edmonton,Edmonton,TRR,16048.37,1062,16048.37
12/18/2023,The Rec Room Square One,Mississauga,TRR,22688.97,898,22688.97
12/18/2023,TRR Seasons of Tuxedo,Winnipeg,TRR,17959.18,485,17959.18
12/18/2023,The Rec Room London Masonville,London,TRR,6027.12,351,6027.12
12/18/2023,The Rec Room Avalon Mall,St. John's,TRR,13360.93,882,13360.93
12/18/2023,Playdium Orion Gate,Brampton,PDM,4039.32,196,4039.32
12/18/2023,The Rec Room Park Place Barrie,Barrie,TRR,11330.08,715,11330.08
12/18/2023,Playdium Whitby,Whitby,PDM,4872.96,336,4872.96
12/18/2023,The Rec Room Deerfoot,Calgary,TRR,22853.9,1138,22853.9
12/18/2023,The Rec Room West Edmonton Mall,Edmonton,TRR,7851.99,684,7851.99
12/18/2023,The Rec Room Roundhouse,Toronto,TRR,58257.42,3551,58257.42
12/19/2023,TRR Seasons of Tuxedo,Winnipeg,TRR,18213.14,1056,18213.14
12/19/2023,Playdium Orion Gate,Brampton,PDM,4762.43,128,4762.43
12/19/2023,The Rec Room South Edmonton,Edmonton,TRR,20960.45,1061,20960.45
12/19/2023,The Rec Room London Masonville,London,TRR,20829.01,880,20829.01
12/19/2023,Playdium Whitby,Whitby,PDM,6473.32,399,6473.32
12/19/2023,The Rec Room Deerfoot,Calgary,TRR,33907.12,1973,33907.12
12/19/2023,The Rec Room Roundhouse,Toronto,TRR,70429.69,4073,70429.69
12/19/2023,Playdium Dartmouth,Dartmouth,PDM,5606.49,181,5606.49
12/19/2023,The Rec Room Square One,Mississauga,TRR,18328.89,1088,18328.89
12/19/2023,The Rec Room Park Place Barrie,Barrie,TRR,9910.3,531,9910.3
12/19/2023,The Rec Room Brentwood,Burnaby,TRR,25424.78,1190,25424.78
12/19/2023,The Rec Room Avalon Mall,St. John's,TRR,14309.7,1106,14309.7
12/19/2023,The Rec Room West Edmonton Mall,Edmonton,TRR,9719.86,947,9719.86
12/20/2023,Playdium Dartmouth,Dartmouth,PDM,5949.91,325,5949.91
12/20/2023,The Rec Room Square One,Mississauga,TRR,19594.19,949,19594.19
12/20/2023,The Rec Room South Edmonton,Edmonton,TRR,18730.12,1039,18730.12
12/20/2023,Playdium Whitby,Whitby,PDM,4686.39,586,4686.39
12/20/2023,The Rec Room Roundhouse,Toronto,TRR,60540.01,3812,60540.01
12/20/2023,The Rec Room Park Place Barrie,Barrie,TRR,20291.7,1291,20291.7
12/20/2023,TRR Seasons of Tuxedo,Winnipeg,TRR,17197.71,960,17197.71
12/20/2023,The Rec Room Avalon Mall,St. John's,TRR,16920.91,1273,16920.91
12/20/2023,Playdium Orion Gate,Brampton,PDM,5212.77,227,5212.77
12/20/2023,The Rec Room Brentwood,Burnaby,TRR,31421.64,1728,31421.64
12/20/2023,The Rec Room Deerfoot,Calgary,TRR,37952.36,1933,37952.36
12/20/2023,The Rec Room West Edmonton Mall,Edmonton,TRR,21540.91,1113,21540.91
12/20/2023,The Rec Room London Masonville,London,TRR,10598.29,634,10598.29
12/21/2023,The Rec Room South Edmonton,Edmonton,TRR,29660.39,1593,29660.39
12/21/2023,Playdium Dartmouth,Dartmouth,PDM,11206.94,445,11206.94
12/21/2023,The Rec Room Roundhouse,Toronto,TRR,58272.87,3595,58272.87
12/21/2023,Playdium Orion Gate,Brampton,PDM,4969.44,248,4969.44
12/21/2023,The Rec Room Square One,Mississauga,TRR,31362.4,1952,31362.4
12/21/2023,The Rec Room Deerfoot,Calgary,TRR,65023.34,3233,65023.34
12/21/2023,TRR Seasons of Tuxedo,Winnipeg,TRR,21764.38,1331,21764.38
12/21/2023,The Rec Room Brentwood,Burnaby,TRR,37000.89,2014,37000.89
12/21/2023,The Rec Room Park Place Barrie,Barrie,TRR,18194,1297,18194
12/21/2023,The Rec Room London Masonville,London,TRR,16953.92,898,16953.92
12/21/2023,The Rec Room Avalon Mall,St. John's,TRR,25578.84,1546,25578.84
12/21/2023,Playdium Whitby,Whitby,PDM,5194.56,276,5194.56
12/21/2023,The Rec Room West Edmonton Mall,Edmonton,TRR,23614.38,1360,23614.38
12/22/2023,The Rec Room Park Place Barrie,Barrie,TRR,25632.01,2102,25632.01
12/22/2023,The Rec Room Brentwood,Burnaby,TRR,40994.96,2727,40994.96
12/22/2023,The Rec Room South Edmonton,Edmonton,TRR,34576,2350,34576
12/22/2023,The Rec Room Deerfoot,Calgary,TRR,48452.54,3510,48452.54
12/22/2023,The Rec Room Square One,Mississauga,TRR,27624.5,1589,27624.5
12/22/2023,Playdium Dartmouth,Dartmouth,PDM,13500.2,477,13500.2
12/22/2023,Playdium Orion Gate,Brampton,PDM,11472.14,857,11472.14
12/22/2023,TRR Seasons of Tuxedo,Winnipeg,TRR,34546.3,1659,34546.3
12/22/2023,The Rec Room Roundhouse,Toronto,TRR,62765.05,3313,62765.05
12/22/2023,The Rec Room West Edmonton Mall,Edmonton,TRR,41857.31,2654,41857.31
12/22/2023,The Rec Room London Masonville,London,TRR,15238.85,1207,15238.85
12/22/2023,Playdium Whitby,Whitby,PDM,20331.89,962,20331.89
12/22/2023,The Rec Room Avalon Mall,St. John's,TRR,26774.2,1436,26774.2
12/23/2023,The Rec Room West Edmonton Mall,Edmonton,TRR,37844.66,2226,37844.66
12/23/2023,TRR Seasons of Tuxedo,Winnipeg,TRR,33150.06,1918,33150.06
12/23/2023,The Rec Room Avalon Mall,St. John's,TRR,20427.44,1228,20427.44
12/23/2023,Playdium Whitby,Whitby,PDM,23093.98,967,23093.98
12/23/2023,The Rec Room Deerfoot,Calgary,TRR,45122.38,2446,45122.38
12/23/2023,The Rec Room South Edmonton,Edmonton,TRR,42440.79,2267,42440.79
12/23/2023,Playdium Dartmouth,Dartmouth,PDM,14194.81,604,14194.81
12/23/2023,The Rec Room London Masonville,London,TRR,28999.65,987,28999.65
12/23/2023,The Rec Room Square One,Mississauga,TRR,38159.9,1979,38159.9
12/23/2023,The Rec Room Roundhouse,Toronto,TRR,51802.55,3396,51802.55
12/23/2023,The Rec Room Brentwood,Burnaby,TRR,41692.41,2015,41692.41
12/23/2023,The Rec Room Park Place Barrie,Barrie,TRR,29850.65,1931,29850.65
12/23/2023,Playdium Orion Gate,Brampton,PDM,23042.77,1222,23042.77
12/24/2023,The Rec Room Deerfoot,Calgary,TRR,32415.62,629,32415.62
12/24/2023,The Rec Room South Edmonton,Edmonton,TRR,24152.62,387,24152.62
12/24/2023,The Rec Room Avalon Mall,St. John's,TRR,9574.45,438,9574.45
12/24/2023,Playdium Dartmouth,Dartmouth,PDM,4979.39,178,4979.39
12/24/2023,The Rec Room Brentwood,Burnaby,TRR,22779.69,436,22779.69
12/24/2023,The Rec Room Square One,Mississauga,TRR,20607.98,306,20607.98
12/24/2023,TRR Seasons of Tuxedo,Winnipeg,TRR,19872.41,498,19872.41
12/24/2023,The Rec Room West Edmonton Mall,Edmonton,TRR,11687.71,175,11687.71
12/24/2023,The Rec Room London Masonville,London,TRR,7909.44,249,7909.44
12/24/2023,The Rec Room Park Place Barrie,Barrie,TRR,10927.51,268,10927.51
12/24/2023,Playdium Whitby,Whitby,PDM,7623.02,389,7623.02
12/24/2023,The Rec Room Roundhouse,Toronto,TRR,22699.59,611,22699.59
12/24/2023,Playdium Orion Gate,Brampton,PDM,9809.15,403,9809.15
12/25/2023,The Rec Room Brentwood,Burnaby,TRR,24909.68,1205,24909.68
12/25/2023,The Rec Room South Edmonton,Edmonton,TRR,11301.47,375,11301.47
12/25/2023,The Rec Room Roundhouse,Toronto,TRR,49991.48,3040,49991.48
12/25/2023,The Rec Room Deerfoot,Calgary,TRR,20461.88,1101,20461.88
12/26/2023,The Rec Room West Edmonton Mall,Edmonton,TRR,18134.96,525,18134.96
12/26/2023,TRR Seasons of Tuxedo,Winnipeg,TRR,32892.34,1740,32892.34
12/26/2023,The Rec Room Park Place Barrie,Barrie,TRR,19086.86,1329,19086.86
12/26/2023,Playdium Dartmouth,Dartmouth,PDM,14102.41,568,14102.41
12/26/2023,The Rec Room Deerfoot,Calgary,TRR,44084.84,1921,44084.84
12/26/2023,The Rec Room Roundhouse,Toronto,TRR,49508.01,4025,49508.01
12/26/2023,The Rec Room Brentwood,Burnaby,TRR,39341.07,1805,39341.07
12/26/2023,The Rec Room Square One,Mississauga,TRR,32271.03,1619,32271.03
12/26/2023,Playdium Orion Gate,Brampton,PDM,22491.03,993,22491.03
12/26/2023,The Rec Room London Masonville,London,TRR,24754.47,1007,24754.47
12/26/2023,The Rec Room South Edmonton,Edmonton,TRR,46123.48,2450,46123.48
12/26/2023,Playdium Whitby,Whitby,PDM,25291.69,1231,25291.69
12/26/2023,The Rec Room Avalon Mall,St. John's,TRR,11407.33,662,11407.33
12/27/2023,The Rec Room Roundhouse,Toronto,TRR,64982.72,4601,64982.72
12/27/2023,The Rec Room Brentwood,Burnaby,TRR,42481.73,2598,42481.73
12/27/2023,The Rec Room South Edmonton,Edmonton,TRR,54755.42,2844,54755.42
12/27/2023,The Rec Room Square One,Mississauga,TRR,44618.04,2394,44618.04
12/27/2023,The Rec Room Avalon Mall,St. John's,TRR,22135.96,1286,22135.96
12/27/2023,Playdium Orion Gate,Brampton,PDM,27092.76,1187,27092.76
12/27/2023,The Rec Room London Masonville,London,TRR,27630.02,1088,27630.02
12/27/2023,The Rec Room Park Place Barrie,Barrie,TRR,36168.01,2243,36168.01
12/27/2023,TRR Seasons of Tuxedo,Winnipeg,TRR,33424.37,2070,33424.37
12/27/2023,The Rec Room Deerfoot,Calgary,TRR,58241.7,2763,58241.7
12/27/2023,Playdium Dartmouth,Dartmouth,PDM,22803.64,916,22803.64
12/27/2023,The Rec Room West Edmonton Mall,Edmonton,TRR,22602.5,365,22602.5
12/27/2023,Playdium Whitby,Whitby,PDM,30460.2,1342,30460.2
12/28/2023,The Rec Room Avalon Mall,St. John's,TRR,25990.65,1457,25990.65
12/28/2023,The Rec Room South Edmonton,Edmonton,TRR,34171.96,2648,34171.96
12/28/2023,Playdium Orion Gate,Brampton,PDM,32190.68,1162,32190.68
12/28/2023,The Rec Room Roundhouse,Toronto,TRR,80566.11,5337,80566.11
12/28/2023,Playdium Dartmouth,Dartmouth,PDM,25505.44,952,25505.44
12/28/2023,Playdium Whitby,Whitby,PDM,36853.89,1662,36853.89
12/28/2023,The Rec Room Brentwood,Burnaby,TRR,78113.38,2837,78113.38
12/28/2023,The Rec Room Deerfoot,Calgary,TRR,63865.66,2874,63865.66
12/28/2023,The Rec Room Park Place Barrie,Barrie,TRR,62448.37,2511,62448.37
12/28/2023,The Rec Room Square One,Mississauga,TRR,47874.89,2540,47874.89
12/28/2023,The Rec Room West Edmonton Mall,Edmonton,TRR,27075.83,988,27075.83
12/28/2023,TRR Seasons of Tuxedo,Winnipeg,TRR,55284.47,3043,55284.47
12/28/2023,The Rec Room London Masonville,London,TRR,36041.16,1519,36041.16
12/29/2023,Playdium Orion Gate,Brampton,PDM,35170.69,1579,35170.69
12/29/2023,The Rec Room West Edmonton Mall,Edmonton,TRR,36208.58,2417,36208.58
12/29/2023,Playdium Dartmouth,Dartmouth,PDM,30572.06,1079,30572.06
12/29/2023,Playdium Whitby,Whitby,PDM,43815.66,1757,43815.66
12/29/2023,The Rec Room South Edmonton,Edmonton,TRR,66709.93,4686,66709.93
12/29/2023,The Rec Room Square One,Mississauga,TRR,46727.51,2921,46727.51
12/29/2023,The Rec Room Brentwood,Burnaby,TRR,61455.98,3853,61455.98
12/29/2023,The Rec Room Park Place Barrie,Barrie,TRR,41177.45,3091,41177.45
12/29/2023,The Rec Room Roundhouse,Toronto,TRR,89814.3,6212,89814.3
12/29/2023,The Rec Room Deerfoot,Calgary,TRR,44939.38,3602,44939.38
12/29/2023,The Rec Room London Masonville,London,TRR,23045.78,1825,23045.78
12/29/2023,TRR Seasons of Tuxedo,Winnipeg,TRR,64789.3,3141,64789.3
12/29/2023,The Rec Room Avalon Mall,St. John's,TRR,27018.01,1696,27018.01
12/30/2023,Playdium Orion Gate,Brampton,PDM,41914.12,1734,41914.12
12/30/2023,Playdium Dartmouth,Dartmouth,PDM,37283.45,1507,37283.45
12/30/2023,The Rec Room Avalon Mall,St. John's,TRR,30370.3,2223,30370.3
12/30/2023,The Rec Room South Edmonton,Edmonton,TRR,93194.02,4492,93194.02
12/30/2023,Playdium Whitby,Whitby,PDM,37326.16,1673,37326.16
12/30/2023,The Rec Room Roundhouse,Toronto,TRR,99607.42,6061,99607.42
12/30/2023,The Rec Room Deerfoot,Calgary,TRR,81507.16,3830,81507.16
12/30/2023,The Rec Room Square One,Mississauga,TRR,49794,2656,49794
12/30/2023,The Rec Room West Edmonton Mall,Edmonton,TRR,51094.67,2827,51094.67
12/30/2023,The Rec Room Park Place Barrie,Barrie,TRR,63432.35,3746,63432.35
12/30/2023,The Rec Room Brentwood,Burnaby,TRR,90746.18,4695,90746.18
12/30/2023,The Rec Room London Masonville,London,TRR,42107.61,1781,42107.61
12/30/2023,TRR Seasons of Tuxedo,Winnipeg,TRR,76997.38,3523,76997.38
12/31/2023,The Rec Room Deerfoot,Calgary,TRR,73147.74,3421,73147.74
12/31/2023,The Rec Room Park Place Barrie,Barrie,TRR,41772.91,2261,41772.91
12/31/2023,The Rec Room Brentwood,Burnaby,TRR,61412.72,2809,61412.72
12/31/2023,The Rec Room Avalon Mall,St. John's,TRR,25069.95,1760,25069.95
12/31/2023,The Rec Room London Masonville,London,TRR,43370.18,1696,43370.18
12/31/2023,TRR Seasons of Tuxedo,Winnipeg,TRR,58326.48,3070,58326.48
12/31/2023,The Rec Room Roundhouse,Toronto,TRR,79398.55,4875,79398.55
12/31/2023,The Rec Room West Edmonton Mall,Edmonton,TRR,34528.08,1865,34528.08
12/31/2023,Playdium Dartmouth,Dartmouth,PDM,21551.98,1088,21551.98
12/31/2023,The Rec Room South Edmonton,Edmonton,TRR,64198.91,3009,64198.91
12/31/2023,The Rec Room Square One,Mississauga,TRR,33163.49,1947,33163.49
12/31/2023,Playdium Orion Gate,Brampton,PDM,26418.58,1316,26418.58
12/31/2023,Playdium Whitby,Whitby,PDM,28598.63,1549,28598.63
1/1/2024,The Rec Room Park Place Barrie,Barrie,TRR,30896.2,1262,30896.2
1/1/2024,The Rec Room Roundhouse,Toronto,TRR,55883.17,3644,55883.17
1/1/2024,The Rec Room Deerfoot,Calgary,TRR,58579.18,2470,58579.18
1/1/2024,The Rec Room Brentwood,Burnaby,TRR,34168.31,1897,34168.31
1/1/2024,The Rec Room West Edmonton Mall,Edmonton,TRR,30246.7,1328,30246.7
1/1/2024,The Rec Room London Masonville,London,TRR,10785.72,566,10785.72
1/1/2024,Playdium Dartmouth,Dartmouth,PDM,20538.94,535,20538.94
1/1/2024,The Rec Room South Edmonton,Edmonton,TRR,42784.16,1391,42784.16
1/1/2024,Playdium Orion Gate,Brampton,PDM,28425.28,881,28425.28
1/1/2024,TRR Seasons of Tuxedo,Winnipeg,TRR,49805.44,3128,49805.44
1/1/2024,Playdium Whitby,Whitby,PDM,24305.87,959,24305.87
1/1/2024,The Rec Room Avalon Mall,St. John's,TRR,13276.76,1000,13276.76
1/1/2024,The Rec Room Square One,Mississauga,TRR,30165.07,1176,30165.07
1/2/2024,The Rec Room Brentwood,Burnaby,TRR,43827.79,1657,43827.79
1/2/2024,The Rec Room Roundhouse,Toronto,TRR,40360.97,3299,40360.97
1/2/2024,The Rec Room Avalon Mall,St. John's,TRR,10194.49,639,10194.49
1/2/2024,The Rec Room Deerfoot,Calgary,TRR,38236.86,1738,38236.86
1/2/2024,The Rec Room Park Place Barrie,Barrie,TRR,20970.54,1777,20970.54
1/2/2024,Playdium Orion Gate,Brampton,PDM,19891.69,698,19891.69
1/2/2024,TRR Seasons of Tuxedo,Winnipeg,TRR,44000.15,2469,44000.15
1/2/2024,The Rec Room South Edmonton,Edmonton,TRR,40953.97,2063,40953.97
1/2/2024,The Rec Room London Masonville,London,TRR,22312.63,822,22312.63
1/2/2024,Playdium Dartmouth,Dartmouth,PDM,8172.56,294,8172.56
1/2/2024,The Rec Room West Edmonton Mall,Edmonton,TRR,25345.65,1175,25345.65
1/2/2024,The Rec Room Square One,Mississauga,TRR,27923.98,1272,27923.98
1/2/2024,Playdium Whitby,Whitby,PDM,28858.71,1105,28858.71
1/3/2024,Playdium Dartmouth,Dartmouth,PDM,7975.77,284,7975.77
1/3/2024,Playdium Orion Gate,Brampton,PDM,21323.2,820,21323.2
1/3/2024,Playdium Whitby,Whitby,PDM,34260.04,1505,34260.04
1/3/2024,The Rec Room Avalon Mall,St. John's,TRR,8974.07,579,8974.07
1/3/2024,The Rec Room Brentwood,Burnaby,TRR,44321.49,1541,44321.49
1/3/2024,The Rec Room Deerfoot,Calgary,TRR,38988.7,1836,38988.7
1/3/2024,The Rec Room London Masonville,London,TRR,19852.21,858,19852.21
1/3/2024,The Rec Room Park Place Barrie,Barrie,TRR,33398.03,1913,33398.03
1/3/2024,The Rec Room Roundhouse,Toronto,TRR,53004.15,3258,53004.15
1/3/2024,The Rec Room South Edmonton,Edmonton,TRR,36121.61,1630,36121.61
1/3/2024,The Rec Room Square One,Mississauga,TRR,27619.85,1124,27619.85
1/3/2024,The Rec Room West Edmonton Mall,Edmonton,TRR,22868.14,1665,22868.14
1/3/2024,TRR Seasons of Tuxedo,Winnipeg,TRR,41350.18,1948,41350.18
1/4/2024,Playdium Dartmouth,Dartmouth,PDM,5979.52,230,5979.52
1/4/2024,Playdium Orion Gate,Brampton,PDM,23359.67,1095,23359.67
1/4/2024,Playdium Whitby,Whitby,PDM,33338.92,1682,33338.92
1/4/2024,The Rec Room Avalon Mall,St. John's,TRR,8055.86,490,8055.86
1/4/2024,The Rec Room Brentwood,Burnaby,TRR,57058.84,3055,57058.84
1/4/2024,The Rec Room Deerfoot,Calgary,TRR,43577.98,2033,43577.98
1/4/2024,The Rec Room London Masonville,London,TRR,23650.95,1079,23650.95
1/4/2024,The Rec Room Park Place Barrie,Barrie,TRR,44293.2,1934,44293.2
1/4/2024,The Rec Room Roundhouse,Toronto,TRR,54528.21,3677,54528.21
1/4/2024,The Rec Room South Edmonton,Edmonton,TRR,37784.93,2043,37784.93
1/4/2024,The Rec Room Square One,Mississauga,TRR,23231.36,1591,23231.36
1/4/2024,The Rec Room West Edmonton Mall,Edmonton,TRR,27012.77,1265,27012.77
1/4/2024,TRR Seasons of Tuxedo,Winnipeg,TRR,42193.82,1975,42193.82
1/5/2024,Playdium Whitby,Whitby,PDM,42170.94,1949,42170.94
1/5/2024,Playdium Orion Gate,Brampton,PDM,31209.17,1637,31209.17
1/5/2024,Playdium Dartmouth,Dartmouth,PDM,10496.95,604,10496.95
1/5/2024,TRR Seasons of Tuxedo,Winnipeg,TRR,55748.62,2962,55748.62
1/5/2024,The Rec Room South Edmonton,Edmonton,TRR,46844.62,3722,46844.62
1/5/2024,The Rec Room Square One,Mississauga,TRR,39497.45,2154,39497.45
1/5/2024,The Rec Room London Masonville,London,TRR,19976.83,1557,19976.83
1/5/2024,The Rec Room Brentwood,Burnaby,TRR,49292.41,3124,49292.41
1/5/2024,The Rec Room Deerfoot,Calgary,TRR,52508.79,3787,52508.79
1/5/2024,The Rec Room Park Place Barrie,Barrie,TRR,40810.44,3392,40810.44
1/5/2024,The Rec Room West Edmonton Mall,Edmonton,TRR,62647.53,4068,62647.53
1/5/2024,The Rec Room Avalon Mall,St. John's,TRR,1656.5,82,1656.5
1/5/2024,The Rec Room Roundhouse,Toronto,TRR,71651.88,4817,71651.88
1/6/2024,Playdium Orion Gate,Brampton,PDM,41303.15,2024,41303.15
1/6/2024,The Rec Room Brentwood,Burnaby,TRR,81156.76,4394,81156.76
1/6/2024,The Rec Room London Masonville,London,TRR,41911.34,2261,41911.34
1/6/2024,The Rec Room Roundhouse,Toronto,TRR,77073.52,4933,77073.52
1/6/2024,The Rec Room West Edmonton Mall,Edmonton,TRR,45633.75,2834,45633.75
1/6/2024,The Rec Room Square One,Mississauga,TRR,54582.43,2537,54582.43
1/6/2024,The Rec Room South Edmonton,Edmonton,TRR,78270.68,4210,78270.68
1/6/2024,TRR Seasons of Tuxedo,Winnipeg,TRR,83688.91,3983,83688.91
1/6/2024,The Rec Room Deerfoot,Calgary,TRR,78197.29,4343,78197.29
1/6/2024,Playdium Dartmouth,Dartmouth,PDM,39825.82,1853,39825.82
1/6/2024,The Rec Room Avalon Mall,St. John's,TRR,21588.07,1648,21588.07
1/6/2024,The Rec Room Park Place Barrie,Barrie,TRR,65420.22,3777,65420.22
1/6/2024,Playdium Whitby,Whitby,PDM,50749.83,2394,50749.83
1/7/2024,Playdium Orion Gate,Brampton,PDM,23472.77,950,23472.77
1/7/2024,The Rec Room Roundhouse,Toronto,TRR,56288.13,2232,56288.13
1/7/2024,The Rec Room West Edmonton Mall,Edmonton,TRR,39098.42,1937,39098.42
1/7/2024,The Rec Room Park Place Barrie,Barrie,TRR,47277.02,1661,47277.02
1/7/2024,The Rec Room London Masonville,London,TRR,42607.97,1004,42607.97
1/7/2024,The Rec Room Avalon Mall,St. John's,TRR,23952.23,1146,23952.23
1/7/2024,The Rec Room South Edmonton,Edmonton,TRR,59423.19,2012,59423.19
1/7/2024,Playdium Whitby,Whitby,PDM,27692.91,1521,27692.91
1/7/2024,The Rec Room Brentwood,Burnaby,TRR,60613.8,1974,60613.8
1/7/2024,The Rec Room Deerfoot,Calgary,TRR,71131.58,1948,71131.58
1/7/2024,TRR Seasons of Tuxedo,Winnipeg,TRR,60947.14,2120,60947.14
1/7/2024,Playdium Dartmouth,Dartmouth,PDM,16099.36,626,16099.36
1/7/2024,The Rec Room Square One,Mississauga,TRR,43224.15,1134,43224.15
1/8/2024,Playdium Dartmouth,Dartmouth,PDM,3195.43,136,3195.43
1/8/2024,Playdium Orion Gate,Brampton,PDM,1628.46,96,1628.46
1/8/2024,Playdium Whitby,Whitby,PDM,2213.4,115,2213.4
1/8/2024,The Rec Room Avalon Mall,St. John's,TRR,6671.14,512,6671.14
1/8/2024,The Rec Room Brentwood,Burnaby,TRR,10921.02,503,10921.02
1/8/2024,The Rec Room Deerfoot,Calgary,TRR,17481.2,695,17481.2
1/8/2024,The Rec Room London Masonville,London,TRR,3534.67,174,3534.67
1/8/2024,The Rec Room Park Place Barrie,Barrie,TRR,5718.21,329,5718.21
1/8/2024,The Rec Room Roundhouse,Toronto,TRR,10843.01,1463,10843.01
1/8/2024,The Rec Room South Edmonton,Edmonton,TRR,26314.18,1582,26314.18
1/8/2024,The Rec Room Square One,Mississauga,TRR,7187.15,324,7187.15
1/8/2024,The Rec Room West Edmonton Mall,Edmonton,TRR,5630.48,286,5630.48
1/8/2024,TRR Seasons of Tuxedo,Winnipeg,TRR,8508.22,475,8508.22
1/9/2024,The Rec Room Brentwood,Burnaby,TRR,7239.87,453,7239.87
1/9/2024,The Rec Room South Edmonton,Edmonton,TRR,5514.01,383,5514.01
1/9/2024,The Rec Room Square One,Mississauga,TRR,3793.68,270,3793.68
1/9/2024,Playdium Dartmouth,Dartmouth,PDM,2989.98,151,2989.98
1/9/2024,TRR Seasons of Tuxedo,Winnipeg,TRR,6574.21,462,6574.21
1/9/2024,The Rec Room Deerfoot,Calgary,TRR,10038.14,592,10038.14
1/9/2024,Playdium Orion Gate,Brampton,PDM,1291.98,58,1291.98
1/9/2024,The Rec Room Roundhouse,Toronto,TRR,27005.64,1324,27005.64
1/9/2024,The Rec Room Park Place Barrie,Barrie,TRR,3090.48,204,3090.48
1/9/2024,Playdium Whitby,Whitby,PDM,1223.31,69,1223.31
1/9/2024,The Rec Room London Masonville,London,TRR,3770.33,187,3770.33
1/9/2024,The Rec Room West Edmonton Mall,Edmonton,TRR,5203.01,324,5203.01
1/9/2024,The Rec Room Avalon Mall,St. John's,TRR,7889.7,479,7889.7
1/10/2024,Playdium Dartmouth,Dartmouth,PDM,2276.53,95,2276.53
1/10/2024,Playdium Orion Gate,Brampton,PDM,2489.4,364,2489.4
1/10/2024,Playdium Whitby,Whitby,PDM,1679.92,145,1679.92
1/10/2024,The Rec Room Avalon Mall,St. John's,TRR,7552.57,491,7552.57
1/10/2024,The Rec Room Brentwood,Burnaby,TRR,18015.13,1075,18015.13
1/10/2024,The Rec Room Deerfoot,Calgary,TRR,7534.38,512,7534.38
1/10/2024,The Rec Room London Masonville,London,TRR,6225.66,419,6225.66
1/10/2024,The Rec Room Park Place Barrie,Barrie,TRR,5730.92,356,5730.92
1/10/2024,The Rec Room Roundhouse,Toronto,TRR,32856.18,1597,32856.18
1/10/2024,The Rec Room South Edmonton,Edmonton,TRR,7178.63,715,7178.63
1/10/2024,The Rec Room Square One,Mississauga,TRR,11588.78,688,11588.78
1/10/2024,The Rec Room West Edmonton Mall,Edmonton,TRR,4031.1,227,4031.1
1/10/2024,TRR Seasons of Tuxedo,Winnipeg,TRR,11652.15,643,11652.15
1/11/2024,The Rec Room Brentwood,Burnaby,TRR,26858.41,1300,26858.41
1/11/2024,The Rec Room Square One,Mississauga,TRR,23462.9,1015,23462.9
1/11/2024,Playdium Dartmouth,Dartmouth,PDM,4191.41,288,4191.41
1/11/2024,TRR Seasons of Tuxedo,Winnipeg,TRR,10864.48,786,10864.48
1/11/2024,The Rec Room West Edmonton Mall,Edmonton,TRR,8823.18,583,8823.18
1/11/2024,The Rec Room Avalon Mall,St. John's,TRR,7402.87,496,7402.87
1/11/2024,The Rec Room Deerfoot,Calgary,TRR,23537.43,1340,23537.43
1/11/2024,The Rec Room Park Place Barrie,Barrie,TRR,5634.44,256,5634.44
1/11/2024,The Rec Room South Edmonton,Edmonton,TRR,10328.15,655,10328.15
1/11/2024,Playdium Orion Gate,Brampton,PDM,3774.88,146,3774.88
1/11/2024,Playdium Whitby,Whitby,PDM,4277.84,184,4277.84
1/11/2024,The Rec Room London Masonville,London,TRR,4817.53,219,4817.53
1/11/2024,The Rec Room Roundhouse,Toronto,TRR,50874.55,2354,50874.55
1/12/2024,Playdium Dartmouth,Dartmouth,PDM,11182.37,465,11182.37
1/12/2024,Playdium Orion Gate,Brampton,PDM,6468.88,378,6468.88
1/12/2024,Playdium Whitby,Whitby,PDM,9819.37,1002,9819.37
1/12/2024,The Rec Room Avalon Mall,St. John's,TRR,22036.65,1518,22036.65
1/12/2024,The Rec Room Brentwood,Burnaby,TRR,15372.5,1573,15372.5
1/12/2024,The Rec Room Deerfoot,Calgary,TRR,17103.7,1796,17103.7
1/12/2024,The Rec Room London Masonville,London,TRR,24869.07,1629,24869.07
1/12/2024,The Rec Room Park Place Barrie,Barrie,TRR,12393.01,1103,12393.01
1/12/2024,The Rec Room Roundhouse,Toronto,TRR,94580.03,4938,94580.03
1/12/2024,The Rec Room South Edmonton,Edmonton,TRR,17608.95,1612,17608.95
1/12/2024,The Rec Room Square One,Mississauga,TRR,18403.52,1282,18403.52
1/12/2024,The Rec Room West Edmonton Mall,Edmonton,TRR,13091.45,906,13091.45
1/12/2024,TRR Seasons of Tuxedo,Winnipeg,TRR,29587.73,2196,29587.73
1/13/2024,The Rec Room South Edmonton,Edmonton,TRR,68632.9,3744,68632.9
1/13/2024,Playdium Dartmouth,Dartmouth,PDM,29830.8,1273,29830.8
1/13/2024,Playdium Whitby,Whitby,PDM,38968.7,2147,38968.7
1/13/2024,The Rec Room Avalon Mall,St. John's,TRR,32784.31,2330,32784.31
1/13/2024,Playdium Orion Gate,Brampton,PDM,28322.21,1602,28322.21
1/13/2024,The Rec Room London Masonville,London,TRR,34172.23,1639,34172.23
1/13/2024,The Rec Room Square One,Mississauga,TRR,46676.78,3108,46676.78
1/13/2024,The Rec Room Brentwood,Burnaby,TRR,166909.4,8820,166909.4
1/13/2024,The Rec Room Park Place Barrie,Barrie,TRR,48691.25,3671,48691.25
1/13/2024,The Rec Room Deerfoot,Calgary,TRR,63260.24,4660,63260.24
1/13/2024,The Rec Room West Edmonton Mall,Edmonton,TRR,32069.43,2425,32069.43
1/13/2024,The Rec Room Roundhouse,Toronto,TRR,127792.38,7464,127792.38
1/13/2024,TRR Seasons of Tuxedo,Winnipeg,TRR,70828.66,3754,70828.66
1/14/2024,The Rec Room West Edmonton Mall,Edmonton,TRR,31952.09,1842,31952.09
1/14/2024,TRR Seasons of Tuxedo,Winnipeg,TRR,63312.98,2597,63312.98
1/14/2024,Playdium Orion Gate,Brampton,PDM,27922.36,1482,27922.36
1/14/2024,The Rec Room Deerfoot,Calgary,TRR,56287.42,1944,56287.42
1/14/2024,Playdium Whitby,Whitby,PDM,25611.5,1347,25611.5
1/14/2024,The Rec Room Roundhouse,Toronto,TRR,69181.04,3552,69181.04
1/14/2024,The Rec Room Park Place Barrie,Barrie,TRR,38162.06,1522,38162.06
1/14/2024,The Rec Room Brentwood,Burnaby,TRR,58300.93,1761,58300.93
1/14/2024,The Rec Room Square One,Mississauga,TRR,48603.62,1697,48603.62
1/14/2024,The Rec Room South Edmonton,Edmonton,TRR,39794.98,1551,39794.98
1/14/2024,Playdium Dartmouth,Dartmouth,PDM,22204.48,972,22204.48
1/14/2024,The Rec Room London Masonville,London,TRR,27346.79,774,27346.79
1/14/2024,The Rec Room Avalon Mall,St. John's,TRR,22519.72,1058,22519.72
1/15/2024,The Rec Room Park Place Barrie,Barrie,TRR,7637.57,519,7637.57
1/15/2024,The Rec Room Roundhouse,Toronto,TRR,32065.71,1843,32065.71
1/15/2024,TRR Seasons of Tuxedo,Winnipeg,TRR,6476.08,273,6476.08
1/15/2024,The Rec Room West Edmonton Mall,Edmonton,TRR,14263.03,997,14263.03
1/15/2024,The Rec Room Brentwood,Burnaby,TRR,16391.84,818,16391.84
1/15/2024,The Rec Room Deerfoot,Calgary,TRR,21064.31,1092,21064.31
1/15/2024,The Rec Room London Masonville,London,TRR,4783.99,249,4783.99
1/15/2024,The Rec Room Square One,Mississauga,TRR,7516.52,448,7516.52
1/15/2024,Playdium Orion Gate,Brampton,PDM,3871.34,150,3871.34
1/15/2024,The Rec Room Avalon Mall,St. John's,TRR,6721.38,377,6721.38
1/15/2024,Playdium Whitby,Whitby,PDM,5934.44,302,5934.44
1/15/2024,The Rec Room South Edmonton,Edmonton,TRR,7825.06,484,7825.06
1/15/2024,Playdium Dartmouth,Dartmouth,PDM,3530.27,129,3530.27
1/16/2024,The Rec Room London Masonville,London,TRR,9768.13,573,9768.13
1/16/2024,The Rec Room West Edmonton Mall,Edmonton,TRR,6332.8,341,6332.8
1/16/2024,Playdium Orion Gate,Brampton,PDM,4059.41,172,4059.41
1/16/2024,The Rec Room Deerfoot,Calgary,TRR,8991.36,703,8991.36
1/16/2024,Playdium Dartmouth,Dartmouth,PDM,2662.5,113,2662.5
1/16/2024,The Rec Room Avalon Mall,St. John's,TRR,7539.96,531,7539.96
1/16/2024,Playdium Whitby,Whitby,PDM,2504.42,138,2504.42
1/16/2024,The Rec Room Brentwood,Burnaby,TRR,10666.43,523,10666.43
1/16/2024,The Rec Room Square One,Mississauga,TRR,26351.79,1079,26351.79
1/16/2024,The Rec Room Park Place Barrie,Barrie,TRR,6355.97,490,6355.97
1/16/2024,TRR Seasons of Tuxedo,Winnipeg,TRR,13227.42,691,13227.42
1/16/2024,The Rec Room South Edmonton,Edmonton,TRR,7399.08,442,7399.08
1/16/2024,The Rec Room Roundhouse,Toronto,TRR,55561.57,2811,55561.57
1/17/2024,The Rec Room Brentwood,Burnaby,TRR,4478.71,351,4478.71
1/17/2024,The Rec Room West Edmonton Mall,Edmonton,TRR,8878.11,872,8878.11
1/17/2024,The Rec Room Roundhouse,Toronto,TRR,22585.65,1624,22585.65
1/17/2024,The Rec Room Deerfoot,Calgary,TRR,19977.91,1215,19977.91
1/17/2024,The Rec Room Park Place Barrie,Barrie,TRR,7144.45,449,7144.45
1/17/2024,The Rec Room Avalon Mall,St. John's,TRR,6362.72,455,6362.72
1/17/2024,Playdium Whitby,Whitby,PDM,3201.32,188,3201.32
1/17/2024,The Rec Room South Edmonton,Edmonton,TRR,23708.9,1286,23708.9
1/17/2024,The Rec Room Square One,Mississauga,TRR,11991.17,755,11991.17
1/17/2024,Playdium Dartmouth,Dartmouth,PDM,3823.04,154,3823.04
1/17/2024,The Rec Room London Masonville,London,TRR,6360.34,329,6360.34
1/17/2024,Playdium Orion Gate,Brampton,PDM,3080.84,379,3080.84
1/17/2024,TRR Seasons of Tuxedo,Winnipeg,TRR,15479.74,811,15479.74
1/18/2024,Playdium Orion Gate,Brampton,PDM,4007.88,159,4007.88
1/18/2024,The Rec Room West Edmonton Mall,Edmonton,TRR,9159.71,911,9159.71
1/18/2024,TRR Seasons of Tuxedo,Winnipeg,TRR,8161.3,881,8161.3
1/18/2024,The Rec Room Deerfoot,Calgary,TRR,23941.92,1321,23941.92
1/18/2024,The Rec Room South Edmonton,Edmonton,TRR,16887,829,16887
1/18/2024,The Rec Room London Masonville,London,TRR,6352.76,369,6352.76
1/18/2024,Playdium Dartmouth,Dartmouth,PDM,4491.37,185,4491.37
1/18/2024,The Rec Room Square One,Mississauga,TRR,18366.49,862,18366.49
1/18/2024,Playdium Whitby,Whitby,PDM,4043.96,410,4043.96
1/18/2024,The Rec Room Avalon Mall,St. John's,TRR,6888.14,669,6888.14
1/18/2024,The Rec Room Brentwood,Burnaby,TRR,18353.92,1094,18353.92
1/18/2024,The Rec Room Roundhouse,Toronto,TRR,38106.81,2494,38106.81
1/18/2024,The Rec Room Park Place Barrie,Barrie,TRR,8822.38,466,8822.38
1/19/2024,Playdium Dartmouth,Dartmouth,PDM,16033.82,720,16033.82
1/19/2024,The Rec Room South Edmonton,Edmonton,TRR,34217.57,2574,34217.57
1/19/2024,The Rec Room Square One,Mississauga,TRR,22553.02,2063,22553.02
1/19/2024,The Rec Room Avalon Mall,St. John's,TRR,22094.44,1500,22094.44
1/19/2024,Playdium Orion Gate,Brampton,PDM,9986.36,539,9986.36
1/19/2024,The Rec Room London Masonville,London,TRR,19151.71,1739,19151.71
1/19/2024,Playdium Whitby,Whitby,PDM,18064.66,1268,18064.66
1/19/2024,The Rec Room West Edmonton Mall,Edmonton,TRR,22691.66,1746,22691.66
1/19/2024,TRR Seasons of Tuxedo,Winnipeg,TRR,59418.66,3121,59418.66
1/19/2024,The Rec Room Roundhouse,Toronto,TRR,66993.52,4075,66993.52
1/19/2024,The Rec Room Deerfoot,Calgary,TRR,28920.92,2504,28920.92
1/19/2024,The Rec Room Park Place Barrie,Barrie,TRR,24852.48,2408,24852.48
1/19/2024,The Rec Room Brentwood,Burnaby,TRR,45004.01,2989,45004.01
1/20/2024,The Rec Room West Edmonton Mall,Edmonton,TRR,54189.25,3684,54189.25
1/20/2024,The Rec Room South Edmonton,Edmonton,TRR,97467.82,5895,97467.82
1/20/2024,The Rec Room Deerfoot,Calgary,TRR,85838.25,5137,85838.25
1/20/2024,The Rec Room Avalon Mall,St. John's,TRR,37320.12,2690,37320.12
1/20/2024,The Rec Room London Masonville,London,TRR,37809.54,2116,37809.54
1/20/2024,The Rec Room Square One,Mississauga,TRR,77110.66,4218,77110.66
1/20/2024,Playdium Dartmouth,Dartmouth,PDM,47494.97,2179,47494.97
1/20/2024,The Rec Room Roundhouse,Toronto,TRR,92297.45,6395,92297.45
1/20/2024,Playdium Whitby,Whitby,PDM,51994.93,2572,51994.93
1/20/2024,Playdium Orion Gate,Brampton,PDM,34070.73,1503,34070.73
1/20/2024,TRR Seasons of Tuxedo,Winnipeg,TRR,70746.25,4232,70746.25
1/20/2024,The Rec Room Park Place Barrie,Barrie,TRR,63597.92,4165,63597.92
1/20/2024,The Rec Room Brentwood,Burnaby,TRR,77282.65,4796,77282.65
1/21/2024,The Rec Room Deerfoot,Calgary,TRR,77186.1,2643,77186.1
1/21/2024,The Rec Room Square One,Mississauga,TRR,54934.12,2065,54934.12
1/21/2024,TRR Seasons of Tuxedo,Winnipeg,TRR,62642.97,2306,62642.97
1/21/2024,The Rec Room South Edmonton,Edmonton,TRR,63031.62,2174,63031.62
1/21/2024,Playdium Dartmouth,Dartmouth,PDM,23664.47,1055,23664.47
1/21/2024,Playdium Orion Gate,Brampton,PDM,29539.42,1720,29539.42
1/21/2024,Playdium Whitby,Whitby,PDM,25798.58,1569,25798.58
1/21/2024,The Rec Room Park Place Barrie,Barrie,TRR,55005.2,1129,55005.2
1/21/2024,The Rec Room Roundhouse,Toronto,TRR,67463,3542,67463
1/21/2024,The Rec Room Avalon Mall,St. John's,TRR,22449.4,1088,22449.4
1/21/2024,The Rec Room London Masonville,London,TRR,37102.63,1059,37102.63
1/21/2024,The Rec Room West Edmonton Mall,Edmonton,TRR,43991.22,1640,43991.22
1/21/2024,The Rec Room Brentwood,Burnaby,TRR,77685.15,2762,77685.15
1/22/2024,The Rec Room Park Place Barrie,Barrie,TRR,6315.26,344,6315.26
1/22/2024,Playdium Whitby,Whitby,PDM,1997.33,164,1997.33
1/22/2024,The Rec Room Square One,Mississauga,TRR,15009.17,635,15009.17
1/22/2024,The Rec Room Brentwood,Burnaby,TRR,11377.49,618,11377.49
1/22/2024,The Rec Room Roundhouse,Toronto,TRR,76900.46,3987,76900.46
1/22/2024,Playdium Orion Gate,Brampton,PDM,6378.28,237,6378.28
1/22/2024,The Rec Room Avalon Mall,St. John's,TRR,6770.17,410,6770.17
1/22/2024,The Rec Room London Masonville,London,TRR,4375.2,167,4375.2
1/22/2024,TRR Seasons of Tuxedo,Winnipeg,TRR,10655.35,562,10655.35
1/22/2024,Playdium Dartmouth,Dartmouth,PDM,4099.46,164,4099.46
1/22/2024,The Rec Room South Edmonton,Edmonton,TRR,8896.16,542,8896.16
1/22/2024,The Rec Room Deerfoot,Calgary,TRR,12082.29,634,12082.29
1/22/2024,The Rec Room West Edmonton Mall,Edmonton,TRR,15580.91,943,15580.91
1/23/2024,The Rec Room Brentwood,Burnaby,TRR,15609.21,787,15609.21
1/23/2024,The Rec Room Deerfoot,Calgary,TRR,10938.4,899,10938.4
1/23/2024,TRR Seasons of Tuxedo,Winnipeg,TRR,16544.54,914,16544.54
1/23/2024,Playdium Orion Gate,Brampton,PDM,2706.42,143,2706.42
1/23/2024,Playdium Dartmouth,Dartmouth,PDM,3311.59,167,3311.59
1/23/2024,The Rec Room Square One,Mississauga,TRR,13235.62,620,13235.62
1/23/2024,The Rec Room Roundhouse,Toronto,TRR,53188.82,2267,53188.82
1/23/2024,The Rec Room West Edmonton Mall,Edmonton,TRR,6799.15,379,6799.15
1/23/2024,The Rec Room Park Place Barrie,Barrie,TRR,5704.41,407,5704.41
1/23/2024,The Rec Room Avalon Mall,St. John's,TRR,7776.75,549,7776.75
1/23/2024,The Rec Room London Masonville,London,TRR,4986.18,290,4986.18
1/23/2024,The Rec Room South Edmonton,Edmonton,TRR,9650.76,601,9650.76
1/23/2024,Playdium Whitby,Whitby,PDM,2733.41,116,2733.41
1/24/2024,The Rec Room West Edmonton Mall,Edmonton,TRR,8133.75,494,8133.75
1/24/2024,The Rec Room Brentwood,Burnaby,TRR,17099.25,1004,17099.25
1/24/2024,The Rec Room Park Place Barrie,Barrie,TRR,4842.76,294,4842.76
1/24/2024,Playdium Orion Gate,Brampton,PDM,2587.66,137,2587.66
1/24/2024,The Rec Room Square One,Mississauga,TRR,14261.41,798,14261.41
1/24/2024,The Rec Room Roundhouse,Toronto,TRR,40131.85,2672,40131.85
1/24/2024,The Rec Room London Masonville,London,TRR,5399.37,250,5399.37
1/24/2024,The Rec Room Deerfoot,Calgary,TRR,25465.32,1426,25465.32
1/24/2024,Playdium Whitby,Whitby,PDM,2537.36,239,2537.36
1/24/2024,The Rec Room Avalon Mall,St. John's,TRR,7987.79,594,7987.79
1/24/2024,Playdium Dartmouth,Dartmouth,PDM,3128.93,130,3128.93
1/24/2024,TRR Seasons of Tuxedo,Winnipeg,TRR,6966.25,544,6966.25
1/24/2024,The Rec Room South Edmonton,Edmonton,TRR,9510.58,1285,9510.58
1/25/2024,The Rec Room Deerfoot,Calgary,TRR,32531.24,1626,32531.24
1/25/2024,Playdium Orion Gate,Brampton,PDM,3443.91,114,3443.91
1/25/2024,TRR Seasons of Tuxedo,Winnipeg,TRR,12443.08,860,12443.08
1/25/2024,The Rec Room Brentwood,Burnaby,TRR,28168.87,1903,28168.87
1/25/2024,The Rec Room South Edmonton,Edmonton,TRR,11222.27,810,11222.27
1/25/2024,The Rec Room Avalon Mall,St. John's,TRR,6688.42,448,6688.42
1/25/2024,The Rec Room Square One,Mississauga,TRR,9442.67,663,9442.67
1/25/2024,The Rec Room London Masonville,London,TRR,5285.04,238,5285.04
1/25/2024,The Rec Room Park Place Barrie,Barrie,TRR,12736.41,827,12736.41
1/25/2024,Playdium Dartmouth,Dartmouth,PDM,4613.44,421,4613.44
1/25/2024,Playdium Whitby,Whitby,PDM,5257.83,186,5257.83
1/25/2024,The Rec Room West Edmonton Mall,Edmonton,TRR,13135,865,13135
1/25/2024,The Rec Room Roundhouse,Toronto,TRR,36198.72,2224,36198.72
1/26/2024,TRR Seasons of Tuxedo,Winnipeg,TRR,33116.49,1902,33116.49
1/26/2024,The Rec Room West Edmonton Mall,Edmonton,TRR,25947.65,1959,25947.65
1/26/2024,The Rec Room Deerfoot,Calgary,TRR,39475.09,2936,39475.09
1/26/2024,The Rec Room Park Place Barrie,Barrie,TRR,27781.44,2531,27781.44
1/26/2024,Playdium Whitby,Whitby,PDM,27388.49,1624,27388.49
1/26/2024,Playdium Dartmouth,Dartmouth,PDM,10836.95,430,10836.95
1/26/2024,The Rec Room Avalon Mall,St. John's,TRR,19381.35,1586,19381.35
1/26/2024,The Rec Room Square One,Mississauga,TRR,39438.07,2338,39438.07
1/26/2024,The Rec Room London Masonville,London,TRR,17374.04,1561,17374.04
1/26/2024,The Rec Room Roundhouse,Toronto,TRR,67051.53,4501,67051.53
1/26/2024,The Rec Room South Edmonton,Edmonton,TRR,40463,3649,40463
1/26/2024,Playdium Orion Gate,Brampton,PDM,10253.34,778,10253.34
1/26/2024,The Rec Room Brentwood,Burnaby,TRR,44152.44,3357,44152.44
1/27/2024,The Rec Room South Edmonton,Edmonton,TRR,113617.53,5781,113617.53
1/27/2024,Playdium Whitby,Whitby,PDM,54474.31,2759,54474.31
1/27/2024,The Rec Room London Masonville,London,TRR,39421.23,2292,39421.23
1/27/2024,Playdium Orion Gate,Brampton,PDM,42813.25,2405,42813.25
1/27/2024,The Rec Room Roundhouse,Toronto,TRR,89439.87,6272,89439.87
1/27/2024,Playdium Dartmouth,Dartmouth,PDM,40913.83,1758,40913.83
1/27/2024,The Rec Room Park Place Barrie,Barrie,TRR,72478.23,4816,72478.23
1/27/2024,The Rec Room Deerfoot,Calgary,TRR,87917.72,5300,87917.72
1/27/2024,The Rec Room West Edmonton Mall,Edmonton,TRR,57261.62,4187,57261.62
1/27/2024,The Rec Room Avalon Mall,St. John's,TRR,33511.07,2223,33511.07
1/27/2024,The Rec Room Brentwood,Burnaby,TRR,89382.86,5385,89382.86
1/27/2024,The Rec Room Square One,Mississauga,TRR,55977.68,3754,55977.68
1/27/2024,TRR Seasons of Tuxedo,Winnipeg,TRR,66672.22,3884,66672.22
1/28/2024,Playdium Whitby,Whitby,PDM,28278.78,1473,28278.78
1/28/2024,TRR Seasons of Tuxedo,Winnipeg,TRR,56943.33,1978,56943.33
1/28/2024,Playdium Dartmouth,Dartmouth,PDM,20149.89,1105,20149.89
1/28/2024,The Rec Room Deerfoot,Calgary,TRR,83951.81,2771,83951.81
1/28/2024,The Rec Room West Edmonton Mall,Edmonton,TRR,35821.63,1337,35821.63
1/28/2024,The Rec Room Roundhouse,Toronto,TRR,79642.15,3684,79642.15
1/28/2024,The Rec Room Square One,Mississauga,TRR,57585,2026,57585
1/28/2024,The Rec Room Brentwood,Burnaby,TRR,70562.79,2365,70562.79
1/28/2024,The Rec Room South Edmonton,Edmonton,TRR,67606.31,1902,67606.31
1/28/2024,The Rec Room Park Place Barrie,Barrie,TRR,46098.57,1753,46098.57
1/28/2024,The Rec Room Avalon Mall,St. John's,TRR,19101.54,1074,19101.54
1/28/2024,Playdium Orion Gate,Brampton,PDM,28972.63,1347,28972.63
1/28/2024,The Rec Room London Masonville,London,TRR,39833.44,931,39833.44
1/29/2024,The Rec Room Square One,Mississauga,TRR,8835.55,311,8835.55
1/29/2024,The Rec Room Brentwood,Burnaby,TRR,18723.47,942,18723.47
1/29/2024,The Rec Room Avalon Mall,St. John's,TRR,651,45,651
1/29/2024,Playdium Orion Gate,Brampton,PDM,4891.28,106,4891.28
1/29/2024,The Rec Room Deerfoot,Calgary,TRR,10374.09,579,10374.09
1/29/2024,The Rec Room West Edmonton Mall,Edmonton,TRR,7865.66,392,7865.66
1/29/2024,The Rec Room Park Place Barrie,Barrie,TRR,4885.06,282,4885.06
1/29/2024,TRR Seasons of Tuxedo,Winnipeg,TRR,10574.42,674,10574.42
1/29/2024,The Rec Room London Masonville,London,TRR,9741.82,480,9741.82
1/29/2024,The Rec Room Roundhouse,Toronto,TRR,6608.89,530,6608.89
1/29/2024,The Rec Room South Edmonton,Edmonton,TRR,13063.95,725,13063.95
1/29/2024,Playdium Dartmouth,Dartmouth,PDM,1724.99,65,1724.99
1/29/2024,Playdium Whitby,Whitby,PDM,4430.44,193,4430.44
1/30/2024,The Rec Room Deerfoot,Calgary,TRR,13534.46,860,13534.46
1/30/2024,TRR Seasons of Tuxedo,Winnipeg,TRR,5749.86,514,5749.86
1/30/2024,Playdium Whitby,Whitby,PDM,3618.85,358,3618.85
1/30/2024,Playdium Orion Gate,Brampton,PDM,3225.42,139,3225.42
1/30/2024,The Rec Room Square One,Mississauga,TRR,13095.46,719,13095.46
1/30/2024,The Rec Room West Edmonton Mall,Edmonton,TRR,22027.94,1128,22027.94
1/30/2024,The Rec Room South Edmonton,Edmonton,TRR,11763.1,586,11763.1
1/30/2024,Playdium Dartmouth,Dartmouth,PDM,4417.42,228,4417.42
1/30/2024,The Rec Room Avalon Mall,St. John's,TRR,9163.03,698,9163.03
1/30/2024,The Rec Room Roundhouse,Toronto,TRR,25052.23,1676,25052.23
1/30/2024,The Rec Room Park Place Barrie,Barrie,TRR,9058.71,514,9058.71
1/30/2024,The Rec Room London Masonville,London,TRR,6354.27,315,6354.27
1/30/2024,The Rec Room Brentwood,Burnaby,TRR,18114.32,1061,18114.32
1/31/2024,The Rec Room West Edmonton Mall,Edmonton,TRR,15266.06,776,15266.06
1/31/2024,The Rec Room Brentwood,Burnaby,TRR,27054.76,1393,27054.76
1/31/2024,The Rec Room Square One,Mississauga,TRR,12282.13,622,12282.13
1/31/2024,The Rec Room London Masonville,London,TRR,6604.39,262,6604.39
1/31/2024,The Rec Room Deerfoot,Calgary,TRR,21307.7,1450,21307.7
1/31/2024,TRR Seasons of Tuxedo,Winnipeg,TRR,16491.85,955,16491.85
1/31/2024,Playdium Dartmouth,Dartmouth,PDM,5162.69,247,5162.69
1/31/2024,The Rec Room Avalon Mall,St. John's,TRR,9319.69,726,9319.69
1/31/2024,The Rec Room Roundhouse,Toronto,TRR,32596.98,2052,32596.98
1/31/2024,The Rec Room Park Place Barrie,Barrie,TRR,7955.93,441,7955.93
1/31/2024,The Rec Room South Edmonton,Edmonton,TRR,25468.07,1419,25468.07
1/31/2024,Playdium Orion Gate,Brampton,PDM,7599.23,401,7599.23
1/31/2024,Playdium Whitby,Whitby,PDM,4093.36,302,4093.36
2/1/2024,The Rec Room Deerfoot,Calgary,TRR,12301.69,833,12301.69
2/1/2024,The Rec Room West Edmonton Mall,Edmonton,TRR,10766.68,635,10766.68
2/1/2024,Playdium Orion Gate,Brampton,PDM,3189.83,146,3189.83
2/1/2024,Playdium Whitby,Whitby,PDM,6301.88,802,6301.88
2/1/2024,TRR Seasons of Tuxedo,Winnipeg,TRR,9696.17,762,9696.17
2/1/2024,The Rec Room London Masonville,London,TRR,9391.77,458,9391.77
2/1/2024,The Rec Room Park Place Barrie,Barrie,TRR,8503.92,479,8503.92
2/1/2024,The Rec Room Avalon Mall,St. John's,TRR,10626.93,789,10626.93
2/1/2024,The Rec Room Roundhouse,Toronto,TRR,45837.27,2590,45837.27
2/1/2024,The Rec Room Square One,Mississauga,TRR,14151.5,751,14151.5
2/1/2024,The Rec Room Brentwood,Burnaby,TRR,17310.17,961,17310.17
2/1/2024,The Rec Room South Edmonton,Edmonton,TRR,14267.27,786,14267.27
2/1/2024,Playdium Dartmouth,Dartmouth,PDM,3545.05,156,3545.05
2/2/2024,The Rec Room Avalon Mall,St. John's,TRR,20389.52,1559,20389.52
2/2/2024,Playdium Whitby,Whitby,PDM,21199.69,1161,21199.69
2/2/2024,The Rec Room South Edmonton,Edmonton,TRR,29666.27,2451,29666.27
2/2/2024,Playdium Orion Gate,Brampton,PDM,10032.31,781,10032.31
2/2/2024,TRR Seasons of Tuxedo,Winnipeg,TRR,43775.82,2749,43775.82
2/2/2024,The Rec Room West Edmonton Mall,Edmonton,TRR,18098.16,1360,18098.16
2/2/2024,Playdium Dartmouth,Dartmouth,PDM,6414.05,251,6414.05
2/2/2024,The Rec Room Square One,Mississauga,TRR,26565.08,1559,26565.08
2/2/2024,The Rec Room London Masonville,London,TRR,25057.55,1264,25057.55
2/2/2024,The Rec Room Deerfoot,Calgary,TRR,29917.22,2954,29917.22
2/2/2024,The Rec Room Roundhouse,Toronto,TRR,50222.81,3767,50222.81
2/2/2024,The Rec Room Park Place Barrie,Barrie,TRR,28025.87,2336,28025.87
2/2/2024,The Rec Room Brentwood,Burnaby,TRR,33992.29,2614,33992.29
2/3/2024,Playdium Whitby,Whitby,PDM,54277.02,2683,54277.02
2/3/2024,The Rec Room West Edmonton Mall,Edmonton,TRR,61861.21,4150,61861.21
2/3/2024,TRR Seasons of Tuxedo,Winnipeg,TRR,77340.89,4144,77340.89
2/3/2024,The Rec Room Deerfoot,Calgary,TRR,83789.78,5181,83789.78
2/3/2024,Playdium Orion Gate,Brampton,PDM,41595.46,2274,41595.46
2/3/2024,The Rec Room London Masonville,London,TRR,27160.73,2296,27160.73
2/3/2024,The Rec Room Park Place Barrie,Barrie,TRR,60905.04,4117,60905.04
2/3/2024,The Rec Room South Edmonton,Edmonton,TRR,41854.77,2145,41854.77
2/3/2024,Playdium Dartmouth,Dartmouth,PDM,6754.56,377,6754.56
2/3/2024,The Rec Room Square One,Mississauga,TRR,50759.51,3347,50759.51
2/3/2024,The Rec Room Roundhouse,Toronto,TRR,83206.68,6385,83206.68
2/3/2024,The Rec Room Brentwood,Burnaby,TRR,77146.27,4520,77146.27
2/3/2024,The Rec Room Avalon Mall,St. John's,TRR,36650.8,2298,36650.8
2/4/2024,The Rec Room Park Place Barrie,Barrie,TRR,47443.59,1844,47443.59
2/4/2024,The Rec Room West Edmonton Mall,Edmonton,TRR,39498.83,1305,39498.83
2/4/2024,The Rec Room Brentwood,Burnaby,TRR,60789.48,2118,60789.48
2/4/2024,The Rec Room Avalon Mall,St. John's,TRR,23381.44,1203,23381.44
2/4/2024,Playdium Whitby,Whitby,PDM,29497.52,1659,29497.52
2/4/2024,The Rec Room London Masonville,London,TRR,41378.84,688,41378.84
2/4/2024,Playdium Dartmouth,Dartmouth,PDM,4345.9,191,4345.9
2/4/2024,The Rec Room South Edmonton,Edmonton,TRR,175463.21,4510,175463.21
2/4/2024,The Rec Room Square One,Mississauga,TRR,57462.17,1651,57462.17
2/4/2024,The Rec Room Deerfoot,Calgary,TRR,66989.2,2089,66989.2
2/4/2024,TRR Seasons of Tuxedo,Winnipeg,TRR,47734.96,1984,47734.96
2/4/2024,Playdium Orion Gate,Brampton,PDM,27382.47,1570,27382.47
2/4/2024,The Rec Room Roundhouse,Toronto,TRR,56704.21,2641,56704.21
2/5/2024,The Rec Room Square One,Mississauga,TRR,1519.4,176,1519.4
2/5/2024,Playdium Dartmouth,Dartmouth,PDM,3656.58,160,3656.58
2/5/2024,The Rec Room Park Place Barrie,Barrie,TRR,6663.8,429,6663.8
2/5/2024,The Rec Room Brentwood,Burnaby,TRR,9726.01,532,9726.01
2/5/2024,The Rec Room South Edmonton,Edmonton,TRR,7542.54,407,7542.54
2/5/2024,The Rec Room Avalon Mall,St. John's,TRR,5373.56,351,5373.56
2/5/2024,The Rec Room West Edmonton Mall,Edmonton,TRR,5581.97,296,5581.97
2/5/2024,The Rec Room Roundhouse,Toronto,TRR,17080.28,1111,17080.28
2/5/2024,TRR Seasons of Tuxedo,Winnipeg,TRR,20276.18,569,20276.18
2/5/2024,The Rec Room London Masonville,London,TRR,5481.62,267,5481.62
2/5/2024,Playdium Orion Gate,Brampton,PDM,2936.87,205,2936.87
2/5/2024,Playdium Whitby,Whitby,PDM,2283.45,340,2283.45
2/5/2024,The Rec Room Deerfoot,Calgary,TRR,10681.54,616,10681.54
2/6/2024,The Rec Room Roundhouse,Toronto,TRR,39057.33,2223,39057.33
2/6/2024,The Rec Room Park Place Barrie,Barrie,TRR,6332.31,455,6332.31
2/6/2024,The Rec Room Avalon Mall,St. John's,TRR,5037.88,346,5037.88
2/6/2024,The Rec Room West Edmonton Mall,Edmonton,TRR,8221.44,488,8221.44
2/6/2024,The Rec Room Brentwood,Burnaby,TRR,12260.41,746,12260.41
2/6/2024,Playdium Whitby,Whitby,PDM,2398.86,108,2398.86
2/6/2024,The Rec Room London Masonville,London,TRR,6507.28,331,6507.28
2/6/2024,TRR Seasons of Tuxedo,Winnipeg,TRR,32404.7,3246,32404.7
2/6/2024,The Rec Room Deerfoot,Calgary,TRR,11750.82,767,11750.82
2/6/2024,The Rec Room Square One,Mississauga,TRR,9303.24,734,9303.24
2/6/2024,Playdium Dartmouth,Dartmouth,PDM,4197.41,245,4197.41
2/6/2024,The Rec Room South Edmonton,Edmonton,TRR,8672.3,493,8672.3
2/6/2024,Playdium Orion Gate,Brampton,PDM,3372.89,107,3372.89
2/7/2024,Playdium Whitby,Whitby,PDM,2719.17,135,2719.17
2/7/2024,The Rec Room Roundhouse,Toronto,TRR,36108.93,2426,36108.93
2/7/2024,The Rec Room Square One,Mississauga,TRR,26990.41,1155,26990.41
2/7/2024,Playdium Orion Gate,Brampton,PDM,2390.48,78,2390.48
2/7/2024,The Rec Room Avalon Mall,St. John's,TRR,8930.63,577,8930.63
2/7/2024,The Rec Room Brentwood,Burnaby,TRR,13126.32,632,13126.32
2/7/2024,Playdium Dartmouth,Dartmouth,PDM,5775.65,223,5775.65
2/7/2024,The Rec Room London Masonville,London,TRR,2578.37,167,2578.37
2/7/2024,The Rec Room South Edmonton,Edmonton,TRR,11568.67,712,11568.67
2/7/2024,The Rec Room Deerfoot,Calgary,TRR,23038.76,1341,23038.76
2/7/2024,The Rec Room West Edmonton Mall,Edmonton,TRR,9195.37,506,9195.37
2/7/2024,The Rec Room Park Place Barrie,Barrie,TRR,6872.87,473,6872.87
2/7/2024,TRR Seasons of Tuxedo,Winnipeg,TRR,11257.06,693,11257.06
2/8/2024,Playdium Dartmouth,Dartmouth,PDM,2207.43,134,2207.43
2/8/2024,Playdium Orion Gate,Brampton,PDM,2174.86,358,2174.86
2/8/2024,Playdium Whitby,Whitby,PDM,4116.42,786,4116.42
2/8/2024,The Rec Room Avalon Mall,St. John's,TRR,8645.64,592,8645.64
2/8/2024,The Rec Room Brentwood,Burnaby,TRR,16393.63,891,16393.63
2/8/2024,The Rec Room Deerfoot,Calgary,TRR,14151.29,724,14151.29
2/8/2024,The Rec Room London Masonville,London,TRR,7293.53,530,7293.53
2/8/2024,The Rec Room Park Place Barrie,Barrie,TRR,9063.19,679,9063.19
2/8/2024,The Rec Room Roundhouse,Toronto,TRR,29834.5,1911,29834.5
2/8/2024,The Rec Room South Edmonton,Edmonton,TRR,20132.88,1054,20132.88
2/8/2024,The Rec Room Square One,Mississauga,TRR,16595.48,983,16595.48
2/8/2024,The Rec Room West Edmonton Mall,Edmonton,TRR,13019.99,1580,13019.99
2/8/2024,TRR Seasons of Tuxedo,Winnipeg,TRR,2396.24,216,2396.24
2/9/2024,The Rec Room London Masonville,London,TRR,23400.23,1515,23400.23
2/9/2024,The Rec Room Square One,Mississauga,TRR,23036.83,1585,23036.83
2/9/2024,Playdium Orion Gate,Brampton,PDM,9106.82,446,9106.82
2/9/2024,The Rec Room Avalon Mall,St. John's,TRR,21786.06,1588,21786.06
2/9/2024,The Rec Room Brentwood,Burnaby,TRR,27417.34,2125,27417.34
2/9/2024,The Rec Room Roundhouse,Toronto,TRR,43317.28,2966,43317.28
2/9/2024,Playdium Whitby,Whitby,PDM,14184.61,798,14184.61
2/9/2024,The Rec Room Park Place Barrie,Barrie,TRR,25818.67,2282,25818.67
2/9/2024,The Rec Room West Edmonton Mall,Edmonton,TRR,23039.34,1816,23039.34
2/9/2024,The Rec Room Deerfoot,Calgary,TRR,26652.91,2710,26652.91
2/9/2024,Playdium Dartmouth,Dartmouth,PDM,10663.46,485,10663.46
2/9/2024,The Rec Room South Edmonton,Edmonton,TRR,24415.43,2179,24415.43
2/9/2024,TRR Seasons of Tuxedo,Winnipeg,TRR,23500.71,1978,23500.71
2/10/2024,The Rec Room Deerfoot,Calgary,TRR,73965.93,4854,73965.93
2/10/2024,The Rec Room Square One,Mississauga,TRR,53608.08,3367,53608.08
2/10/2024,TRR Seasons of Tuxedo,Winnipeg,TRR,69681.76,4142,69681.76
2/10/2024,The Rec Room Brentwood,Burnaby,TRR,61593.46,3728,61593.46
2/10/2024,Playdium Orion Gate,Brampton,PDM,41013.05,2049,41013.05
2/10/2024,Playdium Whitby,Whitby,PDM,47034.55,2399,47034.55
2/10/2024,The Rec Room London Masonville,London,TRR,35412.59,2294,35412.59
2/10/2024,The Rec Room Avalon Mall,St. John's,TRR,33370.69,2556,33370.69
2/10/2024,The Rec Room Park Place Barrie,Barrie,TRR,64830.97,4564,64830.97
2/10/2024,The Rec Room Roundhouse,Toronto,TRR,88072.35,6522,88072.35
2/10/2024,The Rec Room South Edmonton,Edmonton,TRR,65401.08,4498,65401.08
2/10/2024,The Rec Room West Edmonton Mall,Edmonton,TRR,44594.08,2917,44594.08
2/10/2024,Playdium Dartmouth,Dartmouth,PDM,40777.97,2065,40777.97
2/11/2024,The Rec Room South Edmonton,Edmonton,TRR,70209.23,2228,70209.23
2/11/2024,The Rec Room Roundhouse,Toronto,TRR,71594.06,4441,71594.06
2/11/2024,The Rec Room Avalon Mall,St. John's,TRR,17831.93,915,17831.93
2/11/2024,The Rec Room Square One,Mississauga,TRR,47871.98,1874,47871.98
2/11/2024,The Rec Room London Masonville,London,TRR,32318.49,606,32318.49
2/11/2024,Playdium Orion Gate,Brampton,PDM,25575.45,1360,25575.45
2/11/2024,The Rec Room Brentwood,Burnaby,TRR,51619.83,2434,51619.83
2/11/2024,The Rec Room West Edmonton Mall,Edmonton,TRR,33471.58,1496,33471.58
2/11/2024,The Rec Room Park Place Barrie,Barrie,TRR,47258.16,1694,47258.16
2/11/2024,Playdium Whitby,Whitby,PDM,27296.7,1826,27296.7
2/11/2024,TRR Seasons of Tuxedo,Winnipeg,TRR,50503.49,1791,50503.49
2/11/2024,Playdium Dartmouth,Dartmouth,PDM,19447.05,868,19447.05
2/11/2024,The Rec Room Deerfoot,Calgary,TRR,68034.42,2427,68034.42
2/12/2024,The Rec Room Roundhouse,Toronto,TRR,21243.16,1357,21243.16
2/12/2024,Playdium Dartmouth,Dartmouth,PDM,4325.48,183,4325.48
2/12/2024,The Rec Room London Masonville,London,TRR,5340.74,258,5340.74
2/12/2024,Playdium Whitby,Whitby,PDM,2133.92,239,2133.92
2/12/2024,The Rec Room South Edmonton,Edmonton,TRR,11750.78,726,11750.78
2/12/2024,The Rec Room Deerfoot,Calgary,TRR,8526.16,556,8526.16
2/12/2024,The Rec Room Park Place Barrie,Barrie,TRR,6065.15,368,6065.15
2/12/2024,The Rec Room Square One,Mississauga,TRR,9094.35,376,9094.35
2/12/2024,The Rec Room Avalon Mall,St. John's,TRR,6475.76,341,6475.76
2/12/2024,The Rec Room Brentwood,Burnaby,TRR,10020.91,595,10020.91
2/12/2024,TRR Seasons of Tuxedo,Winnipeg,TRR,8389.07,576,8389.07
2/12/2024,The Rec Room West Edmonton Mall,Edmonton,TRR,7889.2,489,7889.2
2/12/2024,Playdium Orion Gate,Brampton,PDM,3192.37,119,3192.37
2/13/2024,The Rec Room Park Place Barrie,Barrie,TRR,6349.49,472,6349.49
2/13/2024,The Rec Room Deerfoot,Calgary,TRR,17342.56,860,17342.56
2/13/2024,TRR Seasons of Tuxedo,Winnipeg,TRR,10667.44,523,10667.44
2/13/2024,Playdium Dartmouth,Dartmouth,PDM,1082.88,74,1082.88
2/13/2024,Playdium Whitby,Whitby,PDM,4487.92,204,4487.92
2/13/2024,The Rec Room West Edmonton Mall,Edmonton,TRR,6211.95,399,6211.95
2/13/2024,The Rec Room London Masonville,London,TRR,6287.15,280,6287.15
2/13/2024,Playdium Orion Gate,Brampton,PDM,2806.32,146,2806.32
2/13/2024,The Rec Room South Edmonton,Edmonton,TRR,12098.52,610,12098.52
2/13/2024,The Rec Room Roundhouse,Toronto,TRR,47364.65,2765,47364.65
2/13/2024,The Rec Room Square One,Mississauga,TRR,12330.68,656,12330.68
2/13/2024,The Rec Room Brentwood,Burnaby,TRR,13350.51,836,13350.51
2/13/2024,The Rec Room Avalon Mall,St. John's,TRR,6890.3,488,6890.3
2/14/2024,Playdium Whitby,Whitby,PDM,9332.53,319,9332.53
2/14/2024,Playdium Dartmouth,Dartmouth,PDM,8278.45,311,8278.45
2/14/2024,The Rec Room South Edmonton,Edmonton,TRR,22905.27,1198,22905.27
2/14/2024,The Rec Room Brentwood,Burnaby,TRR,25486.51,1253,25486.51
2/14/2024,Playdium Orion Gate,Brampton,PDM,6240.15,123,6240.15
2/14/2024,The Rec Room Roundhouse,Toronto,TRR,46210.43,3086,46210.43
2/14/2024,The Rec Room West Edmonton Mall,Edmonton,TRR,16446.64,900,16446.64
2/14/2024,The Rec Room Square One,Mississauga,TRR,21658.31,1051,21658.31
2/14/2024,TRR Seasons of Tuxedo,Winnipeg,TRR,18943.7,1260,18943.7
2/14/2024,The Rec Room Deerfoot,Calgary,TRR,28633.82,1548,28633.82
2/14/2024,The Rec Room London Masonville,London,TRR,20774.35,953,20774.35
2/14/2024,The Rec Room Park Place Barrie,Barrie,TRR,17676.89,1022,17676.89
2/15/2024,The Rec Room South Edmonton,Edmonton,TRR,16035.59,874,16035.59
2/15/2024,Playdium Dartmouth,Dartmouth,PDM,5986.51,232,5986.51
2/15/2024,The Rec Room Brentwood,Burnaby,TRR,23960.99,1187,23960.99
2/15/2024,The Rec Room Avalon Mall,St. John's,TRR,2428.13,98,2428.13
2/15/2024,The Rec Room Roundhouse,Toronto,TRR,35549.29,1877,35549.29
2/15/2024,The Rec Room Park Place Barrie,Barrie,TRR,4968.16,297,4968.16
2/15/2024,The Rec Room Deerfoot,Calgary,TRR,34015.91,1928,34015.91
2/15/2024,Playdium Orion Gate,Brampton,PDM,2284.95,308,2284.95
2/15/2024,The Rec Room London Masonville,London,TRR,5568.22,214,5568.22
2/15/2024,The Rec Room West Edmonton Mall,Edmonton,TRR,11393.08,652,11393.08
2/15/2024,Playdium Whitby,Whitby,PDM,2010.88,126,2010.88
2/15/2024,The Rec Room Square One,Mississauga,TRR,11781.67,642,11781.67
2/15/2024,TRR Seasons of Tuxedo,Winnipeg,TRR,17605.25,621,17605.25
2/16/2024,Playdium Dartmouth,Dartmouth,PDM,11422.2,473,11422.2
2/16/2024,Playdium Orion Gate,Brampton,PDM,21162.63,967,21162.63
2/16/2024,Playdium Whitby,Whitby,PDM,17819.49,1219,17819.49
2/16/2024,The Rec Room Avalon Mall,St. John's,TRR,15481.44,1046,15481.44
2/16/2024,The Rec Room Brentwood,Burnaby,TRR,42759.32,2876,42759.32
2/16/2024,The Rec Room Deerfoot,Calgary,TRR,44978.67,3863,44978.67
2/16/2024,The Rec Room London Masonville,London,TRR,13266.79,1184,13266.79
2/16/2024,The Rec Room Park Place Barrie,Barrie,TRR,22906.46,2086,22906.46
2/16/2024,The Rec Room Roundhouse,Toronto,TRR,59423.73,4842,59423.73
2/16/2024,The Rec Room South Edmonton,Edmonton,TRR,34381.63,2599,34381.63
2/16/2024,The Rec Room Square One,Mississauga,TRR,20865.08,1497,20865.08
2/16/2024,The Rec Room West Edmonton Mall,Edmonton,TRR,24690.86,1907,24690.86
2/16/2024,TRR Seasons of Tuxedo,Winnipeg,TRR,23648.55,1476,23648.55
2/17/2024,The Rec Room Avalon Mall,St. John's,TRR,31193.38,2204,31193.38
2/17/2024,The Rec Room Park Place Barrie,Barrie,TRR,52487.31,3887,52487.31
2/17/2024,The Rec Room Square One,Mississauga,TRR,58636.52,3400,58636.52
2/17/2024,The Rec Room South Edmonton,Edmonton,TRR,78313.06,5269,78313.06
2/17/2024,The Rec Room Roundhouse,Toronto,TRR,105595.52,7550,105595.52
2/17/2024,Playdium Whitby,Whitby,PDM,62890.49,2536,62890.49
2/17/2024,The Rec Room Deerfoot,Calgary,TRR,83959.69,4858,83959.69
2/17/2024,Playdium Orion Gate,Brampton,PDM,50692.57,2254,50692.57
2/17/2024,Playdium Dartmouth,Dartmouth,PDM,48564.47,2103,48564.47
2/17/2024,The Rec Room Brentwood,Burnaby,TRR,82461.2,4293,82461.2
2/17/2024,The Rec Room West Edmonton Mall,Edmonton,TRR,62924.59,3850,62924.59
2/17/2024,TRR Seasons of Tuxedo,Winnipeg,TRR,77622.72,4313,77622.72
2/17/2024,The Rec Room London Masonville,London,TRR,34986.8,2268,34986.8
2/18/2024,The Rec Room West Edmonton Mall,Edmonton,TRR,66204.78,2718,66204.78
2/18/2024,The Rec Room Roundhouse,Toronto,TRR,107357.21,5357,107357.21
2/18/2024,The Rec Room Deerfoot,Calgary,TRR,118373.63,4124,118373.63
2/18/2024,The Rec Room Park Place Barrie,Barrie,TRR,67197.48,2939,67197.48
2/18/2024,The Rec Room Avalon Mall,St. John's,TRR,7735.62,197,7735.62
2/18/2024,The Rec Room Brentwood,Burnaby,TRR,101499.22,3718,101499.22
2/18/2024,The Rec Room South Edmonton,Edmonton,TRR,117127.62,4344,117127.62
2/18/2024,Playdium Whitby,Whitby,PDM,51071.68,1901,51071.68
2/18/2024,TRR Seasons of Tuxedo,Winnipeg,TRR,72576.3,3366,72576.3
2/18/2024,The Rec Room London Masonville,London,TRR,57855.12,1651,57855.12
2/18/2024,Playdium Orion Gate,Brampton,PDM,47384.33,1805,47384.33
2/18/2024,Playdium Dartmouth,Dartmouth,PDM,38028.9,1401,38028.9
2/18/2024,The Rec Room Square One,Mississauga,TRR,73712.6,2624,73712.6
2/19/2024,The Rec Room Avalon Mall,St. John's,TRR,7296.5,533,7296.5
2/19/2024,The Rec Room South Edmonton,Edmonton,TRR,60463.83,3027,60463.83
2/19/2024,The Rec Room Park Place Barrie,Barrie,TRR,38240.96,2151,38240.96
2/19/2024,The Rec Room Roundhouse,Toronto,TRR,70885.74,4657,70885.74
2/19/2024,Playdium Dartmouth,Dartmouth,PDM,27977.68,1016,27977.68
2/19/2024,The Rec Room Square One,Mississauga,TRR,44404.01,2024,44404.01
2/19/2024,The Rec Room West Edmonton Mall,Edmonton,TRR,39835.64,2168,39835.64
2/19/2024,The Rec Room Brentwood,Burnaby,TRR,58820.59,2560,58820.59
2/19/2024,Playdium Whitby,Whitby,PDM,47391.77,2036,47391.77
2/19/2024,The Rec Room Deerfoot,Calgary,TRR,66316.72,3070,66316.72
2/19/2024,Playdium Orion Gate,Brampton,PDM,43743.04,1549,43743.04
2/19/2024,The Rec Room London Masonville,London,TRR,29503.38,1303,29503.38
2/19/2024,TRR Seasons of Tuxedo,Winnipeg,TRR,69406.52,2558,69406.52
2/20/2024,The Rec Room Square One,Mississauga,TRR,11203.54,490,11203.54
2/20/2024,The Rec Room Deerfoot,Calgary,TRR,22826.56,1189,22826.56
2/20/2024,The Rec Room Roundhouse,Toronto,TRR,22954.81,1416,22954.81
2/20/2024,The Rec Room London Masonville,London,TRR,7266.83,355,7266.83
2/20/2024,Playdium Orion Gate,Brampton,PDM,5240.47,169,5240.47
2/20/2024,TRR Seasons of Tuxedo,Winnipeg,TRR,14228.58,779,14228.58
2/20/2024,Playdium Whitby,Whitby,PDM,6077.3,329,6077.3
2/20/2024,The Rec Room South Edmonton,Edmonton,TRR,22876.77,1271,22876.77
2/20/2024,Playdium Dartmouth,Dartmouth,PDM,5481.42,188,5481.42
2/20/2024,The Rec Room Park Place Barrie,Barrie,TRR,7928.22,515,7928.22
2/20/2024,The Rec Room Avalon Mall,St. John's,TRR,8257,513,8257
2/20/2024,The Rec Room West Edmonton Mall,Edmonton,TRR,21008.73,1295,21008.73
2/20/2024,The Rec Room Brentwood,Burnaby,TRR,17294.63,1006,17294.63
2/21/2024,The Rec Room Brentwood,Burnaby,TRR,17351.64,801,17351.64
2/21/2024,The Rec Room Roundhouse,Toronto,TRR,29498.94,1935,29498.94
2/21/2024,The Rec Room Avalon Mall,St. John's,TRR,9051.27,716,9051.27
2/21/2024,Playdium Dartmouth,Dartmouth,PDM,4086.3,156,4086.3
2/21/2024,The Rec Room Square One,Mississauga,TRR,12958.05,577,12958.05
2/21/2024,Playdium Whitby,Whitby,PDM,3701.36,121,3701.36
2/21/2024,The Rec Room Deerfoot,Calgary,TRR,23514.47,1114,23514.47
2/21/2024,Playdium Orion Gate,Brampton,PDM,4789.89,109,4789.89
2/21/2024,TRR Seasons of Tuxedo,Winnipeg,TRR,14991.52,990,14991.52
2/21/2024,The Rec Room West Edmonton Mall,Edmonton,TRR,15573.01,933,15573.01
2/21/2024,The Rec Room London Masonville,London,TRR,4601.14,191,4601.14
2/21/2024,The Rec Room Park Place Barrie,Barrie,TRR,7521.63,458,7521.63
2/21/2024,The Rec Room South Edmonton,Edmonton,TRR,19496.44,917,19496.44
2/22/2024,Playdium Whitby,Whitby,PDM,5530.26,823,5530.26
2/22/2024,The Rec Room Brentwood,Burnaby,TRR,20053.52,1070,20053.52
2/22/2024,The Rec Room Avalon Mall,St. John's,TRR,12764.67,611,12764.67
2/22/2024,The Rec Room West Edmonton Mall,Edmonton,TRR,18002.25,869,18002.25
2/22/2024,The Rec Room Park Place Barrie,Barrie,TRR,12805.8,863,12805.8
2/22/2024,Playdium Orion Gate,Brampton,PDM,4400.48,95,4400.48
2/22/2024,The Rec Room Square One,Mississauga,TRR,8421.23,578,8421.23
2/22/2024,Playdium Dartmouth,Dartmouth,PDM,5448.67,341,5448.67
2/22/2024,The Rec Room Roundhouse,Toronto,TRR,38817.9,2647,38817.9
2/22/2024,The Rec Room South Edmonton,Edmonton,TRR,20619.54,1229,20619.54
2/22/2024,The Rec Room London Masonville,London,TRR,9163.06,382,9163.06
2/22/2024,TRR Seasons of Tuxedo,Winnipeg,TRR,19852.69,814,19852.69
2/22/2024,The Rec Room Deerfoot,Calgary,TRR,27537.34,1472,27537.34
2/23/2024,The Rec Room West Edmonton Mall,Edmonton,TRR,25391.28,1774,25391.28
2/23/2024,Playdium Whitby,Whitby,PDM,19089.37,989,19089.37
2/23/2024,The Rec Room London Masonville,London,TRR,13331.23,1165,13331.23
2/23/2024,The Rec Room Roundhouse,Toronto,TRR,56664.7,3401,56664.7
2/23/2024,The Rec Room Deerfoot,Calgary,TRR,30486.76,2698,30486.76
2/23/2024,Playdium Orion Gate,Brampton,PDM,13169.46,1063,13169.46
2/23/2024,The Rec Room Avalon Mall,St. John's,TRR,23761.38,1711,23761.38
2/23/2024,The Rec Room Brentwood,Burnaby,TRR,47896.75,3164,47896.75
2/23/2024,The Rec Room Park Place Barrie,Barrie,TRR,27489.12,2806,27489.12
2/23/2024,TRR Seasons of Tuxedo,Winnipeg,TRR,27520.82,1854,27520.82
2/23/2024,The Rec Room Square One,Mississauga,TRR,25619.34,1671,25619.34
2/23/2024,Playdium Dartmouth,Dartmouth,PDM,10991.47,454,10991.47
2/23/2024,The Rec Room South Edmonton,Edmonton,TRR,31618.09,2954,31618.09
2/24/2024,The Rec Room South Edmonton,Edmonton,TRR,77300.89,4763,77300.89
2/24/2024,The Rec Room West Edmonton Mall,Edmonton,TRR,59811.84,3604,59811.84
2/24/2024,The Rec Room Avalon Mall,St. John's,TRR,32970.08,2435,32970.08
2/24/2024,Playdium Whitby,Whitby,PDM,46984.15,2642,46984.15
2/24/2024,The Rec Room Brentwood,Burnaby,TRR,91970.93,5035,91970.93
2/24/2024,The Rec Room Park Place Barrie,Barrie,TRR,69082.06,4658,69082.06
2/24/2024,The Rec Room Roundhouse,Toronto,TRR,90001.77,6224,90001.77
2/24/2024,Playdium Orion Gate,Brampton,PDM,49688.56,2372,49688.56
2/24/2024,TRR Seasons of Tuxedo,Winnipeg,TRR,63605.97,3693,63605.97
2/24/2024,The Rec Room Deerfoot,Calgary,TRR,67381.27,4173,67381.27
2/24/2024,The Rec Room London Masonville,London,TRR,34903.43,2221,34903.43
2/24/2024,Playdium Dartmouth,Dartmouth,PDM,30912.23,1347,30912.23
2/24/2024,The Rec Room Square One,Mississauga,TRR,52204.51,3210,52204.51
2/25/2024,The Rec Room South Edmonton,Edmonton,TRR,58324.32,1977,58324.32
2/25/2024,Playdium Dartmouth,Dartmouth,PDM,27727.48,1189,27727.48
2/25/2024,The Rec Room Deerfoot,Calgary,TRR,69809.78,2304,69809.78
2/25/2024,The Rec Room Square One,Mississauga,TRR,52472.74,2110,52472.74
2/25/2024,The Rec Room Brentwood,Burnaby,TRR,72092.52,2660,72092.52
2/25/2024,The Rec Room Park Place Barrie,Barrie,TRR,56084.29,1962,56084.29
2/25/2024,Playdium Orion Gate,Brampton,PDM,31297.94,1212,31297.94
2/25/2024,The Rec Room Roundhouse,Toronto,TRR,72610.62,3674,72610.62
2/25/2024,TRR Seasons of Tuxedo,Winnipeg,TRR,64116.42,2111,64116.42
2/25/2024,The Rec Room West Edmonton Mall,Edmonton,TRR,37122.41,1295,37122.41
2/25/2024,The Rec Room London Masonville,London,TRR,41396.25,850,41396.25
2/25/2024,Playdium Whitby,Whitby,PDM,43673.5,1966,43673.5
2/25/2024,The Rec Room Avalon Mall,St. John's,TRR,23061.2,1367,23061.2
2/26/2024,The Rec Room West Edmonton Mall,Edmonton,TRR,9619.16,600,9619.16
2/26/2024,The Rec Room South Edmonton,Edmonton,TRR,9131.37,749,9131.37
2/26/2024,The Rec Room Avalon Mall,St. John's,TRR,5387,306,5387
2/26/2024,Playdium Dartmouth,Dartmouth,PDM,4870.91,170,4870.91
2/26/2024,The Rec Room Roundhouse,Toronto,TRR,18893.17,1193,18893.17
2/26/2024,The Rec Room Park Place Barrie,Barrie,TRR,8718.84,559,8718.84
2/26/2024,TRR Seasons of Tuxedo,Winnipeg,TRR,8962.94,497,8962.94
2/26/2024,Playdium Whitby,Whitby,PDM,4034.98,218,4034.98
2/26/2024,The Rec Room Deerfoot,Calgary,TRR,13201.14,702,13201.14
2/26/2024,The Rec Room Brentwood,Burnaby,TRR,11072.85,598,11072.85
2/26/2024,Playdium Orion Gate,Brampton,PDM,4774,192,4774
2/26/2024,The Rec Room Square One,Mississauga,TRR,10440.92,1191,10440.92
2/26/2024,The Rec Room London Masonville,London,TRR,5178.62,240,5178.62
2/27/2024,Playdium Dartmouth,Dartmouth,PDM,3812.9,161,3812.9
2/27/2024,TRR Seasons of Tuxedo,Winnipeg,TRR,9239.71,588,9239.71
2/27/2024,The Rec Room Park Place Barrie,Barrie,TRR,8516.12,614,8516.12
2/27/2024,The Rec Room South Edmonton,Edmonton,TRR,11373.92,941,11373.92
2/27/2024,The Rec Room Roundhouse,Toronto,TRR,49005.7,2501,49005.7
2/27/2024,The Rec Room Deerfoot,Calgary,TRR,12164.51,859,12164.51
2/27/2024,The Rec Room West Edmonton Mall,Edmonton,TRR,5968.43,413,5968.43
2/27/2024,The Rec Room Square One,Mississauga,TRR,17966.72,861,17966.72
2/27/2024,The Rec Room Avalon Mall,St. John's,TRR,8808.32,621,8808.32
2/27/2024,The Rec Room London Masonville,London,TRR,6343.6,340,6343.6
2/27/2024,The Rec Room Brentwood,Burnaby,TRR,16608.73,810,16608.73
2/27/2024,Playdium Whitby,Whitby,PDM,4703.95,235,4703.95
2/27/2024,Playdium Orion Gate,Brampton,PDM,5469.5,329,5469.5
2/28/2024,The Rec Room Roundhouse,Toronto,TRR,40408.36,2942,40408.36
2/28/2024,Playdium Whitby,Whitby,PDM,3862.88,157,3862.88
2/28/2024,The Rec Room West Edmonton Mall,Edmonton,TRR,8289.3,543,8289.3
2/28/2024,The Rec Room South Edmonton,Edmonton,TRR,12282.38,904,12282.38
2/28/2024,Playdium Dartmouth,Dartmouth,PDM,3957.9,143,3957.9
2/28/2024,Playdium Orion Gate,Brampton,PDM,3558.99,123,3558.99
2/28/2024,The Rec Room Square One,Mississauga,TRR,19728.56,898,19728.56
2/28/2024,The Rec Room Park Place Barrie,Barrie,TRR,5080.82,271,5080.82
2/28/2024,The Rec Room London Masonville,London,TRR,11718.62,504,11718.62
2/28/2024,The Rec Room Avalon Mall,St. John's,TRR,6603.08,601,6603.08
2/28/2024,The Rec Room Deerfoot,Calgary,TRR,19445.24,1094,19445.24
2/28/2024,The Rec Room Brentwood,Burnaby,TRR,15441.82,904,15441.82
2/28/2024,TRR Seasons of Tuxedo,Winnipeg,TRR,15534.54,1121,15534.54
2/29/2024,The Rec Room London Masonville,London,TRR,7447.47,420,7447.47
2/29/2024,Playdium Whitby,Whitby,PDM,4709.36,549,4709.36
2/29/2024,The Rec Room Brentwood,Burnaby,TRR,19418.67,1424,19418.67
2/29/2024,Playdium Orion Gate,Brampton,PDM,5442,630,5442
2/29/2024,The Rec Room Square One,Mississauga,TRR,26106.87,1120,26106.87
2/29/2024,The Rec Room Roundhouse,Toronto,TRR,48493.92,2489,48493.92
2/29/2024,The Rec Room South Edmonton,Edmonton,TRR,31348.32,1776,31348.32
2/29/2024,The Rec Room Avalon Mall,St. John's,TRR,9195.26,652,9195.26
2/29/2024,TRR Seasons of Tuxedo,Winnipeg,TRR,19348.91,1223,19348.91
2/29/2024,The Rec Room West Edmonton Mall,Edmonton,TRR,13467.14,817,13467.14
2/29/2024,The Rec Room Park Place Barrie,Barrie,TRR,8677.13,571,8677.13
2/29/2024,The Rec Room Deerfoot,Calgary,TRR,13255.53,810,13255.53
2/29/2024,Playdium Dartmouth,Dartmouth,PDM,5182.13,452,5182.13
3/1/2024,The Rec Room Roundhouse,Toronto,TRR,91061.03,5359,91061.03
3/1/2024,The Rec Room Avalon Mall,St. John's,TRR,26257.98,1790,26257.98
3/1/2024,The Rec Room Brentwood,Burnaby,TRR,46674.3,3258,46674.3
3/1/2024,The Rec Room Square One,Mississauga,TRR,30138.82,1986,30138.82
3/1/2024,The Rec Room Park Place Barrie,Barrie,TRR,27026.95,2693,27026.95
3/1/2024,The Rec Room Deerfoot,Calgary,TRR,25042.31,2459,25042.31
3/1/2024,TRR Seasons of Tuxedo,Winnipeg,TRR,36193.02,2145,36193.02
3/1/2024,The Rec Room London Masonville,London,TRR,20603.25,1380,20603.25
3/1/2024,Playdium Orion Gate,Brampton,PDM,10978,387,10978
3/1/2024,The Rec Room West Edmonton Mall,Edmonton,TRR,27943.17,1810,27943.17
3/1/2024,Playdium Whitby,Whitby,PDM,13782.58,900,13782.58
3/1/2024,Playdium Dartmouth,Dartmouth,PDM,15884.06,651,15884.06
3/1/2024,The Rec Room South Edmonton,Edmonton,TRR,40266.84,3508,40266.84
3/2/2024,The Rec Room Avalon Mall,St. John's,TRR,38671.2,2591,38671.2
3/2/2024,The Rec Room Brentwood,Burnaby,TRR,84238.61,4559,84238.61
3/2/2024,The Rec Room South Edmonton,Edmonton,TRR,81107.45,4817,81107.45
3/2/2024,Playdium Orion Gate,Brampton,PDM,42646.14,1895,42646.14
3/2/2024,Playdium Dartmouth,Dartmouth,PDM,50546.56,2061,50546.56
3/2/2024,Playdium Whitby,Whitby,PDM,62257.26,2764,62257.26
3/2/2024,The Rec Room Square One,Mississauga,TRR,54081.75,3362,54081.75
3/2/2024,The Rec Room West Edmonton Mall,Edmonton,TRR,50833.98,3274,50833.98
3/2/2024,TRR Seasons of Tuxedo,Winnipeg,TRR,67096.56,3866,67096.56
3/2/2024,The Rec Room London Masonville,London,TRR,31263.53,1805,31263.53
3/2/2024,The Rec Room Park Place Barrie,Barrie,TRR,72014.97,5057,72014.97
3/2/2024,The Rec Room Roundhouse,Toronto,TRR,84255.38,5702,84255.38
3/2/2024,The Rec Room Deerfoot,Calgary,TRR,61218.3,4003,61218.3
3/3/2024,The Rec Room Brentwood,Burnaby,TRR,67162.3,2523,67162.3
3/3/2024,The Rec Room Park Place Barrie,Barrie,TRR,43794.88,1464,43794.88
3/3/2024,The Rec Room West Edmonton Mall,Edmonton,TRR,40012.08,1496,40012.08
3/3/2024,The Rec Room Deerfoot,Calgary,TRR,71801.45,2749,71801.45
3/3/2024,The Rec Room Roundhouse,Toronto,TRR,79944.81,3892,79944.81
3/3/2024,TRR Seasons of Tuxedo,Winnipeg,TRR,46086.67,1857,46086.67
3/3/2024,The Rec Room London Masonville,London,TRR,35686.79,640,35686.79
3/3/2024,The Rec Room Avalon Mall,St. John's,TRR,21186.77,1037,21186.77
3/3/2024,The Rec Room South Edmonton,Edmonton,TRR,63811.36,2046,63811.36
3/3/2024,Playdium Dartmouth,Dartmouth,PDM,29807.13,1261,29807.13
3/3/2024,Playdium Orion Gate,Brampton,PDM,26803.21,1258,26803.21
3/3/2024,Playdium Whitby,Whitby,PDM,29983.74,1630,29983.74
3/3/2024,The Rec Room Square One,Mississauga,TRR,41764.88,1391,41764.88
3/4/2024,Playdium Whitby,Whitby,PDM,3820.15,232,3820.15
3/4/2024,The Rec Room Deerfoot,Calgary,TRR,9758.76,549,9758.76
3/4/2024,Playdium Orion Gate,Brampton,PDM,3688.96,141,3688.96
3/4/2024,TRR Seasons of Tuxedo,Winnipeg,TRR,8065.38,390,8065.38
3/4/2024,The Rec Room Square One,Mississauga,TRR,6255.58,306,6255.58
3/4/2024,The Rec Room Roundhouse,Toronto,TRR,42115.26,2913,42115.26
3/4/2024,The Rec Room London Masonville,London,TRR,4304.31,171,4304.31
3/4/2024,The Rec Room West Edmonton Mall,Edmonton,TRR,9787.53,568,9787.53
3/4/2024,The Rec Room Park Place Barrie,Barrie,TRR,4807.28,364,4807.28
3/4/2024,The Rec Room Avalon Mall,St. John's,TRR,8873.2,420,8873.2
3/4/2024,The Rec Room Brentwood,Burnaby,TRR,10994.84,484,10994.84
3/4/2024,Playdium Dartmouth,Dartmouth,PDM,10052.73,330,10052.73
3/4/2024,The Rec Room South Edmonton,Edmonton,TRR,10498.59,589,10498.59
3/5/2024,The Rec Room West Edmonton Mall,Edmonton,TRR,7828.61,441,7828.61
3/5/2024,The Rec Room Deerfoot,Calgary,TRR,11987.82,745,11987.82
3/5/2024,The Rec Room Brentwood,Burnaby,TRR,12917.32,728,12917.32
3/5/2024,The Rec Room Avalon Mall,St. John's,TRR,7457.55,528,7457.55
3/5/2024,The Rec Room Square One,Mississauga,TRR,10089.89,766,10089.89
3/5/2024,Playdium Dartmouth,Dartmouth,PDM,10223.59,422,10223.59
3/5/2024,The Rec Room London Masonville,London,TRR,4264.75,266,4264.75
3/5/2024,The Rec Room Roundhouse,Toronto,TRR,37421.37,2207,37421.37
3/5/2024,The Rec Room Park Place Barrie,Barrie,TRR,9714.33,772,9714.33
3/5/2024,Playdium Orion Gate,Brampton,PDM,3318.96,67,3318.96
3/5/2024,TRR Seasons of Tuxedo,Winnipeg,TRR,13060.82,750,13060.82
3/5/2024,The Rec Room South Edmonton,Edmonton,TRR,8561.79,509,8561.79
3/5/2024,Playdium Whitby,Whitby,PDM,5182.06,204,5182.06
3/6/2024,The Rec Room West Edmonton Mall,Edmonton,TRR,7315.7,340,7315.7
3/6/2024,The Rec Room Deerfoot,Calgary,TRR,19077.05,811,19077.05
3/6/2024,Playdium Whitby,Whitby,PDM,7057.92,487,7057.92
3/6/2024,The Rec Room Park Place Barrie,Barrie,TRR,4863.29,215,4863.29
3/6/2024,The Rec Room Roundhouse,Toronto,TRR,33286.17,2148,33286.17
3/6/2024,The Rec Room London Masonville,London,TRR,4262.65,225,4262.65
3/6/2024,TRR Seasons of Tuxedo,Winnipeg,TRR,18922.06,571,18922.06
3/6/2024,Playdium Orion Gate,Brampton,PDM,4684.49,132,4684.49
3/6/2024,The Rec Room Avalon Mall,St. John's,TRR,9484.68,622,9484.68
3/6/2024,The Rec Room South Edmonton,Edmonton,TRR,10043.57,452,10043.57
3/6/2024,The Rec Room Square One,Mississauga,TRR,19379.89,902,19379.89
3/6/2024,Playdium Dartmouth,Dartmouth,PDM,10398.05,535,10398.05
3/6/2024,The Rec Room Brentwood,Burnaby,TRR,14667.1,780,14667.1
3/7/2024,The Rec Room Deerfoot,Calgary,TRR,14090.4,879,14090.4
3/7/2024,The Rec Room London Masonville,London,TRR,5357.16,200,5357.16
3/7/2024,Playdium Dartmouth,Dartmouth,PDM,9142.86,366,9142.86
3/7/2024,The Rec Room Square One,Mississauga,TRR,20681.41,873,20681.41
3/7/2024,TRR Seasons of Tuxedo,Winnipeg,TRR,12552.32,703,12552.32
3/7/2024,The Rec Room South Edmonton,Edmonton,TRR,17736.57,933,17736.57
3/7/2024,Playdium Orion Gate,Brampton,PDM,3877.58,138,3877.58
3/7/2024,The Rec Room Roundhouse,Toronto,TRR,35196.25,2636,35196.25
3/7/2024,Playdium Whitby,Whitby,PDM,5918.94,680,5918.94
3/7/2024,The Rec Room West Edmonton Mall,Edmonton,TRR,9932.86,446,9932.86
3/7/2024,The Rec Room Brentwood,Burnaby,TRR,19905.12,1045,19905.12
3/7/2024,The Rec Room Park Place Barrie,Barrie,TRR,11854.97,796,11854.97
3/7/2024,The Rec Room Avalon Mall,St. John's,TRR,2354.4,145,2354.4
3/8/2024,The Rec Room West Edmonton Mall,Edmonton,TRR,18285.03,1191,18285.03
3/8/2024,Playdium Whitby,Whitby,PDM,26165.12,1170,26165.12
3/8/2024,The Rec Room London Masonville,London,TRR,18318.43,829,18318.43
3/8/2024,The Rec Room Deerfoot,Calgary,TRR,29413.88,2607,29413.88
3/8/2024,TRR Seasons of Tuxedo,Winnipeg,TRR,29275.84,1899,29275.84
3/8/2024,Playdium Orion Gate,Brampton,PDM,11524.73,836,11524.73
3/8/2024,The Rec Room Brentwood,Burnaby,TRR,32203.14,2278,32203.14
3/8/2024,The Rec Room Roundhouse,Toronto,TRR,54065.69,3605,54065.69
3/8/2024,The Rec Room South Edmonton,Edmonton,TRR,32841.84,2876,32841.84
3/8/2024,The Rec Room Park Place Barrie,Barrie,TRR,25035.57,2261,25035.57
3/8/2024,The Rec Room Square One,Mississauga,TRR,18313.47,1310,18313.47
3/8/2024,Playdium Dartmouth,Dartmouth,PDM,26490.84,1164,26490.84
3/9/2024,The Rec Room West Edmonton Mall,Edmonton,TRR,54977.16,3376,54977.16
3/9/2024,The Rec Room Park Place Barrie,Barrie,TRR,60435.15,3939,60435.15
3/9/2024,The Rec Room Brentwood,Burnaby,TRR,73103.66,3982,73103.66
3/9/2024,Playdium Whitby,Whitby,PDM,56713.65,2388,56713.65
3/9/2024,The Rec Room Avalon Mall,St. John's,TRR,3775.6,230,3775.6
3/9/2024,The Rec Room Deerfoot,Calgary,TRR,75255.63,4676,75255.63
3/9/2024,TRR Seasons of Tuxedo,Winnipeg,TRR,73473.17,4502,73473.17
3/9/2024,Playdium Dartmouth,Dartmouth,PDM,44117.26,1705,44117.26
3/9/2024,The Rec Room London Masonville,London,TRR,28744.23,2171,28744.23
3/9/2024,The Rec Room Square One,Mississauga,TRR,50297.07,3211,50297.07
3/9/2024,The Rec Room Roundhouse,Toronto,TRR,81027.09,5321,81027.09
3/9/2024,The Rec Room South Edmonton,Edmonton,TRR,71344.79,4532,71344.79
3/9/2024,Playdium Orion Gate,Brampton,PDM,42575.12,1836,42575.12
3/10/2024,The Rec Room Brentwood,Burnaby,TRR,74200.93,2649,74200.93
3/10/2024,Playdium Orion Gate,Brampton,PDM,39445.01,1739,39445.01
3/10/2024,The Rec Room London Masonville,London,TRR,45264.98,1179,45264.98
3/10/2024,The Rec Room Avalon Mall,St. John's,TRR,14818.72,997,14818.72
3/10/2024,The Rec Room West Edmonton Mall,Edmonton,TRR,36934.92,1276,36934.92
3/10/2024,The Rec Room Deerfoot,Calgary,TRR,59883.69,1459,59883.69
3/10/2024,Playdium Whitby,Whitby,PDM,37076.75,1763,37076.75
3/10/2024,The Rec Room Park Place Barrie,Barrie,TRR,52879.09,1846,52879.09
3/10/2024,The Rec Room Roundhouse,Toronto,TRR,80984.25,3865,80984.25
3/10/2024,The Rec Room Square One,Mississauga,TRR,50743.88,1788,50743.88
3/10/2024,TRR Seasons of Tuxedo,Winnipeg,TRR,52828.13,2468,52828.13
3/10/2024,The Rec Room South Edmonton,Edmonton,TRR,59981.84,1808,59981.84
3/10/2024,Playdium Dartmouth,Dartmouth,PDM,44071.06,1556,44071.06
3/11/2024,The Rec Room Roundhouse,Toronto,TRR,44709.93,3761,44709.93
3/11/2024,The Rec Room Brentwood,Burnaby,TRR,12475.57,519,12475.57
3/11/2024,Playdium Orion Gate,Brampton,PDM,28044.22,981,28044.22
3/11/2024,The Rec Room Park Place Barrie,Barrie,TRR,31651.76,1582,31651.76
3/11/2024,The Rec Room London Masonville,London,TRR,22444.66,878,22444.66
3/11/2024,Playdium Dartmouth,Dartmouth,PDM,42305.51,1405,42305.51
3/11/2024,The Rec Room Square One,Mississauga,TRR,25210.49,1178,25210.49
3/11/2024,The Rec Room South Edmonton,Edmonton,TRR,15316.47,752,15316.47
3/11/2024,The Rec Room Deerfoot,Calgary,TRR,15679.48,1392,15679.48
3/11/2024,Playdium Whitby,Whitby,PDM,30890.45,1041,30890.45
3/11/2024,TRR Seasons of Tuxedo,Winnipeg,TRR,20939.27,657,20939.27
3/11/2024,The Rec Room Avalon Mall,St. John's,TRR,7436.26,356,7436.26
3/11/2024,The Rec Room West Edmonton Mall,Edmonton,TRR,12950.97,599,12950.97
3/12/2024,The Rec Room West Edmonton Mall,Edmonton,TRR,9839.51,476,9839.51
3/12/2024,The Rec Room Avalon Mall,St. John's,TRR,8922.23,561,8922.23
3/12/2024,Playdium Whitby,Whitby,PDM,38193.96,1450,38193.96
3/12/2024,The Rec Room Roundhouse,Toronto,TRR,60308.15,4208,60308.15
3/12/2024,The Rec Room Park Place Barrie,Barrie,TRR,38549.64,2005,38549.64
3/12/2024,Playdium Orion Gate,Brampton,PDM,28775.78,918,28775.78
3/12/2024,The Rec Room Brentwood,Burnaby,TRR,11823.3,555,11823.3
3/12/2024,The Rec Room Square One,Mississauga,TRR,20338.61,1289,20338.61
3/12/2024,The Rec Room London Masonville,London,TRR,22856.33,953,22856.33
3/12/2024,The Rec Room Deerfoot,Calgary,TRR,12307.86,908,12307.86
3/12/2024,Playdium Dartmouth,Dartmouth,PDM,47048.39,1727,47048.39
3/12/2024,The Rec Room South Edmonton,Edmonton,TRR,16828.02,891,16828.02
3/12/2024,TRR Seasons of Tuxedo,Winnipeg,TRR,14327.33,788,14327.33
3/13/2024,TRR Seasons of Tuxedo,Winnipeg,TRR,16610.99,856,16610.99
3/13/2024,The Rec Room Roundhouse,Toronto,TRR,65961.44,4190,65961.44
3/13/2024,The Rec Room Park Place Barrie,Barrie,TRR,28965.85,1393,28965.85
3/13/2024,The Rec Room Brentwood,Burnaby,TRR,13245.13,679,13245.13
3/13/2024,Playdium Orion Gate,Brampton,PDM,33815.11,1181,33815.11
3/13/2024,The Rec Room West Edmonton Mall,Edmonton,TRR,7199.13,303,7199.13
3/13/2024,The Rec Room London Masonville,London,TRR,21338.65,725,21338.65
3/13/2024,The Rec Room Square One,Mississauga,TRR,30400.22,1253,30400.22
3/13/2024,The Rec Room South Edmonton,Edmonton,TRR,15322.04,936,15322.04
3/13/2024,The Rec Room Deerfoot,Calgary,TRR,11420.45,566,11420.45
3/13/2024,Playdium Dartmouth,Dartmouth,PDM,54536.22,1833,54536.22
3/13/2024,The Rec Room Avalon Mall,St. John's,TRR,7116.21,406,7116.21
3/13/2024,Playdium Whitby,Whitby,PDM,40233.18,1465,40233.18
3/14/2024,The Rec Room West Edmonton Mall,Edmonton,TRR,14345.99,726,14345.99
3/14/2024,The Rec Room Square One,Mississauga,TRR,30096.85,1805,30096.85
3/14/2024,The Rec Room Park Place Barrie,Barrie,TRR,49066.82,2419,49066.82
3/14/2024,The Rec Room Deerfoot,Calgary,TRR,22840.84,1365,22840.84
3/14/2024,TRR Seasons of Tuxedo,Winnipeg,TRR,23397.02,1306,23397.02
3/14/2024,The Rec Room Brentwood,Burnaby,TRR,19294.09,1037,19294.09
3/14/2024,Playdium Orion Gate,Brampton,PDM,46782.53,2083,46782.53
3/14/2024,The Rec Room Roundhouse,Toronto,TRR,55627.63,4654,55627.63
3/14/2024,Playdium Dartmouth,Dartmouth,PDM,55983.41,1785,55983.41
3/14/2024,Playdium Whitby,Whitby,PDM,41226.52,1761,41226.52
3/14/2024,The Rec Room London Masonville,London,TRR,31494.59,1150,31494.59
3/14/2024,The Rec Room Avalon Mall,St. John's,TRR,11204.93,708,11204.93
3/14/2024,The Rec Room South Edmonton,Edmonton,TRR,24082.32,1108,24082.32
3/15/2024,Playdium Whitby,Whitby,PDM,62682.41,2139,62682.41
3/15/2024,The Rec Room Deerfoot,Calgary,TRR,41680.23,3358,41680.23
3/15/2024,The Rec Room Avalon Mall,St. John's,TRR,22551.38,1434,22551.38
3/15/2024,Playdium Dartmouth,Dartmouth,PDM,66217.72,2258,66217.72
3/15/2024,The Rec Room West Edmonton Mall,Edmonton,TRR,24090.9,1587,24090.9
3/15/2024,The Rec Room South Edmonton,Edmonton,TRR,32293.87,2617,32293.87
3/15/2024,The Rec Room Square One,Mississauga,TRR,47120.36,2647,47120.36
3/15/2024,The Rec Room Brentwood,Burnaby,TRR,34936.46,2486,34936.46
3/15/2024,TRR Seasons of Tuxedo,Winnipeg,TRR,45403.8,2775,45403.8
3/15/2024,The Rec Room London Masonville,London,TRR,23537.77,1727,23537.77
3/15/2024,Playdium Orion Gate,Brampton,PDM,55396.94,2397,55396.94
3/15/2024,The Rec Room Roundhouse,Toronto,TRR,86110.61,6048,86110.61
3/15/2024,The Rec Room Park Place Barrie,Barrie,TRR,50172.07,3846,50172.07
3/16/2024,Playdium Dartmouth,Dartmouth,PDM,64779.92,2671,64779.92
3/16/2024,Playdium Orion Gate,Brampton,PDM,54238.82,1960,54238.82
3/16/2024,Playdium Whitby,Whitby,PDM,66960.28,2630,66960.28
3/16/2024,The Rec Room Avalon Mall,St. John's,TRR,41812.35,2459,41812.35
3/16/2024,The Rec Room Brentwood,Burnaby,TRR,77849.75,3872,77849.75
3/16/2024,The Rec Room Deerfoot,Calgary,TRR,72518.84,4627,72518.84
3/16/2024,The Rec Room London Masonville,London,TRR,49793.57,2343,49793.57
3/16/2024,The Rec Room Park Place Barrie,Barrie,TRR,72465.91,4219,72465.91
3/16/2024,The Rec Room Roundhouse,Toronto,TRR,112586.28,6893,112586.28
3/16/2024,The Rec Room South Edmonton,Edmonton,TRR,69821.16,4238,69821.16
3/16/2024,The Rec Room Square One,Mississauga,TRR,68928.58,3778,68928.58
3/16/2024,The Rec Room West Edmonton Mall,Edmonton,TRR,61299.36,3713,61299.36
3/16/2024,TRR Seasons of Tuxedo,Winnipeg,TRR,80096.73,4588,80096.73
3/17/2024,The Rec Room Square One,Mississauga,TRR,48274.43,1938,48274.43
3/17/2024,The Rec Room Brentwood,Burnaby,TRR,49359.07,1718,49359.07
3/17/2024,TRR Seasons of Tuxedo,Winnipeg,TRR,56932.46,2596,56932.46
3/17/2024,The Rec Room Deerfoot,Calgary,TRR,73071.91,2761,73071.91
3/17/2024,The Rec Room London Masonville,London,TRR,44556.17,1045,44556.17
3/17/2024,The Rec Room Park Place Barrie,Barrie,TRR,54446.28,2043,54446.28
3/17/2024,The Rec Room Roundhouse,Toronto,TRR,91517.46,4828,91517.46
3/17/2024,The Rec Room Avalon Mall,St. John's,TRR,21337.97,1106,21337.97
3/17/2024,The Rec Room South Edmonton,Edmonton,TRR,68367.53,2410,68367.53
3/17/2024,Playdium Dartmouth,Dartmouth,PDM,31302.99,1173,31302.99
3/17/2024,Playdium Whitby,Whitby,PDM,33649.03,1640,33649.03
3/17/2024,The Rec Room West Edmonton Mall,Edmonton,TRR,29056.83,2017,29056.83
3/17/2024,Playdium Orion Gate,Brampton,PDM,31345.84,1614,31345.84
3/18/2024,TRR Seasons of Tuxedo,Winnipeg,TRR,34579.83,889,34579.83
3/18/2024,The Rec Room Square One,Mississauga,TRR,8763.19,510,8763.19
3/18/2024,The Rec Room Deerfoot,Calgary,TRR,17340.68,1024,17340.68
3/18/2024,The Rec Room London Masonville,London,TRR,5262.53,208,5262.53
3/18/2024,The Rec Room West Edmonton Mall,Edmonton,TRR,12218.68,701,12218.68
3/18/2024,The Rec Room Avalon Mall,St. John's,TRR,9948.58,671,9948.58
3/18/2024,The Rec Room Roundhouse,Toronto,TRR,30717.35,2011,30717.35
3/18/2024,The Rec Room Park Place Barrie,Barrie,TRR,5754.82,337,5754.82
3/18/2024,The Rec Room Brentwood,Burnaby,TRR,20091.66,1015,20091.66
3/18/2024,The Rec Room South Edmonton,Edmonton,TRR,13210.31,604,13210.31
3/18/2024,Playdium Orion Gate,Brampton,PDM,5602.93,170,5602.93
3/18/2024,Playdium Whitby,Whitby,PDM,3301.88,159,3301.88
3/18/2024,Playdium Dartmouth,Dartmouth,PDM,13069.52,437,13069.52
3/19/2024,The Rec Room London Masonville,London,TRR,6786.09,370,6786.09
3/19/2024,Playdium Whitby,Whitby,PDM,2438.64,113,2438.64
3/19/2024,The Rec Room South Edmonton,Edmonton,TRR,13407.36,887,13407.36
3/19/2024,The Rec Room Square One,Mississauga,TRR,15875.02,706,15875.02
3/19/2024,Playdium Dartmouth,Dartmouth,PDM,5885.61,235,5885.61
3/19/2024,Playdium Orion Gate,Brampton,PDM,3409.98,124,3409.98
3/19/2024,The Rec Room West Edmonton Mall,Edmonton,TRR,10037.77,522,10037.77
3/19/2024,The Rec Room Brentwood,Burnaby,TRR,21650.15,1011,21650.15
3/19/2024,The Rec Room Park Place Barrie,Barrie,TRR,7502.56,495,7502.56
3/19/2024,TRR Seasons of Tuxedo,Winnipeg,TRR,14397.39,817,14397.39
3/19/2024,The Rec Room Roundhouse,Toronto,TRR,24838.46,1522,24838.46
3/19/2024,The Rec Room Deerfoot,Calgary,TRR,13014.93,1083,13014.93
3/19/2024,The Rec Room Avalon Mall,St. John's,TRR,6510.68,451,6510.68
3/20/2024,The Rec Room Square One,Mississauga,TRR,18976.81,951,18976.81
3/20/2024,The Rec Room Avalon Mall,St. John's,TRR,6443.12,349,6443.12
3/20/2024,The Rec Room Deerfoot,Calgary,TRR,15449.95,938,15449.95
3/20/2024,The Rec Room South Edmonton,Edmonton,TRR,14498.1,735,14498.1
3/20/2024,Playdium Orion Gate,Brampton,PDM,4106.46,108,4106.46
3/20/2024,Playdium Whitby,Whitby,PDM,3746.19,140,3746.19
3/20/2024,The Rec Room Brentwood,Burnaby,TRR,28172.14,1063,28172.14
3/20/2024,Playdium Dartmouth,Dartmouth,PDM,5221.81,292,5221.81
3/20/2024,The Rec Room West Edmonton Mall,Edmonton,TRR,14967.92,694,14967.92
3/20/2024,The Rec Room London Masonville,London,TRR,4820.8,239,4820.8
3/20/2024,TRR Seasons of Tuxedo,Winnipeg,TRR,14724.39,931,14724.39
3/20/2024,The Rec Room Roundhouse,Toronto,TRR,36947.14,2618,36947.14
3/20/2024,The Rec Room Park Place Barrie,Barrie,TRR,4299.38,355,4299.38
3/21/2024,The Rec Room Brentwood,Burnaby,TRR,28344.59,1192,28344.59
3/21/2024,The Rec Room Deerfoot,Calgary,TRR,14591.96,811,14591.96
3/21/2024,The Rec Room Avalon Mall,St. John's,TRR,8678.15,445,8678.15
3/21/2024,The Rec Room Park Place Barrie,Barrie,TRR,11202.26,740,11202.26
3/21/2024,The Rec Room Roundhouse,Toronto,TRR,59626.67,3865,59626.67
3/21/2024,Playdium Orion Gate,Brampton,PDM,4700.43,474,4700.43
3/21/2024,TRR Seasons of Tuxedo,Winnipeg,TRR,23267.08,879,23267.08
3/21/2024,Playdium Dartmouth,Dartmouth,PDM,5192.44,175,5192.44
3/21/2024,The Rec Room West Edmonton Mall,Edmonton,TRR,13127.65,1711,13127.65
3/21/2024,The Rec Room South Edmonton,Edmonton,TRR,17146.18,1068,17146.18
3/21/2024,The Rec Room London Masonville,London,TRR,5888.69,198,5888.69
3/21/2024,Playdium Whitby,Whitby,PDM,4881.41,603,4881.41
3/21/2024,The Rec Room Square One,Mississauga,TRR,14645.59,812,14645.59
3/22/2024,The Rec Room South Edmonton,Edmonton,TRR,41695.09,3221,41695.09
3/22/2024,The Rec Room Avalon Mall,St. John's,TRR,25556.17,1635,25556.17
3/22/2024,Playdium Orion Gate,Brampton,PDM,5598.97,1429,5598.97
3/22/2024,The Rec Room Brentwood,Burnaby,TRR,42792.79,2765,42792.79
3/22/2024,The Rec Room Square One,Mississauga,TRR,14709.7,1059,14709.7
3/22/2024,Playdium Dartmouth,Dartmouth,PDM,9386.81,453,9386.81
3/22/2024,The Rec Room West Edmonton Mall,Edmonton,TRR,26281.16,1748,26281.16
3/22/2024,Playdium Whitby,Whitby,PDM,7613.82,361,7613.82
3/22/2024,The Rec Room Deerfoot,Calgary,TRR,33836.09,2837,33836.09
3/22/2024,The Rec Room Roundhouse,Toronto,TRR,78480.39,4585,78480.39
3/22/2024,The Rec Room Park Place Barrie,Barrie,TRR,24817.38,2193,24817.38
3/22/2024,The Rec Room London Masonville,London,TRR,9587.62,747,9587.62
3/22/2024,TRR Seasons of Tuxedo,Winnipeg,TRR,35226.89,2392,35226.89
3/23/2024,The Rec Room Park Place Barrie,Barrie,TRR,58566.96,4365,58566.96
3/23/2024,The Rec Room Avalon Mall,St. John's,TRR,39233.47,2835,39233.47
3/23/2024,The Rec Room Brentwood,Burnaby,TRR,87539.52,4522,87539.52
3/23/2024,The Rec Room Deerfoot,Calgary,TRR,74568.77,4849,74568.77
3/23/2024,Playdium Whitby,Whitby,PDM,50744.09,2373,50744.09
3/23/2024,The Rec Room South Edmonton,Edmonton,TRR,86126.41,5619,86126.41
3/23/2024,The Rec Room London Masonville,London,TRR,31263.57,1955,31263.57
3/23/2024,TRR Seasons of Tuxedo,Winnipeg,TRR,77029.81,4236,77029.81
3/23/2024,The Rec Room West Edmonton Mall,Edmonton,TRR,52806.08,3248,52806.08
3/23/2024,Playdium Orion Gate,Brampton,PDM,38151.33,2026,38151.33
3/23/2024,The Rec Room Roundhouse,Toronto,TRR,100443.28,6744,100443.28
3/23/2024,The Rec Room Square One,Mississauga,TRR,48184.65,3018,48184.65
3/23/2024,Playdium Dartmouth,Dartmouth,PDM,42942.03,1797,42942.03
3/24/2024,Playdium Orion Gate,Brampton,PDM,29858.78,1359,29858.78
3/24/2024,TRR Seasons of Tuxedo,Winnipeg,TRR,60441.12,2616,60441.12
3/24/2024,The Rec Room Avalon Mall,St. John's,TRR,25897.47,1337,25897.47
3/24/2024,The Rec Room Roundhouse,Toronto,TRR,80953.29,4098,80953.29
3/24/2024,The Rec Room Park Place Barrie,Barrie,TRR,47395.89,1679,47395.89
3/24/2024,The Rec Room Square One,Mississauga,TRR,41735.52,1738,41735.52
3/24/2024,Playdium Whitby,Whitby,PDM,32417.23,1811,32417.23
3/24/2024,The Rec Room Brentwood,Burnaby,TRR,59158.11,1591,59158.11
3/24/2024,The Rec Room London Masonville,London,TRR,43644.18,848,43644.18
3/24/2024,The Rec Room West Edmonton Mall,Edmonton,TRR,44097.05,1552,44097.05
3/24/2024,The Rec Room Deerfoot,Calgary,TRR,83449.18,2836,83449.18
3/24/2024,The Rec Room South Edmonton,Edmonton,TRR,68897.04,2502,68897.04
3/24/2024,Playdium Dartmouth,Dartmouth,PDM,22881.35,949,22881.35
3/25/2024,The Rec Room London Masonville,London,TRR,7466.12,358,7466.12
3/25/2024,The Rec Room Deerfoot,Calgary,TRR,24039.68,1247,24039.68
3/25/2024,Playdium Dartmouth,Dartmouth,PDM,6989.13,296,6989.13
3/25/2024,The Rec Room Roundhouse,Toronto,TRR,96803.86,4981,96803.86
3/25/2024,The Rec Room Brentwood,Burnaby,TRR,22569.13,817,22569.13
3/25/2024,The Rec Room Square One,Mississauga,TRR,9529.65,571,9529.65
3/25/2024,Playdium Orion Gate,Brampton,PDM,27933.92,2179,27933.92
3/25/2024,The Rec Room South Edmonton,Edmonton,TRR,25342.6,1122,25342.6
3/25/2024,The Rec Room West Edmonton Mall,Edmonton,TRR,23162.27,938,23162.27
3/25/2024,TRR Seasons of Tuxedo,Winnipeg,TRR,58584.22,2042,58584.22
3/25/2024,The Rec Room Park Place Barrie,Barrie,TRR,9980.56,466,9980.56
3/25/2024,Playdium Whitby,Whitby,PDM,2674.35,139,2674.35
3/25/2024,The Rec Room Avalon Mall,St. John's,TRR,7545.88,418,7545.88
3/26/2024,The Rec Room South Edmonton,Edmonton,TRR,32923.08,1372,32923.08
3/26/2024,The Rec Room Square One,Mississauga,TRR,23274.98,1189,23274.98
3/26/2024,TRR Seasons of Tuxedo,Winnipeg,TRR,46292.28,1781,46292.28
3/26/2024,Playdium Dartmouth,Dartmouth,PDM,9630.98,430,9630.98
3/26/2024,Playdium Whitby,Whitby,PDM,2724.47,107,2724.47
3/26/2024,The Rec Room Avalon Mall,St. John's,TRR,9703.48,701,9703.48
3/26/2024,Playdium Orion Gate,Brampton,PDM,28421.5,2440,28421.5
3/26/2024,The Rec Room London Masonville,London,TRR,14586.45,620,14586.45
3/26/2024,The Rec Room West Edmonton Mall,Edmonton,TRR,22184.93,926,22184.93
3/26/2024,The Rec Room Park Place Barrie,Barrie,TRR,10111.23,684,10111.23
3/26/2024,The Rec Room Deerfoot,Calgary,TRR,30644.08,1422,30644.08
3/26/2024,The Rec Room Roundhouse,Toronto,TRR,49823.52,3077,49823.52
3/26/2024,The Rec Room Brentwood,Burnaby,TRR,34677.29,1583,34677.29
3/27/2024,The Rec Room Square One,Mississauga,TRR,12954.61,669,12954.61
3/27/2024,Playdium Dartmouth,Dartmouth,PDM,12109.91,386,12109.91
3/27/2024,The Rec Room London Masonville,London,TRR,6675.23,294,6675.23
3/27/2024,The Rec Room Roundhouse,Toronto,TRR,67404.45,3489,67404.45
3/27/2024,Playdium Orion Gate,Brampton,PDM,4833.66,122,4833.66
3/27/2024,The Rec Room Park Place Barrie,Barrie,TRR,7247.4,355,7247.4
3/27/2024,The Rec Room West Edmonton Mall,Edmonton,TRR,23995.91,1019,23995.91
3/27/2024,The Rec Room Brentwood,Burnaby,TRR,37459.46,1588,37459.46
3/27/2024,TRR Seasons of Tuxedo,Winnipeg,TRR,46722.79,2576,46722.79
3/27/2024,The Rec Room Avalon Mall,St. John's,TRR,8392.02,518,8392.02
3/27/2024,Playdium Whitby,Whitby,PDM,2940.26,215,2940.26
3/27/2024,The Rec Room South Edmonton,Edmonton,TRR,30410.79,1438,30410.79
3/27/2024,The Rec Room Deerfoot,Calgary,TRR,34228.77,1459,34228.77
3/28/2024,The Rec Room Avalon Mall,St. John's,TRR,13693.94,796,13693.94
3/28/2024,The Rec Room West Edmonton Mall,Edmonton,TRR,33259.58,1430,33259.58
3/28/2024,The Rec Room London Masonville,London,TRR,14253.17,798,14253.17
3/28/2024,Playdium Orion Gate,Brampton,PDM,4711.5,182,4711.5
3/28/2024,The Rec Room Roundhouse,Toronto,TRR,54064.41,3405,54064.41
3/28/2024,Playdium Whitby,Whitby,PDM,7956.31,731,7956.31
3/28/2024,The Rec Room Brentwood,Burnaby,TRR,32092.04,1899,32092.04
3/28/2024,The Rec Room Park Place Barrie,Barrie,TRR,12723.76,669,12723.76
3/28/2024,The Rec Room Deerfoot,Calgary,TRR,38664.28,1991,38664.28
3/28/2024,TRR Seasons of Tuxedo,Winnipeg,TRR,62601.53,3695,62601.53
3/28/2024,Playdium Dartmouth,Dartmouth,PDM,11627.14,493,11627.14
3/28/2024,The Rec Room Square One,Mississauga,TRR,20175.17,1545,20175.17
3/28/2024,The Rec Room South Edmonton,Edmonton,TRR,47600.95,2433,47600.95
3/29/2024,The Rec Room Square One,Mississauga,TRR,39108.29,2360,39108.29
3/29/2024,The Rec Room London Masonville,London,TRR,14993.07,1340,14993.07
3/29/2024,Playdium Orion Gate,Brampton,PDM,33721.33,1308,33721.33
3/29/2024,The Rec Room South Edmonton,Edmonton,TRR,62557.41,4936,62557.41
3/29/2024,The Rec Room Park Place Barrie,Barrie,TRR,19501.36,1769,19501.36
3/29/2024,The Rec Room Roundhouse,Toronto,TRR,81561.03,5603,81561.03
3/29/2024,The Rec Room Brentwood,Burnaby,TRR,69410.37,3551,69410.37
3/29/2024,The Rec Room Avalon Mall,St. John's,TRR,19374.99,1167,19374.99
3/29/2024,The Rec Room Deerfoot,Calgary,TRR,50096.72,4255,50096.72
3/29/2024,The Rec Room West Edmonton Mall,Edmonton,TRR,49351.09,3176,49351.09
3/29/2024,Playdium Whitby,Whitby,PDM,32761.51,1151,32761.51
3/29/2024,TRR Seasons of Tuxedo,Winnipeg,TRR,94134.26,4619,94134.26
3/29/2024,Playdium Dartmouth,Dartmouth,PDM,25134.19,859,25134.19
3/30/2024,The Rec Room Roundhouse,Toronto,TRR,100833.12,6314,100833.12
3/30/2024,The Rec Room London Masonville,London,TRR,24479.49,1208,24479.49
3/30/2024,Playdium Orion Gate,Brampton,PDM,43168.15,1766,43168.15
3/30/2024,Playdium Whitby,Whitby,PDM,42194.52,1972,42194.52
3/30/2024,The Rec Room Avalon Mall,St. John's,TRR,26047.16,1742,26047.16
3/30/2024,The Rec Room South Edmonton,Edmonton,TRR,104634.06,4910,104634.06
3/30/2024,The Rec Room Park Place Barrie,Barrie,TRR,40923.29,2413,40923.29
3/30/2024,The Rec Room West Edmonton Mall,Edmonton,TRR,62015.28,3506,62015.28
3/30/2024,TRR Seasons of Tuxedo,Winnipeg,TRR,71163.81,3271,71163.81
3/30/2024,The Rec Room Square One,Mississauga,TRR,47391.02,2557,47391.02
3/30/2024,The Rec Room Deerfoot,Calgary,TRR,80521.08,3608,80521.08
3/30/2024,Playdium Dartmouth,Dartmouth,PDM,38128.02,1846,38128.02
3/30/2024,The Rec Room Brentwood,Burnaby,TRR,79674.57,3692,79674.57
3/31/2024,The Rec Room Deerfoot,Calgary,TRR,61346.68,1732,61346.68
3/31/2024,TRR Seasons of Tuxedo,Winnipeg,TRR,47390.58,1705,47390.58
3/31/2024,Playdium Dartmouth,Dartmouth,PDM,11300.98,411,11300.98
3/31/2024,The Rec Room West Edmonton Mall,Edmonton,TRR,37998.29,994,37998.29
3/31/2024,Playdium Whitby,Whitby,PDM,21641.69,936,21641.69
3/31/2024,Playdium Orion Gate,Brampton,PDM,24332.57,847,24332.57
3/31/2024,The Rec Room Avalon Mall,St. John's,TRR,14269.55,493,14269.55
3/31/2024,The Rec Room South Edmonton,Edmonton,TRR,74230.17,1861,74230.17
3/31/2024,The Rec Room Brentwood,Burnaby,TRR,51175.69,1449,51175.69
3/31/2024,The Rec Room Square One,Mississauga,TRR,33736.32,1472,33736.32
3/31/2024,The Rec Room Roundhouse,Toronto,TRR,69700.53,4010,69700.53
3/31/2024,The Rec Room London Masonville,London,TRR,25065.08,384,25065.08
3/31/2024,The Rec Room Park Place Barrie,Barrie,TRR,29145.05,880,29145.05
4/1/2024,Playdium Orion Gate,Brampton,PDM,12006.34,464,12006.34
4/1/2024,Playdium Dartmouth,Dartmouth,PDM,11915.33,394,11915.33
4/1/2024,The Rec Room South Edmonton,Edmonton,TRR,25730.73,1189,25730.73
4/1/2024,The Rec Room Roundhouse,Toronto,TRR,27594.68,2573,27594.68
4/1/2024,Playdium Whitby,Whitby,PDM,18029.81,631,18029.81
4/1/2024,The Rec Room London Masonville,London,TRR,10423.68,344,10423.68
4/1/2024,The Rec Room Square One,Mississauga,TRR,15106.35,549,15106.35
4/1/2024,TRR Seasons of Tuxedo,Winnipeg,TRR,21585.46,843,21585.46
4/1/2024,The Rec Room Avalon Mall,St. John's,TRR,27511.55,1553,27511.55
4/1/2024,The Rec Room West Edmonton Mall,Edmonton,TRR,19202.84,980,19202.84
4/1/2024,The Rec Room Park Place Barrie,Barrie,TRR,13070.38,540,13070.38
4/1/2024,The Rec Room Brentwood,Burnaby,TRR,20236.16,755,20236.16
4/1/2024,The Rec Room Deerfoot,Calgary,TRR,33979.88,1598,33979.88
4/2/2024,Playdium Whitby,Whitby,PDM,4136.47,185,4136.47
4/2/2024,The Rec Room West Edmonton Mall,Edmonton,TRR,10810.93,542,10810.93
4/2/2024,Playdium Dartmouth,Dartmouth,PDM,6190.41,225,6190.41
4/2/2024,The Rec Room Square One,Mississauga,TRR,9119.01,833,9119.01
4/2/2024,Playdium Orion Gate,Brampton,PDM,3312.8,127,3312.8
4/2/2024,The Rec Room Deerfoot,Calgary,TRR,23684.53,1188,23684.53
4/2/2024,TRR Seasons of Tuxedo,Winnipeg,TRR,25753.09,1802,25753.09
4/2/2024,The Rec Room London Masonville,London,TRR,4852.55,230,4852.55
4/2/2024,The Rec Room Park Place Barrie,Barrie,TRR,6436.05,415,6436.05
4/2/2024,The Rec Room Brentwood,Burnaby,TRR,21641.41,998,21641.41
4/2/2024,The Rec Room Roundhouse,Toronto,TRR,25397.22,1421,25397.22
4/2/2024,The Rec Room Avalon Mall,St. John's,TRR,27639.34,1424,27639.34
4/2/2024,The Rec Room South Edmonton,Edmonton,TRR,12386.61,608,12386.61
4/3/2024,Playdium Orion Gate,Brampton,PDM,2893.54,468,2893.54
4/3/2024,The Rec Room Avalon Mall,St. John's,TRR,30567.34,1545,30567.34
4/3/2024,The Rec Room London Masonville,London,TRR,6094.35,294,6094.35
4/3/2024,Playdium Dartmouth,Dartmouth,PDM,4174.87,179,4174.87
4/3/2024,TRR Seasons of Tuxedo,Winnipeg,TRR,17961.52,1503,17961.52
4/3/2024,Playdium Whitby,Whitby,PDM,3919.43,144,3919.43
4/3/2024,The Rec Room South Edmonton,Edmonton,TRR,15979.95,753,15979.95
4/3/2024,The Rec Room West Edmonton Mall,Edmonton,TRR,18053.86,828,18053.86
4/3/2024,The Rec Room Brentwood,Burnaby,TRR,12232.08,611,12232.08
4/3/2024,The Rec Room Square One,Mississauga,TRR,29252.74,1060,29252.74
4/3/2024,The Rec Room Deerfoot,Calgary,TRR,25118.01,1250,25118.01
4/3/2024,The Rec Room Roundhouse,Toronto,TRR,64771.42,3188,64771.42
4/3/2024,The Rec Room Park Place Barrie,Barrie,TRR,9244.69,569,9244.69
4/4/2024,The Rec Room Park Place Barrie,Barrie,TRR,8565.71,522,8565.71
4/4/2024,The Rec Room Deerfoot,Calgary,TRR,28837.79,1563,28837.79
4/4/2024,The Rec Room Roundhouse,Toronto,TRR,37481.52,2271,37481.52
4/4/2024,The Rec Room Brentwood,Burnaby,TRR,19440.22,954,19440.22
4/4/2024,The Rec Room London Masonville,London,TRR,7192.36,385,7192.36
4/4/2024,Playdium Whitby,Whitby,PDM,3919.65,617,3919.65
4/4/2024,The Rec Room South Edmonton,Edmonton,TRR,20440.13,1089,20440.13
4/4/2024,The Rec Room Avalon Mall,St. John's,TRR,40638.71,2497,40638.71
4/4/2024,TRR Seasons of Tuxedo,Winnipeg,TRR,20255.24,1425,20255.24
4/4/2024,Playdium Dartmouth,Dartmouth,PDM,10838.28,540,10838.28
4/4/2024,Playdium Orion Gate,Brampton,PDM,4006.93,110,4006.93
4/4/2024,The Rec Room Square One,Mississauga,TRR,13518.63,712,13518.63
4/4/2024,The Rec Room West Edmonton Mall,Edmonton,TRR,17308.6,931,17308.6
4/5/2024,Playdium Dartmouth,Dartmouth,PDM,18223.68,1025,18223.68
4/5/2024,Playdium Orion Gate,Brampton,PDM,10485.86,342,10485.86
4/5/2024,Playdium Whitby,Whitby,PDM,11577.62,449,11577.62
4/5/2024,The Rec Room Avalon Mall,St. John's,TRR,48010.71,2610,48010.71
4/5/2024,The Rec Room Brentwood,Burnaby,TRR,28571.29,2149,28571.29
4/5/2024,The Rec Room Deerfoot,Calgary,TRR,19111.48,1542,19111.48
4/5/2024,The Rec Room London Masonville,London,TRR,19971.78,998,19971.78
4/5/2024,The Rec Room Park Place Barrie,Barrie,TRR,21491.07,1926,21491.07
4/5/2024,The Rec Room Roundhouse,Toronto,TRR,53474.53,4030,53474.53
4/5/2024,The Rec Room South Edmonton,Edmonton,TRR,39719.24,3156,39719.24
4/5/2024,The Rec Room Square One,Mississauga,TRR,30815.92,1885,30815.92
4/5/2024,The Rec Room West Edmonton Mall,Edmonton,TRR,35909.74,2296,35909.74
4/5/2024,TRR Seasons of Tuxedo,Winnipeg,TRR,31825.18,2233,31825.18
4/6/2024,The Rec Room Deerfoot,Calgary,TRR,73151.96,5058,73151.96
4/6/2024,The Rec Room Park Place Barrie,Barrie,TRR,54401.65,3627,54401.65
4/6/2024,The Rec Room Roundhouse,Toronto,TRR,96622.68,6707,96622.68
4/6/2024,The Rec Room Brentwood,Burnaby,TRR,68081.52,3575,68081.52
4/6/2024,The Rec Room Avalon Mall,St. John's,TRR,39383.51,2340,39383.51
4/6/2024,The Rec Room West Edmonton Mall,Edmonton,TRR,70793,4242,70793
4/6/2024,Playdium Whitby,Whitby,PDM,45866.07,2095,45866.07
4/6/2024,Playdium Dartmouth,Dartmouth,PDM,55129.33,2214,55129.33
4/6/2024,The Rec Room Square One,Mississauga,TRR,52568.46,3257,52568.46
4/6/2024,The Rec Room London Masonville,London,TRR,24205.33,2109,24205.33
4/6/2024,TRR Seasons of Tuxedo,Winnipeg,TRR,61401.65,3576,61401.65
4/6/2024,Playdium Orion Gate,Brampton,PDM,31624.14,1309,31624.14
4/6/2024,The Rec Room South Edmonton,Edmonton,TRR,85702.16,5338,85702.16
4/7/2024,The Rec Room Brentwood,Burnaby,TRR,54375.03,1698,54375.03
4/7/2024,The Rec Room Park Place Barrie,Barrie,TRR,40013.07,1590,40013.07
4/7/2024,The Rec Room Deerfoot,Calgary,TRR,75033.26,2440,75033.26
4/7/2024,TRR Seasons of Tuxedo,Winnipeg,TRR,62058.56,3092,62058.56
4/7/2024,The Rec Room West Edmonton Mall,Edmonton,TRR,44730.71,1424,44730.71
4/7/2024,The Rec Room Roundhouse,Toronto,TRR,76528.27,4206,76528.27
4/7/2024,The Rec Room London Masonville,London,TRR,36737.46,913,36737.46
4/7/2024,The Rec Room Avalon Mall,St. John's,TRR,18555.58,1052,18555.58
4/7/2024,The Rec Room Square One,Mississauga,TRR,53008.32,1816,53008.32
4/7/2024,Playdium Orion Gate,Brampton,PDM,22034.23,1025,22034.23
4/7/2024,Playdium Whitby,Whitby,PDM,28609.81,1507,28609.81
4/7/2024,Playdium Dartmouth,Dartmouth,PDM,24766.18,1192,24766.18
4/7/2024,The Rec Room South Edmonton,Edmonton,TRR,64178.66,1915,64178.66
4/8/2024,The Rec Room Avalon Mall,St. John's,TRR,5454.13,281,5454.13
4/8/2024,The Rec Room Brentwood,Burnaby,TRR,12924.19,598,12924.19
4/8/2024,The Rec Room Park Place Barrie,Barrie,TRR,10998.47,522,10998.47
4/8/2024,Playdium Dartmouth,Dartmouth,PDM,3545.91,130,3545.91
4/8/2024,The Rec Room Square One,Mississauga,TRR,10853.41,478,10853.41
4/8/2024,TRR Seasons of Tuxedo,Winnipeg,TRR,17396.52,550,17396.52
4/8/2024,Playdium Orion Gate,Brampton,PDM,4568.77,293,4568.77
4/8/2024,Playdium Whitby,Whitby,PDM,8152.2,575,8152.2
4/8/2024,The Rec Room Deerfoot,Calgary,TRR,9829.39,517,9829.39
4/8/2024,The Rec Room South Edmonton,Edmonton,TRR,5238.29,257,5238.29
4/8/2024,The Rec Room West Edmonton Mall,Edmonton,TRR,4835.44,252,4835.44
4/8/2024,The Rec Room London Masonville,London,TRR,8360.89,365,8360.89
4/8/2024,The Rec Room Roundhouse,Toronto,TRR,52734.2,3491,52734.2
4/9/2024,The Rec Room London Masonville,London,TRR,4947.97,334,4947.97
4/9/2024,The Rec Room Brentwood,Burnaby,TRR,10004.28,535,10004.28
4/9/2024,The Rec Room Roundhouse,Toronto,TRR,77732.87,4893,77732.87
4/9/2024,The Rec Room Avalon Mall,St. John's,TRR,5011.85,315,5011.85
4/9/2024,The Rec Room Park Place Barrie,Barrie,TRR,3679.7,219,3679.7
4/9/2024,The Rec Room South Edmonton,Edmonton,TRR,6980.98,345,6980.98
4/9/2024,The Rec Room West Edmonton Mall,Edmonton,TRR,6736.34,988,6736.34
4/9/2024,The Rec Room Square One,Mississauga,TRR,11307.85,595,11307.85
4/9/2024,Playdium Dartmouth,Dartmouth,PDM,2615.92,121,2615.92
4/9/2024,TRR Seasons of Tuxedo,Winnipeg,TRR,8108.43,457,8108.43
4/9/2024,The Rec Room Deerfoot,Calgary,TRR,19644.3,1030,19644.3
4/9/2024,Playdium Whitby,Whitby,PDM,2865.42,212,2865.42
4/9/2024,Playdium Orion Gate,Brampton,PDM,4669.4,323,4669.4
4/10/2024,The Rec Room South Edmonton,Edmonton,TRR,13936.88,804,13936.88
4/10/2024,The Rec Room West Edmonton Mall,Edmonton,TRR,23723.24,1804,23723.24
4/10/2024,The Rec Room Roundhouse,Toronto,TRR,44998.35,2822,44998.35
4/10/2024,Playdium Dartmouth,Dartmouth,PDM,9220.11,356,9220.11
4/10/2024,The Rec Room Deerfoot,Calgary,TRR,29347.83,1373,29347.83
4/10/2024,The Rec Room Square One,Mississauga,TRR,22243.29,816,22243.29
4/10/2024,The Rec Room Brentwood,Burnaby,TRR,15399.32,672,15399.32
4/10/2024,Playdium Orion Gate,Brampton,PDM,14545.78,338,14545.78
4/10/2024,The Rec Room Avalon Mall,St. John's,TRR,8628.08,537,8628.08
4/10/2024,The Rec Room London Masonville,London,TRR,10685.28,363,10685.28
4/10/2024,The Rec Room Park Place Barrie,Barrie,TRR,5789.14,292,5789.14
4/10/2024,Playdium Whitby,Whitby,PDM,7238.29,291,7238.29
4/10/2024,TRR Seasons of Tuxedo,Winnipeg,TRR,11615.59,774,11615.59
4/11/2024,The Rec Room Square One,Mississauga,TRR,11810.87,600,11810.87
4/11/2024,Playdium Dartmouth,Dartmouth,PDM,8244.61,305,8244.61
4/11/2024,TRR Seasons of Tuxedo,Winnipeg,TRR,18842.34,845,18842.34
4/11/2024,The Rec Room Brentwood,Burnaby,TRR,17796.89,847,17796.89
4/11/2024,The Rec Room Park Place Barrie,Barrie,TRR,7631.02,456,7631.02
4/11/2024,The Rec Room Roundhouse,Toronto,TRR,41695.13,2628,41695.13
4/11/2024,Playdium Orion Gate,Brampton,PDM,5818.15,163,5818.15
4/11/2024,The Rec Room South Edmonton,Edmonton,TRR,22483.7,846,22483.7
4/11/2024,The Rec Room Deerfoot,Calgary,TRR,31175.82,1719,31175.82
4/11/2024,The Rec Room West Edmonton Mall,Edmonton,TRR,12532.44,639,12532.44
4/11/2024,The Rec Room Avalon Mall,St. John's,TRR,12485.39,801,12485.39
4/11/2024,The Rec Room London Masonville,London,TRR,9743.62,446,9743.62
4/11/2024,Playdium Whitby,Whitby,PDM,8149.67,1021,8149.67
4/12/2024,Playdium Orion Gate,Brampton,PDM,10680.45,704,10680.45
4/12/2024,The Rec Room Roundhouse,Toronto,TRR,77771.22,5005,77771.22
4/12/2024,The Rec Room Square One,Mississauga,TRR,22944.94,1278,22944.94
4/12/2024,Playdium Dartmouth,Dartmouth,PDM,16075.26,714,16075.26
4/12/2024,The Rec Room Park Place Barrie,Barrie,TRR,20204.23,1838,20204.23
4/12/2024,The Rec Room Brentwood,Burnaby,TRR,32228.38,2393,32228.38
4/12/2024,The Rec Room Deerfoot,Calgary,TRR,35674.81,3158,35674.81
4/12/2024,The Rec Room London Masonville,London,TRR,11803.17,960,11803.17
4/12/2024,Playdium Whitby,Whitby,PDM,14978.72,620,14978.72
4/12/2024,The Rec Room South Edmonton,Edmonton,TRR,41988.98,2983,41988.98
4/12/2024,TRR Seasons of Tuxedo,Winnipeg,TRR,26413.68,1725,26413.68
4/12/2024,The Rec Room Avalon Mall,St. John's,TRR,24112.65,1436,24112.65
4/12/2024,The Rec Room West Edmonton Mall,Edmonton,TRR,22965.89,1866,22965.89
4/13/2024,Playdium Whitby,Whitby,PDM,40513.04,2152,40513.04
4/13/2024,Playdium Orion Gate,Brampton,PDM,43811.12,2056,43811.12
4/13/2024,The Rec Room London Masonville,London,TRR,30694.41,1981,30694.41
4/13/2024,The Rec Room Roundhouse,Toronto,TRR,101034.18,7082,101034.18
4/13/2024,The Rec Room Brentwood,Burnaby,TRR,53405.19,2849,53405.19
4/13/2024,The Rec Room Square One,Mississauga,TRR,58234.35,3778,58234.35
4/13/2024,The Rec Room West Edmonton Mall,Edmonton,TRR,53021.8,3264,53021.8
4/13/2024,The Rec Room Avalon Mall,St. John's,TRR,29559.15,1960,29559.15
4/13/2024,The Rec Room Park Place Barrie,Barrie,TRR,46802.56,3282,46802.56
4/13/2024,The Rec Room South Edmonton,Edmonton,TRR,71431.38,4340,71431.38
4/13/2024,TRR Seasons of Tuxedo,Winnipeg,TRR,53489.18,3511,53489.18
4/13/2024,Playdium Dartmouth,Dartmouth,PDM,48949.91,1900,48949.91
4/13/2024,The Rec Room Deerfoot,Calgary,TRR,105548.32,5059,105548.32
4/14/2024,The Rec Room Roundhouse,Toronto,TRR,100010.44,5107,100010.44
4/14/2024,The Rec Room South Edmonton,Edmonton,TRR,48303.18,1614,48303.18
4/14/2024,The Rec Room London Masonville,London,TRR,39256.66,1015,39256.66
4/14/2024,The Rec Room Square One,Mississauga,TRR,33485.16,1480,33485.16
4/14/2024,The Rec Room Park Place Barrie,Barrie,TRR,46291.86,1735,46291.86
4/14/2024,The Rec Room West Edmonton Mall,Edmonton,TRR,29779.57,1072,29779.57
4/14/2024,The Rec Room Brentwood,Burnaby,TRR,39147.8,1146,39147.8
4/14/2024,Playdium Orion Gate,Brampton,PDM,22274.25,930,22274.25
4/14/2024,Playdium Dartmouth,Dartmouth,PDM,20040.38,785,20040.38
4/14/2024,The Rec Room Deerfoot,Calgary,TRR,48055.11,1739,48055.11
4/14/2024,The Rec Room Avalon Mall,St. John's,TRR,20028.52,830,20028.52
4/14/2024,Playdium Whitby,Whitby,PDM,36027.08,1449,36027.08
4/14/2024,TRR Seasons of Tuxedo,Winnipeg,TRR,57042.84,2092,57042.84
4/15/2024,The Rec Room Park Place Barrie,Barrie,TRR,5013.38,302,5013.38
4/15/2024,Playdium Dartmouth,Dartmouth,PDM,4872.34,173,4872.34
4/15/2024,TRR Seasons of Tuxedo,Winnipeg,TRR,8797.36,595,8797.36
4/15/2024,The Rec Room West Edmonton Mall,Edmonton,TRR,14485.64,650,14485.64
4/15/2024,The Rec Room Deerfoot,Calgary,TRR,8932.53,450,8932.53
4/15/2024,The Rec Room Avalon Mall,St. John's,TRR,6656.83,379,6656.83
4/15/2024,The Rec Room Square One,Mississauga,TRR,5785.31,239,5785.31
4/15/2024,The Rec Room Brentwood,Burnaby,TRR,10604.02,451,10604.02
4/15/2024,The Rec Room Roundhouse,Toronto,TRR,39603.58,2713,39603.58
4/15/2024,The Rec Room London Masonville,London,TRR,7032.13,498,7032.13
4/15/2024,Playdium Whitby,Whitby,PDM,6280.07,376,6280.07
4/15/2024,Playdium Orion Gate,Brampton,PDM,3012.85,79,3012.85
4/15/2024,The Rec Room South Edmonton,Edmonton,TRR,9041.02,426,9041.02
4/16/2024,Playdium Whitby,Whitby,PDM,2644.49,115,2644.49
4/16/2024,Playdium Dartmouth,Dartmouth,PDM,4144.72,174,4144.72
4/16/2024,TRR Seasons of Tuxedo,Winnipeg,TRR,27649.56,1119,27649.56
4/16/2024,The Rec Room West Edmonton Mall,Edmonton,TRR,7645.2,863,7645.2
4/16/2024,The Rec Room Deerfoot,Calgary,TRR,15169.28,787,15169.28
4/16/2024,The Rec Room South Edmonton,Edmonton,TRR,8707.95,508,8707.95
4/16/2024,The Rec Room Roundhouse,Toronto,TRR,69898.2,4375,69898.2
4/16/2024,The Rec Room Park Place Barrie,Barrie,TRR,6185.42,408,6185.42
4/16/2024,The Rec Room Brentwood,Burnaby,TRR,10252.93,509,10252.93
4/16/2024,The Rec Room Square One,Mississauga,TRR,13468.17,747,13468.17
4/16/2024,The Rec Room London Masonville,London,TRR,5700.04,290,5700.04
4/16/2024,The Rec Room Avalon Mall,St. John's,TRR,7406.71,486,7406.71
4/16/2024,Playdium Orion Gate,Brampton,PDM,3820.75,113,3820.75
4/17/2024,The Rec Room London Masonville,London,TRR,4666.69,195,4666.69
4/17/2024,Playdium Dartmouth,Dartmouth,PDM,3308.34,127,3308.34
4/17/2024,Playdium Orion Gate,Brampton,PDM,3620.48,316,3620.48
4/17/2024,Playdium Whitby,Whitby,PDM,2131.89,112,2131.89
4/17/2024,The Rec Room South Edmonton,Edmonton,TRR,23557.84,981,23557.84
4/17/2024,TRR Seasons of Tuxedo,Winnipeg,TRR,6931.82,606,6931.82
4/17/2024,The Rec Room Roundhouse,Toronto,TRR,74516.79,4295,74516.79
4/17/2024,The Rec Room West Edmonton Mall,Edmonton,TRR,28588,2184,28588
4/17/2024,The Rec Room Park Place Barrie,Barrie,TRR,9270.16,537,9270.16
4/17/2024,The Rec Room Deerfoot,Calgary,TRR,16591.86,1012,16591.86
4/17/2024,The Rec Room Brentwood,Burnaby,TRR,9158.3,569,9158.3
4/17/2024,The Rec Room Avalon Mall,St. John's,TRR,7313.33,411,7313.33
4/17/2024,The Rec Room Square One,Mississauga,TRR,9238.09,472,9238.09
4/18/2024,The Rec Room London Masonville,London,TRR,8626.89,403,8626.89
4/18/2024,The Rec Room Brentwood,Burnaby,TRR,32840.97,2023,32840.97
4/18/2024,The Rec Room Park Place Barrie,Barrie,TRR,8906.86,601,8906.86
4/18/2024,The Rec Room Avalon Mall,St. John's,TRR,8863.22,513,8863.22
4/18/2024,The Rec Room Roundhouse,Toronto,TRR,45716.74,2977,45716.74
4/18/2024,Playdium Dartmouth,Dartmouth,PDM,6622.85,223,6622.85
4/18/2024,The Rec Room South Edmonton,Edmonton,TRR,12668.61,715,12668.61
4/18/2024,The Rec Room West Edmonton Mall,Edmonton,TRR,10517.96,1108,10517.96
4/18/2024,Playdium Whitby,Whitby,PDM,3716.45,580,3716.45
4/18/2024,TRR Seasons of Tuxedo,Winnipeg,TRR,25018.94,1190,25018.94
4/18/2024,The Rec Room Deerfoot,Calgary,TRR,19110.48,1243,19110.48
4/18/2024,Playdium Orion Gate,Brampton,PDM,4087.48,98,4087.48
4/18/2024,The Rec Room Square One,Mississauga,TRR,16804.47,845,16804.47
4/19/2024,The Rec Room London Masonville,London,TRR,13867.22,1207,13867.22
4/19/2024,The Rec Room Deerfoot,Calgary,TRR,37658.54,2925,37658.54
4/19/2024,The Rec Room Square One,Mississauga,TRR,26396.88,1664,26396.88
4/19/2024,The Rec Room Park Place Barrie,Barrie,TRR,19570.29,1663,19570.29
4/19/2024,The Rec Room West Edmonton Mall,Edmonton,TRR,28780.52,2508,28780.52
4/19/2024,The Rec Room Roundhouse,Toronto,TRR,63883.47,3899,63883.47
4/19/2024,TRR Seasons of Tuxedo,Winnipeg,TRR,39840.87,2756,39840.87
4/19/2024,The Rec Room Brentwood,Burnaby,TRR,33023.36,2218,33023.36
4/19/2024,Playdium Dartmouth,Dartmouth,PDM,16780.08,830,16780.08
4/19/2024,The Rec Room South Edmonton,Edmonton,TRR,41762.06,2781,41762.06
4/19/2024,The Rec Room Avalon Mall,St. John's,TRR,22660.24,1586,22660.24
4/19/2024,Playdium Orion Gate,Brampton,PDM,12307.92,365,12307.92
4/19/2024,Playdium Whitby,Whitby,PDM,17396.27,670,17396.27
4/20/2024,Playdium Dartmouth,Dartmouth,PDM,41552.24,1645,41552.24
4/20/2024,The Rec Room Avalon Mall,St. John's,TRR,30038.82,1837,30038.82
4/20/2024,The Rec Room Brentwood,Burnaby,TRR,67242.66,3738,67242.66
4/20/2024,The Rec Room South Edmonton,Edmonton,TRR,70771.37,4514,70771.37
4/20/2024,The Rec Room Park Place Barrie,Barrie,TRR,51179.72,3483,51179.72
4/20/2024,The Rec Room West Edmonton Mall,Edmonton,TRR,60068.93,3421,60068.93
4/20/2024,The Rec Room London Masonville,London,TRR,46875.57,2008,46875.57
4/20/2024,The Rec Room Roundhouse,Toronto,TRR,83935.42,5653,83935.42
4/20/2024,The Rec Room Square One,Mississauga,TRR,63672.06,3685,63672.06
4/20/2024,TRR Seasons of Tuxedo,Winnipeg,TRR,83539.56,4438,83539.56
4/20/2024,Playdium Whitby,Whitby,PDM,39283.85,1724,39283.85
4/20/2024,Playdium Orion Gate,Brampton,PDM,39840.73,1692,39840.73
4/20/2024,The Rec Room Deerfoot,Calgary,TRR,74180.04,4130,74180.04
4/21/2024,The Rec Room South Edmonton,Edmonton,TRR,59234.54,1891,59234.54
4/21/2024,The Rec Room Avalon Mall,St. John's,TRR,20174.2,1051,20174.2
4/21/2024,Playdium Whitby,Whitby,PDM,29047.74,1520,29047.74
4/21/2024,The Rec Room London Masonville,London,TRR,25023.32,921,25023.32
4/21/2024,Playdium Orion Gate,Brampton,PDM,26419.84,1134,26419.84
4/21/2024,Playdium Dartmouth,Dartmouth,PDM,20313.97,810,20313.97
4/21/2024,The Rec Room Square One,Mississauga,TRR,51836.16,1709,51836.16
4/21/2024,The Rec Room Deerfoot,Calgary,TRR,63378.64,2335,63378.64
4/21/2024,The Rec Room Park Place Barrie,Barrie,TRR,51464.27,2039,51464.27
4/21/2024,TRR Seasons of Tuxedo,Winnipeg,TRR,45375.18,1250,45375.18
4/21/2024,The Rec Room Roundhouse,Toronto,TRR,56547.28,3350,56547.28
4/21/2024,The Rec Room West Edmonton Mall,Edmonton,TRR,32655,1161,32655
4/21/2024,The Rec Room Brentwood,Burnaby,TRR,44369.14,1711,44369.14
4/22/2024,The Rec Room Brentwood,Burnaby,TRR,9188.96,442,9188.96
4/22/2024,The Rec Room Avalon Mall,St. John's,TRR,5091.35,267,5091.35
4/22/2024,The Rec Room South Edmonton,Edmonton,TRR,7921,435,7921
4/22/2024,The Rec Room Park Place Barrie,Barrie,TRR,5297.36,366,5297.36
4/22/2024,The Rec Room Roundhouse,Toronto,TRR,38107.93,1921,38107.93
4/22/2024,Playdium Dartmouth,Dartmouth,PDM,4229.74,165,4229.74
4/22/2024,The Rec Room London Masonville,London,TRR,4201.44,175,4201.44
4/22/2024,The Rec Room Deerfoot,Calgary,TRR,14052.53,629,14052.53
4/22/2024,TRR Seasons of Tuxedo,Winnipeg,TRR,6593.64,486,6593.64
4/22/2024,Playdium Orion Gate,Brampton,PDM,5221.96,227,5221.96
4/22/2024,Playdium Whitby,Whitby,PDM,2279.43,349,2279.43
4/22/2024,The Rec Room Square One,Mississauga,TRR,9795.57,379,9795.57
4/22/2024,The Rec Room West Edmonton Mall,Edmonton,TRR,7407.21,324,7407.21
4/23/2024,Playdium Whitby,Whitby,PDM,6774.45,520,6774.45
4/23/2024,Playdium Orion Gate,Brampton,PDM,4155.86,97,4155.86
4/23/2024,The Rec Room London Masonville,London,TRR,6938.63,338,6938.63
4/23/2024,The Rec Room Deerfoot,Calgary,TRR,14150.81,930,14150.81
4/23/2024,TRR Seasons of Tuxedo,Winnipeg,TRR,12301.67,497,12301.67
4/23/2024,The Rec Room Avalon Mall,St. John's,TRR,7428.58,444,7428.58
4/23/2024,The Rec Room Square One,Mississauga,TRR,13368.9,699,13368.9
4/23/2024,The Rec Room Brentwood,Burnaby,TRR,12845.3,765,12845.3
4/23/2024,Playdium Dartmouth,Dartmouth,PDM,4762.3,220,4762.3
4/23/2024,The Rec Room South Edmonton,Edmonton,TRR,10982.92,819,10982.92
4/23/2024,The Rec Room Roundhouse,Toronto,TRR,38808,1957,38808
4/23/2024,The Rec Room Park Place Barrie,Barrie,TRR,7011.76,448,7011.76
4/23/2024,The Rec Room West Edmonton Mall,Edmonton,TRR,7110.64,389,7110.64
4/24/2024,The Rec Room Brentwood,Burnaby,TRR,21984.39,1165,21984.39
4/24/2024,The Rec Room West Edmonton Mall,Edmonton,TRR,6035.71,530,6035.71
4/24/2024,The Rec Room South Edmonton,Edmonton,TRR,16888.61,913,16888.61
4/24/2024,The Rec Room Deerfoot,Calgary,TRR,19679.82,1049,19679.82
4/24/2024,Playdium Whitby,Whitby,PDM,10034.24,658,10034.24
4/24/2024,The Rec Room London Masonville,London,TRR,6530.61,308,6530.61
4/24/2024,The Rec Room Avalon Mall,St. John's,TRR,7738.76,495,7738.76
4/24/2024,The Rec Room Roundhouse,Toronto,TRR,60035.57,3522,60035.57
4/24/2024,TRR Seasons of Tuxedo,Winnipeg,TRR,16802.77,979,16802.77
4/24/2024,The Rec Room Square One,Mississauga,TRR,21988.66,964,21988.66
4/24/2024,Playdium Dartmouth,Dartmouth,PDM,6216.89,219,6216.89
4/24/2024,Playdium Orion Gate,Brampton,PDM,4956.94,119,4956.94
4/24/2024,The Rec Room Park Place Barrie,Barrie,TRR,6741.1,391,6741.1
4/25/2024,The Rec Room Roundhouse,Toronto,TRR,64812.49,3594,64812.49
4/25/2024,The Rec Room Avalon Mall,St. John's,TRR,9943.18,586,9943.18
4/25/2024,The Rec Room London Masonville,London,TRR,6933.69,288,6933.69
4/25/2024,The Rec Room West Edmonton Mall,Edmonton,TRR,14865.48,770,14865.48
4/25/2024,The Rec Room Park Place Barrie,Barrie,TRR,6139.33,341,6139.33
4/25/2024,Playdium Dartmouth,Dartmouth,PDM,8910.73,566,8910.73
4/25/2024,The Rec Room Brentwood,Burnaby,TRR,29085.92,1462,29085.92
4/25/2024,The Rec Room Deerfoot,Calgary,TRR,16389.85,804,16389.85
4/25/2024,The Rec Room South Edmonton,Edmonton,TRR,19248.51,1409,19248.51
4/25/2024,Playdium Whitby,Whitby,PDM,5511.96,711,5511.96
4/25/2024,Playdium Orion Gate,Brampton,PDM,11056.49,470,11056.49
4/25/2024,The Rec Room Square One,Mississauga,TRR,15641.83,777,15641.83
4/25/2024,TRR Seasons of Tuxedo,Winnipeg,TRR,14771.08,950,14771.08
4/26/2024,Playdium Whitby,Whitby,PDM,16097.38,877,16097.38
4/26/2024,The Rec Room Park Place Barrie,Barrie,TRR,19269.1,1652,19269.1
4/26/2024,Playdium Dartmouth,Dartmouth,PDM,16413.46,523,16413.46
4/26/2024,The Rec Room Deerfoot,Calgary,TRR,34961.54,3146,34961.54
4/26/2024,The Rec Room South Edmonton,Edmonton,TRR,36224.78,2779,36224.78
4/26/2024,TRR Seasons of Tuxedo,Winnipeg,TRR,27895.54,1712,27895.54
4/26/2024,The Rec Room Roundhouse,Toronto,TRR,95146.68,6506,95146.68
4/26/2024,The Rec Room West Edmonton Mall,Edmonton,TRR,20710.29,1574,20710.29
4/26/2024,The Rec Room Square One,Mississauga,TRR,25885.36,1757,25885.36
4/26/2024,The Rec Room Brentwood,Burnaby,TRR,39301.92,2737,39301.92
4/26/2024,The Rec Room Avalon Mall,St. John's,TRR,23968.08,1347,23968.08
4/26/2024,The Rec Room London Masonville,London,TRR,8940.7,788,8940.7
4/26/2024,Playdium Orion Gate,Brampton,PDM,9975.44,471,9975.44
4/27/2024,The Rec Room Brentwood,Burnaby,TRR,87380.56,4736,87380.56
4/27/2024,The Rec Room Avalon Mall,St. John's,TRR,33220.37,2024,33220.37
4/27/2024,The Rec Room Roundhouse,Toronto,TRR,136104.66,8222,136104.66
4/27/2024,The Rec Room West Edmonton Mall,Edmonton,TRR,42968.62,2571,42968.62
4/27/2024,The Rec Room Park Place Barrie,Barrie,TRR,56206.81,4028,56206.81
4/27/2024,Playdium Whitby,Whitby,PDM,53449.85,2049,53449.85
4/27/2024,The Rec Room London Masonville,London,TRR,27928.22,1595,27928.22
4/27/2024,TRR Seasons of Tuxedo,Winnipeg,TRR,61929.63,3147,61929.63
4/27/2024,Playdium Dartmouth,Dartmouth,PDM,37345.8,1668,37345.8
4/27/2024,The Rec Room Square One,Mississauga,TRR,58853.51,3522,58853.51
4/27/2024,Playdium Orion Gate,Brampton,PDM,39548.96,1613,39548.96
4/27/2024,The Rec Room Deerfoot,Calgary,TRR,78535.18,4884,78535.18
4/27/2024,The Rec Room South Edmonton,Edmonton,TRR,75099.45,4454,75099.45
4/28/2024,The Rec Room London Masonville,London,TRR,38243.74,945,38243.74
4/28/2024,The Rec Room Square One,Mississauga,TRR,41971.74,1931,41971.74
4/28/2024,Playdium Orion Gate,Brampton,PDM,24359.88,961,24359.88
4/28/2024,Playdium Dartmouth,Dartmouth,PDM,16587.24,754,16587.24
4/28/2024,The Rec Room Brentwood,Burnaby,TRR,65677.47,2112,65677.47
4/28/2024,The Rec Room Roundhouse,Toronto,TRR,95190.36,5085,95190.36
4/28/2024,The Rec Room West Edmonton Mall,Edmonton,TRR,43401.88,1345,43401.88
4/28/2024,The Rec Room Park Place Barrie,Barrie,TRR,39772.1,1194,39772.1
4/28/2024,The Rec Room South Edmonton,Edmonton,TRR,60454.14,1752,60454.14
4/28/2024,TRR Seasons of Tuxedo,Winnipeg,TRR,45838.25,1357,45838.25
4/28/2024,The Rec Room Deerfoot,Calgary,TRR,63421.25,1345,63421.25
4/28/2024,The Rec Room Avalon Mall,St. John's,TRR,25651.79,1271,25651.79
4/28/2024,Playdium Whitby,Whitby,PDM,32029.04,1461,32029.04
4/29/2024,The Rec Room Brentwood,Burnaby,TRR,15415.03,629,15415.03
4/29/2024,The Rec Room Square One,Mississauga,TRR,10983.31,391,10983.31
4/29/2024,TRR Seasons of Tuxedo,Winnipeg,TRR,12138.62,601,12138.62
4/29/2024,Playdium Orion Gate,Brampton,PDM,4612.47,111,4612.47
4/29/2024,The Rec Room Deerfoot,Calgary,TRR,13074.44,626,13074.44
4/29/2024,Playdium Whitby,Whitby,PDM,3611.74,153,3611.74
4/29/2024,The Rec Room London Masonville,London,TRR,5662.21,180,5662.21
4/29/2024,Playdium Dartmouth,Dartmouth,PDM,3675.7,135,3675.7
4/29/2024,The Rec Room Avalon Mall,St. John's,TRR,7859.31,426,7859.31
4/29/2024,The Rec Room West Edmonton Mall,Edmonton,TRR,8044.6,863,8044.6
4/29/2024,The Rec Room South Edmonton,Edmonton,TRR,10228.04,665,10228.04
4/29/2024,The Rec Room Roundhouse,Toronto,TRR,35131.58,2576,35131.58
4/29/2024,The Rec Room Park Place Barrie,Barrie,TRR,7228.56,419,7228.56
4/30/2024,The Rec Room Roundhouse,Toronto,TRR,47691.29,3581,47691.29
4/30/2024,The Rec Room Square One,Mississauga,TRR,15351.08,839,15351.08
4/30/2024,The Rec Room Park Place Barrie,Barrie,TRR,22924.72,1145,22924.72
4/30/2024,The Rec Room South Edmonton,Edmonton,TRR,9898.64,530,9898.64
4/30/2024,The Rec Room London Masonville,London,TRR,8026.06,407,8026.06
4/30/2024,The Rec Room Brentwood,Burnaby,TRR,14746.76,745,14746.76
4/30/2024,The Rec Room West Edmonton Mall,Edmonton,TRR,11196.48,1234,11196.48
4/30/2024,Playdium Orion Gate,Brampton,PDM,3951.88,83,3951.88
4/30/2024,TRR Seasons of Tuxedo,Winnipeg,TRR,9212.59,494,9212.59
4/30/2024,Playdium Dartmouth,Dartmouth,PDM,3584.92,143,3584.92
4/30/2024,The Rec Room Avalon Mall,St. John's,TRR,6542.29,392,6542.29
4/30/2024,Playdium Whitby,Whitby,PDM,3541.43,217,3541.43
4/30/2024,The Rec Room Deerfoot,Calgary,TRR,14430.36,705,14430.36
5/1/2024,The Rec Room Park Place Barrie,Barrie,TRR,11913.75,677,11913.75
5/1/2024,Playdium Orion Gate,Brampton,PDM,3532.97,94,3532.97
5/1/2024,TRR Seasons of Tuxedo,Winnipeg,TRR,11253.81,586,11253.81
5/1/2024,The Rec Room Avalon Mall,St. John's,TRR,7535.28,412,7535.28
5/1/2024,The Rec Room Deerfoot,Calgary,TRR,13499.73,819,13499.73
5/1/2024,The Rec Room West Edmonton Mall,Edmonton,TRR,19241.98,1631,19241.98
5/1/2024,Playdium Dartmouth,Dartmouth,PDM,8010.35,363,8010.35
5/1/2024,The Rec Room Brentwood,Burnaby,TRR,16370.81,851,16370.81
5/1/2024,The Rec Room Square One,Mississauga,TRR,19304.79,1073,19304.79
5/1/2024,The Rec Room South Edmonton,Edmonton,TRR,34058.33,1659,34058.33
5/1/2024,Playdium Whitby,Whitby,PDM,7999.86,515,7999.86
5/1/2024,The Rec Room Roundhouse,Toronto,TRR,63240.13,4292,63240.13
5/1/2024,The Rec Room London Masonville,London,TRR,5090.08,194,5090.08
5/2/2024,The Rec Room Deerfoot,Calgary,TRR,16154.73,1028,16154.73
5/2/2024,The Rec Room West Edmonton Mall,Edmonton,TRR,10849.45,581,10849.45
5/2/2024,Playdium Dartmouth,Dartmouth,PDM,3967.26,394,3967.26
5/2/2024,TRR Seasons of Tuxedo,Winnipeg,TRR,16164.5,1009,16164.5
5/2/2024,Playdium Whitby,Whitby,PDM,5328.28,404,5328.28
5/2/2024,The Rec Room London Masonville,London,TRR,4781.4,181,4781.4
5/2/2024,Playdium Orion Gate,Brampton,PDM,4104.87,551,4104.87
5/2/2024,The Rec Room Park Place Barrie,Barrie,TRR,6683.24,477,6683.24
5/2/2024,The Rec Room Brentwood,Burnaby,TRR,17422.02,826,17422.02
5/2/2024,The Rec Room Roundhouse,Toronto,TRR,64507.82,2948,64507.82
5/2/2024,The Rec Room Square One,Mississauga,TRR,25344.28,1397,25344.28
5/2/2024,The Rec Room South Edmonton,Edmonton,TRR,13403.37,703,13403.37
5/2/2024,The Rec Room Avalon Mall,St. John's,TRR,8260.7,478,8260.7
5/3/2024,The Rec Room South Edmonton,Edmonton,TRR,30174.01,2403,30174.01
5/3/2024,Playdium Whitby,Whitby,PDM,15406.74,635,15406.74
5/3/2024,The Rec Room Roundhouse,Toronto,TRR,55113.91,3415,55113.91
5/3/2024,Playdium Dartmouth,Dartmouth,PDM,13440.37,499,13440.37
5/3/2024,Playdium Orion Gate,Brampton,PDM,11659.7,437,11659.7
5/3/2024,The Rec Room London Masonville,London,TRR,8360.12,823,8360.12
5/3/2024,The Rec Room Park Place Barrie,Barrie,TRR,18101.5,1667,18101.5
5/3/2024,The Rec Room Square One,Mississauga,TRR,28544.25,1708,28544.25
5/3/2024,The Rec Room West Edmonton Mall,Edmonton,TRR,23320.26,1854,23320.26
5/3/2024,The Rec Room Deerfoot,Calgary,TRR,33929.44,2821,33929.44
5/3/2024,The Rec Room Avalon Mall,St. John's,TRR,24367.92,1463,24367.92
5/3/2024,The Rec Room Brentwood,Burnaby,TRR,30478.86,2050,30478.86
5/3/2024,TRR Seasons of Tuxedo,Winnipeg,TRR,29873.73,1844,29873.73
5/4/2024,Playdium Whitby,Whitby,PDM,39239.86,1627,39239.86
5/4/2024,The Rec Room West Edmonton Mall,Edmonton,TRR,43694.41,2856,43694.41
5/4/2024,The Rec Room Deerfoot,Calgary,TRR,64431.12,4007,64431.12
5/4/2024,The Rec Room London Masonville,London,TRR,19518.23,1160,19518.23
5/4/2024,TRR Seasons of Tuxedo,Winnipeg,TRR,64093.15,3658,64093.15
5/4/2024,Playdium Orion Gate,Brampton,PDM,32889.85,1429,32889.85
5/4/2024,The Rec Room Park Place Barrie,Barrie,TRR,37635.19,2728,37635.19
5/4/2024,The Rec Room Square One,Mississauga,TRR,43794.73,2516,43794.73
5/4/2024,The Rec Room Brentwood,Burnaby,TRR,69732.41,3749,69732.41
5/4/2024,The Rec Room Avalon Mall,St. John's,TRR,31886.14,2173,31886.14
5/4/2024,The Rec Room Roundhouse,Toronto,TRR,77961.38,5487,77961.38
5/4/2024,Playdium Dartmouth,Dartmouth,PDM,36345.99,1341,36345.99
5/4/2024,The Rec Room South Edmonton,Edmonton,TRR,63471.03,4272,63471.03
5/5/2024,Playdium Dartmouth,Dartmouth,PDM,17255.75,701,17255.75
5/5/2024,Playdium Orion Gate,Brampton,PDM,22931.32,931,22931.32
5/5/2024,Playdium Whitby,Whitby,PDM,28704.14,1195,28704.14
5/5/2024,The Rec Room Avalon Mall,St. John's,TRR,19502.29,972,19502.29
5/5/2024,The Rec Room Brentwood,Burnaby,TRR,51033.68,2066,51033.68
5/5/2024,The Rec Room Deerfoot,Calgary,TRR,65745.21,2242,65745.21
5/5/2024,The Rec Room London Masonville,London,TRR,26959.07,784,26959.07
5/5/2024,The Rec Room Park Place Barrie,Barrie,TRR,32231.05,1074,32231.05
5/5/2024,The Rec Room Roundhouse,Toronto,TRR,59120.37,3219,59120.37
5/5/2024,The Rec Room South Edmonton,Edmonton,TRR,52540.24,1364,52540.24
5/5/2024,The Rec Room Square One,Mississauga,TRR,46998.88,1357,46998.88
5/5/2024,The Rec Room West Edmonton Mall,Edmonton,TRR,29119.09,1121,29119.09
5/5/2024,TRR Seasons of Tuxedo,Winnipeg,TRR,39744.77,1191,39744.77
5/6/2024,The Rec Room Park Place Barrie,Barrie,TRR,4814.76,265,4814.76
5/6/2024,The Rec Room South Edmonton,Edmonton,TRR,10450.54,544,10450.54
5/6/2024,The Rec Room Avalon Mall,St. John's,TRR,4758.78,260,4758.78
5/6/2024,The Rec Room Roundhouse,Toronto,TRR,28700.97,1730,28700.97
5/6/2024,Playdium Dartmouth,Dartmouth,PDM,20485.96,1302,20485.96
5/6/2024,The Rec Room Brentwood,Burnaby,TRR,6902.12,408,6902.12
5/6/2024,Playdium Orion Gate,Brampton,PDM,2732.96,70,2732.96
5/6/2024,The Rec Room Deerfoot,Calgary,TRR,11218.6,441,11218.6
5/6/2024,The Rec Room West Edmonton Mall,Edmonton,TRR,8906.8,492,8906.8
5/6/2024,TRR Seasons of Tuxedo,Winnipeg,TRR,9963.71,619,9963.71
5/6/2024,Playdium Whitby,Whitby,PDM,2313.08,96,2313.08
5/6/2024,The Rec Room Square One,Mississauga,TRR,6754.04,252,6754.04
5/6/2024,The Rec Room London Masonville,London,TRR,5723,271,5723
5/7/2024,Playdium Orion Gate,Brampton,PDM,3337.96,96,3337.96
5/7/2024,The Rec Room London Masonville,London,TRR,3823.12,190,3823.12
5/7/2024,The Rec Room Square One,Mississauga,TRR,17728.39,666,17728.39
5/7/2024,Playdium Whitby,Whitby,PDM,1698.82,86,1698.82
5/7/2024,Playdium Dartmouth,Dartmouth,PDM,2143.44,89,2143.44
5/7/2024,The Rec Room South Edmonton,Edmonton,TRR,9488.18,525,9488.18
5/7/2024,The Rec Room Deerfoot,Calgary,TRR,12117.98,645,12117.98
5/7/2024,The Rec Room Avalon Mall,St. John's,TRR,7545.34,419,7545.34
5/7/2024,The Rec Room Park Place Barrie,Barrie,TRR,4819.19,326,4819.19
5/7/2024,The Rec Room Roundhouse,Toronto,TRR,59476.9,3227,59476.9
5/7/2024,The Rec Room Brentwood,Burnaby,TRR,10023.12,685,10023.12
5/7/2024,TRR Seasons of Tuxedo,Winnipeg,TRR,10209.77,502,10209.77
5/7/2024,The Rec Room West Edmonton Mall,Edmonton,TRR,9999.66,640,9999.66
5/8/2024,The Rec Room London Masonville,London,TRR,3896.22,145,3896.22
5/8/2024,Playdium Whitby,Whitby,PDM,2705.36,109,2705.36
5/8/2024,The Rec Room Deerfoot,Calgary,TRR,9391.87,609,9391.87
5/8/2024,Playdium Orion Gate,Brampton,PDM,4059.94,165,4059.94
5/8/2024,The Rec Room Roundhouse,Toronto,TRR,22021.74,1535,22021.74
5/8/2024,TRR Seasons of Tuxedo,Winnipeg,TRR,14797.81,658,14797.81
5/8/2024,The Rec Room West Edmonton Mall,Edmonton,TRR,16754.42,1624,16754.42
5/8/2024,The Rec Room Avalon Mall,St. John's,TRR,6913.33,395,6913.33
5/8/2024,The Rec Room Brentwood,Burnaby,TRR,13337.39,801,13337.39
5/8/2024,Playdium Dartmouth,Dartmouth,PDM,4447.26,191,4447.26
5/8/2024,The Rec Room Square One,Mississauga,TRR,12206.17,591,12206.17
5/8/2024,The Rec Room South Edmonton,Edmonton,TRR,9765.06,620,9765.06
5/8/2024,The Rec Room Park Place Barrie,Barrie,TRR,6953.99,461,6953.99
5/9/2024,The Rec Room Brentwood,Burnaby,TRR,14595.14,938,14595.14
5/9/2024,The Rec Room Avalon Mall,St. John's,TRR,8396.78,552,8396.78
5/9/2024,The Rec Room Roundhouse,Toronto,TRR,81738.98,4515,81738.98
5/9/2024,TRR Seasons of Tuxedo,Winnipeg,TRR,7188.13,654,7188.13
5/9/2024,Playdium Dartmouth,Dartmouth,PDM,6464.22,259,6464.22
5/9/2024,The Rec Room London Masonville,London,TRR,7047.26,430,7047.26
5/9/2024,Playdium Whitby,Whitby,PDM,5276.92,552,5276.92
5/9/2024,Playdium Orion Gate,Brampton,PDM,4128.46,561,4128.46
5/9/2024,The Rec Room South Edmonton,Edmonton,TRR,10184.16,743,10184.16
5/9/2024,The Rec Room West Edmonton Mall,Edmonton,TRR,8042.52,514,8042.52
5/9/2024,The Rec Room Park Place Barrie,Barrie,TRR,7752.82,522,7752.82
5/9/2024,The Rec Room Square One,Mississauga,TRR,13069.48,631,13069.48
5/9/2024,The Rec Room Deerfoot,Calgary,TRR,14363.6,905,14363.6
5/10/2024,The Rec Room South Edmonton,Edmonton,TRR,33352.86,2559,33352.86
5/10/2024,The Rec Room Park Place Barrie,Barrie,TRR,16798.69,1524,16798.69
5/10/2024,Playdium Dartmouth,Dartmouth,PDM,11801.85,375,11801.85
5/10/2024,The Rec Room Square One,Mississauga,TRR,20140.03,1314,20140.03
5/10/2024,The Rec Room Deerfoot,Calgary,TRR,22017.78,2243,22017.78
5/10/2024,TRR Seasons of Tuxedo,Winnipeg,TRR,29020.26,1687,29020.26
5/10/2024,Playdium Orion Gate,Brampton,PDM,10432.31,383,10432.31
5/10/2024,The Rec Room London Masonville,London,TRR,7496.39,683,7496.39
5/10/2024,Playdium Whitby,Whitby,PDM,13232.28,536,13232.28
5/10/2024,The Rec Room Brentwood,Burnaby,TRR,31918.03,2149,31918.03
5/10/2024,The Rec Room West Edmonton Mall,Edmonton,TRR,16813.78,1268,16813.78
5/10/2024,The Rec Room Roundhouse,Toronto,TRR,65307.69,4372,65307.69
5/10/2024,The Rec Room Avalon Mall,St. John's,TRR,19194.12,1274,19194.12
5/11/2024,The Rec Room Avalon Mall,St. John's,TRR,33311.74,2490,33311.74
5/11/2024,The Rec Room Park Place Barrie,Barrie,TRR,45661.67,3364,45661.67
5/11/2024,The Rec Room Brentwood,Burnaby,TRR,42088.34,2219,42088.34
5/11/2024,The Rec Room West Edmonton Mall,Edmonton,TRR,37817.08,2447,37817.08
5/11/2024,The Rec Room South Edmonton,Edmonton,TRR,62818.42,3812,62818.42
5/11/2024,The Rec Room Square One,Mississauga,TRR,39178.28,2326,39178.28
5/11/2024,Playdium Whitby,Whitby,PDM,39496.49,1835,39496.49
5/11/2024,The Rec Room Roundhouse,Toronto,TRR,94303.76,6422,94303.76
5/11/2024,Playdium Orion Gate,Brampton,PDM,42278.25,2078,42278.25
5/11/2024,The Rec Room London Masonville,London,TRR,41441.94,1589,41441.94
5/11/2024,Playdium Dartmouth,Dartmouth,PDM,31148.86,1158,31148.86
5/11/2024,TRR Seasons of Tuxedo,Winnipeg,TRR,45860.71,2540,45860.71
5/11/2024,The Rec Room Deerfoot,Calgary,TRR,53473.55,3852,53473.55
5/12/2024,The Rec Room South Edmonton,Edmonton,TRR,46705.37,1373,46705.37
5/12/2024,TRR Seasons of Tuxedo,Winnipeg,TRR,38081.6,1452,38081.6
5/12/2024,Playdium Orion Gate,Brampton,PDM,13362.27,426,13362.27
5/12/2024,The Rec Room Avalon Mall,St. John's,TRR,18915.15,1028,18915.15
5/12/2024,The Rec Room Brentwood,Burnaby,TRR,26308.19,1247,26308.19
5/12/2024,The Rec Room London Masonville,London,TRR,14401.44,783,14401.44
5/12/2024,Playdium Dartmouth,Dartmouth,PDM,14926.33,540,14926.33
5/12/2024,The Rec Room Deerfoot,Calgary,TRR,43191.19,1941,43191.19
5/12/2024,The Rec Room Square One,Mississauga,TRR,32414.96,1281,32414.96
5/12/2024,The Rec Room Roundhouse,Toronto,TRR,60922.6,3405,60922.6
5/12/2024,Playdium Whitby,Whitby,PDM,16973.12,759,16973.12
5/12/2024,The Rec Room Park Place Barrie,Barrie,TRR,23015.43,1044,23015.43
5/12/2024,The Rec Room West Edmonton Mall,Edmonton,TRR,25792.95,1044,25792.95
5/13/2024,The Rec Room London Masonville,London,TRR,3884.26,189,3884.26
5/13/2024,The Rec Room Avalon Mall,St. John's,TRR,7212.7,381,7212.7
5/13/2024,The Rec Room Roundhouse,Toronto,TRR,23034.64,1899,23034.64
5/13/2024,Playdium Orion Gate,Brampton,PDM,3439.74,200,3439.74
5/13/2024,Playdium Dartmouth,Dartmouth,PDM,6119.49,300,6119.49
5/13/2024,The Rec Room Deerfoot,Calgary,TRR,13979.44,820,13979.44
5/13/2024,The Rec Room Square One,Mississauga,TRR,9742.74,375,9742.74
5/13/2024,The Rec Room South Edmonton,Edmonton,TRR,6794.16,428,6794.16
5/13/2024,TRR Seasons of Tuxedo,Winnipeg,TRR,11159.44,533,11159.44
5/13/2024,Playdium Whitby,Whitby,PDM,2922.88,248,2922.88
5/13/2024,The Rec Room West Edmonton Mall,Edmonton,TRR,7168.33,410,7168.33
5/13/2024,The Rec Room Park Place Barrie,Barrie,TRR,4203.28,266,4203.28
5/13/2024,The Rec Room Brentwood,Burnaby,TRR,15241.07,896,15241.07
5/14/2024,The Rec Room West Edmonton Mall,Edmonton,TRR,4810.47,315,4810.47
5/14/2024,The Rec Room London Masonville,London,TRR,4852.34,260,4852.34
5/14/2024,The Rec Room Park Place Barrie,Barrie,TRR,7176.87,521,7176.87
5/14/2024,Playdium Whitby,Whitby,PDM,4128.5,175,4128.5
5/14/2024,The Rec Room Avalon Mall,St. John's,TRR,7712.19,601,7712.19
5/14/2024,The Rec Room Roundhouse,Toronto,TRR,23182.65,1798,23182.65
5/14/2024,The Rec Room Brentwood,Burnaby,TRR,19159.48,1159,19159.48
5/14/2024,Playdium Dartmouth,Dartmouth,PDM,2413.23,112,2413.23
5/14/2024,The Rec Room Square One,Mississauga,TRR,13327.97,1103,13327.97
5/14/2024,Playdium Orion Gate,Brampton,PDM,7251.96,631,7251.96
5/14/2024,The Rec Room Deerfoot,Calgary,TRR,8564.49,568,8564.49
5/14/2024,TRR Seasons of Tuxedo,Winnipeg,TRR,14574.13,764,14574.13
5/14/2024,The Rec Room South Edmonton,Edmonton,TRR,9882.08,633,9882.08
5/15/2024,The Rec Room West Edmonton Mall,Edmonton,TRR,9846.08,602,9846.08
5/15/2024,Playdium Orion Gate,Brampton,PDM,4874.97,333,4874.97
5/15/2024,The Rec Room Deerfoot,Calgary,TRR,8122.57,502,8122.57
5/15/2024,The Rec Room Brentwood,Burnaby,TRR,20902.36,1053,20902.36
5/15/2024,TRR Seasons of Tuxedo,Winnipeg,TRR,13831.7,1036,13831.7
5/15/2024,The Rec Room Square One,Mississauga,TRR,30469.17,1123,30469.17
5/15/2024,Playdium Dartmouth,Dartmouth,PDM,2807.58,112,2807.58
5/15/2024,Playdium Whitby,Whitby,PDM,3638.28,152,3638.28
5/15/2024,The Rec Room Roundhouse,Toronto,TRR,64046.19,3014,64046.19
5/15/2024,The Rec Room Avalon Mall,St. John's,TRR,8782.86,450,8782.86
5/15/2024,The Rec Room Park Place Barrie,Barrie,TRR,6285.85,411,6285.85
5/15/2024,The Rec Room South Edmonton,Edmonton,TRR,14872.3,998,14872.3
5/15/2024,The Rec Room London Masonville,London,TRR,6788.6,315,6788.6
5/16/2024,Playdium Dartmouth,Dartmouth,PDM,4167.93,175,4167.93
5/16/2024,TRR Seasons of Tuxedo,Winnipeg,TRR,22738.63,1028,22738.63
5/16/2024,Playdium Whitby,Whitby,PDM,2887.92,500,2887.92
5/16/2024,The Rec Room Square One,Mississauga,TRR,7046.46,514,7046.46
5/16/2024,The Rec Room South Edmonton,Edmonton,TRR,23338.15,1482,23338.15
5/16/2024,The Rec Room Deerfoot,Calgary,TRR,18570.97,1116,18570.97
5/16/2024,The Rec Room Roundhouse,Toronto,TRR,52414.74,3135,52414.74
5/16/2024,The Rec Room London Masonville,London,TRR,5244.17,265,5244.17
5/16/2024,The Rec Room West Edmonton Mall,Edmonton,TRR,13192.51,1186,13192.51
5/16/2024,The Rec Room Avalon Mall,St. John's,TRR,8162.1,470,8162.1
5/16/2024,The Rec Room Park Place Barrie,Barrie,TRR,8971.42,557,8971.42
5/16/2024,Playdium Orion Gate,Brampton,PDM,3632.47,161,3632.47
5/16/2024,The Rec Room Brentwood,Burnaby,TRR,15044.01,857,15044.01
5/17/2024,The Rec Room Roundhouse,Toronto,TRR,67618.48,4916,67618.48
5/17/2024,Playdium Dartmouth,Dartmouth,PDM,15507.67,553,15507.67
5/17/2024,The Rec Room South Edmonton,Edmonton,TRR,27522.61,2263,27522.61
5/17/2024,Playdium Whitby,Whitby,PDM,11343.93,477,11343.93
5/17/2024,The Rec Room Park Place Barrie,Barrie,TRR,12438.04,1070,12438.04
5/17/2024,The Rec Room London Masonville,London,TRR,11319.71,954,11319.71
5/17/2024,The Rec Room West Edmonton Mall,Edmonton,TRR,25993.9,1668,25993.9
5/17/2024,The Rec Room Avalon Mall,St. John's,TRR,17294.3,1007,17294.3
5/17/2024,The Rec Room Deerfoot,Calgary,TRR,36868.45,3265,36868.45
5/17/2024,The Rec Room Brentwood,Burnaby,TRR,30494.53,2073,30494.53
5/17/2024,The Rec Room Square One,Mississauga,TRR,22726.28,1482,22726.28
5/17/2024,Playdium Orion Gate,Brampton,PDM,10648.86,801,10648.86
5/17/2024,TRR Seasons of Tuxedo,Winnipeg,TRR,16850.06,1166,16850.06
5/18/2024,The Rec Room London Masonville,London,TRR,17267.42,747,17267.42
5/18/2024,The Rec Room Avalon Mall,St. John's,TRR,25125.47,1480,25125.47
5/18/2024,Playdium Dartmouth,Dartmouth,PDM,32824.32,1541,32824.32
5/18/2024,The Rec Room Roundhouse,Toronto,TRR,100034.33,6974,100034.33
5/18/2024,The Rec Room Brentwood,Burnaby,TRR,67619.32,3971,67619.32
5/18/2024,The Rec Room Square One,Mississauga,TRR,38162.82,2191,38162.82
5/18/2024,Playdium Orion Gate,Brampton,PDM,30820.4,1356,30820.4
5/18/2024,The Rec Room South Edmonton,Edmonton,TRR,66600.18,4107,66600.18
5/18/2024,The Rec Room Deerfoot,Calgary,TRR,72290.01,4041,72290.01
5/18/2024,The Rec Room Park Place Barrie,Barrie,TRR,19596.32,962,19596.32
5/18/2024,TRR Seasons of Tuxedo,Winnipeg,TRR,62715.29,3550,62715.29
5/18/2024,The Rec Room West Edmonton Mall,Edmonton,TRR,46192.08,2689,46192.08
5/18/2024,Playdium Whitby,Whitby,PDM,35473.01,1574,35473.01
5/19/2024,The Rec Room South Edmonton,Edmonton,TRR,93097.03,3182,93097.03
5/19/2024,The Rec Room London Masonville,London,TRR,28922.66,733,28922.66
5/19/2024,Playdium Dartmouth,Dartmouth,PDM,38995.87,1172,38995.87
5/19/2024,Playdium Whitby,Whitby,PDM,22791.93,916,22791.93
5/19/2024,The Rec Room Roundhouse,Toronto,TRR,106894.66,6272,106894.66
5/19/2024,TRR Seasons of Tuxedo,Winnipeg,TRR,47736.47,1999,47736.47
5/19/2024,The Rec Room Deerfoot,Calgary,TRR,99103.79,3552,99103.79
5/19/2024,The Rec Room Park Place Barrie,Barrie,TRR,25293.02,1067,25293.02
5/19/2024,The Rec Room Square One,Mississauga,TRR,31985.16,1441,31985.16
5/19/2024,Playdium Orion Gate,Brampton,PDM,23758.43,778,23758.43
5/19/2024,The Rec Room Brentwood,Burnaby,TRR,54407.51,1759,54407.51
5/19/2024,The Rec Room Avalon Mall,St. John's,TRR,21766.76,1036,21766.76
5/19/2024,The Rec Room West Edmonton Mall,Edmonton,TRR,55210.6,2164,55210.6
5/20/2024,The Rec Room Roundhouse,Toronto,TRR,48694.69,4124,48694.69
5/20/2024,The Rec Room Park Place Barrie,Barrie,TRR,9386.82,449,9386.82
5/20/2024,The Rec Room Deerfoot,Calgary,TRR,44833.04,1838,44833.04
5/20/2024,Playdium Orion Gate,Brampton,PDM,21389.01,977,21389.01
5/20/2024,The Rec Room London Masonville,London,TRR,5808.43,243,5808.43
5/20/2024,TRR Seasons of Tuxedo,Winnipeg,TRR,40544.85,1350,40544.85
5/20/2024,The Rec Room West Edmonton Mall,Edmonton,TRR,25008.94,1225,25008.94
5/20/2024,The Rec Room Square One,Mississauga,TRR,25440.93,1016,25440.93
5/20/2024,Playdium Whitby,Whitby,PDM,16594.32,648,16594.32
5/20/2024,Playdium Dartmouth,Dartmouth,PDM,12365.5,487,12365.5
5/20/2024,The Rec Room Brentwood,Burnaby,TRR,32002.92,1481,32002.92
5/20/2024,The Rec Room Avalon Mall,St. John's,TRR,7870.66,403,7870.66
5/20/2024,The Rec Room South Edmonton,Edmonton,TRR,42031.78,2424,42031.78
5/21/2024,Playdium Dartmouth,Dartmouth,PDM,3590.52,128,3590.52
5/21/2024,Playdium Orion Gate,Brampton,PDM,5426.47,300,5426.47
5/21/2024,Playdium Whitby,Whitby,PDM,5732.55,278,5732.55
5/21/2024,The Rec Room Avalon Mall,St. John's,TRR,5130.9,348,5130.9
5/21/2024,The Rec Room Brentwood,Burnaby,TRR,10958.33,570,10958.33
5/21/2024,The Rec Room Deerfoot,Calgary,TRR,7463.26,349,7463.26
5/21/2024,The Rec Room London Masonville,London,TRR,3313.3,187,3313.3
5/21/2024,The Rec Room Park Place Barrie,Barrie,TRR,6837.09,542,6837.09
5/21/2024,The Rec Room Roundhouse,Toronto,TRR,37160.5,2478,37160.5
5/21/2024,The Rec Room South Edmonton,Edmonton,TRR,15208.12,791,15208.12
5/21/2024,The Rec Room Square One,Mississauga,TRR,11452.26,374,11452.26
5/21/2024,The Rec Room West Edmonton Mall,Edmonton,TRR,9062.46,562,9062.46
5/21/2024,TRR Seasons of Tuxedo,Winnipeg,TRR,10361.58,477,10361.58
5/22/2024,Playdium Dartmouth,Dartmouth,PDM,3581.8,118,3581.8
5/22/2024,The Rec Room South Edmonton,Edmonton,TRR,8216.02,737,8216.02
5/22/2024,The Rec Room Brentwood,Burnaby,TRR,10043.82,577,10043.82
5/22/2024,The Rec Room Park Place Barrie,Barrie,TRR,6336.74,485,6336.74
5/22/2024,The Rec Room Roundhouse,Toronto,TRR,47559.58,2723,47559.58
5/22/2024,The Rec Room Avalon Mall,St. John's,TRR,5963.44,389,5963.44
5/22/2024,The Rec Room Deerfoot,Calgary,TRR,11843.56,608,11843.56
5/22/2024,The Rec Room West Edmonton Mall,Edmonton,TRR,7589.07,403,7589.07
5/22/2024,The Rec Room London Masonville,London,TRR,3131.64,153,3131.64
5/22/2024,Playdium Orion Gate,Brampton,PDM,2119.92,69,2119.92
5/22/2024,The Rec Room Square One,Mississauga,TRR,23576.29,873,23576.29
5/22/2024,Playdium Whitby,Whitby,PDM,3037.93,121,3037.93
5/22/2024,TRR Seasons of Tuxedo,Winnipeg,TRR,13896.59,585,13896.59
5/23/2024,The Rec Room Avalon Mall,St. John's,TRR,6797.99,479,6797.99
5/23/2024,The Rec Room Roundhouse,Toronto,TRR,85228.81,4557,85228.81
5/23/2024,The Rec Room Deerfoot,Calgary,TRR,9752.83,591,9752.83
5/23/2024,The Rec Room Park Place Barrie,Barrie,TRR,4296.51,243,4296.51
5/23/2024,TRR Seasons of Tuxedo,Winnipeg,TRR,13797.08,777,13797.08
5/23/2024,Playdium Orion Gate,Brampton,PDM,3276.67,264,3276.67
5/23/2024,The Rec Room West Edmonton Mall,Edmonton,TRR,11535.4,649,11535.4
5/23/2024,The Rec Room Brentwood,Burnaby,TRR,19510.84,974,19510.84
5/23/2024,The Rec Room Square One,Mississauga,TRR,27004.33,1138,27004.33
5/23/2024,The Rec Room London Masonville,London,TRR,4074.32,217,4074.32
5/23/2024,Playdium Dartmouth,Dartmouth,PDM,2521.38,126,2521.38
5/23/2024,The Rec Room South Edmonton,Edmonton,TRR,12143.94,806,12143.94
5/23/2024,Playdium Whitby,Whitby,PDM,3503.6,188,3503.6
5/24/2024,The Rec Room Brentwood,Burnaby,TRR,38477.59,2643,38477.59
5/24/2024,Playdium Dartmouth,Dartmouth,PDM,7855.31,303,7855.31
5/24/2024,The Rec Room Square One,Mississauga,TRR,22725.54,1432,22725.54
5/24/2024,The Rec Room South Edmonton,Edmonton,TRR,21038.57,1754,21038.57
5/24/2024,The Rec Room Park Place Barrie,Barrie,TRR,7986.58,826,7986.58
5/24/2024,The Rec Room Avalon Mall,St. John's,TRR,18977.49,1129,18977.49
5/24/2024,Playdium Orion Gate,Brampton,PDM,6292.92,531,6292.92
5/24/2024,The Rec Room Roundhouse,Toronto,TRR,42891.99,3210,42891.99
5/24/2024,TRR Seasons of Tuxedo,Winnipeg,TRR,33638.99,2558,33638.99
5/24/2024,The Rec Room Deerfoot,Calgary,TRR,23853.66,1962,23853.66
5/24/2024,Playdium Whitby,Whitby,PDM,8577.01,815,8577.01
5/24/2024,The Rec Room London Masonville,London,TRR,11741.61,584,11741.61
5/24/2024,The Rec Room West Edmonton Mall,Edmonton,TRR,14158.07,1078,14158.07
5/25/2024,Playdium Dartmouth,Dartmouth,PDM,26712.77,1345,26712.77
5/25/2024,The Rec Room London Masonville,London,TRR,17064.92,1423,17064.92
5/25/2024,The Rec Room Deerfoot,Calgary,TRR,55490.76,3386,55490.76
5/25/2024,TRR Seasons of Tuxedo,Winnipeg,TRR,64968.76,3714,64968.76
5/25/2024,The Rec Room Roundhouse,Toronto,TRR,81268.29,5689,81268.29
5/25/2024,Playdium Orion Gate,Brampton,PDM,38057.26,1401,38057.26
5/25/2024,The Rec Room South Edmonton,Edmonton,TRR,50359.46,3122,50359.46
5/25/2024,The Rec Room Square One,Mississauga,TRR,51571.99,2850,51571.99
5/25/2024,Playdium Whitby,Whitby,PDM,43775.19,2011,43775.19
5/25/2024,The Rec Room Brentwood,Burnaby,TRR,96625.73,3502,96625.73
5/25/2024,The Rec Room Avalon Mall,St. John's,TRR,26124.31,1816,26124.31
5/25/2024,The Rec Room West Edmonton Mall,Edmonton,TRR,32823.24,2117,32823.24
5/25/2024,The Rec Room Park Place Barrie,Barrie,TRR,39370.25,2777,39370.25
5/26/2024,The Rec Room Deerfoot,Calgary,TRR,65368.12,1689,65368.12
5/26/2024,The Rec Room London Masonville,London,TRR,25406.34,471,25406.34
5/26/2024,Playdium Whitby,Whitby,PDM,22019.09,1029,22019.09
5/26/2024,The Rec Room Brentwood,Burnaby,TRR,50041.61,1965,50041.61
5/26/2024,TRR Seasons of Tuxedo,Winnipeg,TRR,42385.23,1183,42385.23
5/26/2024,Playdium Orion Gate,Brampton,PDM,22230.41,804,22230.41
5/26/2024,The Rec Room Avalon Mall,St. John's,TRR,20238.74,858,20238.74
5/26/2024,The Rec Room Roundhouse,Toronto,TRR,82354.33,4873,82354.33
5/26/2024,The Rec Room West Edmonton Mall,Edmonton,TRR,28078.81,1114,28078.81
5/26/2024,The Rec Room Park Place Barrie,Barrie,TRR,26442.11,873,26442.11
5/26/2024,The Rec Room South Edmonton,Edmonton,TRR,49492.79,1780,49492.79
5/26/2024,Playdium Dartmouth,Dartmouth,PDM,19070.68,781,19070.68
5/26/2024,The Rec Room Square One,Mississauga,TRR,27329.99,1041,27329.99
5/27/2024,Playdium Whitby,Whitby,PDM,3541.93,319,3541.93
5/27/2024,Playdium Orion Gate,Brampton,PDM,3246.48,81,3246.48
5/27/2024,Playdium Dartmouth,Dartmouth,PDM,5140.29,147,5140.29
5/27/2024,TRR Seasons of Tuxedo,Winnipeg,TRR,13618.73,805,13618.73
5/27/2024,The Rec Room South Edmonton,Edmonton,TRR,9649.14,774,9649.14
5/27/2024,The Rec Room London Masonville,London,TRR,4718.25,161,4718.25
5/27/2024,The Rec Room Deerfoot,Calgary,TRR,12635.84,923,12635.84
5/27/2024,The Rec Room Square One,Mississauga,TRR,6321.27,449,6321.27
5/27/2024,The Rec Room Roundhouse,Toronto,TRR,17968.42,1451,17968.42
5/27/2024,The Rec Room Park Place Barrie,Barrie,TRR,6362.6,319,6362.6
5/27/2024,The Rec Room West Edmonton Mall,Edmonton,TRR,5629.36,382,5629.36
5/27/2024,The Rec Room Avalon Mall,St. John's,TRR,5688.48,421,5688.48
5/27/2024,The Rec Room Brentwood,Burnaby,TRR,12760.28,693,12760.28
5/28/2024,Playdium Orion Gate,Brampton,PDM,2564.95,81,2564.95
5/28/2024,The Rec Room Brentwood,Burnaby,TRR,16304.77,966,16304.77
5/28/2024,The Rec Room Avalon Mall,St. John's,TRR,5835.1,412,5835.1
5/28/2024,The Rec Room Deerfoot,Calgary,TRR,10351.8,543,10351.8
5/28/2024,The Rec Room Roundhouse,Toronto,TRR,42190.82,2710,42190.82
5/28/2024,The Rec Room Park Place Barrie,Barrie,TRR,7600.51,626,7600.51
5/28/2024,Playdium Whitby,Whitby,PDM,3013.91,163,3013.91
5/28/2024,The Rec Room West Edmonton Mall,Edmonton,TRR,7180.82,381,7180.82
5/28/2024,The Rec Room London Masonville,London,TRR,6016,325,6016
5/28/2024,Playdium Dartmouth,Dartmouth,PDM,4369.37,308,4369.37
5/28/2024,The Rec Room South Edmonton,Edmonton,TRR,14509.6,1195,14509.6
5/28/2024,The Rec Room Square One,Mississauga,TRR,21065.07,965,21065.07
5/28/2024,TRR Seasons of Tuxedo,Winnipeg,TRR,10249.2,573,10249.2
5/29/2024,The Rec Room Deerfoot,Calgary,TRR,12620.15,728,12620.15
5/29/2024,The Rec Room Roundhouse,Toronto,TRR,66386.05,3197,66386.05
5/29/2024,Playdium Orion Gate,Brampton,PDM,3280.69,170,3280.69
5/29/2024,The Rec Room Park Place Barrie,Barrie,TRR,4332.21,242,4332.21
5/29/2024,TRR Seasons of Tuxedo,Winnipeg,TRR,6718.86,466,6718.86
5/29/2024,The Rec Room South Edmonton,Edmonton,TRR,22542.49,1301,22542.49
5/29/2024,The Rec Room Square One,Mississauga,TRR,21574.67,1090,21574.67
5/29/2024,The Rec Room London Masonville,London,TRR,4292.6,206,4292.6
5/29/2024,Playdium Dartmouth,Dartmouth,PDM,2256.86,96,2256.86
5/29/2024,The Rec Room Brentwood,Burnaby,TRR,16507.14,818,16507.14
5/29/2024,The Rec Room West Edmonton Mall,Edmonton,TRR,6251.17,395,6251.17
5/29/2024,The Rec Room Avalon Mall,St. John's,TRR,9586.73,715,9586.73
5/29/2024,Playdium Whitby,Whitby,PDM,4099.77,239,4099.77
5/30/2024,Playdium Orion Gate,Brampton,PDM,2752,86,2752
5/30/2024,The Rec Room Park Place Barrie,Barrie,TRR,4759.29,308,4759.29
5/30/2024,The Rec Room Roundhouse,Toronto,TRR,38882.61,2674,38882.61
5/30/2024,The Rec Room West Edmonton Mall,Edmonton,TRR,8239.7,409,8239.7
5/30/2024,The Rec Room Avalon Mall,St. John's,TRR,5510.29,434,5510.29
5/30/2024,TRR Seasons of Tuxedo,Winnipeg,TRR,18070.22,830,18070.22
5/30/2024,The Rec Room Brentwood,Burnaby,TRR,21813.77,1100,21813.77
5/30/2024,Playdium Whitby,Whitby,PDM,3269.93,486,3269.93
5/30/2024,The Rec Room London Masonville,London,TRR,6035.17,336,6035.17
5/30/2024,The Rec Room Square One,Mississauga,TRR,20226.45,1086,20226.45
5/30/2024,The Rec Room Deerfoot,Calgary,TRR,15597.55,811,15597.55
5/30/2024,The Rec Room South Edmonton,Edmonton,TRR,10395.74,639,10395.74
5/30/2024,Playdium Dartmouth,Dartmouth,PDM,4969.31,276,4969.31
5/31/2024,TRR Seasons of Tuxedo,Winnipeg,TRR,19795.41,1428,19795.41
5/31/2024,The Rec Room Roundhouse,Toronto,TRR,71377.46,5484,71377.46
5/31/2024,The Rec Room Deerfoot,Calgary,TRR,24562.61,2057,24562.61
5/31/2024,The Rec Room Square One,Mississauga,TRR,17839.94,1228,17839.94
5/31/2024,Playdium Orion Gate,Brampton,PDM,6560.06,489,6560.06
5/31/2024,The Rec Room West Edmonton Mall,Edmonton,TRR,17681.97,1242,17681.97
5/31/2024,The Rec Room Park Place Barrie,Barrie,TRR,14749.46,1203,14749.46
5/31/2024,The Rec Room Brentwood,Burnaby,TRR,30292.31,2108,30292.31
5/31/2024,The Rec Room London Masonville,London,TRR,9925.11,779,9925.11
5/31/2024,The Rec Room Avalon Mall,St. John's,TRR,19997.01,1199,19997.01
5/31/2024,The Rec Room South Edmonton,Edmonton,TRR,25280.22,2389,25280.22
5/31/2024,Playdium Dartmouth,Dartmouth,PDM,12259.57,572,12259.57
5/31/2024,Playdium Whitby,Whitby,PDM,10615.08,404,10615.08
6/1/2024,The Rec Room Roundhouse,Toronto,TRR,102755.45,7575,102755.45
6/1/2024,The Rec Room South Edmonton,Edmonton,TRR,41244.21,2532,41244.21
6/1/2024,The Rec Room Park Place Barrie,Barrie,TRR,23046.47,1452,23046.47
6/1/2024,Playdium Orion Gate,Brampton,PDM,24685.88,1011,24685.88
6/1/2024,The Rec Room West Edmonton Mall,Edmonton,TRR,39846.33,2341,39846.33
6/1/2024,The Rec Room London Masonville,London,TRR,17981.5,802,17981.5
6/1/2024,Playdium Whitby,Whitby,PDM,26406.67,1191,26406.67
6/1/2024,The Rec Room Avalon Mall,St. John's,TRR,33378.31,2216,33378.31
6/1/2024,Playdium Dartmouth,Dartmouth,PDM,36310.73,1400,36310.73
6/1/2024,The Rec Room Brentwood,Burnaby,TRR,57398.29,3353,57398.29
6/1/2024,The Rec Room Deerfoot,Calgary,TRR,44962.04,3013,44962.04
6/1/2024,TRR Seasons of Tuxedo,Winnipeg,TRR,40583.81,2445,40583.81
6/1/2024,The Rec Room Square One,Mississauga,TRR,34822.64,2194,34822.64
6/2/2024,Playdium Orion Gate,Brampton,PDM,21075.26,735,21075.26
6/2/2024,The Rec Room Park Place Barrie,Barrie,TRR,25902.8,1216,25902.8
6/2/2024,The Rec Room London Masonville,London,TRR,25961.54,607,25961.54
6/2/2024,The Rec Room Square One,Mississauga,TRR,28671.73,1559,28671.73
6/2/2024,The Rec Room Brentwood,Burnaby,TRR,65587.67,2073,65587.67
6/2/2024,The Rec Room South Edmonton,Edmonton,TRR,34877.8,1118,34877.8
6/2/2024,The Rec Room West Edmonton Mall,Edmonton,TRR,21331.14,743,21331.14
6/2/2024,TRR Seasons of Tuxedo,Winnipeg,TRR,37764.45,1301,37764.45
6/2/2024,The Rec Room Deerfoot,Calgary,TRR,51290.78,1606,51290.78
6/2/2024,The Rec Room Avalon Mall,St. John's,TRR,24837.84,1085,24837.84
6/2/2024,Playdium Dartmouth,Dartmouth,PDM,20199.54,701,20199.54
6/2/2024,The Rec Room Roundhouse,Toronto,TRR,74188.3,4894,74188.3
6/2/2024,Playdium Whitby,Whitby,PDM,26178.76,1329,26178.76
6/3/2024,The Rec Room Park Place Barrie,Barrie,TRR,3294.99,173,3294.99
6/3/2024,TRR Seasons of Tuxedo,Winnipeg,TRR,9427.26,599,9427.26
6/3/2024,The Rec Room Deerfoot,Calgary,TRR,9471.34,585,9471.34
6/3/2024,The Rec Room West Edmonton Mall,Edmonton,TRR,7022.24,426,7022.24
6/3/2024,Playdium Whitby,Whitby,PDM,5356.56,290,5356.56
6/3/2024,The Rec Room London Masonville,London,TRR,3413.98,172,3413.98
6/3/2024,Playdium Orion Gate,Brampton,PDM,3492.95,121,3492.95
6/3/2024,The Rec Room South Edmonton,Edmonton,TRR,11129.58,672,11129.58
6/3/2024,The Rec Room Square One,Mississauga,TRR,16011.76,536,16011.76
6/3/2024,The Rec Room Roundhouse,Toronto,TRR,41932.17,3327,41932.17
6/3/2024,The Rec Room Avalon Mall,St. John's,TRR,9062.01,751,9062.01
6/3/2024,The Rec Room Brentwood,Burnaby,TRR,18293.26,1329,18293.26
6/3/2024,Playdium Dartmouth,Dartmouth,PDM,4421.78,141,4421.78
6/4/2024,The Rec Room Deerfoot,Calgary,TRR,25788.61,1007,25788.61
6/4/2024,Playdium Orion Gate,Brampton,PDM,2977.5,193,2977.5
6/4/2024,The Rec Room Avalon Mall,St. John's,TRR,10037.46,615,10037.46
6/4/2024,TRR Seasons of Tuxedo,Winnipeg,TRR,9864.83,840,9864.83
6/4/2024,The Rec Room Park Place Barrie,Barrie,TRR,5162.9,356,5162.9
6/4/2024,The Rec Room Brentwood,Burnaby,TRR,33933.03,1047,33933.03
6/4/2024,The Rec Room London Masonville,London,TRR,3795.46,214,3795.46
6/4/2024,Playdium Whitby,Whitby,PDM,7110.57,269,7110.57
6/4/2024,Playdium Dartmouth,Dartmouth,PDM,4578.14,163,4578.14
6/4/2024,The Rec Room South Edmonton,Edmonton,TRR,10420.88,600,10420.88
6/4/2024,The Rec Room Square One,Mississauga,TRR,12889.29,645,12889.29
6/4/2024,The Rec Room Roundhouse,Toronto,TRR,38998.19,3323,38998.19
6/4/2024,The Rec Room West Edmonton Mall,Edmonton,TRR,6539.3,361,6539.3
6/5/2024,The Rec Room South Edmonton,Edmonton,TRR,10693.98,920,10693.98
6/5/2024,Playdium Orion Gate,Brampton,PDM,7429.46,658,7429.46
6/5/2024,The Rec Room Avalon Mall,St. John's,TRR,7273.33,447,7273.33
6/5/2024,The Rec Room Brentwood,Burnaby,TRR,10434.34,716,10434.34
6/5/2024,Playdium Whitby,Whitby,PDM,5251.84,422,5251.84
6/5/2024,Playdium Dartmouth,Dartmouth,PDM,4718.88,293,4718.88
6/5/2024,The Rec Room West Edmonton Mall,Edmonton,TRR,6045.37,340,6045.37
6/5/2024,The Rec Room London Masonville,London,TRR,6412.22,359,6412.22
6/5/2024,The Rec Room Deerfoot,Calgary,TRR,9333.24,524,9333.24
6/5/2024,The Rec Room Roundhouse,Toronto,TRR,80934.92,5344,80934.92
6/5/2024,The Rec Room Park Place Barrie,Barrie,TRR,12148.02,743,12148.02
6/5/2024,TRR Seasons of Tuxedo,Winnipeg,TRR,32388.69,1102,32388.69
6/5/2024,The Rec Room Square One,Mississauga,TRR,10993.41,604,10993.41
6/6/2024,The Rec Room Square One,Mississauga,TRR,13075.11,877,13075.11
6/6/2024,Playdium Dartmouth,Dartmouth,PDM,4212.94,162,4212.94
6/6/2024,The Rec Room London Masonville,London,TRR,5774.5,271,5774.5
6/6/2024,The Rec Room South Edmonton,Edmonton,TRR,24261.59,1395,24261.59
6/6/2024,Playdium Orion Gate,Brampton,PDM,3213.95,86,3213.95
6/6/2024,Playdium Whitby,Whitby,PDM,9769.91,661,9769.91
6/6/2024,The Rec Room West Edmonton Mall,Edmonton,TRR,7919.83,544,7919.83
6/6/2024,The Rec Room Park Place Barrie,Barrie,TRR,7058.09,554,7058.09
6/6/2024,The Rec Room Brentwood,Burnaby,TRR,26032.63,1453,26032.63
6/6/2024,The Rec Room Avalon Mall,St. John's,TRR,8549.55,575,8549.55
6/6/2024,The Rec Room Roundhouse,Toronto,TRR,55717.28,4101,55717.28
6/6/2024,The Rec Room Deerfoot,Calgary,TRR,10145.3,680,10145.3
6/6/2024,TRR Seasons of Tuxedo,Winnipeg,TRR,33092.03,1407,33092.03
6/7/2024,The Rec Room Avalon Mall,St. John's,TRR,17911.3,1008,17911.3
6/7/2024,The Rec Room Square One,Mississauga,TRR,23708.02,1396,23708.02
6/7/2024,Playdium Orion Gate,Brampton,PDM,8364.76,483,8364.76
6/7/2024,TRR Seasons of Tuxedo,Winnipeg,TRR,24818.41,1330,24818.41
6/7/2024,The Rec Room Brentwood,Burnaby,TRR,33348.86,2062,33348.86
6/7/2024,Playdium Dartmouth,Dartmouth,PDM,15780.73,1075,15780.73
6/7/2024,The Rec Room South Edmonton,Edmonton,TRR,33544.07,2599,33544.07
6/7/2024,The Rec Room Park Place Barrie,Barrie,TRR,15000.11,1426,15000.11
6/7/2024,The Rec Room Roundhouse,Toronto,TRR,65120.88,4520,65120.88
6/7/2024,The Rec Room Deerfoot,Calgary,TRR,29437.5,2064,29437.5
6/7/2024,Playdium Whitby,Whitby,PDM,28603.37,1294,28603.37
6/7/2024,The Rec Room West Edmonton Mall,Edmonton,TRR,16578.16,1109,16578.16
6/7/2024,The Rec Room London Masonville,London,TRR,11008.67,863,11008.67
6/8/2024,Playdium Orion Gate,Brampton,PDM,29676.45,1306,29676.45
6/8/2024,The Rec Room Square One,Mississauga,TRR,38725.03,1999,38725.03
6/8/2024,The Rec Room London Masonville,London,TRR,22616.87,1293,22616.87
6/8/2024,Playdium Dartmouth,Dartmouth,PDM,30602.12,1165,30602.12
6/8/2024,The Rec Room South Edmonton,Edmonton,TRR,52100.01,3694,52100.01
6/8/2024,The Rec Room Avalon Mall,St. John's,TRR,20454.77,1414,20454.77
6/8/2024,The Rec Room Deerfoot,Calgary,TRR,57189.19,2676,57189.19
6/8/2024,Playdium Whitby,Whitby,PDM,31637.95,1603,31637.95
6/8/2024,The Rec Room Park Place Barrie,Barrie,TRR,41332.87,2412,41332.87
6/8/2024,The Rec Room Roundhouse,Toronto,TRR,81952.53,5406,81952.53
6/8/2024,TRR Seasons of Tuxedo,Winnipeg,TRR,45229.62,2465,45229.62
6/8/2024,The Rec Room Brentwood,Burnaby,TRR,47972.18,2771,47972.18
6/8/2024,The Rec Room West Edmonton Mall,Edmonton,TRR,46011.15,3385,46011.15
6/9/2024,Playdium Whitby,Whitby,PDM,29700.26,907,29700.26
6/9/2024,The Rec Room Deerfoot,Calgary,TRR,23277.83,1019,23277.83
6/9/2024,TRR Seasons of Tuxedo,Winnipeg,TRR,30131.1,1322,30131.1
6/9/2024,The Rec Room Roundhouse,Toronto,TRR,61285.05,3099,61285.05
6/9/2024,The Rec Room London Masonville,London,TRR,24584.72,946,24584.72
6/9/2024,Playdium Orion Gate,Brampton,PDM,22732.37,903,22732.37
6/9/2024,The Rec Room Park Place Barrie,Barrie,TRR,36145.74,1229,36145.74
6/9/2024,The Rec Room West Edmonton Mall,Edmonton,TRR,26874.59,724,26874.59
6/9/2024,The Rec Room Square One,Mississauga,TRR,35782.53,1361,35782.53
6/9/2024,Playdium Dartmouth,Dartmouth,PDM,14330.56,588,14330.56
6/9/2024,The Rec Room Brentwood,Burnaby,TRR,34999.39,1017,34999.39
6/9/2024,The Rec Room Avalon Mall,St. John's,TRR,12312.83,870,12312.83
6/9/2024,The Rec Room South Edmonton,Edmonton,TRR,48182.73,1386,48182.73
6/10/2024,The Rec Room Avalon Mall,St. John's,TRR,7254.56,477,7254.56
6/10/2024,The Rec Room Park Place Barrie,Barrie,TRR,5007.76,356,5007.76
6/10/2024,The Rec Room Brentwood,Burnaby,TRR,10233.11,647,10233.11
6/10/2024,The Rec Room West Edmonton Mall,Edmonton,TRR,6378.32,542,6378.32
6/10/2024,TRR Seasons of Tuxedo,Winnipeg,TRR,18284.24,459,18284.24
6/10/2024,Playdium Orion Gate,Brampton,PDM,9378.39,318,9378.39
6/10/2024,The Rec Room South Edmonton,Edmonton,TRR,10199.34,889,10199.34
6/10/2024,The Rec Room Square One,Mississauga,TRR,6289.95,490,6289.95
6/10/2024,The Rec Room Roundhouse,Toronto,TRR,34528.17,2839,34528.17
6/10/2024,The Rec Room London Masonville,London,TRR,31444.9,1796,31444.9
6/10/2024,Playdium Whitby,Whitby,PDM,5383.52,185,5383.52
6/10/2024,The Rec Room Deerfoot,Calgary,TRR,15147.98,1141,15147.98
6/10/2024,Playdium Dartmouth,Dartmouth,PDM,4605.21,208,4605.21
6/11/2024,TRR Seasons of Tuxedo,Winnipeg,TRR,12086.4,848,12086.4
6/11/2024,The Rec Room Roundhouse,Toronto,TRR,74206.88,4716,74206.88
6/11/2024,The Rec Room Avalon Mall,St. John's,TRR,5315.01,451,5315.01
6/11/2024,The Rec Room Deerfoot,Calgary,TRR,35552.73,1372,35552.73
6/11/2024,Playdium Whitby,Whitby,PDM,2794.72,319,2794.72
6/11/2024,The Rec Room London Masonville,London,TRR,4482.32,204,4482.32
6/11/2024,Playdium Orion Gate,Brampton,PDM,4955.91,272,4955.91
6/11/2024,The Rec Room West Edmonton Mall,Edmonton,TRR,16788.24,963,16788.24
6/11/2024,The Rec Room Brentwood,Burnaby,TRR,10464.92,646,10464.92
6/11/2024,Playdium Dartmouth,Dartmouth,PDM,3085.24,122,3085.24
6/11/2024,The Rec Room Square One,Mississauga,TRR,18262.48,645,18262.48
6/11/2024,The Rec Room Park Place Barrie,Barrie,TRR,5922.09,407,5922.09
6/11/2024,The Rec Room South Edmonton,Edmonton,TRR,9665.94,639,9665.94
6/12/2024,The Rec Room Brentwood,Burnaby,TRR,13632.73,830,13632.73
6/12/2024,TRR Seasons of Tuxedo,Winnipeg,TRR,20573.66,1225,20573.66
6/12/2024,The Rec Room West Edmonton Mall,Edmonton,TRR,6761.19,440,6761.19
6/12/2024,The Rec Room Avalon Mall,St. John's,TRR,8666.14,816,8666.14
6/12/2024,Playdium Whitby,Whitby,PDM,9208.38,529,9208.38
6/12/2024,The Rec Room Park Place Barrie,Barrie,TRR,6003.94,381,6003.94
6/12/2024,Playdium Orion Gate,Brampton,PDM,2712.95,86,2712.95
6/12/2024,The Rec Room Roundhouse,Toronto,TRR,107366.64,5858,107366.64
6/12/2024,The Rec Room Square One,Mississauga,TRR,23234.93,1176,23234.93
6/12/2024,The Rec Room South Edmonton,Edmonton,TRR,10622.66,708,10622.66
6/12/2024,The Rec Room London Masonville,London,TRR,8824.52,367,8824.52
6/12/2024,The Rec Room Deerfoot,Calgary,TRR,45973.72,1990,45973.72
6/12/2024,Playdium Dartmouth,Dartmouth,PDM,4219.36,144,4219.36
6/13/2024,The Rec Room Park Place Barrie,Barrie,TRR,4723.67,327,4723.67
6/13/2024,The Rec Room Deerfoot,Calgary,TRR,32079.01,1348,32079.01
6/13/2024,The Rec Room London Masonville,London,TRR,7700.31,485,7700.31
6/13/2024,The Rec Room West Edmonton Mall,Edmonton,TRR,6237.23,359,6237.23
6/13/2024,The Rec Room Brentwood,Burnaby,TRR,26603.86,1432,26603.86
6/13/2024,The Rec Room Roundhouse,Toronto,TRR,106622.36,4414,106622.36
6/13/2024,Playdium Orion Gate,Brampton,PDM,8090.63,1063,8090.63
6/13/2024,The Rec Room Avalon Mall,St. John's,TRR,20048.28,1006,20048.28
6/13/2024,Playdium Whitby,Whitby,PDM,10231.62,968,10231.62
6/13/2024,The Rec Room Square One,Mississauga,TRR,18644.89,1224,18644.89
6/13/2024,Playdium Dartmouth,Dartmouth,PDM,4049.44,336,4049.44
6/13/2024,The Rec Room South Edmonton,Edmonton,TRR,9569.67,639,9569.67
6/13/2024,TRR Seasons of Tuxedo,Winnipeg,TRR,11460.03,716,11460.03
6/14/2024,The Rec Room Brentwood,Burnaby,TRR,25374.38,1380,25374.38
6/14/2024,TRR Seasons of Tuxedo,Winnipeg,TRR,26808.11,2072,26808.11
6/14/2024,The Rec Room Avalon Mall,St. John's,TRR,10453.63,832,10453.63
6/14/2024,Playdium Whitby,Whitby,PDM,19892.67,833,19892.67
6/14/2024,The Rec Room West Edmonton Mall,Edmonton,TRR,15653.26,962,15653.26
6/14/2024,The Rec Room Deerfoot,Calgary,TRR,25875.93,2220,25875.93
6/14/2024,Playdium Orion Gate,Brampton,PDM,8067.21,430,8067.21
6/14/2024,The Rec Room Roundhouse,Toronto,TRR,141756.56,8479,141756.56
6/14/2024,The Rec Room Park Place Barrie,Barrie,TRR,15215.1,1330,15215.1
6/14/2024,The Rec Room London Masonville,London,TRR,5662.89,485,5662.89
6/14/2024,The Rec Room South Edmonton,Edmonton,TRR,26772.02,2177,26772.02
6/14/2024,Playdium Dartmouth,Dartmouth,PDM,12341.18,488,12341.18
6/14/2024,The Rec Room Square One,Mississauga,TRR,19618.67,1483,19618.67
6/15/2024,The Rec Room Brentwood,Burnaby,TRR,76305.15,3841,76305.15
6/15/2024,The Rec Room South Edmonton,Edmonton,TRR,51159.02,3267,51159.02
6/15/2024,Playdium Dartmouth,Dartmouth,PDM,31724.09,1016,31724.09
6/15/2024,The Rec Room Square One,Mississauga,TRR,31097.2,1884,31097.2
6/15/2024,Playdium Orion Gate,Brampton,PDM,23047.56,992,23047.56
6/15/2024,TRR Seasons of Tuxedo,Winnipeg,TRR,52482.71,3015,52482.71
6/15/2024,The Rec Room Deerfoot,Calgary,TRR,46485.6,3074,46485.6
6/15/2024,The Rec Room Park Place Barrie,Barrie,TRR,27727.85,2048,27727.85
6/15/2024,The Rec Room Roundhouse,Toronto,TRR,110780.6,7502,110780.6
6/15/2024,The Rec Room West Edmonton Mall,Edmonton,TRR,34626.26,2043,34626.26
6/15/2024,The Rec Room Avalon Mall,St. John's,TRR,25442.67,1815,25442.67
6/15/2024,The Rec Room London Masonville,London,TRR,25458.39,1189,25458.39
6/15/2024,Playdium Whitby,Whitby,PDM,26367.9,1150,26367.9
6/16/2024,The Rec Room Avalon Mall,St. John's,TRR,17543.27,841,17543.27
6/16/2024,Playdium Dartmouth,Dartmouth,PDM,13352.65,460,13352.65
6/16/2024,The Rec Room Deerfoot,Calgary,TRR,88631.98,2461,88631.98
6/16/2024,Playdium Whitby,Whitby,PDM,16348.92,811,16348.92
6/16/2024,TRR Seasons of Tuxedo,Winnipeg,TRR,41175.96,1269,41175.96
6/16/2024,The Rec Room Brentwood,Burnaby,TRR,64177.61,2033,64177.61
6/16/2024,The Rec Room West Edmonton Mall,Edmonton,TRR,32113.95,1239,32113.95
6/16/2024,Playdium Orion Gate,Brampton,PDM,22495.39,940,22495.39
6/16/2024,The Rec Room Roundhouse,Toronto,TRR,72453.33,5453,72453.33
6/16/2024,The Rec Room South Edmonton,Edmonton,TRR,56165.56,1918,56165.56
6/16/2024,The Rec Room Park Place Barrie,Barrie,TRR,22635.03,821,22635.03
6/16/2024,The Rec Room Square One,Mississauga,TRR,26169.28,1261,26169.28
6/16/2024,The Rec Room London Masonville,London,TRR,15908.59,607,15908.59
6/17/2024,Playdium Orion Gate,Brampton,PDM,5788.86,274,5788.86
6/17/2024,The Rec Room Avalon Mall,St. John's,TRR,8979.04,662,8979.04
6/17/2024,The Rec Room London Masonville,London,TRR,14470.94,629,14470.94
6/17/2024,The Rec Room West Edmonton Mall,Edmonton,TRR,8543.05,640,8543.05
6/17/2024,The Rec Room Roundhouse,Toronto,TRR,45798.54,3321,45798.54
6/17/2024,Playdium Whitby,Whitby,PDM,7288.38,339,7288.38
6/17/2024,The Rec Room South Edmonton,Edmonton,TRR,11198.22,660,11198.22
6/17/2024,The Rec Room Park Place Barrie,Barrie,TRR,2979.96,-120,2979.96
6/17/2024,TRR Seasons of Tuxedo,Winnipeg,TRR,13398.53,893,13398.53
6/17/2024,The Rec Room Square One,Mississauga,TRR,17009.01,699,17009.01
6/17/2024,Playdium Dartmouth,Dartmouth,PDM,4325.31,171,4325.31
6/17/2024,The Rec Room Brentwood,Burnaby,TRR,24241.04,1749,24241.04
6/17/2024,The Rec Room Deerfoot,Calgary,TRR,16865.47,993,16865.47
6/18/2024,The Rec Room Deerfoot,Calgary,TRR,13171.92,808,13171.92
6/18/2024,The Rec Room Avalon Mall,St. John's,TRR,7600.35,477,7600.35
6/18/2024,TRR Seasons of Tuxedo,Winnipeg,TRR,13572.94,714,13572.94
6/18/2024,The Rec Room Park Place Barrie,Barrie,TRR,8547.28,540,8547.28
6/18/2024,The Rec Room Roundhouse,Toronto,TRR,66251.77,4001,66251.77
6/18/2024,The Rec Room Square One,Mississauga,TRR,14169.8,1263,14169.8
6/18/2024,The Rec Room Brentwood,Burnaby,TRR,36484,1129,36484
6/18/2024,Playdium Orion Gate,Brampton,PDM,4555.98,153,4555.98
6/18/2024,The Rec Room London Masonville,London,TRR,4805.96,232,4805.96
6/18/2024,The Rec Room South Edmonton,Edmonton,TRR,13989.25,867,13989.25
6/18/2024,The Rec Room West Edmonton Mall,Edmonton,TRR,8745.03,606,8745.03
6/18/2024,Playdium Whitby,Whitby,PDM,9880.45,584,9880.45
6/18/2024,Playdium Dartmouth,Dartmouth,PDM,4007.06,231,4007.06
6/19/2024,The Rec Room Roundhouse,Toronto,TRR,84482.07,6444,84482.07
6/19/2024,Playdium Whitby,Whitby,PDM,7092.09,487,7092.09
6/19/2024,Playdium Dartmouth,Dartmouth,PDM,3896.86,161,3896.86
6/19/2024,The Rec Room London Masonville,London,TRR,9104.07,470,9104.07
6/19/2024,The Rec Room Square One,Mississauga,TRR,40073.62,1418,40073.62
6/19/2024,The Rec Room West Edmonton Mall,Edmonton,TRR,5602.73,324,5602.73
6/19/2024,The Rec Room Park Place Barrie,Barrie,TRR,5649.7,1221,5649.7
6/19/2024,The Rec Room South Edmonton,Edmonton,TRR,9481.86,617,9481.86
6/19/2024,TRR Seasons of Tuxedo,Winnipeg,TRR,11895.59,678,11895.59
6/19/2024,The Rec Room Avalon Mall,St. John's,TRR,5391.85,536,5391.85
6/19/2024,Playdium Orion Gate,Brampton,PDM,5381.86,283,5381.86
6/19/2024,The Rec Room Deerfoot,Calgary,TRR,23195.49,1258,23195.49
6/19/2024,The Rec Room Brentwood,Burnaby,TRR,41117.22,1656,41117.22
6/20/2024,Playdium Orion Gate,Brampton,PDM,8580.34,1804,8580.34
6/20/2024,The Rec Room Avalon Mall,St. John's,TRR,11036.35,785,11036.35
6/20/2024,The Rec Room London Masonville,London,TRR,8698.38,328,8698.38
6/20/2024,The Rec Room Park Place Barrie,Barrie,TRR,89105.56,4825,89105.56
6/20/2024,The Rec Room Roundhouse,Toronto,TRR,90390.97,5370,90390.97
6/20/2024,The Rec Room Deerfoot,Calgary,TRR,20687.87,1038,20687.87
6/20/2024,TRR Seasons of Tuxedo,Winnipeg,TRR,17712.83,955,17712.83
6/20/2024,The Rec Room Brentwood,Burnaby,TRR,12947.71,593,12947.71
6/20/2024,The Rec Room Square One,Mississauga,TRR,16543.54,1039,16543.54
6/20/2024,Playdium Whitby,Whitby,PDM,11921.43,971,11921.43
6/20/2024,The Rec Room West Edmonton Mall,Edmonton,TRR,12374.93,816,12374.93
6/20/2024,The Rec Room South Edmonton,Edmonton,TRR,12233.24,786,12233.24
6/20/2024,Playdium Dartmouth,Dartmouth,PDM,4848.23,214,4848.23
6/21/2024,The Rec Room Deerfoot,Calgary,TRR,37169.44,2646,37169.44
6/21/2024,The Rec Room Park Place Barrie,Barrie,TRR,18533,1506,18533
6/21/2024,The Rec Room West Edmonton Mall,Edmonton,TRR,14133.56,1234,14133.56
6/21/2024,The Rec Room Brentwood,Burnaby,TRR,27052.79,1823,27052.79
6/21/2024,The Rec Room Roundhouse,Toronto,TRR,58988.47,4373,58988.47
6/21/2024,The Rec Room London Masonville,London,TRR,7067.12,584,7067.12
6/21/2024,Playdium Whitby,Whitby,PDM,15891.72,620,15891.72
6/21/2024,Playdium Dartmouth,Dartmouth,PDM,6110.39,380,6110.39
6/21/2024,The Rec Room Square One,Mississauga,TRR,28954.89,1973,28954.89
6/21/2024,TRR Seasons of Tuxedo,Winnipeg,TRR,24354.33,1537,24354.33
6/21/2024,The Rec Room Avalon Mall,St. John's,TRR,15329.66,956,15329.66
6/21/2024,Playdium Orion Gate,Brampton,PDM,23516.33,1079,23516.33
6/21/2024,The Rec Room South Edmonton,Edmonton,TRR,27436.99,2252,27436.99
6/22/2024,The Rec Room West Edmonton Mall,Edmonton,TRR,30012.61,1799,30012.61
6/22/2024,The Rec Room Square One,Mississauga,TRR,49830.43,2773,49830.43
6/22/2024,Playdium Dartmouth,Dartmouth,PDM,27856.3,1281,27856.3
6/22/2024,Playdium Orion Gate,Brampton,PDM,32336.96,1368,32336.96
6/22/2024,The Rec Room London Masonville,London,TRR,30665.76,1070,30665.76
6/22/2024,The Rec Room South Edmonton,Edmonton,TRR,43740.34,2802,43740.34
6/22/2024,The Rec Room Avalon Mall,St. John's,TRR,15244.47,911,15244.47
6/22/2024,Playdium Whitby,Whitby,PDM,41053.47,1786,41053.47
6/22/2024,The Rec Room Roundhouse,Toronto,TRR,85245.5,9158,85245.5
6/22/2024,TRR Seasons of Tuxedo,Winnipeg,TRR,51374.76,3182,51374.76
6/22/2024,The Rec Room Deerfoot,Calgary,TRR,43000.18,2718,43000.18
6/22/2024,The Rec Room Park Place Barrie,Barrie,TRR,54978.68,3490,54978.68
6/22/2024,The Rec Room Brentwood,Burnaby,TRR,53575.69,3006,53575.69
6/23/2024,The Rec Room South Edmonton,Edmonton,TRR,64852.6,1636,64852.6
6/23/2024,Playdium Orion Gate,Brampton,PDM,27378.66,1278,27378.66
6/23/2024,Playdium Dartmouth,Dartmouth,PDM,24163.66,954,24163.66
6/23/2024,Playdium Whitby,Whitby,PDM,28073.18,1297,28073.18
6/23/2024,The Rec Room Brentwood,Burnaby,TRR,41316.81,1428,41316.81
6/23/2024,The Rec Room Avalon Mall,St. John's,TRR,11645.13,446,11645.13
6/23/2024,The Rec Room Roundhouse,Toronto,TRR,77960.41,4929,77960.41
6/23/2024,The Rec Room West Edmonton Mall,Edmonton,TRR,17144.82,598,17144.82
6/23/2024,The Rec Room Park Place Barrie,Barrie,TRR,31886.86,1322,31886.86
6/23/2024,TRR Seasons of Tuxedo,Winnipeg,TRR,42995.77,1823,42995.77
6/23/2024,The Rec Room London Masonville,London,TRR,18599.42,779,18599.42
6/23/2024,The Rec Room Deerfoot,Calgary,TRR,44225.89,1778,44225.89
6/23/2024,The Rec Room Square One,Mississauga,TRR,36822.47,1373,36822.47
6/24/2024,Playdium Orion Gate,Brampton,PDM,6440.47,352,6440.47
6/24/2024,The Rec Room London Masonville,London,TRR,5895.47,407,5895.47
6/24/2024,The Rec Room Square One,Mississauga,TRR,10854.81,580,10854.81
6/24/2024,The Rec Room South Edmonton,Edmonton,TRR,28938.44,2716,28938.44
6/24/2024,Playdium Whitby,Whitby,PDM,9836.13,571,9836.13
6/24/2024,The Rec Room West Edmonton Mall,Edmonton,TRR,17241.38,1581,17241.38
6/24/2024,Playdium Dartmouth,Dartmouth,PDM,4993.27,165,4993.27
6/24/2024,TRR Seasons of Tuxedo,Winnipeg,TRR,15680.85,1220,15680.85
6/24/2024,The Rec Room Roundhouse,Toronto,TRR,46303.74,3079,46303.74
6/24/2024,The Rec Room Park Place Barrie,Barrie,TRR,8668.85,728,8668.85
6/24/2024,The Rec Room Brentwood,Burnaby,TRR,19395.25,1614,19395.25
6/24/2024,The Rec Room Avalon Mall,St. John's,TRR,17682.6,998,17682.6
6/24/2024,The Rec Room Deerfoot,Calgary,TRR,28904.12,2670,28904.12
6/25/2024,The Rec Room Roundhouse,Toronto,TRR,386966.41,32001,386966.41
6/25/2024,The Rec Room Park Place Barrie,Barrie,TRR,6951.45,414,6951.45
6/25/2024,The Rec Room London Masonville,London,TRR,8047.47,339,8047.47
6/25/2024,TRR Seasons of Tuxedo,Winnipeg,TRR,9752.49,748,9752.49
6/25/2024,The Rec Room Avalon Mall,St. John's,TRR,20476.37,1123,20476.37
6/25/2024,The Rec Room West Edmonton Mall,Edmonton,TRR,7152.56,415,7152.56
6/25/2024,Playdium Orion Gate,Brampton,PDM,5141.22,261,5141.22
6/25/2024,The Rec Room Deerfoot,Calgary,TRR,19024.53,1047,19024.53
6/25/2024,The Rec Room South Edmonton,Edmonton,TRR,17484.03,1049,17484.03
6/25/2024,The Rec Room Square One,Mississauga,TRR,21626.72,1159,21626.72
6/25/2024,The Rec Room Brentwood,Burnaby,TRR,12961.58,588,12961.58
6/25/2024,Playdium Dartmouth,Dartmouth,PDM,12639.62,615,12639.62
6/25/2024,Playdium Whitby,Whitby,PDM,13388.17,862,13388.17
6/26/2024,The Rec Room West Edmonton Mall,Edmonton,TRR,11611.7,1426,11611.7
6/26/2024,The Rec Room Avalon Mall,St. John's,TRR,12720.49,669,12720.49
6/26/2024,Playdium Orion Gate,Brampton,PDM,11956.24,675,11956.24
6/26/2024,The Rec Room Park Place Barrie,Barrie,TRR,10312.23,563,10312.23
6/26/2024,The Rec Room South Edmonton,Edmonton,TRR,19552.94,1148,19552.94
6/26/2024,Playdium Dartmouth,Dartmouth,PDM,5540.39,197,5540.39
6/26/2024,The Rec Room Square One,Mississauga,TRR,12339.35,936,12339.35
6/26/2024,The Rec Room Deerfoot,Calgary,TRR,30408.79,1583,30408.79
6/26/2024,Playdium Whitby,Whitby,PDM,13683.8,566,13683.8
6/26/2024,The Rec Room London Masonville,London,TRR,10403.01,415,10403.01
6/26/2024,TRR Seasons of Tuxedo,Winnipeg,TRR,24452.52,988,24452.52
6/26/2024,The Rec Room Brentwood,Burnaby,TRR,23864.08,1755,23864.08
6/26/2024,The Rec Room Roundhouse,Toronto,TRR,75104.58,4158,75104.58
6/27/2024,The Rec Room Deerfoot,Calgary,TRR,34991.02,1777,34991.02
6/27/2024,The Rec Room Square One,Mississauga,TRR,39085.93,1570,39085.93
6/27/2024,Playdium Dartmouth,Dartmouth,PDM,16089.46,664,16089.46
6/27/2024,The Rec Room Avalon Mall,St. John's,TRR,12670.98,1019,12670.98
6/27/2024,The Rec Room Roundhouse,Toronto,TRR,62746.93,4886,62746.93
6/27/2024,The Rec Room Park Place Barrie,Barrie,TRR,13436.49,852,13436.49
6/27/2024,The Rec Room South Edmonton,Edmonton,TRR,33476.36,1473,33476.36
6/27/2024,Playdium Whitby,Whitby,PDM,6648.41,577,6648.41
6/27/2024,The Rec Room West Edmonton Mall,Edmonton,TRR,16885.81,809,16885.81
6/27/2024,Playdium Orion Gate,Brampton,PDM,15263.65,781,15263.65
6/27/2024,TRR Seasons of Tuxedo,Winnipeg,TRR,24986.56,1340,24986.56
6/27/2024,The Rec Room London Masonville,London,TRR,12665.33,650,12665.33
6/27/2024,The Rec Room Brentwood,Burnaby,TRR,67718.5,2526,67718.5
6/28/2024,TRR Seasons of Tuxedo,Winnipeg,TRR,31363.67,2210,31363.67
6/28/2024,The Rec Room West Edmonton Mall,Edmonton,TRR,14388.73,897,14388.73
6/28/2024,Playdium Whitby,Whitby,PDM,20121.21,802,20121.21
6/28/2024,The Rec Room London Masonville,London,TRR,22601.21,1134,22601.21
6/28/2024,The Rec Room Deerfoot,Calgary,TRR,26459.63,2138,26459.63
6/28/2024,The Rec Room Avalon Mall,St. John's,TRR,30721.93,1798,30721.93
6/28/2024,The Rec Room Park Place Barrie,Barrie,TRR,17483.16,1284,17483.16
6/28/2024,The Rec Room Brentwood,Burnaby,TRR,32422.8,2176,32422.8
6/28/2024,Playdium Dartmouth,Dartmouth,PDM,15107.71,511,15107.71
6/28/2024,Playdium Orion Gate,Brampton,PDM,12735.21,584,12735.21
6/28/2024,The Rec Room Roundhouse,Toronto,TRR,80688.85,6103,80688.85
6/28/2024,The Rec Room Square One,Mississauga,TRR,30813.79,1822,30813.79
6/28/2024,The Rec Room South Edmonton,Edmonton,TRR,25345.84,2029,25345.84
6/29/2024,Playdium Whitby,Whitby,PDM,46328.32,1524,46328.32
6/29/2024,The Rec Room Roundhouse,Toronto,TRR,116643.89,8186,116643.89
6/29/2024,Playdium Orion Gate,Brampton,PDM,34049.43,1462,34049.43
6/29/2024,The Rec Room Avalon Mall,St. John's,TRR,17645.8,998,17645.8
6/29/2024,The Rec Room Park Place Barrie,Barrie,TRR,35561.21,2266,35561.21
6/29/2024,The Rec Room London Masonville,London,TRR,30183.92,1385,30183.92
6/29/2024,The Rec Room Deerfoot,Calgary,TRR,48371.91,2827,48371.91
6/29/2024,The Rec Room West Edmonton Mall,Edmonton,TRR,29438.37,1407,29438.37
6/29/2024,The Rec Room Brentwood,Burnaby,TRR,50421.13,2401,50421.13
6/29/2024,TRR Seasons of Tuxedo,Winnipeg,TRR,42684.89,1808,42684.89
6/29/2024,Playdium Dartmouth,Dartmouth,PDM,20969.17,855,20969.17
6/29/2024,The Rec Room Square One,Mississauga,TRR,41334.89,2329,41334.89
6/29/2024,The Rec Room South Edmonton,Edmonton,TRR,44634.25,2640,44634.25
6/30/2024,The Rec Room South Edmonton,Edmonton,TRR,53059.5,1593,53059.5
6/30/2024,The Rec Room Brentwood,Burnaby,TRR,52239.03,1789,52239.03
6/30/2024,The Rec Room Roundhouse,Toronto,TRR,121651.76,6946,121651.76
6/30/2024,The Rec Room Deerfoot,Calgary,TRR,88417.37,3045,88417.37
6/30/2024,The Rec Room Park Place Barrie,Barrie,TRR,32320.06,1133,32320.06
6/30/2024,Playdium Orion Gate,Brampton,PDM,28244.62,921,28244.62
6/30/2024,The Rec Room London Masonville,London,TRR,14227.31,716,14227.31
6/30/2024,The Rec Room Square One,Mississauga,TRR,42049.6,1430,42049.6
6/30/2024,Playdium Dartmouth,Dartmouth,PDM,33747.87,1028,33747.87
6/30/2024,Playdium Whitby,Whitby,PDM,20967.54,682,20967.54
6/30/2024,The Rec Room Avalon Mall,St. John's,TRR,20118.92,1038,20118.92
6/30/2024,TRR Seasons of Tuxedo,Winnipeg,TRR,27354.92,1089,27354.92
6/30/2024,The Rec Room West Edmonton Mall,Edmonton,TRR,33488.14,1360,33488.14
7/1/2024,The Rec Room Roundhouse,Toronto,TRR,69053.65,4869,69053.65
7/1/2024,Playdium Orion Gate,Brampton,PDM,13453.82,481,13453.82
7/1/2024,The Rec Room South Edmonton,Edmonton,TRR,26327.72,1075,26327.72
7/1/2024,The Rec Room Park Place Barrie,Barrie,TRR,6518.81,402,6518.81
7/1/2024,The Rec Room London Masonville,London,TRR,13024.46,193,13024.46
7/1/2024,The Rec Room West Edmonton Mall,Edmonton,TRR,14935.12,629,14935.12
7/1/2024,Playdium Whitby,Whitby,PDM,12698.71,431,12698.71
7/1/2024,The Rec Room Avalon Mall,St. John's,TRR,19099.11,999,19099.11
7/1/2024,Playdium Dartmouth,Dartmouth,PDM,16260.07,552,16260.07
7/1/2024,The Rec Room Deerfoot,Calgary,TRR,44472.43,2098,44472.43
7/1/2024,The Rec Room Square One,Mississauga,TRR,16344.05,841,16344.05
7/1/2024,TRR Seasons of Tuxedo,Winnipeg,TRR,52471.36,1704,52471.36
7/1/2024,The Rec Room Brentwood,Burnaby,TRR,17521.21,738,17521.21
7/2/2024,The Rec Room Deerfoot,Calgary,TRR,20538.32,1003,20538.32
7/2/2024,The Rec Room Avalon Mall,St. John's,TRR,20456.85,1090,20456.85
7/2/2024,Playdium Whitby,Whitby,PDM,7090.35,250,7090.35
7/2/2024,TRR Seasons of Tuxedo,Winnipeg,TRR,24228.14,1194,24228.14
7/2/2024,The Rec Room London Masonville,London,TRR,8675.14,377,8675.14
7/2/2024,Playdium Dartmouth,Dartmouth,PDM,7752.52,275,7752.52
7/2/2024,The Rec Room Square One,Mississauga,TRR,11963.02,516,11963.02
7/2/2024,Playdium Orion Gate,Brampton,PDM,8785.9,272,8785.9
7/2/2024,The Rec Room Roundhouse,Toronto,TRR,54394.17,4127,54394.17
7/2/2024,The Rec Room South Edmonton,Edmonton,TRR,17335.88,1005,17335.88
7/2/2024,The Rec Room Park Place Barrie,Barrie,TRR,6658.7,451,6658.7
7/2/2024,The Rec Room Brentwood,Burnaby,TRR,14655.48,778,14655.48
7/2/2024,The Rec Room West Edmonton Mall,Edmonton,TRR,11856.88,615,11856.88
7/3/2024,Playdium Dartmouth,Dartmouth,PDM,6400.15,197,6400.15
7/3/2024,TRR Seasons of Tuxedo,Winnipeg,TRR,18706.52,865,18706.52
7/3/2024,The Rec Room Square One,Mississauga,TRR,11157.09,486,11157.09
7/3/2024,The Rec Room Avalon Mall,St. John's,TRR,12586.61,715,12586.61
7/3/2024,The Rec Room South Edmonton,Edmonton,TRR,17962.53,788,17962.53
7/3/2024,The Rec Room Roundhouse,Toronto,TRR,68569.64,4955,68569.64
7/3/2024,The Rec Room Deerfoot,Calgary,TRR,28630,1534,28630
7/3/2024,The Rec Room Brentwood,Burnaby,TRR,13057.9,690,13057.9
7/3/2024,The Rec Room West Edmonton Mall,Edmonton,TRR,13903.32,711,13903.32
7/3/2024,The Rec Room Park Place Barrie,Barrie,TRR,10034.79,615,10034.79
7/3/2024,The Rec Room London Masonville,London,TRR,7681.92,361,7681.92
7/3/2024,Playdium Whitby,Whitby,PDM,11241.54,405,11241.54
7/3/2024,Playdium Orion Gate,Brampton,PDM,8217.29,430,8217.29
7/4/2024,The Rec Room Park Place Barrie,Barrie,TRR,13243.7,912,13243.7
7/4/2024,The Rec Room Roundhouse,Toronto,TRR,82527.16,5835,82527.16
7/4/2024,The Rec Room Brentwood,Burnaby,TRR,14976.29,777,14976.29
7/4/2024,The Rec Room London Masonville,London,TRR,9603.01,418,9603.01
7/4/2024,Playdium Orion Gate,Brampton,PDM,8524.18,405,8524.18
7/4/2024,The Rec Room Avalon Mall,St. John's,TRR,12641.16,663,12641.16
7/4/2024,The Rec Room Square One,Mississauga,TRR,16335.77,697,16335.77
7/4/2024,The Rec Room South Edmonton,Edmonton,TRR,14153.48,639,14153.48
7/4/2024,The Rec Room Deerfoot,Calgary,TRR,17384.36,755,17384.36
7/4/2024,Playdium Whitby,Whitby,PDM,9537.23,732,9537.23
7/4/2024,Playdium Dartmouth,Dartmouth,PDM,9290.52,348,9290.52
7/4/2024,The Rec Room West Edmonton Mall,Edmonton,TRR,20138.31,1200,20138.31
7/4/2024,TRR Seasons of Tuxedo,Winnipeg,TRR,22174.15,1077,22174.15
7/5/2024,The Rec Room West Edmonton Mall,Edmonton,TRR,20283.21,1497,20283.21
7/5/2024,The Rec Room Square One,Mississauga,TRR,21906.49,1829,21906.49
7/5/2024,The Rec Room Brentwood,Burnaby,TRR,21090.82,1471,21090.82
7/5/2024,The Rec Room Park Place Barrie,Barrie,TRR,15470.16,1130,15470.16
7/5/2024,The Rec Room Deerfoot,Calgary,TRR,14438.59,1168,14438.59
7/5/2024,The Rec Room South Edmonton,Edmonton,TRR,15154.9,1441,15154.9
7/5/2024,Playdium Orion Gate,Brampton,PDM,16688.43,639,16688.43
7/5/2024,Playdium Dartmouth,Dartmouth,PDM,20531.22,650,20531.22
7/5/2024,TRR Seasons of Tuxedo,Winnipeg,TRR,19623.36,1124,19623.36
7/5/2024,The Rec Room Roundhouse,Toronto,TRR,79893.04,5747,79893.04
7/5/2024,Playdium Whitby,Whitby,PDM,19066.38,697,19066.38
7/5/2024,The Rec Room London Masonville,London,TRR,8349.88,704,8349.88
7/5/2024,The Rec Room Avalon Mall,St. John's,TRR,17589.8,984,17589.8
7/6/2024,The Rec Room Park Place Barrie,Barrie,TRR,30719.59,1938,30719.59
7/6/2024,The Rec Room Brentwood,Burnaby,TRR,38871.97,1983,38871.97
7/6/2024,The Rec Room Roundhouse,Toronto,TRR,110725.95,5945,110725.95
7/6/2024,TRR Seasons of Tuxedo,Winnipeg,TRR,36427.01,1995,36427.01
7/6/2024,Playdium Dartmouth,Dartmouth,PDM,30830.87,1380,30830.87
7/6/2024,The Rec Room South Edmonton,Edmonton,TRR,48999.84,2525,48999.84
7/6/2024,The Rec Room Avalon Mall,St. John's,TRR,16704.72,1020,16704.72
7/6/2024,The Rec Room London Masonville,London,TRR,14661.48,694,14661.48
7/6/2024,The Rec Room Deerfoot,Calgary,TRR,30244.6,1753,30244.6
7/6/2024,Playdium Whitby,Whitby,PDM,34560.3,1417,34560.3
7/6/2024,The Rec Room West Edmonton Mall,Edmonton,TRR,22218.34,1132,22218.34
7/6/2024,Playdium Orion Gate,Brampton,PDM,28738.47,958,28738.47
7/6/2024,The Rec Room Square One,Mississauga,TRR,35165.7,1703,35165.7
7/7/2024,Playdium Orion Gate,Brampton,PDM,15025.2,494,15025.2
7/7/2024,The Rec Room Avalon Mall,St. John's,TRR,23320.66,1061,23320.66
7/7/2024,The Rec Room South Edmonton,Edmonton,TRR,38572.48,1075,38572.48
7/7/2024,Playdium Whitby,Whitby,PDM,18977.87,799,18977.87
7/7/2024,Playdium Dartmouth,Dartmouth,PDM,26222.01,641,26222.01
7/7/2024,The Rec Room Park Place Barrie,Barrie,TRR,15912.7,673,15912.7
7/7/2024,The Rec Room Brentwood,Burnaby,TRR,39870.11,1268,39870.11
7/7/2024,The Rec Room West Edmonton Mall,Edmonton,TRR,20066.94,631,20066.94
7/7/2024,The Rec Room Square One,Mississauga,TRR,24365.88,985,24365.88
7/7/2024,The Rec Room Roundhouse,Toronto,TRR,231250.22,4222,231250.22
7/7/2024,The Rec Room London Masonville,London,TRR,20434.75,324,20434.75
7/7/2024,The Rec Room Deerfoot,Calgary,TRR,40012.09,1031,40012.09
7/7/2024,TRR Seasons of Tuxedo,Winnipeg,TRR,28515.23,1241,28515.23
7/8/2024,Playdium Whitby,Whitby,PDM,10042.99,372,10042.99
7/8/2024,The Rec Room South Edmonton,Edmonton,TRR,13766.12,666,13766.12
7/8/2024,Playdium Dartmouth,Dartmouth,PDM,6856.31,267,6856.31
7/8/2024,Playdium Orion Gate,Brampton,PDM,8489.41,343,8489.41
7/8/2024,The Rec Room London Masonville,London,TRR,6867.19,349,6867.19
7/8/2024,The Rec Room West Edmonton Mall,Edmonton,TRR,11014.47,499,11014.47
7/8/2024,The Rec Room Square One,Mississauga,TRR,13508.74,616,13508.74
7/8/2024,The Rec Room Park Place Barrie,Barrie,TRR,8786.02,566,8786.02
7/8/2024,The Rec Room Deerfoot,Calgary,TRR,16040.47,796,16040.47
7/8/2024,The Rec Room Roundhouse,Toronto,TRR,34152.91,2684,34152.91
7/8/2024,The Rec Room Avalon Mall,St. John's,TRR,9261.17,614,9261.17
7/8/2024,The Rec Room Brentwood,Burnaby,TRR,13573.68,880,13573.68
7/8/2024,TRR Seasons of Tuxedo,Winnipeg,TRR,27338.22,990,27338.22
7/9/2024,The Rec Room Avalon Mall,St. John's,TRR,10084.45,567,10084.45
7/9/2024,Playdium Whitby,Whitby,PDM,11801.43,462,11801.43
7/9/2024,The Rec Room South Edmonton,Edmonton,TRR,16455.3,792,16455.3
7/9/2024,Playdium Orion Gate,Brampton,PDM,10383.79,283,10383.79
7/9/2024,Playdium Dartmouth,Dartmouth,PDM,7493.83,287,7493.83
7/9/2024,The Rec Room Deerfoot,Calgary,TRR,18261.84,778,18261.84
7/9/2024,The Rec Room West Edmonton Mall,Edmonton,TRR,10382.75,397,10382.75
7/9/2024,The Rec Room Roundhouse,Toronto,TRR,93452.97,3093,93452.97
7/9/2024,The Rec Room Square One,Mississauga,TRR,18267.94,1010,18267.94
7/9/2024,The Rec Room Brentwood,Burnaby,TRR,15872.98,815,15872.98
7/9/2024,TRR Seasons of Tuxedo,Winnipeg,TRR,15305.85,1005,15305.85
7/9/2024,The Rec Room Park Place Barrie,Barrie,TRR,8804.74,558,8804.74
7/9/2024,The Rec Room London Masonville,London,TRR,8888.9,469,8888.9
7/10/2024,The Rec Room Roundhouse,Toronto,TRR,81239.58,4633,81239.58
7/10/2024,Playdium Whitby,Whitby,PDM,19898,774,19898
7/10/2024,The Rec Room London Masonville,London,TRR,15966.38,775,15966.38
7/10/2024,The Rec Room Square One,Mississauga,TRR,31831.48,1584,31831.48
7/10/2024,Playdium Dartmouth,Dartmouth,PDM,9246.46,343,9246.46
7/10/2024,The Rec Room West Edmonton Mall,Edmonton,TRR,15922.66,808,15922.66
7/10/2024,Playdium Orion Gate,Brampton,PDM,14065.91,606,14065.91
7/10/2024,The Rec Room South Edmonton,Edmonton,TRR,19965.86,1021,19965.86
7/10/2024,The Rec Room Avalon Mall,St. John's,TRR,10845.57,600,10845.57
7/10/2024,The Rec Room Deerfoot,Calgary,TRR,22421.69,1109,22421.69
7/10/2024,The Rec Room Brentwood,Burnaby,TRR,18550.82,818,18550.82
7/10/2024,The Rec Room Park Place Barrie,Barrie,TRR,13260.13,1208,13260.13
7/10/2024,TRR Seasons of Tuxedo,Winnipeg,TRR,21895.82,920,21895.82
7/11/2024,The Rec Room West Edmonton Mall,Edmonton,TRR,15065.47,660,15065.47
7/11/2024,The Rec Room Roundhouse,Toronto,TRR,44607.04,3241,44607.04
7/11/2024,The Rec Room London Masonville,London,TRR,9008.42,348,9008.42
7/11/2024,The Rec Room Park Place Barrie,Barrie,TRR,15029.15,873,15029.15
7/11/2024,The Rec Room Brentwood,Burnaby,TRR,19245.51,861,19245.51
7/11/2024,Playdium Dartmouth,Dartmouth,PDM,11656.8,402,11656.8
7/11/2024,The Rec Room Square One,Mississauga,TRR,18734.23,1072,18734.23
7/11/2024,The Rec Room Deerfoot,Calgary,TRR,21949.54,948,21949.54
7/11/2024,Playdium Whitby,Whitby,PDM,15097.87,772,15097.87
7/11/2024,Playdium Orion Gate,Brampton,PDM,12879.12,611,12879.12
7/11/2024,The Rec Room Avalon Mall,St. John's,TRR,14469.9,773,14469.9
7/11/2024,The Rec Room South Edmonton,Edmonton,TRR,20178.17,1091,20178.17
7/11/2024,TRR Seasons of Tuxedo,Winnipeg,TRR,15143.19,652,15143.19
7/12/2024,The Rec Room Avalon Mall,St. John's,TRR,18231.08,1208,18231.08
7/12/2024,The Rec Room Park Place Barrie,Barrie,TRR,12001.43,1028,12001.43
7/12/2024,The Rec Room Brentwood,Burnaby,TRR,28948.08,1905,28948.08
7/12/2024,The Rec Room London Masonville,London,TRR,10900.59,968,10900.59
7/12/2024,The Rec Room South Edmonton,Edmonton,TRR,32392.99,1812,32392.99
7/12/2024,The Rec Room Roundhouse,Toronto,TRR,64180.19,4144,64180.19
7/12/2024,The Rec Room West Edmonton Mall,Edmonton,TRR,12066.67,856,12066.67
7/12/2024,Playdium Whitby,Whitby,PDM,15270.48,564,15270.48
7/12/2024,The Rec Room Deerfoot,Calgary,TRR,17355.12,1489,17355.12
7/12/2024,Playdium Dartmouth,Dartmouth,PDM,11350.61,424,11350.61
7/12/2024,The Rec Room Square One,Mississauga,TRR,28267.3,1565,28267.3
7/12/2024,Playdium Orion Gate,Brampton,PDM,15436.69,526,15436.69
7/12/2024,TRR Seasons of Tuxedo,Winnipeg,TRR,17488.95,1011,17488.95
7/13/2024,The Rec Room Roundhouse,Toronto,TRR,93300.15,6788,93300.15
7/13/2024,The Rec Room Park Place Barrie,Barrie,TRR,27781,1515,27781
7/13/2024,The Rec Room West Edmonton Mall,Edmonton,TRR,34736.68,1839,34736.68
7/13/2024,The Rec Room Avalon Mall,St. John's,TRR,15452.97,860,15452.97
7/13/2024,The Rec Room London Masonville,London,TRR,24447.58,1491,24447.58
7/13/2024,The Rec Room Brentwood,Burnaby,TRR,43966.38,2287,43966.38
7/13/2024,The Rec Room Deerfoot,Calgary,TRR,39538.92,1942,39538.92
7/13/2024,The Rec Room South Edmonton,Edmonton,TRR,36094.35,2804,36094.35
7/13/2024,Playdium Whitby,Whitby,PDM,28513.72,1041,28513.72
7/13/2024,Playdium Dartmouth,Dartmouth,PDM,20157.21,889,20157.21
7/13/2024,Playdium Orion Gate,Brampton,PDM,23526.17,892,23526.17
7/13/2024,The Rec Room Square One,Mississauga,TRR,35071.81,1810,35071.81
7/13/2024,TRR Seasons of Tuxedo,Winnipeg,TRR,36530.3,1937,36530.3
7/14/2024,The Rec Room Brentwood,Burnaby,TRR,48380.85,1774,48380.85
7/14/2024,Playdium Orion Gate,Brampton,PDM,21098.01,645,21098.01
7/14/2024,The Rec Room London Masonville,London,TRR,27627.93,804,27627.93
7/14/2024,The Rec Room Park Place Barrie,Barrie,TRR,27561.56,933,27561.56
7/14/2024,The Rec Room West Edmonton Mall,Edmonton,TRR,29118.21,888,29118.21
7/14/2024,Playdium Whitby,Whitby,PDM,21772.07,832,21772.07
7/14/2024,The Rec Room South Edmonton,Edmonton,TRR,49237.43,1581,49237.43
7/14/2024,The Rec Room Square One,Mississauga,TRR,34285.98,1757,34285.98
7/14/2024,The Rec Room Roundhouse,Toronto,TRR,77863.21,4905,77863.21
7/14/2024,Playdium Dartmouth,Dartmouth,PDM,20149.83,530,20149.83
7/14/2024,The Rec Room Deerfoot,Calgary,TRR,42810.91,1271,42810.91
7/14/2024,TRR Seasons of Tuxedo,Winnipeg,TRR,27898.75,1120,27898.75
7/14/2024,The Rec Room Avalon Mall,St. John's,TRR,17643.61,766,17643.61
7/15/2024,The Rec Room South Edmonton,Edmonton,TRR,19774.53,1114,19774.53
7/15/2024,Playdium Orion Gate,Brampton,PDM,13367.25,622,13367.25
7/15/2024,TRR Seasons of Tuxedo,Winnipeg,TRR,30983.78,1194,30983.78
7/15/2024,The Rec Room Deerfoot,Calgary,TRR,20233.54,1065,20233.54
7/15/2024,Playdium Dartmouth,Dartmouth,PDM,8118.6,271,8118.6
7/15/2024,The Rec Room Square One,Mississauga,TRR,26286.35,841,26286.35
7/15/2024,The Rec Room London Masonville,London,TRR,12548.42,503,12548.42
7/15/2024,Playdium Whitby,Whitby,PDM,16456.56,625,16456.56
7/15/2024,The Rec Room Avalon Mall,St. John's,TRR,12583.46,836,12583.46
7/15/2024,The Rec Room West Edmonton Mall,Edmonton,TRR,14664.43,718,14664.43
7/15/2024,The Rec Room Roundhouse,Toronto,TRR,47600.72,3609,47600.72
7/15/2024,The Rec Room Park Place Barrie,Barrie,TRR,12444.25,687,12444.25
7/15/2024,The Rec Room Brentwood,Burnaby,TRR,15166.23,1107,15166.23
7/16/2024,The Rec Room London Masonville,London,TRR,16443.51,609,16443.51
7/16/2024,The Rec Room South Edmonton,Edmonton,TRR,18203.38,951,18203.38
7/16/2024,The Rec Room Deerfoot,Calgary,TRR,22219.75,1007,22219.75
7/16/2024,The Rec Room Square One,Mississauga,TRR,18481.05,1148,18481.05
7/16/2024,Playdium Orion Gate,Brampton,PDM,14261.37,526,14261.37
7/16/2024,Playdium Dartmouth,Dartmouth,PDM,12956.67,409,12956.67
7/16/2024,The Rec Room West Edmonton Mall,Edmonton,TRR,13546.36,600,13546.36
7/16/2024,The Rec Room Park Place Barrie,Barrie,TRR,18387.73,1046,18387.73
7/16/2024,The Rec Room Brentwood,Burnaby,TRR,21152.15,980,21152.15
7/16/2024,The Rec Room Roundhouse,Toronto,TRR,33091.88,1729,33091.88
7/16/2024,TRR Seasons of Tuxedo,Winnipeg,TRR,20913.02,987,20913.02
7/16/2024,The Rec Room Avalon Mall,St. John's,TRR,12837.54,663,12837.54
7/16/2024,Playdium Whitby,Whitby,PDM,17122.73,646,17122.73
7/17/2024,The Rec Room Brentwood,Burnaby,TRR,16917.83,849,16917.83
7/17/2024,The Rec Room Square One,Mississauga,TRR,27364.39,1081,27364.39
7/17/2024,TRR Seasons of Tuxedo,Winnipeg,TRR,16619.5,1061,16619.5
7/17/2024,Playdium Orion Gate,Brampton,PDM,17126.62,840,17126.62
7/17/2024,The Rec Room Roundhouse,Toronto,TRR,77138.91,4936,77138.91
7/17/2024,The Rec Room South Edmonton,Edmonton,TRR,16340.57,781,16340.57
7/17/2024,The Rec Room Deerfoot,Calgary,TRR,21820.52,1167,21820.52
7/17/2024,The Rec Room West Edmonton Mall,Edmonton,TRR,13030.59,519,13030.59
7/17/2024,Playdium Dartmouth,Dartmouth,PDM,13971.54,641,13971.54
7/17/2024,The Rec Room Avalon Mall,St. John's,TRR,15404.95,826,15404.95
7/17/2024,Playdium Whitby,Whitby,PDM,13543.43,499,13543.43
7/17/2024,The Rec Room London Masonville,London,TRR,10615.89,426,10615.89
7/17/2024,The Rec Room Park Place Barrie,Barrie,TRR,9664.42,485,9664.42
7/18/2024,The Rec Room London Masonville,London,TRR,9785.28,428,9785.28
7/18/2024,The Rec Room South Edmonton,Edmonton,TRR,20577.28,1186,20577.28
7/18/2024,The Rec Room Square One,Mississauga,TRR,30237.58,1678,30237.58
7/18/2024,Playdium Orion Gate,Brampton,PDM,12897.17,453,12897.17
7/18/2024,The Rec Room Roundhouse,Toronto,TRR,102877.96,6117,102877.96
7/18/2024,The Rec Room Park Place Barrie,Barrie,TRR,15045.22,870,15045.22
7/18/2024,The Rec Room Brentwood,Burnaby,TRR,15965.13,835,15965.13
7/18/2024,The Rec Room West Edmonton Mall,Edmonton,TRR,16070.92,922,16070.92
7/18/2024,TRR Seasons of Tuxedo,Winnipeg,TRR,17949.31,801,17949.31
7/18/2024,Playdium Whitby,Whitby,PDM,12515.77,540,12515.77
7/18/2024,The Rec Room Avalon Mall,St. John's,TRR,11612.5,559,11612.5
7/18/2024,The Rec Room Deerfoot,Calgary,TRR,22194.31,932,22194.31
7/18/2024,Playdium Dartmouth,Dartmouth,PDM,18355.88,633,18355.88
7/19/2024,Playdium Orion Gate,Brampton,PDM,16493.55,682,16493.55
7/19/2024,The Rec Room London Masonville,London,TRR,17868.52,865,17868.52
7/19/2024,The Rec Room South Edmonton,Edmonton,TRR,24067.8,1966,24067.8
7/19/2024,The Rec Room Roundhouse,Toronto,TRR,124196.3,8822,124196.3
7/19/2024,Playdium Whitby,Whitby,PDM,22872.66,906,22872.66
7/19/2024,The Rec Room Avalon Mall,St. John's,TRR,25039.94,1347,25039.94
7/19/2024,The Rec Room Square One,Mississauga,TRR,29086.45,1470,29086.45
7/19/2024,The Rec Room Park Place Barrie,Barrie,TRR,12014.21,1183,12014.21
7/19/2024,Playdium Dartmouth,Dartmouth,PDM,13904.45,424,13904.45
7/19/2024,The Rec Room West Edmonton Mall,Edmonton,TRR,18063.08,1245,18063.08
7/19/2024,The Rec Room Brentwood,Burnaby,TRR,43606.05,2022,43606.05
7/19/2024,The Rec Room Deerfoot,Calgary,TRR,21402.38,1716,21402.38
7/19/2024,TRR Seasons of Tuxedo,Winnipeg,TRR,28141.26,1545,28141.26
7/20/2024,TRR Seasons of Tuxedo,Winnipeg,TRR,39726.81,2111,39726.81
7/20/2024,The Rec Room Deerfoot,Calgary,TRR,43422.1,2347,43422.1
7/20/2024,The Rec Room West Edmonton Mall,Edmonton,TRR,38669.07,2151,38669.07
7/20/2024,Playdium Orion Gate,Brampton,PDM,26801.96,955,26801.96
7/20/2024,Playdium Whitby,Whitby,PDM,26105.72,1041,26105.72
7/20/2024,The Rec Room Avalon Mall,St. John's,TRR,19623.36,1058,19623.36
7/20/2024,Playdium Dartmouth,Dartmouth,PDM,19617.47,661,19617.47
7/20/2024,The Rec Room London Masonville,London,TRR,16194.65,1215,16194.65
7/20/2024,The Rec Room Park Place Barrie,Barrie,TRR,29376.04,1490,29376.04
7/20/2024,The Rec Room Roundhouse,Toronto,TRR,139962.56,8683,139962.56
7/20/2024,The Rec Room Square One,Mississauga,TRR,39517.91,2153,39517.91
7/20/2024,The Rec Room Brentwood,Burnaby,TRR,41615.01,2277,41615.01
7/20/2024,The Rec Room South Edmonton,Edmonton,TRR,55346.48,3278,55346.48
7/21/2024,Playdium Dartmouth,Dartmouth,PDM,15729.33,481,15729.33
7/21/2024,Playdium Orion Gate,Brampton,PDM,22812.46,887,22812.46
7/21/2024,Playdium Whitby,Whitby,PDM,21781.58,800,21781.58
7/21/2024,The Rec Room Avalon Mall,St. John's,TRR,17703.51,681,17703.51
7/21/2024,The Rec Room Brentwood,Burnaby,TRR,35822.23,1647,35822.23
7/21/2024,The Rec Room Deerfoot,Calgary,TRR,56282.04,1398,56282.04
7/21/2024,The Rec Room London Masonville,London,TRR,26217.36,514,26217.36
7/21/2024,The Rec Room Park Place Barrie,Barrie,TRR,24712,772,24712
7/21/2024,The Rec Room Roundhouse,Toronto,TRR,90834.01,5652,90834.01
7/21/2024,The Rec Room South Edmonton,Edmonton,TRR,52235.26,1248,52235.26
7/21/2024,The Rec Room Square One,Mississauga,TRR,32400.08,1217,32400.08
7/21/2024,The Rec Room West Edmonton Mall,Edmonton,TRR,30270.78,914,30270.78
7/21/2024,TRR Seasons of Tuxedo,Winnipeg,TRR,40265.56,1337,40265.56
7/22/2024,Playdium Whitby,Whitby,PDM,11705.94,693,11705.94
7/22/2024,The Rec Room West Edmonton Mall,Edmonton,TRR,21376.97,1228,21376.97
7/22/2024,Playdium Orion Gate,Brampton,PDM,11181.91,319,11181.91
7/22/2024,The Rec Room Square One,Mississauga,TRR,10321.25,532,10321.25
7/22/2024,TRR Seasons of Tuxedo,Winnipeg,TRR,21687.82,1577,21687.82
7/22/2024,The Rec Room Deerfoot,Calgary,TRR,27746.33,2014,27746.33
7/22/2024,The Rec Room Park Place Barrie,Barrie,TRR,11764.66,748,11764.66
7/22/2024,The Rec Room Brentwood,Burnaby,TRR,22696.35,2194,22696.35
7/22/2024,The Rec Room Roundhouse,Toronto,TRR,46174.75,3184,46174.75
7/22/2024,The Rec Room Avalon Mall,St. John's,TRR,13509.47,883,13509.47
7/22/2024,Playdium Dartmouth,Dartmouth,PDM,7835.81,237,7835.81
7/22/2024,The Rec Room London Masonville,London,TRR,10101.99,605,10101.99
7/22/2024,The Rec Room South Edmonton,Edmonton,TRR,22860.98,1252,22860.98
7/23/2024,Playdium Dartmouth,Dartmouth,PDM,16364.4,482,16364.4
7/23/2024,The Rec Room South Edmonton,Edmonton,TRR,22933.12,1647,22933.12
7/23/2024,The Rec Room Avalon Mall,St. John's,TRR,13422.97,785,13422.97
7/23/2024,Playdium Orion Gate,Brampton,PDM,11084.14,477,11084.14
7/23/2024,The Rec Room London Masonville,London,TRR,10995.59,507,10995.59
7/23/2024,The Rec Room Deerfoot,Calgary,TRR,25006.79,1193,25006.79
7/23/2024,The Rec Room West Edmonton Mall,Edmonton,TRR,16342.9,606,16342.9
7/23/2024,Playdium Whitby,Whitby,PDM,14632.36,700,14632.36
7/23/2024,The Rec Room Park Place Barrie,Barrie,TRR,10424.1,668,10424.1
7/23/2024,TRR Seasons of Tuxedo,Winnipeg,TRR,19784.46,1204,19784.46
7/23/2024,The Rec Room Square One,Mississauga,TRR,10643.09,879,10643.09
7/23/2024,The Rec Room Brentwood,Burnaby,TRR,21332.69,1000,21332.69
7/23/2024,The Rec Room Roundhouse,Toronto,TRR,84673.3,4507,84673.3
7/24/2024,The Rec Room Park Place Barrie,Barrie,TRR,18124.66,908,18124.66
7/24/2024,The Rec Room Roundhouse,Toronto,TRR,92163.84,6305,92163.84
7/24/2024,Playdium Whitby,Whitby,PDM,20909.52,766,20909.52
7/24/2024,The Rec Room Avalon Mall,St. John's,TRR,17401.03,1039,17401.03
7/24/2024,The Rec Room South Edmonton,Edmonton,TRR,21219.14,1047,21219.14
7/24/2024,Playdium Dartmouth,Dartmouth,PDM,9841.5,289,9841.5
7/24/2024,The Rec Room Brentwood,Burnaby,TRR,18373.17,1027,18373.17
7/24/2024,Playdium Orion Gate,Brampton,PDM,19352.7,857,19352.7
7/24/2024,TRR Seasons of Tuxedo,Winnipeg,TRR,20863.25,1224,20863.25
7/24/2024,The Rec Room West Edmonton Mall,Edmonton,TRR,16678.43,661,16678.43
7/24/2024,The Rec Room London Masonville,London,TRR,13390.49,582,13390.49
7/24/2024,The Rec Room Square One,Mississauga,TRR,22200.98,1047,22200.98
7/24/2024,The Rec Room Deerfoot,Calgary,TRR,25011.25,1332,25011.25
7/25/2024,The Rec Room London Masonville,London,TRR,8319.37,298,8319.37
7/25/2024,The Rec Room Avalon Mall,St. John's,TRR,13221.57,704,13221.57
7/25/2024,Playdium Whitby,Whitby,PDM,16133.78,820,16133.78
7/25/2024,Playdium Orion Gate,Brampton,PDM,15814,912,15814
7/25/2024,The Rec Room Deerfoot,Calgary,TRR,30971.63,1488,30971.63
7/25/2024,The Rec Room Park Place Barrie,Barrie,TRR,11329.07,567,11329.07
7/25/2024,Playdium Dartmouth,Dartmouth,PDM,14305.23,653,14305.23
7/25/2024,The Rec Room South Edmonton,Edmonton,TRR,28183.3,1328,28183.3
7/25/2024,The Rec Room Square One,Mississauga,TRR,20344.26,923,20344.26
7/25/2024,The Rec Room Roundhouse,Toronto,TRR,97345,7206,97345
7/25/2024,The Rec Room West Edmonton Mall,Edmonton,TRR,21833.2,1042,21833.2
7/25/2024,The Rec Room Brentwood,Burnaby,TRR,23552.4,1133,23552.4
7/25/2024,TRR Seasons of Tuxedo,Winnipeg,TRR,21673.66,1063,21673.66
7/26/2024,The Rec Room South Edmonton,Edmonton,TRR,37383.2,3206,37383.2
7/26/2024,The Rec Room Avalon Mall,St. John's,TRR,31186.59,1654,31186.59
7/26/2024,The Rec Room Brentwood,Burnaby,TRR,24693.47,1720,24693.47
7/26/2024,The Rec Room Square One,Mississauga,TRR,19642.4,1292,19642.4
7/26/2024,The Rec Room West Edmonton Mall,Edmonton,TRR,22608.92,1461,22608.92
7/26/2024,The Rec Room Roundhouse,Toronto,TRR,106545.61,7808,106545.61
7/26/2024,Playdium Whitby,Whitby,PDM,16608.25,615,16608.25
7/26/2024,TRR Seasons of Tuxedo,Winnipeg,TRR,31722.19,1561,31722.19
7/26/2024,The Rec Room Park Place Barrie,Barrie,TRR,12703.16,1200,12703.16
7/26/2024,The Rec Room Deerfoot,Calgary,TRR,24954.65,2015,24954.65
7/26/2024,The Rec Room London Masonville,London,TRR,13676.8,1057,13676.8
7/26/2024,Playdium Orion Gate,Brampton,PDM,14904.91,545,14904.91
7/26/2024,Playdium Dartmouth,Dartmouth,PDM,14533.71,480,14533.71
7/27/2024,Playdium Whitby,Whitby,PDM,31180.41,1059,31180.41
7/27/2024,Playdium Dartmouth,Dartmouth,PDM,21815.51,693,21815.51
7/27/2024,The Rec Room South Edmonton,Edmonton,TRR,58240.57,2854,58240.57
7/27/2024,The Rec Room Square One,Mississauga,TRR,34813.48,1899,34813.48
7/27/2024,Playdium Orion Gate,Brampton,PDM,21438.25,717,21438.25
7/27/2024,The Rec Room London Masonville,London,TRR,22835.07,1189,22835.07
7/27/2024,The Rec Room Deerfoot,Calgary,TRR,50692.52,2816,50692.52
7/27/2024,TRR Seasons of Tuxedo,Winnipeg,TRR,40688.18,1998,40688.18
7/27/2024,The Rec Room Brentwood,Burnaby,TRR,37559.07,1818,37559.07
7/27/2024,The Rec Room Avalon Mall,St. John's,TRR,23667.91,1531,23667.91
7/27/2024,The Rec Room Roundhouse,Toronto,TRR,109138.66,8129,109138.66
7/27/2024,The Rec Room Park Place Barrie,Barrie,TRR,24844.4,1530,24844.4
7/27/2024,The Rec Room West Edmonton Mall,Edmonton,TRR,38543.16,2009,38543.16
7/28/2024,The Rec Room Park Place Barrie,Barrie,TRR,27846.64,976,27846.64
7/28/2024,The Rec Room Avalon Mall,St. John's,TRR,15223.07,603,15223.07
7/28/2024,The Rec Room Deerfoot,Calgary,TRR,56689.36,1388,56689.36
7/28/2024,Playdium Orion Gate,Brampton,PDM,19990.87,583,19990.87
7/28/2024,TRR Seasons of Tuxedo,Winnipeg,TRR,32167.78,999,32167.78
7/28/2024,Playdium Dartmouth,Dartmouth,PDM,14679.18,474,14679.18
7/28/2024,The Rec Room Square One,Mississauga,TRR,30883.42,1062,30883.42
7/28/2024,The Rec Room London Masonville,London,TRR,22658.48,447,22658.48
7/28/2024,The Rec Room Roundhouse,Toronto,TRR,97013.48,5558,97013.48
7/28/2024,The Rec Room South Edmonton,Edmonton,TRR,42096.93,1208,42096.93
7/28/2024,The Rec Room Brentwood,Burnaby,TRR,43008.63,1268,43008.63
7/28/2024,The Rec Room West Edmonton Mall,Edmonton,TRR,31978,1217,31978
7/28/2024,Playdium Whitby,Whitby,PDM,16284.48,654,16284.48
7/29/2024,The Rec Room Brentwood,Burnaby,TRR,38486.04,3031,38486.04
7/29/2024,The Rec Room Avalon Mall,St. John's,TRR,15142.83,964,15142.83
7/29/2024,The Rec Room Roundhouse,Toronto,TRR,62225.8,4151,62225.8
7/29/2024,Playdium Dartmouth,Dartmouth,PDM,13372.35,404,13372.35
7/29/2024,The Rec Room South Edmonton,Edmonton,TRR,25071.68,1587,25071.68
7/29/2024,Playdium Whitby,Whitby,PDM,14104.5,451,14104.5
7/29/2024,The Rec Room Park Place Barrie,Barrie,TRR,11851.29,796,11851.29
7/29/2024,The Rec Room West Edmonton Mall,Edmonton,TRR,17513.01,1129,17513.01
7/29/2024,Playdium Orion Gate,Brampton,PDM,11983.95,485,11983.95
7/29/2024,TRR Seasons of Tuxedo,Winnipeg,TRR,17680.26,1692,17680.26
7/29/2024,The Rec Room London Masonville,London,TRR,12482.27,830,12482.27
7/29/2024,The Rec Room Square One,Mississauga,TRR,15743.42,800,15743.42
7/29/2024,The Rec Room Deerfoot,Calgary,TRR,26610.2,2772,26610.2
7/30/2024,The Rec Room Roundhouse,Toronto,TRR,63142.43,3985,63142.43
7/30/2024,The Rec Room South Edmonton,Edmonton,TRR,21220.3,1158,21220.3
7/30/2024,The Rec Room Deerfoot,Calgary,TRR,24516.23,1059,24516.23
7/30/2024,Playdium Dartmouth,Dartmouth,PDM,15130.84,427,15130.84
7/30/2024,The Rec Room Brentwood,Burnaby,TRR,30313.8,1359,30313.8
7/30/2024,The Rec Room Park Place Barrie,Barrie,TRR,19878.15,987,19878.15
7/30/2024,The Rec Room West Edmonton Mall,Edmonton,TRR,20244.79,1031,20244.79
7/30/2024,The Rec Room Square One,Mississauga,TRR,18056.17,898,18056.17
7/30/2024,The Rec Room London Masonville,London,TRR,19371.67,753,19371.67
7/30/2024,The Rec Room Avalon Mall,St. John's,TRR,16637.25,920,16637.25
7/30/2024,Playdium Orion Gate,Brampton,PDM,11966.97,509,11966.97
7/30/2024,TRR Seasons of Tuxedo,Winnipeg,TRR,24760.21,1141,24760.21
7/30/2024,Playdium Whitby,Whitby,PDM,15443.98,560,15443.98
7/31/2024,Playdium Dartmouth,Dartmouth,PDM,8467.14,357,8467.14
7/31/2024,Playdium Orion Gate,Brampton,PDM,16297.9,853,16297.9
7/31/2024,Playdium Whitby,Whitby,PDM,14863.21,550,14863.21
7/31/2024,The Rec Room Avalon Mall,St. John's,TRR,19439.13,1105,19439.13
7/31/2024,The Rec Room Brentwood,Burnaby,TRR,23876.75,1065,23876.75
7/31/2024,The Rec Room Deerfoot,Calgary,TRR,24262.36,1128,24262.36
7/31/2024,The Rec Room London Masonville,London,TRR,11787.21,554,11787.21
7/31/2024,The Rec Room Park Place Barrie,Barrie,TRR,13511.36,721,13511.36
7/31/2024,The Rec Room Roundhouse,Toronto,TRR,68199.07,4957,68199.07
7/31/2024,The Rec Room South Edmonton,Edmonton,TRR,18226.12,923,18226.12
7/31/2024,The Rec Room Square One,Mississauga,TRR,21148.75,1036,21148.75
7/31/2024,The Rec Room West Edmonton Mall,Edmonton,TRR,16307.16,767,16307.16
7/31/2024,TRR Seasons of Tuxedo,Winnipeg,TRR,22076.33,1067,22076.33
8/1/2024,TRR Seasons of Tuxedo,Winnipeg,TRR,25902.95,945,25902.95
8/1/2024,Playdium Whitby,Whitby,PDM,16297.54,802,16297.54
8/1/2024,The Rec Room Brentwood,Burnaby,TRR,24203.85,987,24203.85
8/1/2024,Playdium Orion Gate,Brampton,PDM,16753.94,743,16753.94
8/1/2024,Playdium Dartmouth,Dartmouth,PDM,19713.99,554,19713.99
8/1/2024,The Rec Room South Edmonton,Edmonton,TRR,20350.74,962,20350.74
8/1/2024,The Rec Room Deerfoot,Calgary,TRR,22981.27,951,22981.27
8/1/2024,The Rec Room London Masonville,London,TRR,9811.87,372,9811.87
8/1/2024,The Rec Room Park Place Barrie,Barrie,TRR,12565.37,626,12565.37
8/1/2024,The Rec Room West Edmonton Mall,Edmonton,TRR,14358.61,747,14358.61
8/1/2024,The Rec Room Roundhouse,Toronto,TRR,87625.32,5567,87625.32
8/1/2024,The Rec Room Avalon Mall,St. John's,TRR,15922.12,805,15922.12
8/1/2024,The Rec Room Square One,Mississauga,TRR,20960.59,1205,20960.59
8/2/2024,The Rec Room West Edmonton Mall,Edmonton,TRR,16158.53,1001,16158.53
8/2/2024,Playdium Orion Gate,Brampton,PDM,17384.7,654,17384.7
8/2/2024,Playdium Dartmouth,Dartmouth,PDM,14780.13,521,14780.13
8/2/2024,The Rec Room Deerfoot,Calgary,TRR,23078.3,1916,23078.3
8/2/2024,The Rec Room Square One,Mississauga,TRR,26252.11,1630,26252.11
8/2/2024,The Rec Room Brentwood,Burnaby,TRR,30810.22,2159,30810.22
8/2/2024,TRR Seasons of Tuxedo,Winnipeg,TRR,18838.16,1206,18838.16
8/2/2024,The Rec Room London Masonville,London,TRR,13878.91,1004,13878.91
8/2/2024,The Rec Room Avalon Mall,St. John's,TRR,29282.16,1638,29282.16
8/2/2024,The Rec Room Park Place Barrie,Barrie,TRR,11505.15,1068,11505.15
8/2/2024,The Rec Room South Edmonton,Edmonton,TRR,21249.12,1627,21249.12
8/2/2024,The Rec Room Roundhouse,Toronto,TRR,82233.29,5865,82233.29
8/2/2024,Playdium Whitby,Whitby,PDM,27268.72,943,27268.72
8/3/2024,The Rec Room Avalon Mall,St. John's,TRR,18087.17,1197,18087.17
8/3/2024,Playdium Whitby,Whitby,PDM,33888.46,1288,33888.46
8/3/2024,TRR Seasons of Tuxedo,Winnipeg,TRR,36828.88,1890,36828.88
8/3/2024,Playdium Dartmouth,Dartmouth,PDM,28739.65,902,28739.65
8/3/2024,The Rec Room Deerfoot,Calgary,TRR,42324.81,2084,42324.81
8/3/2024,The Rec Room London Masonville,London,TRR,23866.05,911,23866.05
8/3/2024,Playdium Orion Gate,Brampton,PDM,21229.63,675,21229.63
8/3/2024,The Rec Room South Edmonton,Edmonton,TRR,39269.76,2265,39269.76
8/3/2024,The Rec Room Roundhouse,Toronto,TRR,83879.75,6110,83879.75
8/3/2024,The Rec Room Square One,Mississauga,TRR,37541.5,1863,37541.5
8/3/2024,The Rec Room Park Place Barrie,Barrie,TRR,27304.22,1407,27304.22
8/3/2024,The Rec Room West Edmonton Mall,Edmonton,TRR,27567.44,1414,27567.44
8/3/2024,The Rec Room Brentwood,Burnaby,TRR,40886.56,2008,40886.56
8/4/2024,The Rec Room South Edmonton,Edmonton,TRR,64128.89,2028,64128.89
8/4/2024,The Rec Room Park Place Barrie,Barrie,TRR,28902.66,939,28902.66
8/4/2024,The Rec Room Roundhouse,Toronto,TRR,74075.05,4104,74075.05
8/4/2024,The Rec Room Avalon Mall,St. John's,TRR,27550.87,1240,27550.87
8/4/2024,Playdium Whitby,Whitby,PDM,23221.46,748,23221.46
8/4/2024,The Rec Room London Masonville,London,TRR,30158.58,654,30158.58
8/4/2024,Playdium Dartmouth,Dartmouth,PDM,21731.07,692,21731.07
8/4/2024,Playdium Orion Gate,Brampton,PDM,24975.4,724,24975.4
8/4/2024,The Rec Room West Edmonton Mall,Edmonton,TRR,38670.75,1369,38670.75
8/4/2024,The Rec Room Brentwood,Burnaby,TRR,41798.61,1628,41798.61
8/4/2024,TRR Seasons of Tuxedo,Winnipeg,TRR,37890.19,1526,37890.19
8/4/2024,The Rec Room Deerfoot,Calgary,TRR,65101.33,1617,65101.33
8/4/2024,The Rec Room Square One,Mississauga,TRR,35649.87,1197,35649.87
8/5/2024,Playdium Dartmouth,Dartmouth,PDM,16486.34,502,16486.34
8/5/2024,The Rec Room Avalon Mall,St. John's,TRR,20565.02,1260,20565.02
8/5/2024,The Rec Room Roundhouse,Toronto,TRR,44863.89,3701,44863.89
8/5/2024,The Rec Room London Masonville,London,TRR,13179.31,505,13179.31
8/5/2024,The Rec Room South Edmonton,Edmonton,TRR,35642.08,1619,35642.08
8/5/2024,The Rec Room Square One,Mississauga,TRR,29779.88,1196,29779.88
8/5/2024,Playdium Orion Gate,Brampton,PDM,21365.92,490,21365.92
8/5/2024,The Rec Room Brentwood,Burnaby,TRR,44546.69,1150,44546.69
8/5/2024,The Rec Room West Edmonton Mall,Edmonton,TRR,32328.88,1411,32328.88
8/5/2024,The Rec Room Deerfoot,Calgary,TRR,38592.85,1630,38592.85
8/5/2024,TRR Seasons of Tuxedo,Winnipeg,TRR,40235.55,1135,40235.55
8/5/2024,Playdium Whitby,Whitby,PDM,34006.89,1072,34006.89
8/5/2024,The Rec Room Park Place Barrie,Barrie,TRR,18509.89,974,18509.89
8/6/2024,The Rec Room Park Place Barrie,Barrie,TRR,15998.27,895,15998.27
8/6/2024,The Rec Room Brentwood,Burnaby,TRR,19925.74,1029,19925.74
8/6/2024,Playdium Orion Gate,Brampton,PDM,15629.3,439,15629.3
8/6/2024,The Rec Room Avalon Mall,St. John's,TRR,20553.37,1114,20553.37
8/6/2024,The Rec Room Deerfoot,Calgary,TRR,32283.97,1404,32283.97
8/6/2024,The Rec Room West Edmonton Mall,Edmonton,TRR,15802.25,758,15802.25
8/6/2024,TRR Seasons of Tuxedo,Winnipeg,TRR,20976.53,854,20976.53
8/6/2024,The Rec Room Square One,Mississauga,TRR,16172.49,676,16172.49
8/6/2024,Playdium Whitby,Whitby,PDM,20525.66,810,20525.66
8/6/2024,The Rec Room Roundhouse,Toronto,TRR,90256.68,5324,90256.68
8/6/2024,Playdium Dartmouth,Dartmouth,PDM,18357.08,548,18357.08
8/6/2024,The Rec Room London Masonville,London,TRR,17652.14,560,17652.14
8/6/2024,The Rec Room South Edmonton,Edmonton,TRR,25557.66,1189,25557.66
8/7/2024,TRR Seasons of Tuxedo,Winnipeg,TRR,23322.33,1127,23322.33
8/7/2024,The Rec Room Deerfoot,Calgary,TRR,27700.38,1507,27700.38
8/7/2024,The Rec Room Square One,Mississauga,TRR,15565.31,828,15565.31
8/7/2024,Playdium Orion Gate,Brampton,PDM,12742.81,542,12742.81
8/7/2024,Playdium Whitby,Whitby,PDM,18255.95,886,18255.95
8/7/2024,The Rec Room West Edmonton Mall,Edmonton,TRR,13150.5,654,13150.5
8/7/2024,The Rec Room South Edmonton,Edmonton,TRR,23591.76,1536,23591.76
8/7/2024,Playdium Dartmouth,Dartmouth,PDM,17430.35,537,17430.35
8/7/2024,The Rec Room London Masonville,London,TRR,13765.83,690,13765.83
8/7/2024,The Rec Room Park Place Barrie,Barrie,TRR,11200.87,594,11200.87
8/7/2024,The Rec Room Avalon Mall,St. John's,TRR,13372.68,880,13372.68
8/7/2024,The Rec Room Brentwood,Burnaby,TRR,27456.98,1156,27456.98
8/7/2024,The Rec Room Roundhouse,Toronto,TRR,82876.81,6136,82876.81
8/8/2024,The Rec Room Brentwood,Burnaby,TRR,18811.51,916,18811.51
8/8/2024,The Rec Room Park Place Barrie,Barrie,TRR,16918.39,834,16918.39
8/8/2024,The Rec Room Roundhouse,Toronto,TRR,80105.75,6397,80105.75
8/8/2024,The Rec Room Square One,Mississauga,TRR,15580.21,797,15580.21
8/8/2024,The Rec Room Deerfoot,Calgary,TRR,21521.11,988,21521.11
8/8/2024,The Rec Room West Edmonton Mall,Edmonton,TRR,12327.29,521,12327.29
8/8/2024,The Rec Room Avalon Mall,St. John's,TRR,22122.72,1128,22122.72
8/8/2024,TRR Seasons of Tuxedo,Winnipeg,TRR,35532.05,1506,35532.05
8/8/2024,The Rec Room London Masonville,London,TRR,12191.26,460,12191.26
8/8/2024,Playdium Dartmouth,Dartmouth,PDM,12088.01,463,12088.01
8/8/2024,Playdium Orion Gate,Brampton,PDM,13677.35,376,13677.35
8/8/2024,Playdium Whitby,Whitby,PDM,17087.34,777,17087.34
8/8/2024,The Rec Room South Edmonton,Edmonton,TRR,17597.1,966,17597.1
8/9/2024,The Rec Room Brentwood,Burnaby,TRR,27485.58,1659,27485.58
8/9/2024,The Rec Room South Edmonton,Edmonton,TRR,26928.18,1888,26928.18
8/9/2024,Playdium Dartmouth,Dartmouth,PDM,21824.43,889,21824.43
8/9/2024,The Rec Room Park Place Barrie,Barrie,TRR,11208.2,1018,11208.2
8/9/2024,The Rec Room London Masonville,London,TRR,11587.63,950,11587.63
8/9/2024,The Rec Room Square One,Mississauga,TRR,28764.35,1709,28764.35
8/9/2024,The Rec Room Roundhouse,Toronto,TRR,141149.54,9633,141149.54
8/9/2024,The Rec Room Avalon Mall,St. John's,TRR,21457.38,1377,21457.38
8/9/2024,The Rec Room Deerfoot,Calgary,TRR,25231.82,2014,25231.82
8/9/2024,The Rec Room West Edmonton Mall,Edmonton,TRR,20600.89,1387,20600.89
8/9/2024,Playdium Whitby,Whitby,PDM,31834.51,1213,31834.51
8/9/2024,TRR Seasons of Tuxedo,Winnipeg,TRR,26906.59,1679,26906.59
8/9/2024,Playdium Orion Gate,Brampton,PDM,19477.08,652,19477.08
8/10/2024,The Rec Room Park Place Barrie,Barrie,TRR,31675,1769,31675
8/10/2024,The Rec Room Deerfoot,Calgary,TRR,42660.25,2435,42660.25
8/10/2024,The Rec Room Brentwood,Burnaby,TRR,43332.14,2021,43332.14
8/10/2024,The Rec Room Square One,Mississauga,TRR,50581.02,2664,50581.02
8/10/2024,The Rec Room Roundhouse,Toronto,TRR,119832.9,8576,119832.9
8/10/2024,The Rec Room Avalon Mall,St. John's,TRR,39316.02,2424,39316.02
8/10/2024,The Rec Room West Edmonton Mall,Edmonton,TRR,29403.33,1456,29403.33
8/10/2024,TRR Seasons of Tuxedo,Winnipeg,TRR,44370.13,2044,44370.13
8/10/2024,The Rec Room London Masonville,London,TRR,20880.28,941,20880.28
8/10/2024,Playdium Dartmouth,Dartmouth,PDM,50451.71,1332,50451.71
8/10/2024,Playdium Whitby,Whitby,PDM,38097.71,1398,38097.71
8/10/2024,The Rec Room South Edmonton,Edmonton,TRR,48104.96,2614,48104.96
8/10/2024,Playdium Orion Gate,Brampton,PDM,27436.67,970,27436.67
8/11/2024,The Rec Room Brentwood,Burnaby,TRR,45381.64,1431,45381.64
8/11/2024,The Rec Room Park Place Barrie,Barrie,TRR,36236.68,1142,36236.68
8/11/2024,The Rec Room Square One,Mississauga,TRR,38564.17,1544,38564.17
8/11/2024,Playdium Dartmouth,Dartmouth,PDM,15636.85,561,15636.85
8/11/2024,The Rec Room South Edmonton,Edmonton,TRR,45238.4,1378,45238.4
8/11/2024,The Rec Room Avalon Mall,St. John's,TRR,27378.53,1132,27378.53
8/11/2024,The Rec Room Deerfoot,Calgary,TRR,53293.65,1307,53293.65
8/11/2024,Playdium Whitby,Whitby,PDM,26829.88,955,26829.88
8/11/2024,The Rec Room Roundhouse,Toronto,TRR,150118.46,7037,150118.46
8/11/2024,The Rec Room London Masonville,London,TRR,26939.92,691,26939.92
8/11/2024,Playdium Orion Gate,Brampton,PDM,21977.68,680,21977.68
8/11/2024,TRR Seasons of Tuxedo,Winnipeg,TRR,37505.7,1169,37505.7
8/11/2024,The Rec Room West Edmonton Mall,Edmonton,TRR,33141.49,1244,33141.49
8/12/2024,The Rec Room Deerfoot,Calgary,TRR,30576.17,2786,30576.17
8/12/2024,The Rec Room Roundhouse,Toronto,TRR,52803.46,3576,52803.46
8/12/2024,Playdium Orion Gate,Brampton,PDM,12177.48,374,12177.48
8/12/2024,The Rec Room London Masonville,London,TRR,11089.94,711,11089.94
8/12/2024,The Rec Room South Edmonton,Edmonton,TRR,19461.76,1425,19461.76
8/12/2024,Playdium Dartmouth,Dartmouth,PDM,11542.02,375,11542.02
8/12/2024,The Rec Room Square One,Mississauga,TRR,13190.28,632,13190.28
8/12/2024,TRR Seasons of Tuxedo,Winnipeg,TRR,17763.14,2015,17763.14
8/12/2024,The Rec Room Brentwood,Burnaby,TRR,31256.91,2754,31256.91
8/12/2024,The Rec Room Avalon Mall,St. John's,TRR,18669.4,1486,18669.4
8/12/2024,Playdium Whitby,Whitby,PDM,12278.98,424,12278.98
8/12/2024,The Rec Room West Edmonton Mall,Edmonton,TRR,15109.05,1014,15109.05
8/12/2024,The Rec Room Park Place Barrie,Barrie,TRR,11052.61,664,11052.61
8/13/2024,The Rec Room Deerfoot,Calgary,TRR,27052.98,1210,27052.98
8/13/2024,The Rec Room London Masonville,London,TRR,11792.33,456,11792.33
8/13/2024,TRR Seasons of Tuxedo,Winnipeg,TRR,27127.87,1191,27127.87
8/13/2024,The Rec Room Roundhouse,Toronto,TRR,71432.54,5144,71432.54
8/13/2024,Playdium Whitby,Whitby,PDM,14572.49,480,14572.49
8/13/2024,The Rec Room Avalon Mall,St. John's,TRR,21586.1,1146,21586.1
8/13/2024,Playdium Orion Gate,Brampton,PDM,11248.39,299,11248.39
8/13/2024,The Rec Room West Edmonton Mall,Edmonton,TRR,20184.86,858,20184.86
8/13/2024,The Rec Room Brentwood,Burnaby,TRR,30164.35,1335,30164.35
8/13/2024,The Rec Room Square One,Mississauga,TRR,22685.39,1155,22685.39
8/13/2024,Playdium Dartmouth,Dartmouth,PDM,12332.26,396,12332.26
8/13/2024,The Rec Room Park Place Barrie,Barrie,TRR,14900.57,833,14900.57
8/13/2024,The Rec Room South Edmonton,Edmonton,TRR,24057.28,1173,24057.28
8/14/2024,The Rec Room West Edmonton Mall,Edmonton,TRR,21919.02,937,21919.02
8/14/2024,The Rec Room Park Place Barrie,Barrie,TRR,11392.56,651,11392.56
8/14/2024,The Rec Room Avalon Mall,St. John's,TRR,19025.72,1154,19025.72
8/14/2024,The Rec Room Brentwood,Burnaby,TRR,25669.35,1233,25669.35
8/14/2024,The Rec Room South Edmonton,Edmonton,TRR,22960.37,1212,22960.37
8/14/2024,The Rec Room Roundhouse,Toronto,TRR,104156.01,6282,104156.01
8/14/2024,The Rec Room London Masonville,London,TRR,8815.24,360,8815.24
8/14/2024,The Rec Room Deerfoot,Calgary,TRR,22739.43,1153,22739.43
8/14/2024,Playdium Whitby,Whitby,PDM,12751.62,526,12751.62
8/14/2024,The Rec Room Square One,Mississauga,TRR,39048.8,2040,39048.8
8/14/2024,TRR Seasons of Tuxedo,Winnipeg,TRR,24076.14,1024,24076.14
8/14/2024,Playdium Orion Gate,Brampton,PDM,10188.37,421,10188.37
8/14/2024,Playdium Dartmouth,Dartmouth,PDM,13218.75,388,13218.75
8/15/2024,TRR Seasons of Tuxedo,Winnipeg,TRR,33034.26,1849,33034.26
8/15/2024,The Rec Room London Masonville,London,TRR,7925.03,350,7925.03
8/15/2024,The Rec Room Deerfoot,Calgary,TRR,27101.31,1299,27101.31
8/15/2024,Playdium Dartmouth,Dartmouth,PDM,12427.21,494,12427.21
8/15/2024,The Rec Room South Edmonton,Edmonton,TRR,23169.74,1002,23169.74
8/15/2024,Playdium Whitby,Whitby,PDM,13501.96,495,13501.96
8/15/2024,The Rec Room Square One,Mississauga,TRR,11869.05,708,11869.05
8/15/2024,The Rec Room West Edmonton Mall,Edmonton,TRR,26341.83,1186,26341.83
8/15/2024,The Rec Room Park Place Barrie,Barrie,TRR,13665,761,13665
8/15/2024,The Rec Room Avalon Mall,St. John's,TRR,16275.77,930,16275.77
8/15/2024,The Rec Room Roundhouse,Toronto,TRR,104275.49,7523,104275.49
8/15/2024,The Rec Room Brentwood,Burnaby,TRR,30421.64,1459,30421.64
8/15/2024,Playdium Orion Gate,Brampton,PDM,13987.02,811,13987.02
8/16/2024,The Rec Room Avalon Mall,St. John's,TRR,22675.26,1261,22675.26
8/16/2024,The Rec Room Brentwood,Burnaby,TRR,35063.78,2240,35063.78
8/16/2024,Playdium Whitby,Whitby,PDM,20937.6,941,20937.6
8/16/2024,The Rec Room Roundhouse,Toronto,TRR,85540.01,5138,85540.01
8/16/2024,The Rec Room West Edmonton Mall,Edmonton,TRR,26687.47,1722,26687.47
8/16/2024,The Rec Room Park Place Barrie,Barrie,TRR,16746.98,1508,16746.98
8/16/2024,The Rec Room South Edmonton,Edmonton,TRR,35497.1,2645,35497.1
8/16/2024,The Rec Room London Masonville,London,TRR,11061.69,873,11061.69
8/16/2024,Playdium Orion Gate,Brampton,PDM,18342.42,659,18342.42
8/16/2024,The Rec Room Deerfoot,Calgary,TRR,31419.48,2640,31419.48
8/16/2024,The Rec Room Square One,Mississauga,TRR,26434.23,1402,26434.23
8/16/2024,Playdium Dartmouth,Dartmouth,PDM,17452.84,560,17452.84
8/16/2024,TRR Seasons of Tuxedo,Winnipeg,TRR,33505.4,1430,33505.4
8/17/2024,The Rec Room Brentwood,Burnaby,TRR,48880.38,2582,48880.38
8/17/2024,The Rec Room Deerfoot,Calgary,TRR,52309.29,2272,52309.29
8/17/2024,The Rec Room South Edmonton,Edmonton,TRR,59338.23,3165,59338.23
8/17/2024,Playdium Dartmouth,Dartmouth,PDM,21718.44,867,21718.44
8/17/2024,The Rec Room Square One,Mississauga,TRR,60329.92,2879,60329.92
8/17/2024,The Rec Room Avalon Mall,St. John's,TRR,31172.26,1866,31172.26
8/17/2024,Playdium Whitby,Whitby,PDM,47722.94,1713,47722.94
8/17/2024,Playdium Orion Gate,Brampton,PDM,36070.79,1358,36070.79
8/17/2024,The Rec Room Roundhouse,Toronto,TRR,96877.67,6738,96877.67
8/17/2024,The Rec Room Park Place Barrie,Barrie,TRR,50573.1,3381,50573.1
8/17/2024,The Rec Room West Edmonton Mall,Edmonton,TRR,51340.48,2546,51340.48
8/17/2024,The Rec Room London Masonville,London,TRR,28668.41,1410,28668.41
8/17/2024,TRR Seasons of Tuxedo,Winnipeg,TRR,42270.02,2045,42270.02
8/18/2024,The Rec Room Deerfoot,Calgary,TRR,62939.05,1450,62939.05
8/18/2024,The Rec Room West Edmonton Mall,Edmonton,TRR,42906.49,1546,42906.49
8/18/2024,TRR Seasons of Tuxedo,Winnipeg,TRR,43867.61,1174,43867.61
8/18/2024,The Rec Room Brentwood,Burnaby,TRR,58855.06,1845,58855.06
8/18/2024,The Rec Room Square One,Mississauga,TRR,48321.2,1929,48321.2
8/18/2024,Playdium Dartmouth,Dartmouth,PDM,21528.74,529,21528.74
8/18/2024,Playdium Orion Gate,Brampton,PDM,32142.79,1004,32142.79
8/18/2024,The Rec Room London Masonville,London,TRR,43669.21,1115,43669.21
8/18/2024,The Rec Room South Edmonton,Edmonton,TRR,55943.9,1703,55943.9
8/18/2024,The Rec Room Avalon Mall,St. John's,TRR,20582.01,812,20582.01
8/18/2024,The Rec Room Roundhouse,Toronto,TRR,80602.08,5236,80602.08
8/18/2024,Playdium Whitby,Whitby,PDM,35124.34,1495,35124.34
8/18/2024,The Rec Room Park Place Barrie,Barrie,TRR,58286.16,1633,58286.16
8/19/2024,The Rec Room Deerfoot,Calgary,TRR,25571.89,2198,25571.89
8/19/2024,Playdium Orion Gate,Brampton,PDM,12029.29,412,12029.29
8/19/2024,The Rec Room Park Place Barrie,Barrie,TRR,15585.39,866,15585.39
8/19/2024,The Rec Room Brentwood,Burnaby,TRR,27745.58,2661,27745.58
8/19/2024,Playdium Dartmouth,Dartmouth,PDM,18797.62,623,18797.62
8/19/2024,TRR Seasons of Tuxedo,Winnipeg,TRR,24293.41,2039,24293.41
8/19/2024,The Rec Room London Masonville,London,TRR,15318.78,819,15318.78
8/19/2024,The Rec Room Square One,Mississauga,TRR,13545.63,1219,13545.63
8/19/2024,The Rec Room Avalon Mall,St. John's,TRR,23822.49,1559,23822.49
8/19/2024,The Rec Room West Edmonton Mall,Edmonton,TRR,16397.69,962,16397.69
8/19/2024,Playdium Whitby,Whitby,PDM,16491.14,639,16491.14
8/19/2024,The Rec Room South Edmonton,Edmonton,TRR,22605.78,1689,22605.78
8/19/2024,The Rec Room Roundhouse,Toronto,TRR,66482.6,5003,66482.6
8/20/2024,The Rec Room Square One,Mississauga,TRR,21975.34,1134,21975.34
8/20/2024,The Rec Room Brentwood,Burnaby,TRR,29105.35,1144,29105.35
8/20/2024,The Rec Room West Edmonton Mall,Edmonton,TRR,18817.5,942,18817.5
8/20/2024,Playdium Orion Gate,Brampton,PDM,9175.25,407,9175.25
8/20/2024,The Rec Room Deerfoot,Calgary,TRR,23525.57,1000,23525.57
8/20/2024,TRR Seasons of Tuxedo,Winnipeg,TRR,28962.6,1250,28962.6
8/20/2024,The Rec Room Avalon Mall,St. John's,TRR,19426.97,1106,19426.97
8/20/2024,The Rec Room South Edmonton,Edmonton,TRR,21850.22,1077,21850.22
8/20/2024,The Rec Room Park Place Barrie,Barrie,TRR,16953.58,854,16953.58
8/20/2024,Playdium Dartmouth,Dartmouth,PDM,17767.43,536,17767.43
8/20/2024,The Rec Room Roundhouse,Toronto,TRR,89307.23,5780,89307.23
8/20/2024,The Rec Room London Masonville,London,TRR,17706.9,663,17706.9
8/20/2024,Playdium Whitby,Whitby,PDM,14576.9,507,14576.9
8/21/2024,Playdium Whitby,Whitby,PDM,16078.77,656,16078.77
8/21/2024,The Rec Room Avalon Mall,St. John's,TRR,19766.5,1047,19766.5
8/21/2024,The Rec Room Park Place Barrie,Barrie,TRR,16496.47,821,16496.47
8/21/2024,The Rec Room West Edmonton Mall,Edmonton,TRR,18545.67,968,18545.67
8/21/2024,The Rec Room Deerfoot,Calgary,TRR,28425.8,1552,28425.8
8/21/2024,TRR Seasons of Tuxedo,Winnipeg,TRR,25149.33,1433,25149.33
8/21/2024,The Rec Room London Masonville,London,TRR,15639.37,703,15639.37
8/21/2024,Playdium Dartmouth,Dartmouth,PDM,12818.97,411,12818.97
8/21/2024,The Rec Room Square One,Mississauga,TRR,29552.22,1204,29552.22
8/21/2024,The Rec Room Brentwood,Burnaby,TRR,24514.74,661,24514.74
8/21/2024,The Rec Room South Edmonton,Edmonton,TRR,27680.82,1328,27680.82
8/21/2024,The Rec Room Roundhouse,Toronto,TRR,99625.77,6446,99625.77
8/21/2024,Playdium Orion Gate,Brampton,PDM,10425.48,585,10425.48
8/22/2024,The Rec Room London Masonville,London,TRR,10664.62,430,10664.62
8/22/2024,The Rec Room Roundhouse,Toronto,TRR,107996.85,6933,107996.85
8/22/2024,The Rec Room Square One,Mississauga,TRR,21519.74,1245,21519.74
8/22/2024,The Rec Room South Edmonton,Edmonton,TRR,30205.27,1435,30205.27
8/22/2024,Playdium Whitby,Whitby,PDM,17752.48,866,17752.48
8/22/2024,Playdium Dartmouth,Dartmouth,PDM,12640.43,526,12640.43
8/22/2024,The Rec Room Brentwood,Burnaby,TRR,18399.94,415,18399.94
8/22/2024,The Rec Room Avalon Mall,St. John's,TRR,16275.55,900,16275.55
8/22/2024,Playdium Orion Gate,Brampton,PDM,8846.98,379,8846.98
8/22/2024,The Rec Room West Edmonton Mall,Edmonton,TRR,24934.32,1484,24934.32
8/22/2024,TRR Seasons of Tuxedo,Winnipeg,TRR,28242.24,1215,28242.24
8/22/2024,The Rec Room Park Place Barrie,Barrie,TRR,15684.77,901,15684.77
8/22/2024,The Rec Room Deerfoot,Calgary,TRR,28241.39,1392,28241.39
8/23/2024,Playdium Orion Gate,Brampton,PDM,15644.93,606,15644.93
8/23/2024,Playdium Whitby,Whitby,PDM,20555.49,753,20555.49
8/23/2024,The Rec Room West Edmonton Mall,Edmonton,TRR,20716.95,1293,20716.95
8/23/2024,The Rec Room Square One,Mississauga,TRR,28842.81,1660,28842.81
8/23/2024,TRR Seasons of Tuxedo,Winnipeg,TRR,24485.75,1408,24485.75
8/23/2024,The Rec Room Deerfoot,Calgary,TRR,26179.98,2045,26179.98
8/23/2024,The Rec Room Park Place Barrie,Barrie,TRR,12408.65,1162,12408.65
8/23/2024,The Rec Room Roundhouse,Toronto,TRR,96730.78,7052,96730.78
8/23/2024,The Rec Room Avalon Mall,St. John's,TRR,26357.04,1523,26357.04
8/23/2024,The Rec Room South Edmonton,Edmonton,TRR,24867.6,2075,24867.6
8/23/2024,The Rec Room Brentwood,Burnaby,TRR,53725.9,3239,53725.9
8/23/2024,The Rec Room London Masonville,London,TRR,12937.17,1062,12937.17
8/23/2024,Playdium Dartmouth,Dartmouth,PDM,19202.42,634,19202.42
8/24/2024,The Rec Room Avalon Mall,St. John's,TRR,27045.2,1759,27045.2
8/24/2024,The Rec Room Brentwood,Burnaby,TRR,84571.94,4474,84571.94
8/24/2024,TRR Seasons of Tuxedo,Winnipeg,TRR,42336.24,1956,42336.24
8/24/2024,The Rec Room Park Place Barrie,Barrie,TRR,30848.49,1770,30848.49
8/24/2024,The Rec Room Deerfoot,Calgary,TRR,48642.43,2697,48642.43
8/24/2024,The Rec Room Roundhouse,Toronto,TRR,111063.59,8244,111063.59
8/24/2024,The Rec Room West Edmonton Mall,Edmonton,TRR,63470.03,3989,63470.03
8/24/2024,Playdium Whitby,Whitby,PDM,30135.06,1351,30135.06
8/24/2024,Playdium Orion Gate,Brampton,PDM,24770.16,1084,24770.16
8/24/2024,The Rec Room Square One,Mississauga,TRR,48918.18,2400,48918.18
8/24/2024,The Rec Room London Masonville,London,TRR,19897.13,1111,19897.13
8/24/2024,The Rec Room South Edmonton,Edmonton,TRR,63848,3800,63848
8/24/2024,Playdium Dartmouth,Dartmouth,PDM,24642.37,783,24642.37
8/25/2024,The Rec Room Avalon Mall,St. John's,TRR,17804.44,903,17804.44
8/25/2024,The Rec Room Brentwood,Burnaby,TRR,56204.83,1502,56204.83
8/25/2024,The Rec Room South Edmonton,Edmonton,TRR,68306.22,1991,68306.22
8/25/2024,Playdium Dartmouth,Dartmouth,PDM,17669.3,526,17669.3
8/25/2024,Playdium Orion Gate,Brampton,PDM,20081.99,812,20081.99
8/25/2024,The Rec Room Square One,Mississauga,TRR,26639.66,1070,26639.66
8/25/2024,The Rec Room Roundhouse,Toronto,TRR,88881.98,5194,88881.98
8/25/2024,The Rec Room West Edmonton Mall,Edmonton,TRR,46230.74,1364,46230.74
8/25/2024,The Rec Room London Masonville,London,TRR,25642.85,621,25642.85
8/25/2024,TRR Seasons of Tuxedo,Winnipeg,TRR,48468.45,1619,48468.45
8/25/2024,Playdium Whitby,Whitby,PDM,21587.55,875,21587.55
8/25/2024,The Rec Room Deerfoot,Calgary,TRR,63054.96,1859,63054.96
8/25/2024,The Rec Room Park Place Barrie,Barrie,TRR,26636.8,727,26636.8
8/26/2024,The Rec Room Roundhouse,Toronto,TRR,33771.87,2973,33771.87
8/26/2024,TRR Seasons of Tuxedo,Winnipeg,TRR,26840.3,2161,26840.3
8/26/2024,The Rec Room Avalon Mall,St. John's,TRR,17184.85,1009,17184.85
8/26/2024,The Rec Room West Edmonton Mall,Edmonton,TRR,27047.14,1403,27047.14
8/26/2024,The Rec Room Brentwood,Burnaby,TRR,34678.75,2801,34678.75
8/26/2024,The Rec Room Square One,Mississauga,TRR,15000.33,752,15000.33
8/26/2024,The Rec Room Park Place Barrie,Barrie,TRR,12047.73,852,12047.73
8/26/2024,The Rec Room Deerfoot,Calgary,TRR,27942.69,2113,27942.69
8/26/2024,Playdium Orion Gate,Brampton,PDM,8742.19,317,8742.19
8/26/2024,Playdium Whitby,Whitby,PDM,19107.86,727,19107.86
8/26/2024,Playdium Dartmouth,Dartmouth,PDM,13042.33,388,13042.33
8/26/2024,The Rec Room South Edmonton,Edmonton,TRR,22405.39,1367,22405.39
8/26/2024,The Rec Room London Masonville,London,TRR,12119.32,827,12119.32
8/27/2024,The Rec Room South Edmonton,Edmonton,TRR,29300.45,1366,29300.45
8/27/2024,The Rec Room Park Place Barrie,Barrie,TRR,19784.86,1039,19784.86
8/27/2024,The Rec Room Avalon Mall,St. John's,TRR,22385.13,1154,22385.13
8/27/2024,TRR Seasons of Tuxedo,Winnipeg,TRR,26711.41,1206,26711.41
8/27/2024,The Rec Room Brentwood,Burnaby,TRR,26748.15,1199,26748.15
8/27/2024,The Rec Room Square One,Mississauga,TRR,43210.2,1563,43210.2
8/27/2024,Playdium Dartmouth,Dartmouth,PDM,15440.73,457,15440.73
8/27/2024,Playdium Whitby,Whitby,PDM,13927.85,543,13927.85
8/27/2024,The Rec Room Deerfoot,Calgary,TRR,32198.01,1464,32198.01
8/27/2024,The Rec Room West Edmonton Mall,Edmonton,TRR,18236.96,800,18236.96
8/27/2024,Playdium Orion Gate,Brampton,PDM,10000.46,375,10000.46
8/27/2024,The Rec Room London Masonville,London,TRR,16229.69,804,16229.69
8/27/2024,The Rec Room Roundhouse,Toronto,TRR,39382.99,2879,39382.99
8/28/2024,Playdium Whitby,Whitby,PDM,18034.38,590,18034.38
8/28/2024,The Rec Room Square One,Mississauga,TRR,22087.14,942,22087.14
8/28/2024,The Rec Room Deerfoot,Calgary,TRR,34993.48,1449,34993.48
8/28/2024,The Rec Room Roundhouse,Toronto,TRR,96664.79,4623,96664.79
8/28/2024,TRR Seasons of Tuxedo,Winnipeg,TRR,16339.37,1224,16339.37
8/28/2024,The Rec Room London Masonville,London,TRR,13010.74,561,13010.74
8/28/2024,The Rec Room Brentwood,Burnaby,TRR,20930.59,1139,20930.59
8/28/2024,Playdium Dartmouth,Dartmouth,PDM,20145.33,659,20145.33
8/28/2024,Playdium Orion Gate,Brampton,PDM,12025.6,561,12025.6
8/28/2024,The Rec Room South Edmonton,Edmonton,TRR,27798.83,1433,27798.83
8/28/2024,The Rec Room Park Place Barrie,Barrie,TRR,22327.51,1136,22327.51
8/28/2024,The Rec Room West Edmonton Mall,Edmonton,TRR,18868.39,902,18868.39
8/28/2024,The Rec Room Avalon Mall,St. John's,TRR,15953.72,1004,15953.72
8/29/2024,Playdium Whitby,Whitby,PDM,17373.43,617,17373.43
8/29/2024,The Rec Room South Edmonton,Edmonton,TRR,20809.9,883,20809.9
8/29/2024,The Rec Room Deerfoot,Calgary,TRR,33224.02,1337,33224.02
8/29/2024,The Rec Room Square One,Mississauga,TRR,12697.25,748,12697.25
8/29/2024,Playdium Dartmouth,Dartmouth,PDM,15527.19,502,15527.19
8/29/2024,The Rec Room Park Place Barrie,Barrie,TRR,13700.99,607,13700.99
8/29/2024,The Rec Room London Masonville,London,TRR,11873.07,558,11873.07
8/29/2024,The Rec Room Brentwood,Burnaby,TRR,37742.79,1537,37742.79
8/29/2024,The Rec Room Avalon Mall,St. John's,TRR,24428.13,1283,24428.13
8/29/2024,TRR Seasons of Tuxedo,Winnipeg,TRR,34391.4,1735,34391.4
8/29/2024,Playdium Orion Gate,Brampton,PDM,13904.08,539,13904.08
8/29/2024,The Rec Room Roundhouse,Toronto,TRR,57143.03,3634,57143.03
8/29/2024,The Rec Room West Edmonton Mall,Edmonton,TRR,15802.52,775,15802.52
8/30/2024,The Rec Room Park Place Barrie,Barrie,TRR,20568.69,1805,20568.69
8/30/2024,The Rec Room Avalon Mall,St. John's,TRR,18490.64,948,18490.64
8/30/2024,The Rec Room Brentwood,Burnaby,TRR,28973.05,1969,28973.05
8/30/2024,Playdium Whitby,Whitby,PDM,26342.66,1031,26342.66
8/30/2024,Playdium Orion Gate,Brampton,PDM,15619.68,611,15619.68
8/30/2024,TRR Seasons of Tuxedo,Winnipeg,TRR,40926.42,1790,40926.42
8/30/2024,The Rec Room West Edmonton Mall,Edmonton,TRR,20930.38,1449,20930.38
8/30/2024,The Rec Room Square One,Mississauga,TRR,29718.52,1432,29718.52
8/30/2024,The Rec Room Roundhouse,Toronto,TRR,55736.72,4215,55736.72
8/30/2024,The Rec Room Deerfoot,Calgary,TRR,22326.42,1873,22326.42
8/30/2024,Playdium Dartmouth,Dartmouth,PDM,15723.86,457,15723.86
8/30/2024,The Rec Room South Edmonton,Edmonton,TRR,31626.38,2839,31626.38
8/30/2024,The Rec Room London Masonville,London,TRR,11956.79,923,11956.79
8/31/2024,The Rec Room West Edmonton Mall,Edmonton,TRR,39343.01,1911,39343.01
8/31/2024,The Rec Room London Masonville,London,TRR,25798.12,1022,25798.12
8/31/2024,The Rec Room Roundhouse,Toronto,TRR,84130.72,5826,84130.72
8/31/2024,The Rec Room Brentwood,Burnaby,TRR,38387.94,1796,38387.94
8/31/2024,The Rec Room Avalon Mall,St. John's,TRR,20382.62,1217,20382.62
8/31/2024,The Rec Room Deerfoot,Calgary,TRR,46991.38,2654,46991.38
8/31/2024,The Rec Room Park Place Barrie,Barrie,TRR,32876.64,1754,32876.64
8/31/2024,Playdium Orion Gate,Brampton,PDM,21464.18,898,21464.18
8/31/2024,Playdium Dartmouth,Dartmouth,PDM,26652.87,981,26652.87
8/31/2024,The Rec Room South Edmonton,Edmonton,TRR,63017.6,3459,63017.6
8/31/2024,Playdium Whitby,Whitby,PDM,39137.83,1427,39137.83
8/31/2024,TRR Seasons of Tuxedo,Winnipeg,TRR,46799.98,2198,46799.98
8/31/2024,The Rec Room Square One,Mississauga,TRR,34010.03,1743,34010.03
9/1/2024,Playdium Dartmouth,Dartmouth,PDM,27196.03,942,27196.03
9/1/2024,Playdium Orion Gate,Brampton,PDM,17884.6,651,17884.6
9/1/2024,Playdium Whitby,Whitby,PDM,25970.56,887,25970.56
9/1/2024,The Rec Room Avalon Mall,St. John's,TRR,21300.62,891,21300.62
9/1/2024,The Rec Room Brentwood,Burnaby,TRR,55292.07,1664,55292.07
9/1/2024,The Rec Room Deerfoot,Calgary,TRR,73186.15,1947,73186.15
9/1/2024,The Rec Room London Masonville,London,TRR,32397.23,940,32397.23
9/1/2024,The Rec Room Park Place Barrie,Barrie,TRR,34036.79,1235,34036.79
9/1/2024,The Rec Room Roundhouse,Toronto,TRR,83916.45,4532,83916.45
9/1/2024,The Rec Room South Edmonton,Edmonton,TRR,47019.46,1950,47019.46
9/1/2024,The Rec Room Square One,Mississauga,TRR,32994.43,1601,32994.43
9/1/2024,The Rec Room West Edmonton Mall,Edmonton,TRR,33179.09,1241,33179.09
9/1/2024,TRR Seasons of Tuxedo,Winnipeg,TRR,41603.19,1402,41603.19
9/2/2024,The Rec Room South Edmonton,Edmonton,TRR,25450.78,1313,25450.78
9/2/2024,The Rec Room Square One,Mississauga,TRR,27451.9,892,27451.9
9/2/2024,Playdium Dartmouth,Dartmouth,PDM,20298.63,699,20298.63
9/2/2024,TRR Seasons of Tuxedo,Winnipeg,TRR,32016.55,1145,32016.55
9/2/2024,The Rec Room Park Place Barrie,Barrie,TRR,17864.61,868,17864.61
9/2/2024,The Rec Room Roundhouse,Toronto,TRR,42205.03,2842,42205.03
9/2/2024,The Rec Room Brentwood,Burnaby,TRR,34229.05,1343,34229.05
9/2/2024,Playdium Orion Gate,Brampton,PDM,15734.8,545,15734.8
9/2/2024,The Rec Room Deerfoot,Calgary,TRR,24999.79,1064,24999.79
9/2/2024,The Rec Room Avalon Mall,St. John's,TRR,12782.6,731,12782.6
9/2/2024,Playdium Whitby,Whitby,PDM,15933.35,546,15933.35
9/2/2024,The Rec Room West Edmonton Mall,Edmonton,TRR,16811.14,751,16811.14
9/2/2024,The Rec Room London Masonville,London,TRR,13722.12,570,13722.12
9/3/2024,The Rec Room West Edmonton Mall,Edmonton,TRR,8179.74,249,8179.74
9/3/2024,The Rec Room Square One,Mississauga,TRR,6414.7,250,6414.7
9/3/2024,Playdium Orion Gate,Brampton,PDM,1560,104,1560
9/3/2024,The Rec Room London Masonville,London,TRR,12335.06,525,12335.06
9/3/2024,The Rec Room Brentwood,Burnaby,TRR,16162.87,767,16162.87
9/3/2024,The Rec Room Deerfoot,Calgary,TRR,10738.88,547,10738.88
9/3/2024,The Rec Room Roundhouse,Toronto,TRR,26530.89,2149,26530.89
9/3/2024,The Rec Room Park Place Barrie,Barrie,TRR,4796.16,349,4796.16
9/3/2024,TRR Seasons of Tuxedo,Winnipeg,TRR,20444.61,868,20444.61
9/3/2024,Playdium Whitby,Whitby,PDM,3204.34,174,3204.34
9/3/2024,Playdium Dartmouth,Dartmouth,PDM,9164.36,302,9164.36
9/3/2024,The Rec Room Avalon Mall,St. John's,TRR,17852.42,1037,17852.42
9/3/2024,The Rec Room South Edmonton,Edmonton,TRR,9016.73,552,9016.73
9/4/2024,Playdium Dartmouth,Dartmouth,PDM,9275.07,326,9275.07
9/4/2024,The Rec Room Brentwood,Burnaby,TRR,9762.78,559,9762.78
9/4/2024,TRR Seasons of Tuxedo,Winnipeg,TRR,17624.1,524,17624.1
9/4/2024,The Rec Room Square One,Mississauga,TRR,11847.83,680,11847.83
9/4/2024,The Rec Room South Edmonton,Edmonton,TRR,10511.07,659,10511.07
9/4/2024,The Rec Room Park Place Barrie,Barrie,TRR,4869.87,355,4869.87
9/4/2024,The Rec Room Deerfoot,Calgary,TRR,19598.27,800,19598.27
9/4/2024,Playdium Whitby,Whitby,PDM,1999.87,154,1999.87
9/4/2024,The Rec Room London Masonville,London,TRR,8281.01,523,8281.01
9/4/2024,The Rec Room Avalon Mall,St. John's,TRR,5918.4,412,5918.4
9/4/2024,The Rec Room West Edmonton Mall,Edmonton,TRR,6637.18,354,6637.18
9/4/2024,The Rec Room Roundhouse,Toronto,TRR,32583.44,2612,32583.44
9/4/2024,Playdium Orion Gate,Brampton,PDM,2521.31,116,2521.31
9/5/2024,TRR Seasons of Tuxedo,Winnipeg,TRR,7554.81,318,7554.81
9/5/2024,The Rec Room Brentwood,Burnaby,TRR,24816.85,1095,24816.85
9/5/2024,Playdium Orion Gate,Brampton,PDM,1642.48,59,1642.48
9/5/2024,The Rec Room Square One,Mississauga,TRR,9115.04,560,9115.04
9/5/2024,The Rec Room Deerfoot,Calgary,TRR,14963.82,715,14963.82
9/5/2024,The Rec Room Roundhouse,Toronto,TRR,34630.77,1892,34630.77
9/5/2024,Playdium Dartmouth,Dartmouth,PDM,2355.35,133,2355.35
9/5/2024,The Rec Room London Masonville,London,TRR,3761.53,195,3761.53
9/5/2024,The Rec Room West Edmonton Mall,Edmonton,TRR,6433.2,294,6433.2
9/5/2024,The Rec Room Avalon Mall,St. John's,TRR,4466.26,266,4466.26
9/5/2024,Playdium Whitby,Whitby,PDM,3994.98,238,3994.98
9/5/2024,The Rec Room Park Place Barrie,Barrie,TRR,5976.04,327,5976.04
9/5/2024,The Rec Room South Edmonton,Edmonton,TRR,27800.09,953,27800.09
9/6/2024,Playdium Dartmouth,Dartmouth,PDM,5962.47,191,5962.47
9/6/2024,Playdium Whitby,Whitby,PDM,11851.42,645,11851.42
9/6/2024,Playdium Orion Gate,Brampton,PDM,5813.97,370,5813.97
9/6/2024,The Rec Room Avalon Mall,St. John's,TRR,13627.16,875,13627.16
9/6/2024,The Rec Room Square One,Mississauga,TRR,17645.74,1336,17645.74
9/6/2024,The Rec Room London Masonville,London,TRR,5936.07,516,5936.07
9/6/2024,The Rec Room Brentwood,Burnaby,TRR,21352.18,1476,21352.18
9/6/2024,The Rec Room Roundhouse,Toronto,TRR,29117.82,1984,29117.82
9/6/2024,The Rec Room South Edmonton,Edmonton,TRR,15932.65,1875,15932.65
9/6/2024,TRR Seasons of Tuxedo,Winnipeg,TRR,29019.21,1746,29019.21
9/6/2024,The Rec Room Deerfoot,Calgary,TRR,15885.4,1392,15885.4
9/6/2024,The Rec Room Park Place Barrie,Barrie,TRR,14716.42,1389,14716.42
9/6/2024,The Rec Room West Edmonton Mall,Edmonton,TRR,11070.05,865,11070.05
9/7/2024,The Rec Room Brentwood,Burnaby,TRR,44617.37,2437,44617.37
9/7/2024,The Rec Room London Masonville,London,TRR,29458.2,2107,29458.2
9/7/2024,The Rec Room Park Place Barrie,Barrie,TRR,41204.06,2815,41204.06
9/7/2024,Playdium Orion Gate,Brampton,PDM,22845.06,987,22845.06
9/7/2024,The Rec Room Avalon Mall,St. John's,TRR,19970.65,1561,19970.65
9/7/2024,TRR Seasons of Tuxedo,Winnipeg,TRR,50914.46,2768,50914.46
9/7/2024,The Rec Room Deerfoot,Calgary,TRR,36924.12,2388,36924.12
9/7/2024,The Rec Room Square One,Mississauga,TRR,41462.89,2392,41462.89
9/7/2024,The Rec Room South Edmonton,Edmonton,TRR,51365.49,3226,51365.49
9/7/2024,Playdium Dartmouth,Dartmouth,PDM,26962.59,1517,26962.59
9/7/2024,The Rec Room West Edmonton Mall,Edmonton,TRR,29291.89,1676,29291.89
9/7/2024,Playdium Whitby,Whitby,PDM,32530.07,1390,32530.07
9/7/2024,The Rec Room Roundhouse,Toronto,TRR,57051.17,3717,57051.17
9/8/2024,The Rec Room Square One,Mississauga,TRR,28499.37,931,28499.37
9/8/2024,Playdium Orion Gate,Brampton,PDM,12872.59,494,12872.59
9/8/2024,TRR Seasons of Tuxedo,Winnipeg,TRR,23619.96,1120,23619.96
9/8/2024,The Rec Room West Edmonton Mall,Edmonton,TRR,22312.73,1777,22312.73
9/8/2024,The Rec Room Deerfoot,Calgary,TRR,112656.57,3565,112656.57
9/8/2024,The Rec Room Park Place Barrie,Barrie,TRR,39135.49,1104,39135.49
9/8/2024,The Rec Room Brentwood,Burnaby,TRR,44114.18,1476,44114.18
9/8/2024,Playdium Whitby,Whitby,PDM,16254,642,16254
9/8/2024,The Rec Room South Edmonton,Edmonton,TRR,49736.19,1457,49736.19
9/8/2024,Playdium Dartmouth,Dartmouth,PDM,24144.62,857,24144.62
9/8/2024,The Rec Room London Masonville,London,TRR,32022,688,32022
9/8/2024,The Rec Room Roundhouse,Toronto,TRR,47695.37,2237,47695.37
9/8/2024,The Rec Room Avalon Mall,St. John's,TRR,16242.06,734,16242.06
9/9/2024,The Rec Room Park Place Barrie,Barrie,TRR,3832.22,257,3832.22
9/9/2024,The Rec Room Deerfoot,Calgary,TRR,15463.06,1560,15463.06
9/9/2024,The Rec Room Roundhouse,Toronto,TRR,28916.17,2747,28916.17
9/9/2024,The Rec Room Avalon Mall,St. John's,TRR,7444.95,503,7444.95
9/9/2024,TRR Seasons of Tuxedo,Winnipeg,TRR,7038.85,702,7038.85
9/9/2024,The Rec Room Brentwood,Burnaby,TRR,25256.75,1793,25256.75
9/9/2024,The Rec Room West Edmonton Mall,Edmonton,TRR,5760.11,304,5760.11
9/9/2024,The Rec Room Square One,Mississauga,TRR,6199.67,600,6199.67
9/9/2024,Playdium Dartmouth,Dartmouth,PDM,4592.3,169,4592.3
9/9/2024,Playdium Orion Gate,Brampton,PDM,2246.11,98,2246.11
9/9/2024,The Rec Room London Masonville,London,TRR,3926,290,3926
9/9/2024,Playdium Whitby,Whitby,PDM,1632.49,98,1632.49
9/9/2024,The Rec Room South Edmonton,Edmonton,TRR,9704.86,645,9704.86
9/10/2024,The Rec Room West Edmonton Mall,Edmonton,TRR,4659.38,429,4659.38
9/10/2024,The Rec Room Park Place Barrie,Barrie,TRR,7118.66,529,7118.66
9/10/2024,The Rec Room London Masonville,London,TRR,4188.13,242,4188.13
9/10/2024,The Rec Room Deerfoot,Calgary,TRR,25682.14,1166,25682.14
9/10/2024,The Rec Room Roundhouse,Toronto,TRR,72731.06,3481,72731.06
9/10/2024,The Rec Room Avalon Mall,St. John's,TRR,6552.89,524,6552.89
9/10/2024,Playdium Dartmouth,Dartmouth,PDM,2327,100,2327
9/10/2024,The Rec Room South Edmonton,Edmonton,TRR,8026.5,630,8026.5
9/10/2024,The Rec Room Brentwood,Burnaby,TRR,15912.55,1066,15912.55
9/10/2024,The Rec Room Square One,Mississauga,TRR,29513.57,1350,29513.57
9/10/2024,Playdium Whitby,Whitby,PDM,2642.9,150,2642.9
9/10/2024,TRR Seasons of Tuxedo,Winnipeg,TRR,8575.93,522,8575.93
9/10/2024,Playdium Orion Gate,Brampton,PDM,2249,90,2249
9/11/2024,Playdium Orion Gate,Brampton,PDM,3106.99,925,3106.99
9/11/2024,Playdium Dartmouth,Dartmouth,PDM,3497.36,124,3497.36
9/11/2024,The Rec Room Square One,Mississauga,TRR,11810.26,667,11810.26
9/11/2024,The Rec Room South Edmonton,Edmonton,TRR,18186.49,1045,18186.49
9/11/2024,Playdium Whitby,Whitby,PDM,2477.96,112,2477.96
9/11/2024,The Rec Room London Masonville,London,TRR,4405.88,229,4405.88
9/11/2024,The Rec Room Roundhouse,Toronto,TRR,56853.02,3373,56853.02
9/11/2024,The Rec Room Park Place Barrie,Barrie,TRR,6453.7,1386,6453.7
9/11/2024,TRR Seasons of Tuxedo,Winnipeg,TRR,10081,582,10081
9/11/2024,The Rec Room Brentwood,Burnaby,TRR,11703.74,1003,11703.74
9/11/2024,The Rec Room West Edmonton Mall,Edmonton,TRR,6367.15,1006,6367.15
9/11/2024,The Rec Room Deerfoot,Calgary,TRR,19993.72,1086,19993.72
9/11/2024,The Rec Room Avalon Mall,St. John's,TRR,3512.13,289,3512.13
9/12/2024,Playdium Whitby,Whitby,PDM,3467.49,365,3467.49
9/12/2024,The Rec Room Deerfoot,Calgary,TRR,13119.04,2441,13119.04
9/12/2024,TRR Seasons of Tuxedo,Winnipeg,TRR,12878.23,754,12878.23
9/12/2024,The Rec Room West Edmonton Mall,Edmonton,TRR,13611.36,754,13611.36
9/12/2024,The Rec Room London Masonville,London,TRR,3965.23,155,3965.23
9/12/2024,Playdium Orion Gate,Brampton,PDM,1652.96,299,1652.96
9/12/2024,The Rec Room Park Place Barrie,Barrie,TRR,5660.37,382,5660.37
9/12/2024,Playdium Dartmouth,Dartmouth,PDM,2144.86,1166,2144.86
9/12/2024,The Rec Room South Edmonton,Edmonton,TRR,11848.54,626,11848.54
9/12/2024,The Rec Room Avalon Mall,St. John's,TRR,5932.59,1510,5932.59
9/12/2024,The Rec Room Roundhouse,Toronto,TRR,68584.68,3751,68584.68
9/12/2024,The Rec Room Brentwood,Burnaby,TRR,36743.12,1644,36743.12
9/12/2024,The Rec Room Square One,Mississauga,TRR,20987.04,1108,20987.04
9/13/2024,The Rec Room West Edmonton Mall,Edmonton,TRR,13500.46,893,13500.46
9/13/2024,The Rec Room Avalon Mall,St. John's,TRR,15511.13,955,15511.13
9/13/2024,The Rec Room Park Place Barrie,Barrie,TRR,12367.8,1160,12367.8
9/13/2024,The Rec Room South Edmonton,Edmonton,TRR,26216.03,2211,26216.03
9/13/2024,TRR Seasons of Tuxedo,Winnipeg,TRR,19798.76,1309,19798.76
9/13/2024,The Rec Room Roundhouse,Toronto,TRR,67803.23,5543,67803.23
9/13/2024,Playdium Whitby,Whitby,PDM,12057.3,1352,12057.3
9/13/2024,The Rec Room Square One,Mississauga,TRR,24297.38,2540,24297.38
9/13/2024,Playdium Dartmouth,Dartmouth,PDM,7909.94,306,7909.94
9/13/2024,Playdium Orion Gate,Brampton,PDM,6528.81,296,6528.81
9/13/2024,The Rec Room Brentwood,Burnaby,TRR,33551.19,3299,33551.19
9/13/2024,The Rec Room Deerfoot,Calgary,TRR,19990.29,1842,19990.29
9/13/2024,The Rec Room London Masonville,London,TRR,8916.84,1525,8916.84
9/14/2024,The Rec Room Deerfoot,Calgary,TRR,63862.7,5633,63862.7
9/14/2024,The Rec Room West Edmonton Mall,Edmonton,TRR,35246.37,3073,35246.37
9/14/2024,The Rec Room Roundhouse,Toronto,TRR,98064.77,6843,98064.77
9/14/2024,The Rec Room Park Place Barrie,Barrie,TRR,31144.11,3061,31144.11
9/14/2024,TRR Seasons of Tuxedo,Winnipeg,TRR,49174.98,3290,49174.98
9/14/2024,The Rec Room Avalon Mall,St. John's,TRR,32328.61,1990,32328.61
9/14/2024,Playdium Orion Gate,Brampton,PDM,25170.94,1793,25170.94
9/14/2024,The Rec Room Brentwood,Burnaby,TRR,61309.39,3574,61309.39
9/14/2024,The Rec Room London Masonville,London,TRR,18292.36,1152,18292.36
9/14/2024,The Rec Room Square One,Mississauga,TRR,103444.6,5019,103444.6
9/14/2024,Playdium Dartmouth,Dartmouth,PDM,24429.41,955,24429.41
9/14/2024,Playdium Whitby,Whitby,PDM,27783.14,1318,27783.14
9/14/2024,The Rec Room South Edmonton,Edmonton,TRR,58619.8,4135,58619.8
9/15/2024,Playdium Whitby,Whitby,PDM,17124.93,824,17124.93
9/15/2024,The Rec Room West Edmonton Mall,Edmonton,TRR,24344.61,826,24344.61
9/15/2024,TRR Seasons of Tuxedo,Winnipeg,TRR,34454.91,1011,34454.91
9/15/2024,The Rec Room Park Place Barrie,Barrie,TRR,26397.5,875,26397.5
9/15/2024,The Rec Room London Masonville,London,TRR,22246.41,604,22246.41
9/15/2024,The Rec Room Avalon Mall,St. John's,TRR,18622.07,933,18622.07
9/15/2024,The Rec Room Deerfoot,Calgary,TRR,64548.61,1808,64548.61
9/15/2024,The Rec Room Brentwood,Burnaby,TRR,47974,1510,47974
9/15/2024,The Rec Room Roundhouse,Toronto,TRR,73985.69,4393,73985.69
9/15/2024,Playdium Orion Gate,Brampton,PDM,17244.24,762,17244.24
9/15/2024,Playdium Dartmouth,Dartmouth,PDM,12947.17,552,12947.17
9/15/2024,The Rec Room South Edmonton,Edmonton,TRR,53268.36,1498,53268.36
9/15/2024,The Rec Room Square One,Mississauga,TRR,25308.91,1054,25308.91
9/16/2024,Playdium Whitby,Whitby,PDM,1070.96,54,1070.96
9/16/2024,The Rec Room Square One,Mississauga,TRR,7268.78,415,7268.78
9/16/2024,TRR Seasons of Tuxedo,Winnipeg,TRR,11295.63,1190,11295.63
9/16/2024,The Rec Room South Edmonton,Edmonton,TRR,9833.6,683,9833.6
9/16/2024,The Rec Room West Edmonton Mall,Edmonton,TRR,8428.18,634,8428.18
9/16/2024,Playdium Dartmouth,Dartmouth,PDM,2788.66,95,2788.66
9/16/2024,The Rec Room London Masonville,London,TRR,3408.96,248,3408.96
9/16/2024,The Rec Room Brentwood,Burnaby,TRR,14204,1728,14204
9/16/2024,The Rec Room Roundhouse,Toronto,TRR,32238.45,1871,32238.45
9/16/2024,The Rec Room Park Place Barrie,Barrie,TRR,6474.7,476,6474.7
9/16/2024,The Rec Room Deerfoot,Calgary,TRR,10718.09,1323,10718.09
9/16/2024,Playdium Orion Gate,Brampton,PDM,1906.98,84,1906.98
9/16/2024,The Rec Room Avalon Mall,St. John's,TRR,4637.1,372,4637.1
9/17/2024,The Rec Room London Masonville,London,TRR,6187.22,318,6187.22
9/17/2024,The Rec Room South Edmonton,Edmonton,TRR,14636.62,891,14636.62
9/17/2024,Playdium Orion Gate,Brampton,PDM,2039.39,82,2039.39
9/17/2024,The Rec Room Park Place Barrie,Barrie,TRR,5027.13,378,5027.13
9/17/2024,The Rec Room Deerfoot,Calgary,TRR,18220.56,992,18220.56
9/17/2024,The Rec Room Roundhouse,Toronto,TRR,30202.41,2501,30202.41
9/17/2024,The Rec Room Square One,Mississauga,TRR,10590.01,1031,10590.01
9/17/2024,Playdium Dartmouth,Dartmouth,PDM,2288.48,82,2288.48
9/17/2024,The Rec Room Brentwood,Burnaby,TRR,21976.04,907,21976.04
9/17/2024,Playdium Whitby,Whitby,PDM,2301.47,124,2301.47
9/17/2024,The Rec Room West Edmonton Mall,Edmonton,TRR,4638.68,315,4638.68
9/17/2024,TRR Seasons of Tuxedo,Winnipeg,TRR,15422.69,818,15422.69
9/17/2024,The Rec Room Avalon Mall,St. John's,TRR,8093.53,516,8093.53
9/18/2024,The Rec Room West Edmonton Mall,Edmonton,TRR,7311.21,385,7311.21
9/18/2024,TRR Seasons of Tuxedo,Winnipeg,TRR,9864.93,714,9864.93
9/18/2024,The Rec Room South Edmonton,Edmonton,TRR,13526.57,709,13526.57
9/18/2024,Playdium Dartmouth,Dartmouth,PDM,3703.48,127,3703.48
9/18/2024,The Rec Room Square One,Mississauga,TRR,15316.14,738,15316.14
9/18/2024,The Rec Room Avalon Mall,St. John's,TRR,5118.86,374,5118.86
9/18/2024,The Rec Room London Masonville,London,TRR,4787.84,292,4787.84
9/18/2024,The Rec Room Brentwood,Burnaby,TRR,15703.7,806,15703.7
9/18/2024,The Rec Room Park Place Barrie,Barrie,TRR,4845.7,408,4845.7
9/18/2024,Playdium Orion Gate,Brampton,PDM,1478.48,329,1478.48
9/18/2024,The Rec Room Roundhouse,Toronto,TRR,71585.88,3952,71585.88
9/18/2024,The Rec Room Deerfoot,Calgary,TRR,17992.2,945,17992.2
9/18/2024,Playdium Whitby,Whitby,PDM,3444.87,155,3444.87
9/19/2024,The Rec Room West Edmonton Mall,Edmonton,TRR,7436.43,430,7436.43
9/19/2024,Playdium Dartmouth,Dartmouth,PDM,8967.48,366,8967.48
9/19/2024,The Rec Room Roundhouse,Toronto,TRR,23381.17,2057,23381.17
9/19/2024,Playdium Orion Gate,Brampton,PDM,2723.02,173,2723.02
9/19/2024,The Rec Room Park Place Barrie,Barrie,TRR,4280.73,306,4280.73
9/19/2024,The Rec Room South Edmonton,Edmonton,TRR,14863.19,971,14863.19
9/19/2024,The Rec Room Avalon Mall,St. John's,TRR,7438,523,7438
9/19/2024,The Rec Room London Masonville,London,TRR,3915.47,170,3915.47
9/19/2024,The Rec Room Brentwood,Burnaby,TRR,17380.75,919,17380.75
9/19/2024,The Rec Room Square One,Mississauga,TRR,11993.83,767,11993.83
9/19/2024,The Rec Room Deerfoot,Calgary,TRR,35528.79,1606,35528.79
9/19/2024,Playdium Whitby,Whitby,PDM,3445.04,136,3445.04
9/19/2024,TRR Seasons of Tuxedo,Winnipeg,TRR,16093.8,683,16093.8
9/20/2024,Playdium Dartmouth,Dartmouth,PDM,7725.91,353,7725.91
9/20/2024,The Rec Room Brentwood,Burnaby,TRR,38282.88,2451,38282.88
9/20/2024,The Rec Room Deerfoot,Calgary,TRR,26611.4,2263,26611.4
9/20/2024,TRR Seasons of Tuxedo,Winnipeg,TRR,30155.3,2034,30155.3
9/20/2024,The Rec Room Square One,Mississauga,TRR,19791.34,1294,19791.34
9/20/2024,The Rec Room South Edmonton,Edmonton,TRR,28030.71,2241,28030.71
9/20/2024,The Rec Room Roundhouse,Toronto,TRR,44411.26,2870,44411.26
9/20/2024,The Rec Room Park Place Barrie,Barrie,TRR,13976.44,1291,13976.44
9/20/2024,The Rec Room Avalon Mall,St. John's,TRR,19237.03,1253,19237.03
9/20/2024,Playdium Orion Gate,Brampton,PDM,5934.89,217,5934.89
9/20/2024,Playdium Whitby,Whitby,PDM,11399.25,781,11399.25
9/20/2024,The Rec Room West Edmonton Mall,Edmonton,TRR,20185.42,1291,20185.42
9/20/2024,The Rec Room London Masonville,London,TRR,10831.17,876,10831.17
9/21/2024,The Rec Room Roundhouse,Toronto,TRR,86195.84,5423,86195.84
9/21/2024,The Rec Room London Masonville,London,TRR,25260.55,1694,25260.55
9/21/2024,Playdium Orion Gate,Brampton,PDM,30237.62,1440,30237.62
9/21/2024,The Rec Room West Edmonton Mall,Edmonton,TRR,36739.64,2157,36739.64
9/21/2024,The Rec Room Square One,Mississauga,TRR,85914.69,4085,85914.69
9/21/2024,The Rec Room Park Place Barrie,Barrie,TRR,41667.69,2491,41667.69
9/21/2024,The Rec Room Brentwood,Burnaby,TRR,57130.33,3342,57130.33
9/21/2024,The Rec Room South Edmonton,Edmonton,TRR,60260.5,3676,60260.5
9/21/2024,The Rec Room Deerfoot,Calgary,TRR,63737.57,4214,63737.57
9/21/2024,TRR Seasons of Tuxedo,Winnipeg,TRR,54131.64,2859,54131.64
9/21/2024,The Rec Room Avalon Mall,St. John's,TRR,28163.54,1849,28163.54
9/21/2024,Playdium Whitby,Whitby,PDM,35421.86,1368,35421.86
9/21/2024,Playdium Dartmouth,Dartmouth,PDM,28887.56,1160,28887.56
9/22/2024,The Rec Room South Edmonton,Edmonton,TRR,52615.61,1811,52615.61
9/22/2024,The Rec Room Avalon Mall,St. John's,TRR,23050.75,1164,23050.75
9/22/2024,The Rec Room London Masonville,London,TRR,30890.47,496,30890.47
9/22/2024,Playdium Dartmouth,Dartmouth,PDM,15473.8,496,15473.8
9/22/2024,Playdium Whitby,Whitby,PDM,24250.21,1183,24250.21
9/22/2024,The Rec Room Roundhouse,Toronto,TRR,58554.96,3043,58554.96
9/22/2024,The Rec Room West Edmonton Mall,Edmonton,TRR,25431.87,773,25431.87
9/22/2024,The Rec Room Square One,Mississauga,TRR,28984.18,1021,28984.18
9/22/2024,Playdium Orion Gate,Brampton,PDM,18796.8,807,18796.8
9/22/2024,TRR Seasons of Tuxedo,Winnipeg,TRR,49146.31,1725,49146.31
9/22/2024,The Rec Room Brentwood,Burnaby,TRR,54385.05,2063,54385.05
9/22/2024,The Rec Room Park Place Barrie,Barrie,TRR,29089.58,1321,29089.58
9/22/2024,The Rec Room Deerfoot,Calgary,TRR,62993.54,1570,62993.54
9/23/2024,The Rec Room Deerfoot,Calgary,TRR,17673.5,1452,17673.5
9/23/2024,The Rec Room Brentwood,Burnaby,TRR,24154.03,1506,24154.03
9/23/2024,The Rec Room South Edmonton,Edmonton,TRR,9147.16,791,9147.16
9/23/2024,The Rec Room Avalon Mall,St. John's,TRR,4715.74,388,4715.74
9/23/2024,The Rec Room London Masonville,London,TRR,4206.96,324,4206.96
9/23/2024,Playdium Orion Gate,Brampton,PDM,3584.78,160,3584.78
9/23/2024,The Rec Room Roundhouse,Toronto,TRR,26754.15,1822,26754.15
9/23/2024,TRR Seasons of Tuxedo,Winnipeg,TRR,18797.17,1084,18797.17
9/23/2024,The Rec Room Park Place Barrie,Barrie,TRR,4456.66,327,4456.66
9/23/2024,Playdium Dartmouth,Dartmouth,PDM,5139.5,195,5139.5
9/23/2024,Playdium Whitby,Whitby,PDM,2202.77,138,2202.77
9/23/2024,The Rec Room West Edmonton Mall,Edmonton,TRR,6848.42,462,6848.42
9/23/2024,The Rec Room Square One,Mississauga,TRR,8218.66,502,8218.66
9/24/2024,TRR Seasons of Tuxedo,Winnipeg,TRR,13509.31,792,13509.31
9/24/2024,Playdium Orion Gate,Brampton,PDM,4771.37,257,4771.37
9/24/2024,The Rec Room Square One,Mississauga,TRR,8827.67,508,8827.67
9/24/2024,The Rec Room West Edmonton Mall,Edmonton,TRR,5730.19,375,5730.19
9/24/2024,The Rec Room Deerfoot,Calgary,TRR,12071.54,715,12071.54
9/24/2024,The Rec Room Park Place Barrie,Barrie,TRR,7157.77,562,7157.77
9/24/2024,The Rec Room Brentwood,Burnaby,TRR,20761.82,897,20761.82
9/24/2024,The Rec Room Roundhouse,Toronto,TRR,54929.94,3339,54929.94
9/24/2024,The Rec Room Avalon Mall,St. John's,TRR,7869.66,518,7869.66
9/24/2024,The Rec Room London Masonville,London,TRR,5590.62,308,5590.62
9/24/2024,The Rec Room South Edmonton,Edmonton,TRR,12163.23,706,12163.23
9/24/2024,Playdium Whitby,Whitby,PDM,4355.93,193,4355.93
9/24/2024,Playdium Dartmouth,Dartmouth,PDM,3009.38,128,3009.38
9/25/2024,The Rec Room South Edmonton,Edmonton,TRR,12271.77,643,12271.77
9/25/2024,Playdium Whitby,Whitby,PDM,4122.47,232,4122.47
9/25/2024,The Rec Room London Masonville,London,TRR,7364.47,380,7364.47
9/25/2024,Playdium Dartmouth,Dartmouth,PDM,5695.13,152,5695.13
9/25/2024,Playdium Orion Gate,Brampton,PDM,2082.48,98,2082.48
9/25/2024,The Rec Room West Edmonton Mall,Edmonton,TRR,8833.31,502,8833.31
9/25/2024,The Rec Room Park Place Barrie,Barrie,TRR,6311.64,430,6311.64
9/25/2024,The Rec Room Square One,Mississauga,TRR,21988.97,778,21988.97
9/25/2024,The Rec Room Deerfoot,Calgary,TRR,14741.16,704,14741.16
9/25/2024,The Rec Room Roundhouse,Toronto,TRR,62822.8,3827,62822.8
9/25/2024,TRR Seasons of Tuxedo,Winnipeg,TRR,10135.93,509,10135.93
9/25/2024,The Rec Room Avalon Mall,St. John's,TRR,5669.48,372,5669.48
9/25/2024,The Rec Room Brentwood,Burnaby,TRR,20313.61,976,20313.61
9/26/2024,The Rec Room West Edmonton Mall,Edmonton,TRR,10655.63,575,10655.63
9/26/2024,The Rec Room Roundhouse,Toronto,TRR,82596.8,4742,82596.8
9/26/2024,The Rec Room London Masonville,London,TRR,4425.19,232,4425.19
9/26/2024,The Rec Room Deerfoot,Calgary,TRR,14058.76,919,14058.76
9/26/2024,The Rec Room Park Place Barrie,Barrie,TRR,11237.16,809,11237.16
9/26/2024,Playdium Dartmouth,Dartmouth,PDM,3509.86,120,3509.86
9/26/2024,The Rec Room Brentwood,Burnaby,TRR,12720.07,742,12720.07
9/26/2024,The Rec Room South Edmonton,Edmonton,TRR,13040.42,706,13040.42
9/26/2024,Playdium Orion Gate,Brampton,PDM,7495.48,547,7495.48
9/26/2024,TRR Seasons of Tuxedo,Winnipeg,TRR,19672.2,964,19672.2
9/26/2024,The Rec Room Square One,Mississauga,TRR,24285.07,970,24285.07
9/26/2024,The Rec Room Avalon Mall,St. John's,TRR,7451.36,481,7451.36
9/26/2024,Playdium Whitby,Whitby,PDM,2781.99,500,2781.99
9/27/2024,The Rec Room South Edmonton,Edmonton,TRR,23826.3,2020,23826.3
9/27/2024,Playdium Dartmouth,Dartmouth,PDM,12572.96,515,12572.96
9/27/2024,The Rec Room London Masonville,London,TRR,8024.18,714,8024.18
9/27/2024,Playdium Orion Gate,Brampton,PDM,7032.39,368,7032.39
9/27/2024,The Rec Room West Edmonton Mall,Edmonton,TRR,19181.63,1815,19181.63
9/27/2024,Playdium Whitby,Whitby,PDM,12486.6,519,12486.6
9/27/2024,The Rec Room Roundhouse,Toronto,TRR,60233.67,4407,60233.67
9/27/2024,The Rec Room Avalon Mall,St. John's,TRR,15305.26,834,15305.26
9/27/2024,The Rec Room Square One,Mississauga,TRR,25773.74,2111,25773.74
9/27/2024,The Rec Room Deerfoot,Calgary,TRR,32491.21,2834,32491.21
9/27/2024,The Rec Room Park Place Barrie,Barrie,TRR,18872.2,1677,18872.2
9/27/2024,TRR Seasons of Tuxedo,Winnipeg,TRR,25141.81,1566,25141.81
9/27/2024,The Rec Room Brentwood,Burnaby,TRR,28903.07,2008,28903.07
9/28/2024,TRR Seasons of Tuxedo,Winnipeg,TRR,47088.78,2830,47088.78
9/28/2024,The Rec Room Park Place Barrie,Barrie,TRR,37777.26,2409,37777.26
9/28/2024,The Rec Room Roundhouse,Toronto,TRR,118354.07,7871,118354.07
9/28/2024,The Rec Room Avalon Mall,St. John's,TRR,31148.4,1919,31148.4
9/28/2024,The Rec Room London Masonville,London,TRR,22642.92,1453,22642.92
9/28/2024,The Rec Room West Edmonton Mall,Edmonton,TRR,37711.13,2083,37711.13
9/28/2024,The Rec Room Brentwood,Burnaby,TRR,53121.72,2860,53121.72
9/28/2024,Playdium Dartmouth,Dartmouth,PDM,33903.09,1215,33903.09
9/28/2024,The Rec Room Square One,Mississauga,TRR,39584.88,2685,39584.88
9/28/2024,Playdium Orion Gate,Brampton,PDM,28079.77,1203,28079.77
9/28/2024,The Rec Room Deerfoot,Calgary,TRR,61716.18,3745,61716.18
9/28/2024,Playdium Whitby,Whitby,PDM,40525.23,1683,40525.23
9/28/2024,The Rec Room South Edmonton,Edmonton,TRR,51912.53,3329,51912.53
9/29/2024,The Rec Room Park Place Barrie,Barrie,TRR,31518.31,1207,31518.31
9/29/2024,The Rec Room Avalon Mall,St. John's,TRR,25438.42,1167,25438.42
9/29/2024,The Rec Room South Edmonton,Edmonton,TRR,60637.42,1950,60637.42
9/29/2024,Playdium Dartmouth,Dartmouth,PDM,19295.12,824,19295.12
9/29/2024,The Rec Room West Edmonton Mall,Edmonton,TRR,38830.39,1388,38830.39
9/29/2024,The Rec Room Brentwood,Burnaby,TRR,60777.87,2340,60777.87
9/29/2024,The Rec Room Roundhouse,Toronto,TRR,73621.48,3781,73621.48
9/29/2024,The Rec Room Deerfoot,Calgary,TRR,79891,2379,79891
9/29/2024,TRR Seasons of Tuxedo,Winnipeg,TRR,51870.95,1798,51870.95
9/29/2024,The Rec Room London Masonville,London,TRR,30326.44,593,30326.44
9/29/2024,Playdium Whitby,Whitby,PDM,24122.28,1111,24122.28
9/29/2024,The Rec Room Square One,Mississauga,TRR,32704.45,923,32704.45
9/29/2024,Playdium Orion Gate,Brampton,PDM,16314.4,642,16314.4
9/30/2024,The Rec Room Roundhouse,Toronto,TRR,13545.75,1399,13545.75
9/30/2024,The Rec Room Park Place Barrie,Barrie,TRR,8021.98,459,8021.98
9/30/2024,The Rec Room West Edmonton Mall,Edmonton,TRR,15813.02,843,15813.02
9/30/2024,The Rec Room London Masonville,London,TRR,5836.81,403,5836.81
9/30/2024,The Rec Room Brentwood,Burnaby,TRR,31594.04,1356,31594.04
9/30/2024,The Rec Room Avalon Mall,St. John's,TRR,15581.37,813,15581.37
9/30/2024,The Rec Room Square One,Mississauga,TRR,8289.21,593,8289.21
9/30/2024,Playdium Dartmouth,Dartmouth,PDM,10032.86,319,10032.86
9/30/2024,Playdium Whitby,Whitby,PDM,3095.44,180,3095.44
9/30/2024,Playdium Orion Gate,Brampton,PDM,1708.5,50,1708.5
9/30/2024,The Rec Room Deerfoot,Calgary,TRR,39436.41,2684,39436.41
9/30/2024,TRR Seasons of Tuxedo,Winnipeg,TRR,28173.93,1163,28173.93
9/30/2024,The Rec Room South Edmonton,Edmonton,TRR,29807.08,1607,29807.08
10/1/2024,The Rec Room London Masonville,London,TRR,5621.99,311,5621.99
10/1/2024,The Rec Room Brentwood,Burnaby,TRR,12477.95,697,12477.95
10/1/2024,The Rec Room Park Place Barrie,Barrie,TRR,9408.56,603,9408.56
10/1/2024,The Rec Room Deerfoot,Calgary,TRR,8820.56,513,8820.56
10/1/2024,Playdium Orion Gate,Brampton,PDM,4092.93,145,4092.93
10/1/2024,The Rec Room South Edmonton,Edmonton,TRR,10210.1,658,10210.1
10/1/2024,The Rec Room Square One,Mississauga,TRR,9648.46,482,9648.46
10/1/2024,The Rec Room Roundhouse,Toronto,TRR,62490.65,3571,62490.65
10/1/2024,Playdium Dartmouth,Dartmouth,PDM,2914.29,98,2914.29
10/1/2024,TRR Seasons of Tuxedo,Winnipeg,TRR,8773.64,446,8773.64
10/1/2024,The Rec Room West Edmonton Mall,Edmonton,TRR,8954.75,489,8954.75
10/1/2024,Playdium Whitby,Whitby,PDM,3999.46,193,3999.46
10/1/2024,The Rec Room Avalon Mall,St. John's,TRR,5852.99,422,5852.99
10/2/2024,The Rec Room South Edmonton,Edmonton,TRR,10730.27,777,10730.27
10/2/2024,Playdium Whitby,Whitby,PDM,2674.76,92,2674.76
10/2/2024,The Rec Room Square One,Mississauga,TRR,15766.68,652,15766.68
10/2/2024,TRR Seasons of Tuxedo,Winnipeg,TRR,9575.2,513,9575.2
10/2/2024,Playdium Dartmouth,Dartmouth,PDM,1911.44,89,1911.44
10/2/2024,The Rec Room London Masonville,London,TRR,4288.65,220,4288.65
10/2/2024,The Rec Room Avalon Mall,St. John's,TRR,5311.32,376,5311.32
10/2/2024,The Rec Room Deerfoot,Calgary,TRR,16764.06,1089,16764.06
10/2/2024,The Rec Room Roundhouse,Toronto,TRR,53446.91,2815,53446.91
10/2/2024,Playdium Orion Gate,Brampton,PDM,1215.99,28,1215.99
10/2/2024,The Rec Room Brentwood,Burnaby,TRR,11850.92,529,11850.92
10/2/2024,The Rec Room Park Place Barrie,Barrie,TRR,5178.3,355,5178.3
10/2/2024,The Rec Room West Edmonton Mall,Edmonton,TRR,4591.68,317,4591.68
10/3/2024,The Rec Room Avalon Mall,St. John's,TRR,7498.98,483,7498.98
10/3/2024,TRR Seasons of Tuxedo,Winnipeg,TRR,8299.29,545,8299.29
10/3/2024,Playdium Whitby,Whitby,PDM,2646.5,532,2646.5
10/3/2024,The Rec Room Deerfoot,Calgary,TRR,15239.7,1174,15239.7
10/3/2024,The Rec Room Roundhouse,Toronto,TRR,51207.15,2755,51207.15
10/3/2024,The Rec Room West Edmonton Mall,Edmonton,TRR,10552.7,653,10552.7
10/3/2024,Playdium Orion Gate,Brampton,PDM,2310.96,320,2310.96
10/3/2024,The Rec Room Park Place Barrie,Barrie,TRR,5427.91,433,5427.91
10/3/2024,The Rec Room London Masonville,London,TRR,4080.73,195,4080.73
10/3/2024,The Rec Room South Edmonton,Edmonton,TRR,9464.94,469,9464.94
10/3/2024,Playdium Dartmouth,Dartmouth,PDM,3254.38,123,3254.38
10/3/2024,The Rec Room Brentwood,Burnaby,TRR,12357.18,802,12357.18
10/3/2024,The Rec Room Square One,Mississauga,TRR,20619.43,1002,20619.43
10/4/2024,The Rec Room Brentwood,Burnaby,TRR,35789.39,2522,35789.39
10/4/2024,The Rec Room Avalon Mall,St. John's,TRR,18390.52,1337,18390.52
10/4/2024,Playdium Whitby,Whitby,PDM,13282.92,611,13282.92
10/4/2024,The Rec Room London Masonville,London,TRR,9015.8,762,9015.8
10/4/2024,The Rec Room Roundhouse,Toronto,TRR,34446.41,2667,34446.41
10/4/2024,The Rec Room Deerfoot,Calgary,TRR,27823.19,2298,27823.19
10/4/2024,TRR Seasons of Tuxedo,Winnipeg,TRR,33482.7,1779,33482.7
10/4/2024,Playdium Orion Gate,Brampton,PDM,6783.4,291,6783.4
10/4/2024,The Rec Room Park Place Barrie,Barrie,TRR,21050.94,1889,21050.94
10/4/2024,The Rec Room Square One,Mississauga,TRR,56437.03,2907,56437.03
10/4/2024,The Rec Room West Edmonton Mall,Edmonton,TRR,22637.48,1717,22637.48
10/4/2024,Playdium Dartmouth,Dartmouth,PDM,7649.38,431,7649.38
10/4/2024,The Rec Room South Edmonton,Edmonton,TRR,21925.64,1829,21925.64
10/5/2024,The Rec Room London Masonville,London,TRR,24891.15,1656,24891.15
10/5/2024,The Rec Room Brentwood,Burnaby,TRR,63470.66,3742,63470.66
10/5/2024,The Rec Room Square One,Mississauga,TRR,33643.92,1945,33643.92
10/5/2024,The Rec Room Park Place Barrie,Barrie,TRR,39917,2850,39917
10/5/2024,The Rec Room South Edmonton,Edmonton,TRR,57762.32,3245,57762.32
10/5/2024,Playdium Orion Gate,Brampton,PDM,25942.97,1205,25942.97
10/5/2024,The Rec Room Roundhouse,Toronto,TRR,95422.29,5894,95422.29
10/5/2024,The Rec Room West Edmonton Mall,Edmonton,TRR,35066.66,2058,35066.66
10/5/2024,TRR Seasons of Tuxedo,Winnipeg,TRR,57778.44,3234,57778.44
10/5/2024,Playdium Whitby,Whitby,PDM,35733.94,1566,35733.94
10/5/2024,Playdium Dartmouth,Dartmouth,PDM,27479.53,1088,27479.53
10/5/2024,The Rec Room Avalon Mall,St. John's,TRR,25027.01,1728,25027.01
10/5/2024,The Rec Room Deerfoot,Calgary,TRR,50838.15,3223,50838.15
10/6/2024,Playdium Dartmouth,Dartmouth,PDM,14845.95,555,14845.95
10/6/2024,The Rec Room Square One,Mississauga,TRR,28506.12,1094,28506.12
10/6/2024,The Rec Room West Edmonton Mall,Edmonton,TRR,23811.48,895,23811.48
10/6/2024,The Rec Room Deerfoot,Calgary,TRR,57202.55,1616,57202.55
10/6/2024,The Rec Room Brentwood,Burnaby,TRR,45166.47,1436,45166.47
10/6/2024,TRR Seasons of Tuxedo,Winnipeg,TRR,39401.54,1219,39401.54
10/6/2024,The Rec Room Park Place Barrie,Barrie,TRR,38163.28,1369,38163.28
10/6/2024,Playdium Orion Gate,Brampton,PDM,18448.87,724,18448.87
10/6/2024,The Rec Room London Masonville,London,TRR,25934.44,584,25934.44
10/6/2024,The Rec Room Roundhouse,Toronto,TRR,61130.48,2829,61130.48
10/6/2024,The Rec Room South Edmonton,Edmonton,TRR,39367.9,1277,39367.9
10/6/2024,Playdium Whitby,Whitby,PDM,24499.15,1225,24499.15
10/6/2024,The Rec Room Avalon Mall,St. John's,TRR,15856.92,747,15856.92
10/7/2024,The Rec Room Avalon Mall,St. John's,TRR,6717.08,547,6717.08
10/7/2024,TRR Seasons of Tuxedo,Winnipeg,TRR,15481.89,1008,15481.89
10/7/2024,The Rec Room Deerfoot,Calgary,TRR,13899.36,1221,13899.36
10/7/2024,Playdium Orion Gate,Brampton,PDM,2448.52,102,2448.52
10/7/2024,The Rec Room Roundhouse,Toronto,TRR,40192.43,3327,40192.43
10/7/2024,Playdium Whitby,Whitby,PDM,1989.73,133,1989.73
10/7/2024,The Rec Room London Masonville,London,TRR,5356.4,393,5356.4
10/7/2024,Playdium Dartmouth,Dartmouth,PDM,1725.48,77,1725.48
10/7/2024,The Rec Room Park Place Barrie,Barrie,TRR,3636.15,392,3636.15
10/7/2024,The Rec Room South Edmonton,Edmonton,TRR,11329,830,11329
10/7/2024,The Rec Room West Edmonton Mall,Edmonton,TRR,5691.86,474,5691.86
10/7/2024,The Rec Room Brentwood,Burnaby,TRR,9254.83,838,9254.83
10/7/2024,The Rec Room Square One,Mississauga,TRR,4872.37,362,4872.37
10/8/2024,The Rec Room Roundhouse,Toronto,TRR,52713.17,3059,52713.17
10/8/2024,The Rec Room South Edmonton,Edmonton,TRR,11327.36,664,11327.36
10/8/2024,Playdium Whitby,Whitby,PDM,2340.88,131,2340.88
10/8/2024,The Rec Room London Masonville,London,TRR,5320.51,397,5320.51
10/8/2024,Playdium Dartmouth,Dartmouth,PDM,4031.15,139,4031.15
10/8/2024,The Rec Room Avalon Mall,St. John's,TRR,6073.8,447,6073.8
10/8/2024,TRR Seasons of Tuxedo,Winnipeg,TRR,9682.67,625,9682.67
10/8/2024,The Rec Room Square One,Mississauga,TRR,14550.02,706,14550.02
10/8/2024,The Rec Room West Edmonton Mall,Edmonton,TRR,4791.06,251,4791.06
10/8/2024,The Rec Room Deerfoot,Calgary,TRR,21717.04,1037,21717.04
10/8/2024,The Rec Room Park Place Barrie,Barrie,TRR,5446.24,350,5446.24
10/8/2024,The Rec Room Brentwood,Burnaby,TRR,14638.75,997,14638.75
10/8/2024,Playdium Orion Gate,Brampton,PDM,2385.98,53,2385.98
10/9/2024,Playdium Whitby,Whitby,PDM,5098.87,230,5098.87
10/9/2024,Playdium Orion Gate,Brampton,PDM,1715.9,246,1715.9
10/9/2024,The Rec Room Square One,Mississauga,TRR,6677.44,383,6677.44
10/9/2024,TRR Seasons of Tuxedo,Winnipeg,TRR,15047.82,803,15047.82
10/9/2024,The Rec Room West Edmonton Mall,Edmonton,TRR,8689.61,468,8689.61
10/9/2024,The Rec Room Brentwood,Burnaby,TRR,43489.8,1370,43489.8
10/9/2024,The Rec Room Deerfoot,Calgary,TRR,9937.01,645,9937.01
10/9/2024,The Rec Room Park Place Barrie,Barrie,TRR,3981.19,240,3981.19
10/9/2024,The Rec Room Roundhouse,Toronto,TRR,68627.58,2092,68627.58
10/9/2024,The Rec Room Avalon Mall,St. John's,TRR,6605.21,577,6605.21
10/9/2024,Playdium Dartmouth,Dartmouth,PDM,2454.46,80,2454.46
10/9/2024,The Rec Room South Edmonton,Edmonton,TRR,9771.55,609,9771.55
10/9/2024,The Rec Room London Masonville,London,TRR,11853.96,462,11853.96
10/10/2024,The Rec Room Roundhouse,Toronto,TRR,80712.05,4496,80712.05
10/10/2024,The Rec Room South Edmonton,Edmonton,TRR,22027.45,1111,22027.45
10/10/2024,Playdium Whitby,Whitby,PDM,3400.49,171,3400.49
10/10/2024,The Rec Room Avalon Mall,St. John's,TRR,7775.6,632,7775.6
10/10/2024,Playdium Dartmouth,Dartmouth,PDM,4200.95,155,4200.95
10/10/2024,TRR Seasons of Tuxedo,Winnipeg,TRR,18006.02,882,18006.02
10/10/2024,The Rec Room Deerfoot,Calgary,TRR,15457.31,941,15457.31
10/10/2024,The Rec Room London Masonville,London,TRR,5754.75,345,5754.75
10/10/2024,The Rec Room West Edmonton Mall,Edmonton,TRR,7195.67,354,7195.67
10/10/2024,The Rec Room Brentwood,Burnaby,TRR,15830,1085,15830
10/10/2024,The Rec Room Park Place Barrie,Barrie,TRR,6118.86,410,6118.86
10/10/2024,Playdium Orion Gate,Brampton,PDM,1401.5,64,1401.5
10/10/2024,The Rec Room Square One,Mississauga,TRR,11517.16,636,11517.16
10/11/2024,Playdium Orion Gate,Brampton,PDM,11853.89,455,11853.89
10/11/2024,The Rec Room Square One,Mississauga,TRR,24273.24,1711,24273.24
10/11/2024,The Rec Room London Masonville,London,TRR,12350.21,1125,12350.21
10/11/2024,The Rec Room West Edmonton Mall,Edmonton,TRR,22331.86,1641,22331.86
10/11/2024,The Rec Room Deerfoot,Calgary,TRR,27019.02,2289,27019.02
10/11/2024,The Rec Room Avalon Mall,St. John's,TRR,15237.5,996,15237.5
10/11/2024,The Rec Room Brentwood,Burnaby,TRR,33516.94,2127,33516.94
10/11/2024,Playdium Whitby,Whitby,PDM,13765,812,13765
10/11/2024,The Rec Room South Edmonton,Edmonton,TRR,25549.16,1978,25549.16
10/11/2024,Playdium Dartmouth,Dartmouth,PDM,11647.21,448,11647.21
10/11/2024,The Rec Room Park Place Barrie,Barrie,TRR,14146.89,1303,14146.89
10/11/2024,TRR Seasons of Tuxedo,Winnipeg,TRR,18641.32,1146,18641.32
10/11/2024,The Rec Room Roundhouse,Toronto,TRR,45938.14,3227,45938.14
10/12/2024,TRR Seasons of Tuxedo,Winnipeg,TRR,44111.1,2349,44111.1
10/12/2024,The Rec Room Square One,Mississauga,TRR,25881.18,1788,25881.18
10/12/2024,The Rec Room West Edmonton Mall,Edmonton,TRR,45392.88,2771,45392.88
10/12/2024,The Rec Room Brentwood,Burnaby,TRR,50155.04,2533,50155.04
10/12/2024,The Rec Room Roundhouse,Toronto,TRR,58894.12,4047,58894.12
10/12/2024,The Rec Room Park Place Barrie,Barrie,TRR,26077.73,1657,26077.73
10/12/2024,The Rec Room Deerfoot,Calgary,TRR,48171.78,2719,48171.78
10/12/2024,The Rec Room Avalon Mall,St. John's,TRR,28101.35,1788,28101.35
10/12/2024,The Rec Room London Masonville,London,TRR,18803.81,817,18803.81
10/12/2024,Playdium Orion Gate,Brampton,PDM,23152.59,970,23152.59
10/12/2024,The Rec Room South Edmonton,Edmonton,TRR,52631.36,3128,52631.36
10/12/2024,Playdium Dartmouth,Dartmouth,PDM,26044.37,934,26044.37
10/12/2024,Playdium Whitby,Whitby,PDM,31511.14,1464,31511.14
10/13/2024,The Rec Room Avalon Mall,St. John's,TRR,16281.08,805,16281.08
10/13/2024,The Rec Room Brentwood,Burnaby,TRR,30053.02,1364,30053.02
10/13/2024,The Rec Room Park Place Barrie,Barrie,TRR,23139.51,709,23139.51
10/13/2024,The Rec Room West Edmonton Mall,Edmonton,TRR,32988.49,1227,32988.49
10/13/2024,Playdium Whitby,Whitby,PDM,21127.25,792,21127.25
10/13/2024,TRR Seasons of Tuxedo,Winnipeg,TRR,34183.26,1064,34183.26
10/13/2024,The Rec Room Roundhouse,Toronto,TRR,55327.27,2730,55327.27
10/13/2024,The Rec Room Deerfoot,Calgary,TRR,61978.68,1712,61978.68
10/13/2024,The Rec Room South Edmonton,Edmonton,TRR,49352.57,1531,49352.57
10/13/2024,Playdium Dartmouth,Dartmouth,PDM,12794.48,445,12794.48
10/13/2024,The Rec Room Square One,Mississauga,TRR,35043.54,1381,35043.54
10/13/2024,The Rec Room London Masonville,London,TRR,26055.82,543,26055.82
10/13/2024,Playdium Orion Gate,Brampton,PDM,18840.37,493,18840.37
10/14/2024,Playdium Dartmouth,Dartmouth,PDM,14065.18,499,14065.18
10/14/2024,The Rec Room Square One,Mississauga,TRR,22667.61,993,22667.61
10/14/2024,The Rec Room Deerfoot,Calgary,TRR,24210.02,1038,24210.02
10/14/2024,Playdium Whitby,Whitby,PDM,15149.61,507,15149.61
10/14/2024,Playdium Orion Gate,Brampton,PDM,14517.86,381,14517.86
10/14/2024,The Rec Room London Masonville,London,TRR,7054.96,231,7054.96
10/14/2024,The Rec Room South Edmonton,Edmonton,TRR,24125.68,1172,24125.68
10/14/2024,The Rec Room Avalon Mall,St. John's,TRR,8861.61,433,8861.61
10/14/2024,The Rec Room Brentwood,Burnaby,TRR,47866.87,1442,47866.87
10/14/2024,TRR Seasons of Tuxedo,Winnipeg,TRR,31088.67,913,31088.67
10/14/2024,The Rec Room Park Place Barrie,Barrie,TRR,14287.11,666,14287.11
10/14/2024,The Rec Room West Edmonton Mall,Edmonton,TRR,17507.83,893,17507.83
10/14/2024,The Rec Room Roundhouse,Toronto,TRR,22985.65,1417,22985.65
10/15/2024,The Rec Room Park Place Barrie,Barrie,TRR,9657.29,474,9657.29
10/15/2024,The Rec Room Avalon Mall,St. John's,TRR,9060.04,577,9060.04
10/15/2024,The Rec Room Deerfoot,Calgary,TRR,10197.18,525,10197.18
10/15/2024,Playdium Orion Gate,Brampton,PDM,2195.5,72,2195.5
10/15/2024,The Rec Room Square One,Mississauga,TRR,12442.66,630,12442.66
10/15/2024,TRR Seasons of Tuxedo,Winnipeg,TRR,14611.01,579,14611.01
10/15/2024,Playdium Dartmouth,Dartmouth,PDM,1996.97,81,1996.97
10/15/2024,The Rec Room Roundhouse,Toronto,TRR,40631.99,2078,40631.99
10/15/2024,The Rec Room Brentwood,Burnaby,TRR,19262.75,1067,19262.75
10/15/2024,Playdium Whitby,Whitby,PDM,2532.26,155,2532.26
10/15/2024,The Rec Room West Edmonton Mall,Edmonton,TRR,6273.14,313,6273.14
10/15/2024,The Rec Room South Edmonton,Edmonton,TRR,7499.6,521,7499.6
10/15/2024,The Rec Room London Masonville,London,TRR,7002.69,407,7002.69
10/16/2024,The Rec Room Square One,Mississauga,TRR,20507.61,846,20507.61
10/16/2024,The Rec Room Deerfoot,Calgary,TRR,10230.49,662,10230.49
10/16/2024,TRR Seasons of Tuxedo,Winnipeg,TRR,7034.7,593,7034.7
10/16/2024,Playdium Dartmouth,Dartmouth,PDM,2817.26,87,2817.26
10/16/2024,Playdium Orion Gate,Brampton,PDM,1484.5,297,1484.5
10/16/2024,Playdium Whitby,Whitby,PDM,2999.79,130,2999.79
10/16/2024,The Rec Room South Edmonton,Edmonton,TRR,9214.64,522,9214.64
10/16/2024,The Rec Room Park Place Barrie,Barrie,TRR,5808.17,442,5808.17
10/16/2024,The Rec Room Roundhouse,Toronto,TRR,37496.64,1970,37496.64
10/16/2024,The Rec Room West Edmonton Mall,Edmonton,TRR,6152.94,306,6152.94
10/16/2024,The Rec Room Brentwood,Burnaby,TRR,19191.69,1243,19191.69
10/16/2024,The Rec Room London Masonville,London,TRR,4217.49,206,4217.49
10/16/2024,The Rec Room Avalon Mall,St. John's,TRR,6179.6,516,6179.6
10/17/2024,TRR Seasons of Tuxedo,Winnipeg,TRR,9848.24,528,9848.24
10/17/2024,Playdium Whitby,Whitby,PDM,4263.8,655,4263.8
10/17/2024,The Rec Room Avalon Mall,St. John's,TRR,7729.65,499,7729.65
10/17/2024,The Rec Room Brentwood,Burnaby,TRR,18575.78,1072,18575.78
10/17/2024,The Rec Room Park Place Barrie,Barrie,TRR,6947.42,553,6947.42
10/17/2024,The Rec Room West Edmonton Mall,Edmonton,TRR,8799.2,468,8799.2
10/17/2024,The Rec Room London Masonville,London,TRR,5645.2,312,5645.2
10/17/2024,Playdium Orion Gate,Brampton,PDM,2413.49,73,2413.49
10/17/2024,The Rec Room South Edmonton,Edmonton,TRR,14879.42,778,14879.42
10/17/2024,The Rec Room Square One,Mississauga,TRR,21750.71,924,21750.71
10/17/2024,The Rec Room Deerfoot,Calgary,TRR,17319.67,896,17319.67
10/17/2024,The Rec Room Roundhouse,Toronto,TRR,42284.99,2655,42284.99
10/17/2024,Playdium Dartmouth,Dartmouth,PDM,3153.32,140,3153.32
10/18/2024,Playdium Dartmouth,Dartmouth,PDM,9858.14,479,9858.14
10/18/2024,Playdium Orion Gate,Brampton,PDM,6974.89,248,6974.89
10/18/2024,Playdium Whitby,Whitby,PDM,14466.96,584,14466.96
10/18/2024,The Rec Room Park Place Barrie,Barrie,TRR,17427.16,1586,17427.16
10/18/2024,The Rec Room Brentwood,Burnaby,TRR,35445.61,2406,35445.61
10/18/2024,The Rec Room Roundhouse,Toronto,TRR,42061.55,2897,42061.55
10/18/2024,TRR Seasons of Tuxedo,Winnipeg,TRR,25499.42,1405,25499.42
10/18/2024,The Rec Room Square One,Mississauga,TRR,20156.71,1395,20156.71
10/18/2024,The Rec Room Deerfoot,Calgary,TRR,23923.53,2045,23923.53
10/18/2024,The Rec Room South Edmonton,Edmonton,TRR,27020.98,2144,27020.98
10/18/2024,The Rec Room London Masonville,London,TRR,10910.46,907,10910.46
10/18/2024,The Rec Room West Edmonton Mall,Edmonton,TRR,22512.86,1618,22512.86
10/18/2024,The Rec Room Avalon Mall,St. John's,TRR,16525.84,1064,16525.84
10/19/2024,The Rec Room Roundhouse,Toronto,TRR,64904.88,4995,64904.88
10/19/2024,The Rec Room West Edmonton Mall,Edmonton,TRR,44913.37,2606,44913.37
10/19/2024,The Rec Room Park Place Barrie,Barrie,TRR,41083.59,2861,41083.59
10/19/2024,The Rec Room Brentwood,Burnaby,TRR,69350.57,3835,69350.57
10/19/2024,The Rec Room London Masonville,London,TRR,19951.37,1104,19951.37
10/19/2024,The Rec Room South Edmonton,Edmonton,TRR,64389.73,4193,64389.73
10/19/2024,The Rec Room Deerfoot,Calgary,TRR,56096.68,3534,56096.68
10/19/2024,The Rec Room Square One,Mississauga,TRR,39132.93,2331,39132.93
10/19/2024,Playdium Orion Gate,Brampton,PDM,25973.75,1229,25973.75
10/19/2024,Playdium Dartmouth,Dartmouth,PDM,26425.8,1114,26425.8
10/19/2024,TRR Seasons of Tuxedo,Winnipeg,TRR,68207.57,4214,68207.57
10/19/2024,Playdium Whitby,Whitby,PDM,40404.2,1849,40404.2
10/19/2024,The Rec Room Avalon Mall,St. John's,TRR,25885.56,1939,25885.56
10/20/2024,The Rec Room South Edmonton,Edmonton,TRR,50251.28,1521,50251.28
10/20/2024,The Rec Room Park Place Barrie,Barrie,TRR,35678.2,1179,35678.2
10/20/2024,The Rec Room Roundhouse,Toronto,TRR,50504.86,2466,50504.86
10/20/2024,Playdium Whitby,Whitby,PDM,22951.88,1163,22951.88
10/20/2024,The Rec Room London Masonville,London,TRR,24668.46,473,24668.46
10/20/2024,The Rec Room Avalon Mall,St. John's,TRR,13122.66,567,13122.66
10/20/2024,The Rec Room Brentwood,Burnaby,TRR,53043.62,1737,53043.62
10/20/2024,The Rec Room Deerfoot,Calgary,TRR,55664.79,1340,55664.79
10/20/2024,The Rec Room Square One,Mississauga,TRR,28224.52,1205,28224.52
10/20/2024,Playdium Dartmouth,Dartmouth,PDM,15668.24,654,15668.24
10/20/2024,Playdium Orion Gate,Brampton,PDM,17212.4,738,17212.4
10/20/2024,The Rec Room West Edmonton Mall,Edmonton,TRR,28497.48,893,28497.48
10/20/2024,TRR Seasons of Tuxedo,Winnipeg,TRR,38930.85,1113,38930.85
10/21/2024,The Rec Room West Edmonton Mall,Edmonton,TRR,8072.32,486,8072.32
10/21/2024,Playdium Dartmouth,Dartmouth,PDM,1954.77,119,1954.77
10/21/2024,The Rec Room Brentwood,Burnaby,TRR,13366.46,1230,13366.46
10/21/2024,The Rec Room Square One,Mississauga,TRR,7569.26,578,7569.26
10/21/2024,Playdium Orion Gate,Brampton,PDM,2386,90,2386
10/21/2024,The Rec Room London Masonville,London,TRR,3549.43,235,3549.43
10/21/2024,The Rec Room South Edmonton,Edmonton,TRR,10649.42,674,10649.42
10/21/2024,The Rec Room Roundhouse,Toronto,TRR,66126.35,3091,66126.35
10/21/2024,The Rec Room Park Place Barrie,Barrie,TRR,4156,227,4156
10/21/2024,The Rec Room Avalon Mall,St. John's,TRR,8613.74,613,8613.74
10/21/2024,The Rec Room Deerfoot,Calgary,TRR,11261.1,886,11261.1
10/21/2024,Playdium Whitby,Whitby,PDM,3416.03,183,3416.03
10/21/2024,TRR Seasons of Tuxedo,Winnipeg,TRR,10839.6,712,10839.6
10/22/2024,TRR Seasons of Tuxedo,Winnipeg,TRR,15341.71,774,15341.71
10/22/2024,The Rec Room Square One,Mississauga,TRR,7710.4,510,7710.4
10/22/2024,The Rec Room West Edmonton Mall,Edmonton,TRR,7526.94,429,7526.94
10/22/2024,Playdium Dartmouth,Dartmouth,PDM,2321.46,71,2321.46
10/22/2024,Playdium Whitby,Whitby,PDM,2924.69,117,2924.69
10/22/2024,The Rec Room London Masonville,London,TRR,5637.72,296,5637.72
10/22/2024,The Rec Room Brentwood,Burnaby,TRR,13243.11,722,13243.11
10/22/2024,The Rec Room Deerfoot,Calgary,TRR,18453.13,1056,18453.13
10/22/2024,Playdium Orion Gate,Brampton,PDM,3174,79,3174
10/22/2024,The Rec Room South Edmonton,Edmonton,TRR,9084.66,513,9084.66
10/22/2024,The Rec Room Avalon Mall,St. John's,TRR,7231.05,606,7231.05
10/22/2024,The Rec Room Park Place Barrie,Barrie,TRR,5554.27,349,5554.27
10/22/2024,The Rec Room Roundhouse,Toronto,TRR,70504.5,3456,70504.5
10/23/2024,Playdium Whitby,Whitby,PDM,3849.67,196,3849.67
10/23/2024,TRR Seasons of Tuxedo,Winnipeg,TRR,11657.57,766,11657.57
10/23/2024,The Rec Room Avalon Mall,St. John's,TRR,6879.45,545,6879.45
10/23/2024,The Rec Room Square One,Mississauga,TRR,12623.32,604,12623.32
10/23/2024,The Rec Room Brentwood,Burnaby,TRR,11379.12,672,11379.12
10/23/2024,The Rec Room West Edmonton Mall,Edmonton,TRR,6020.94,546,6020.94
10/23/2024,The Rec Room Deerfoot,Calgary,TRR,12367.34,797,12367.34
10/23/2024,Playdium Orion Gate,Brampton,PDM,2853,69,2853
10/23/2024,The Rec Room Roundhouse,Toronto,TRR,46907.54,3043,46907.54
10/23/2024,The Rec Room South Edmonton,Edmonton,TRR,18504.25,971,18504.25
10/23/2024,The Rec Room Park Place Barrie,Barrie,TRR,7202.82,504,7202.82
10/23/2024,Playdium Dartmouth,Dartmouth,PDM,2753.43,129,2753.43
10/23/2024,The Rec Room London Masonville,London,TRR,3734.02,209,3734.02
10/24/2024,Playdium Dartmouth,Dartmouth,PDM,2709.27,107,2709.27
10/24/2024,The Rec Room London Masonville,London,TRR,10283.35,488,10283.35
10/24/2024,The Rec Room South Edmonton,Edmonton,TRR,16627.72,912,16627.72
10/24/2024,The Rec Room Roundhouse,Toronto,TRR,67851.77,4042,67851.77
10/24/2024,Playdium Whitby,Whitby,PDM,3469.39,497,3469.39
10/24/2024,The Rec Room Square One,Mississauga,TRR,18659.5,933,18659.5
10/24/2024,TRR Seasons of Tuxedo,Winnipeg,TRR,11399.82,471,11399.82
10/24/2024,Playdium Orion Gate,Brampton,PDM,2566.98,82,2566.98
10/24/2024,The Rec Room Avalon Mall,St. John's,TRR,8984.08,528,8984.08
10/24/2024,The Rec Room West Edmonton Mall,Edmonton,TRR,8221.93,599,8221.93
10/24/2024,The Rec Room Park Place Barrie,Barrie,TRR,11321.5,760,11321.5
10/24/2024,The Rec Room Brentwood,Burnaby,TRR,23701.79,1326,23701.79
10/24/2024,The Rec Room Deerfoot,Calgary,TRR,24435.39,1172,24435.39
10/25/2024,Playdium Dartmouth,Dartmouth,PDM,15770.55,650,15770.55
10/25/2024,Playdium Orion Gate,Brampton,PDM,5933.88,612,5933.88
10/25/2024,Playdium Whitby,Whitby,PDM,11682.03,440,11682.03
10/25/2024,The Rec Room Avalon Mall,St. John's,TRR,20045.13,1373,20045.13
10/25/2024,The Rec Room Brentwood,Burnaby,TRR,39275.01,2702,39275.01
10/25/2024,The Rec Room Deerfoot,Calgary,TRR,22631.54,2051,22631.54
10/25/2024,The Rec Room London Masonville,London,TRR,12502.62,1117,12502.62
10/25/2024,The Rec Room Park Place Barrie,Barrie,TRR,25951.44,2532,25951.44
10/25/2024,The Rec Room Roundhouse,Toronto,TRR,41145.64,2894,41145.64
10/25/2024,The Rec Room South Edmonton,Edmonton,TRR,31621.66,2712,31621.66
10/25/2024,The Rec Room Square One,Mississauga,TRR,22252.54,1458,22252.54
10/25/2024,The Rec Room West Edmonton Mall,Edmonton,TRR,16270.76,1149,16270.76
10/25/2024,TRR Seasons of Tuxedo,Winnipeg,TRR,29990.7,1845,29990.7
10/26/2024,The Rec Room Deerfoot,Calgary,TRR,45923.87,3256,45923.87
10/26/2024,The Rec Room Square One,Mississauga,TRR,43751.68,2780,43751.68
10/26/2024,The Rec Room Brentwood,Burnaby,TRR,66153.57,3207,66153.57
10/26/2024,The Rec Room West Edmonton Mall,Edmonton,TRR,41252.94,2654,41252.94
10/26/2024,The Rec Room Park Place Barrie,Barrie,TRR,50095.54,3376,50095.54
10/26/2024,The Rec Room Avalon Mall,St. John's,TRR,23975.84,1818,23975.84
10/26/2024,The Rec Room London Masonville,London,TRR,23958.47,1458,23958.47
10/26/2024,Playdium Dartmouth,Dartmouth,PDM,24489.95,912,24489.95
10/26/2024,Playdium Orion Gate,Brampton,PDM,27236.04,1353,27236.04
10/26/2024,TRR Seasons of Tuxedo,Winnipeg,TRR,48801.18,2562,48801.18
10/26/2024,Playdium Whitby,Whitby,PDM,40196.09,1861,40196.09
10/26/2024,The Rec Room Roundhouse,Toronto,TRR,66410.78,4380,66410.78
10/26/2024,The Rec Room South Edmonton,Edmonton,TRR,60262.09,4056,60262.09
10/27/2024,Playdium Orion Gate,Brampton,PDM,16759.4,798,16759.4
10/27/2024,TRR Seasons of Tuxedo,Winnipeg,TRR,39941.02,1754,39941.02
10/27/2024,Playdium Whitby,Whitby,PDM,21512.22,1057,21512.22
10/27/2024,The Rec Room Deerfoot,Calgary,TRR,59826.81,1979,59826.81
10/27/2024,The Rec Room West Edmonton Mall,Edmonton,TRR,28556.79,984,28556.79
10/27/2024,The Rec Room Park Place Barrie,Barrie,TRR,34441.08,1390,34441.08
10/27/2024,The Rec Room Roundhouse,Toronto,TRR,47639.06,2644,47639.06
10/27/2024,The Rec Room Square One,Mississauga,TRR,31192.18,1440,31192.18
10/27/2024,The Rec Room London Masonville,London,TRR,28219.82,668,28219.82
10/27/2024,Playdium Dartmouth,Dartmouth,PDM,17420.71,794,17420.71
10/27/2024,The Rec Room South Edmonton,Edmonton,TRR,61884.95,2209,61884.95
10/27/2024,The Rec Room Avalon Mall,St. John's,TRR,16810.63,1087,16810.63
10/27/2024,The Rec Room Brentwood,Burnaby,TRR,52876.65,1979,52876.65
10/28/2024,The Rec Room Park Place Barrie,Barrie,TRR,6262.5,504,6262.5
10/28/2024,The Rec Room Deerfoot,Calgary,TRR,14549.42,1630,14549.42
10/28/2024,The Rec Room Roundhouse,Toronto,TRR,23968.08,1282,23968.08
10/28/2024,The Rec Room Square One,Mississauga,TRR,10318.25,792,10318.25
10/28/2024,Playdium Orion Gate,Brampton,PDM,1299,55,1299
10/28/2024,The Rec Room West Edmonton Mall,Edmonton,TRR,5875.57,486,5875.57
10/28/2024,TRR Seasons of Tuxedo,Winnipeg,TRR,22622.16,1355,22622.16
10/28/2024,The Rec Room Brentwood,Burnaby,TRR,10416.5,850,10416.5
10/28/2024,Playdium Dartmouth,Dartmouth,PDM,3068.86,95,3068.86
10/28/2024,The Rec Room South Edmonton,Edmonton,TRR,8299.14,677,8299.14
10/28/2024,The Rec Room London Masonville,London,TRR,5650.68,348,5650.68
10/28/2024,The Rec Room Avalon Mall,St. John's,TRR,6745.48,629,6745.48
10/28/2024,Playdium Whitby,Whitby,PDM,2589.51,157,2589.51
10/29/2024,The Rec Room Park Place Barrie,Barrie,TRR,8244.58,566,8244.58
10/29/2024,Playdium Dartmouth,Dartmouth,PDM,2985.44,121,2985.44
10/29/2024,The Rec Room Brentwood,Burnaby,TRR,11614.84,670,11614.84
10/29/2024,The Rec Room South Edmonton,Edmonton,TRR,23260.03,1331,23260.03
10/29/2024,The Rec Room London Masonville,London,TRR,3564.99,229,3564.99
10/29/2024,Playdium Orion Gate,Brampton,PDM,4829.6,112,4829.6
10/29/2024,The Rec Room Square One,Mississauga,TRR,19317.93,712,19317.93
10/29/2024,The Rec Room Roundhouse,Toronto,TRR,41304.65,2524,41304.65
10/29/2024,The Rec Room Avalon Mall,St. John's,TRR,6304.81,473,6304.81
10/29/2024,TRR Seasons of Tuxedo,Winnipeg,TRR,11130.11,759,11130.11
10/29/2024,The Rec Room Deerfoot,Calgary,TRR,9875.26,517,9875.26
10/29/2024,Playdium Whitby,Whitby,PDM,3426.88,242,3426.88
10/29/2024,The Rec Room West Edmonton Mall,Edmonton,TRR,10624.28,535,10624.28
10/30/2024,Playdium Whitby,Whitby,PDM,2762,79,2762
10/30/2024,Playdium Orion Gate,Brampton,PDM,1248.99,46,1248.99
10/30/2024,The Rec Room Deerfoot,Calgary,TRR,6597.62,389,6597.62
10/30/2024,The Rec Room London Masonville,London,TRR,2709.25,157,2709.25
10/30/2024,The Rec Room Square One,Mississauga,TRR,8216.2,502,8216.2
10/30/2024,The Rec Room South Edmonton,Edmonton,TRR,12683.72,767,12683.72
10/30/2024,Playdium Dartmouth,Dartmouth,PDM,1830.98,83,1830.98
10/30/2024,The Rec Room Avalon Mall,St. John's,TRR,7341.96,451,7341.96
10/30/2024,The Rec Room Park Place Barrie,Barrie,TRR,4475.99,244,4475.99
10/30/2024,The Rec Room West Edmonton Mall,Edmonton,TRR,5666.61,353,5666.61
10/30/2024,The Rec Room Brentwood,Burnaby,TRR,12145.67,752,12145.67
10/30/2024,TRR Seasons of Tuxedo,Winnipeg,TRR,5548.08,320,5548.08
10/30/2024,The Rec Room Roundhouse,Toronto,TRR,41247.27,1926,41247.27
10/31/2024,Playdium Orion Gate,Brampton,PDM,1648.5,63,1648.5
10/31/2024,The Rec Room Square One,Mississauga,TRR,5177.77,212,5177.77
10/31/2024,TRR Seasons of Tuxedo,Winnipeg,TRR,4910.1,307,4910.1
10/31/2024,The Rec Room London Masonville,London,TRR,4497.26,242,4497.26
10/31/2024,The Rec Room Roundhouse,Toronto,TRR,9908.54,870,9908.54
10/31/2024,The Rec Room Deerfoot,Calgary,TRR,8202.92,441,8202.92
10/31/2024,The Rec Room Avalon Mall,St. John's,TRR,3112.72,218,3112.72
10/31/2024,The Rec Room Brentwood,Burnaby,TRR,15884.31,1326,15884.31
10/31/2024,The Rec Room West Edmonton Mall,Edmonton,TRR,5711.21,372,5711.21
10/31/2024,Playdium Dartmouth,Dartmouth,PDM,3438.93,189,3438.93
10/31/2024,The Rec Room South Edmonton,Edmonton,TRR,8930.77,869,8930.77
10/31/2024,The Rec Room Park Place Barrie,Barrie,TRR,5918.98,349,5918.98
10/31/2024,Playdium Whitby,Whitby,PDM,6494.53,246,6494.53
11/1/2024,Playdium Dartmouth,Dartmouth,PDM,7078.88,279,7078.88
11/1/2024,Playdium Orion Gate,Brampton,PDM,6131,472,6131
11/1/2024,Playdium Whitby,Whitby,PDM,15781.53,970,15781.53
11/1/2024,The Rec Room Avalon Mall,St. John's,TRR,19231.03,1305,19231.03
11/1/2024,The Rec Room Brentwood,Burnaby,TRR,36218.82,2123,36218.82
11/1/2024,The Rec Room Deerfoot,Calgary,TRR,23277.71,2158,23277.71
11/1/2024,The Rec Room London Masonville,London,TRR,16952.83,893,16952.83
11/1/2024,The Rec Room Park Place Barrie,Barrie,TRR,18345.6,1571,18345.6
11/1/2024,The Rec Room Roundhouse,Toronto,TRR,43749.34,3241,43749.34
11/1/2024,The Rec Room South Edmonton,Edmonton,TRR,34581.04,2807,34581.04
11/1/2024,The Rec Room Square One,Mississauga,TRR,22719.93,1608,22719.93
11/1/2024,The Rec Room West Edmonton Mall,Edmonton,TRR,22685.27,1806,22685.27
11/1/2024,TRR Seasons of Tuxedo,Winnipeg,TRR,23290.78,2582,23290.78
11/2/2024,TRR Seasons of Tuxedo,Winnipeg,TRR,71332.65,4859,71332.65
11/2/2024,The Rec Room London Masonville,London,TRR,29542.67,1153,29542.67
11/2/2024,The Rec Room South Edmonton,Edmonton,TRR,58968.68,3348,58968.68
11/2/2024,Playdium Whitby,Whitby,PDM,36242.86,1557,36242.86
11/2/2024,The Rec Room Brentwood,Burnaby,TRR,70372.21,3826,70372.21
11/2/2024,Playdium Orion Gate,Brampton,PDM,29580.93,1413,29580.93
11/2/2024,The Rec Room Avalon Mall,St. John's,TRR,26973.68,1851,26973.68
11/2/2024,The Rec Room Park Place Barrie,Barrie,TRR,52459.15,3463,52459.15
11/2/2024,The Rec Room Square One,Mississauga,TRR,48336.36,2692,48336.36
11/2/2024,Playdium Dartmouth,Dartmouth,PDM,26986.1,1035,26986.1
11/2/2024,The Rec Room Roundhouse,Toronto,TRR,69075.46,4806,69075.46
11/2/2024,The Rec Room West Edmonton Mall,Edmonton,TRR,33155.13,1836,33155.13
11/2/2024,The Rec Room Deerfoot,Calgary,TRR,69790.51,4136,69790.51
11/3/2024,The Rec Room Brentwood,Burnaby,TRR,63397.91,2782,63397.91
11/3/2024,The Rec Room Park Place Barrie,Barrie,TRR,35715.29,1047,35715.29
11/3/2024,The Rec Room Roundhouse,Toronto,TRR,62539.75,3243,62539.75
11/3/2024,The Rec Room London Masonville,London,TRR,15826.47,750,15826.47
11/3/2024,The Rec Room Avalon Mall,St. John's,TRR,14397.74,548,14397.74
11/3/2024,The Rec Room West Edmonton Mall,Edmonton,TRR,37571.7,1328,37571.7
11/3/2024,Playdium Whitby,Whitby,PDM,24374.57,1184,24374.57
11/3/2024,Playdium Orion Gate,Brampton,PDM,19880.82,849,19880.82
11/3/2024,The Rec Room Deerfoot,Calgary,TRR,68247.77,2002,68247.77
11/3/2024,The Rec Room South Edmonton,Edmonton,TRR,105256.35,1759,105256.35
11/3/2024,TRR Seasons of Tuxedo,Winnipeg,TRR,54754.51,1727,54754.51
11/3/2024,Playdium Dartmouth,Dartmouth,PDM,15846.9,633,15846.9
11/3/2024,The Rec Room Square One,Mississauga,TRR,31037.3,1010,31037.3
11/4/2024,The Rec Room Deerfoot,Calgary,TRR,11974.39,1082,11974.39
11/4/2024,The Rec Room London Masonville,London,TRR,4368.1,307,4368.1
11/4/2024,The Rec Room Avalon Mall,St. John's,TRR,10302.57,859,10302.57
11/4/2024,Playdium Dartmouth,Dartmouth,PDM,3782.46,142,3782.46
11/4/2024,The Rec Room Roundhouse,Toronto,TRR,30578.78,1532,30578.78
11/4/2024,Playdium Orion Gate,Brampton,PDM,2109.99,58,2109.99
11/4/2024,The Rec Room South Edmonton,Edmonton,TRR,9686.66,729,9686.66
11/4/2024,The Rec Room Square One,Mississauga,TRR,7954.92,461,7954.92
11/4/2024,The Rec Room Brentwood,Burnaby,TRR,13964.99,1345,13964.99
11/4/2024,Playdium Whitby,Whitby,PDM,1817.38,101,1817.38
11/4/2024,TRR Seasons of Tuxedo,Winnipeg,TRR,8134.67,626,8134.67
11/4/2024,The Rec Room Park Place Barrie,Barrie,TRR,4257.93,327,4257.93
11/4/2024,The Rec Room West Edmonton Mall,Edmonton,TRR,6062.13,392,6062.13
11/5/2024,The Rec Room South Edmonton,Edmonton,TRR,9563.8,747,9563.8
11/5/2024,Playdium Whitby,Whitby,PDM,2435.49,148,2435.49
11/5/2024,The Rec Room Brentwood,Burnaby,TRR,23119.25,964,23119.25
11/5/2024,The Rec Room London Masonville,London,TRR,4607.32,243,4607.32
11/5/2024,The Rec Room Park Place Barrie,Barrie,TRR,5052.01,361,5052.01
11/5/2024,The Rec Room West Edmonton Mall,Edmonton,TRR,5144.55,300,5144.55
11/5/2024,Playdium Dartmouth,Dartmouth,PDM,8440.78,493,8440.78
11/5/2024,Playdium Orion Gate,Brampton,PDM,2140.52,63,2140.52
11/5/2024,The Rec Room Square One,Mississauga,TRR,18666.16,889,18666.16
11/5/2024,The Rec Room Roundhouse,Toronto,TRR,66909.42,3837,66909.42
11/5/2024,The Rec Room Avalon Mall,St. John's,TRR,7260.35,543,7260.35
11/5/2024,TRR Seasons of Tuxedo,Winnipeg,TRR,12562.2,685,12562.2
11/5/2024,The Rec Room Deerfoot,Calgary,TRR,14952.42,969,14952.42
11/6/2024,Playdium Whitby,Whitby,PDM,2349,136,2349
11/6/2024,The Rec Room Avalon Mall,St. John's,TRR,8346.77,553,8346.77
11/6/2024,The Rec Room Deerfoot,Calgary,TRR,9084.11,663,9084.11
11/6/2024,The Rec Room Brentwood,Burnaby,TRR,11820.75,805,11820.75
11/6/2024,TRR Seasons of Tuxedo,Winnipeg,TRR,9226.38,610,9226.38
11/6/2024,The Rec Room Park Place Barrie,Barrie,TRR,6840.47,446,6840.47
11/6/2024,The Rec Room London Masonville,London,TRR,4674.01,363,4674.01
11/6/2024,The Rec Room South Edmonton,Edmonton,TRR,14013.25,988,14013.25
11/6/2024,The Rec Room Roundhouse,Toronto,TRR,65359.72,2692,65359.72
11/6/2024,Playdium Dartmouth,Dartmouth,PDM,11994.18,386,11994.18
11/6/2024,The Rec Room Square One,Mississauga,TRR,10801.5,452,10801.5
11/6/2024,Playdium Orion Gate,Brampton,PDM,2149.52,110,2149.52
11/6/2024,The Rec Room West Edmonton Mall,Edmonton,TRR,12680.98,633,12680.98
11/7/2024,The Rec Room Roundhouse,Toronto,TRR,76685.5,3697,76685.5
11/7/2024,The Rec Room South Edmonton,Edmonton,TRR,13200.37,809,13200.37
11/7/2024,Playdium Dartmouth,Dartmouth,PDM,5204.86,222,5204.86
11/7/2024,The Rec Room Park Place Barrie,Barrie,TRR,4617.3,273,4617.3
11/7/2024,The Rec Room Avalon Mall,St. John's,TRR,5279.62,313,5279.62
11/7/2024,Playdium Whitby,Whitby,PDM,2952.48,272,2952.48
11/7/2024,The Rec Room London Masonville,London,TRR,4624.79,225,4624.79
11/7/2024,TRR Seasons of Tuxedo,Winnipeg,TRR,12243.11,819,12243.11
11/7/2024,The Rec Room Square One,Mississauga,TRR,26248.74,1223,26248.74
11/7/2024,The Rec Room Deerfoot,Calgary,TRR,26155.03,1343,26155.03
11/7/2024,Playdium Orion Gate,Brampton,PDM,1874,649,1874
11/7/2024,The Rec Room West Edmonton Mall,Edmonton,TRR,11582.78,834,11582.78
11/7/2024,The Rec Room Brentwood,Burnaby,TRR,11786.97,585,11786.97
11/8/2024,The Rec Room Avalon Mall,St. John's,TRR,19439.4,1298,19439.4
11/8/2024,TRR Seasons of Tuxedo,Winnipeg,TRR,33931.3,1940,33931.3
11/8/2024,The Rec Room Deerfoot,Calgary,TRR,30308.13,2529,30308.13
11/8/2024,Playdium Whitby,Whitby,PDM,15570.65,815,15570.65
11/8/2024,The Rec Room Roundhouse,Toronto,TRR,50611.2,3227,50611.2
11/8/2024,The Rec Room South Edmonton,Edmonton,TRR,33374.95,2785,33374.95
11/8/2024,Playdium Dartmouth,Dartmouth,PDM,11445.54,384,11445.54
11/8/2024,The Rec Room London Masonville,London,TRR,14152.32,1095,14152.32
11/8/2024,The Rec Room West Edmonton Mall,Edmonton,TRR,27494.34,2126,27494.34
11/8/2024,The Rec Room Park Place Barrie,Barrie,TRR,27242.12,2520,27242.12
11/8/2024,The Rec Room Square One,Mississauga,TRR,31443.41,1913,31443.41
11/8/2024,Playdium Orion Gate,Brampton,PDM,13751.31,649,13751.31
11/8/2024,The Rec Room Brentwood,Burnaby,TRR,39065.85,2476,39065.85
11/9/2024,The Rec Room Roundhouse,Toronto,TRR,78428.21,5076,78428.21
11/9/2024,Playdium Whitby,Whitby,PDM,46903.62,1980,46903.62
11/9/2024,The Rec Room Square One,Mississauga,TRR,58702.22,3749,58702.22
11/9/2024,The Rec Room South Edmonton,Edmonton,TRR,65548.81,4308,65548.81
11/9/2024,The Rec Room London Masonville,London,TRR,31020.77,1934,31020.77
11/9/2024,Playdium Dartmouth,Dartmouth,PDM,36804.11,1295,36804.11
11/9/2024,The Rec Room Deerfoot,Calgary,TRR,65279.87,4341,65279.87
11/9/2024,The Rec Room West Edmonton Mall,Edmonton,TRR,52707.22,3476,52707.22
11/9/2024,The Rec Room Park Place Barrie,Barrie,TRR,55634.33,3805,55634.33
11/9/2024,The Rec Room Avalon Mall,St. John's,TRR,28212.84,1892,28212.84
11/9/2024,The Rec Room Brentwood,Burnaby,TRR,81921.87,4480,81921.87
11/9/2024,Playdium Orion Gate,Brampton,PDM,30944.6,1451,30944.6
11/9/2024,TRR Seasons of Tuxedo,Winnipeg,TRR,54066.8,3117,54066.8
11/10/2024,The Rec Room Avalon Mall,St. John's,TRR,23333.69,1196,23333.69
11/10/2024,The Rec Room Brentwood,Burnaby,TRR,90132.22,3589,90132.22
11/10/2024,The Rec Room South Edmonton,Edmonton,TRR,120890.39,4402,120890.39
11/10/2024,Playdium Dartmouth,Dartmouth,PDM,21982.71,787,21982.71
11/10/2024,The Rec Room London Masonville,London,TRR,37521.83,807,37521.83
11/10/2024,The Rec Room Park Place Barrie,Barrie,TRR,43408.28,1306,43408.28
11/10/2024,The Rec Room Granville,Vancouver,TRR,1386.5,96,1386.5
11/10/2024,The Rec Room Roundhouse,Toronto,TRR,65679.28,3301,65679.28
11/10/2024,Playdium Orion Gate,Brampton,PDM,22866.56,816,22866.56
11/10/2024,The Rec Room Deerfoot,Calgary,TRR,102690.99,3221,102690.99
11/10/2024,TRR Seasons of Tuxedo,Winnipeg,TRR,52063.85,2336,52063.85
11/10/2024,The Rec Room Square One,Mississauga,TRR,39352.36,1540,39352.36
11/10/2024,Playdium Whitby,Whitby,PDM,31508.71,1377,31508.71
11/10/2024,The Rec Room West Edmonton Mall,Edmonton,TRR,58135.51,2009,58135.51
11/11/2024,Playdium Dartmouth,Dartmouth,PDM,13110.13,455,13110.13
11/11/2024,The Rec Room South Edmonton,Edmonton,TRR,42424.6,2079,42424.6
11/11/2024,The Rec Room Roundhouse,Toronto,TRR,27140.95,1437,27140.95
11/11/2024,The Rec Room Deerfoot,Calgary,TRR,44813.37,2084,44813.37
11/11/2024,Playdium Whitby,Whitby,PDM,3057.89,90,3057.89
11/11/2024,The Rec Room Brentwood,Burnaby,TRR,46788.55,1977,46788.55
11/11/2024,TRR Seasons of Tuxedo,Winnipeg,TRR,33855.49,1763,33855.49
11/11/2024,The Rec Room Avalon Mall,St. John's,TRR,8403.57,537,8403.57
11/11/2024,The Rec Room London Masonville,London,TRR,5321.88,369,5321.88
11/11/2024,Playdium Orion Gate,Brampton,PDM,3069.98,96,3069.98
11/11/2024,The Rec Room Park Place Barrie,Barrie,TRR,5160.32,353,5160.32
11/11/2024,The Rec Room West Edmonton Mall,Edmonton,TRR,26897.65,1561,26897.65
11/11/2024,The Rec Room Granville,Vancouver,TRR,689.5,58,689.5
11/11/2024,The Rec Room Square One,Mississauga,TRR,13981.49,788,13981.49
11/12/2024,Playdium Dartmouth,Dartmouth,PDM,1994.94,106,1994.94
11/12/2024,The Rec Room Park Place Barrie,Barrie,TRR,10083.87,843,10083.87
11/12/2024,The Rec Room Avalon Mall,St. John's,TRR,5403.71,403,5403.71
11/12/2024,The Rec Room Roundhouse,Toronto,TRR,40783.74,2320,40783.74
11/12/2024,The Rec Room South Edmonton,Edmonton,TRR,26044.64,1424,26044.64
11/12/2024,The Rec Room Brentwood,Burnaby,TRR,12558.1,873,12558.1
11/12/2024,The Rec Room Deerfoot,Calgary,TRR,23274.06,1174,23274.06
11/12/2024,The Rec Room West Edmonton Mall,Edmonton,TRR,20543.12,987,20543.12
11/12/2024,Playdium Orion Gate,Brampton,PDM,1666.8,87,1666.8
11/12/2024,TRR Seasons of Tuxedo,Winnipeg,TRR,19689.07,699,19689.07
11/12/2024,Playdium Whitby,Whitby,PDM,3396.27,135,3396.27
11/12/2024,The Rec Room Square One,Mississauga,TRR,11895.39,475,11895.39
11/12/2024,The Rec Room London Masonville,London,TRR,5613.65,276,5613.65
11/13/2024,The Rec Room West Edmonton Mall,Edmonton,TRR,14998.72,682,14998.72
11/13/2024,The Rec Room Brentwood,Burnaby,TRR,19033.63,1114,19033.63
11/13/2024,TRR Seasons of Tuxedo,Winnipeg,TRR,6966.98,454,6966.98
11/13/2024,The Rec Room Square One,Mississauga,TRR,20589.67,1130,20589.67
11/13/2024,The Rec Room Avalon Mall,St. John's,TRR,4561.2,388,4561.2
11/13/2024,The Rec Room London Masonville,London,TRR,5289.52,352,5289.52
11/13/2024,The Rec Room Royal Mount,Mont-Royal,TRR,1871.5,129,1871.5
11/13/2024,The Rec Room Park Place Barrie,Barrie,TRR,6162.8,434,6162.8
11/13/2024,The Rec Room Deerfoot,Calgary,TRR,24658.35,1234,24658.35
11/13/2024,Playdium Dartmouth,Dartmouth,PDM,2869.98,121,2869.98
11/13/2024,The Rec Room South Edmonton,Edmonton,TRR,25449.16,1121,25449.16
11/13/2024,The Rec Room Roundhouse,Toronto,TRR,67714,3741,67714
11/13/2024,Playdium Whitby,Whitby,PDM,2154.22,114,2154.22
11/13/2024,Playdium Orion Gate,Brampton,PDM,2999.29,100,2999.29
11/14/2024,The Rec Room Brentwood,Burnaby,TRR,35392.98,1371,35392.98
11/14/2024,The Rec Room Park Place Barrie,Barrie,TRR,3570.47,415,3570.47
11/14/2024,Playdium Dartmouth,Dartmouth,PDM,4968.92,286,4968.92
11/14/2024,The Rec Room South Edmonton,Edmonton,TRR,26263.54,1271,26263.54
11/14/2024,The Rec Room Royal Mount,Mont-Royal,TRR,366.5,29,366.5
11/14/2024,The Rec Room West Edmonton Mall,Edmonton,TRR,13764.2,899,13764.2
11/14/2024,TRR Seasons of Tuxedo,Winnipeg,TRR,16786.43,711,16786.43
11/14/2024,The Rec Room Avalon Mall,St. John's,TRR,5934.87,413,5934.87
11/14/2024,The Rec Room Roundhouse,Toronto,TRR,62631.71,4573,62631.71
11/14/2024,Playdium Orion Gate,Brampton,PDM,2530.51,75,2530.51
11/14/2024,The Rec Room Square One,Mississauga,TRR,6721.05,283,6721.05
11/14/2024,Playdium Whitby,Whitby,PDM,2945.97,130,2945.97
11/14/2024,The Rec Room Deerfoot,Calgary,TRR,25461.59,2060,25461.59
11/14/2024,The Rec Room London Masonville,London,TRR,6947.88,381,6947.88
11/15/2024,The Rec Room Avalon Mall,St. John's,TRR,15986.47,1139,15986.47
11/15/2024,The Rec Room Brentwood,Burnaby,TRR,43982.5,2875,43982.5
11/15/2024,The Rec Room London Masonville,London,TRR,41883.28,1713,41883.28
11/15/2024,The Rec Room Square One,Mississauga,TRR,38889.52,2250,38889.52
11/15/2024,Playdium Orion Gate,Brampton,PDM,4998.17,1007,4998.17
11/15/2024,Playdium Dartmouth,Dartmouth,PDM,9832.36,416,9832.36
11/15/2024,The Rec Room West Edmonton Mall,Edmonton,TRR,22663.36,1676,22663.36
11/15/2024,The Rec Room Park Place Barrie,Barrie,TRR,24143.03,1980,24143.03
11/15/2024,TRR Seasons of Tuxedo,Winnipeg,TRR,27370.48,1703,27370.48
11/15/2024,The Rec Room Roundhouse,Toronto,TRR,82557.69,6654,82557.69
11/15/2024,The Rec Room South Edmonton,Edmonton,TRR,24104.97,2145,24104.97
11/15/2024,Playdium Whitby,Whitby,PDM,20830.48,997,20830.48
11/15/2024,The Rec Room Royal Mount,Mont-Royal,TRR,3111,182,3111
11/15/2024,The Rec Room Deerfoot,Calgary,TRR,34102.04,2510,34102.04
11/16/2024,Playdium Orion Gate,Brampton,PDM,28108.77,1387,28108.77
11/16/2024,The Rec Room London Masonville,London,TRR,46353.12,2448,46353.12
11/16/2024,TRR Seasons of Tuxedo,Winnipeg,TRR,55524.53,3018,55524.53
11/16/2024,The Rec Room Avalon Mall,St. John's,TRR,24259.55,1783,24259.55
11/16/2024,The Rec Room Deerfoot,Calgary,TRR,70805.41,4314,70805.41
11/16/2024,The Rec Room Roundhouse,Toronto,TRR,94564.8,6579,94564.8
11/16/2024,The Rec Room Brentwood,Burnaby,TRR,84916.01,3782,84916.01
11/16/2024,The Rec Room West Edmonton Mall,Edmonton,TRR,60527.57,3699,60527.57
11/16/2024,The Rec Room South Edmonton,Edmonton,TRR,80082.03,4294,80082.03
11/16/2024,The Rec Room Royal Mount,Mont-Royal,TRR,8654,574,8654
11/16/2024,Playdium Dartmouth,Dartmouth,PDM,32750.92,1192,32750.92
11/16/2024,The Rec Room Square One,Mississauga,TRR,49078.95,2909,49078.95
11/16/2024,The Rec Room Park Place Barrie,Barrie,TRR,50748.59,3266,50748.59
11/16/2024,Playdium Whitby,Whitby,PDM,36596.96,1822,36596.96
11/17/2024,The Rec Room Avalon Mall,St. John's,TRR,15105.61,719,15105.61
11/17/2024,The Rec Room Brentwood,Burnaby,TRR,53436.14,1794,53436.14
11/17/2024,The Rec Room West Edmonton Mall,Edmonton,TRR,41288.35,1425,41288.35
11/17/2024,Playdium Dartmouth,Dartmouth,PDM,16275.57,579,16275.57
11/17/2024,The Rec Room Square One,Mississauga,TRR,35649.08,1230,35649.08
11/17/2024,The Rec Room Roundhouse,Toronto,TRR,63174.7,3256,63174.7
11/17/2024,Playdium Whitby,Whitby,PDM,22966.93,1047,22966.93
11/17/2024,TRR Seasons of Tuxedo,Winnipeg,TRR,41755.85,1366,41755.85
11/17/2024,The Rec Room Deerfoot,Calgary,TRR,80330.8,1905,80330.8
11/17/2024,The Rec Room London Masonville,London,TRR,21545.34,946,21545.34
11/17/2024,Playdium Orion Gate,Brampton,PDM,19500.93,889,19500.93
11/17/2024,The Rec Room Royal Mount,Mont-Royal,TRR,7852,518,7852
11/17/2024,The Rec Room South Edmonton,Edmonton,TRR,56495.23,1651,56495.23
11/17/2024,The Rec Room Park Place Barrie,Barrie,TRR,36032.16,1272,36032.16
11/18/2024,TRR Seasons of Tuxedo,Winnipeg,TRR,9512.35,972,9512.35
11/18/2024,Playdium Whitby,Whitby,PDM,2364.48,186,2364.48
11/18/2024,The Rec Room Royal Mount,Mont-Royal,TRR,0,804,0
11/18/2024,Playdium Dartmouth,Dartmouth,PDM,2680.96,119,2680.96
11/18/2024,The Rec Room Square One,Mississauga,TRR,5973.61,435,5973.61
11/18/2024,The Rec Room South Edmonton,Edmonton,TRR,11422.08,830,11422.08
11/18/2024,Playdium Orion Gate,Brampton,PDM,2083.49,71,2083.49
11/18/2024,The Rec Room Roundhouse,Toronto,TRR,13675.1,1051,13675.1
11/18/2024,The Rec Room Avalon Mall,St. John's,TRR,9693.94,721,9693.94
11/18/2024,The Rec Room Brentwood,Burnaby,TRR,19061.6,1232,19061.6
11/18/2024,The Rec Room Deerfoot,Calgary,TRR,7487.16,891,7487.16
11/18/2024,The Rec Room West Edmonton Mall,Edmonton,TRR,10714,697,10714
11/18/2024,The Rec Room Park Place Barrie,Barrie,TRR,2714.75,219,2714.75
11/18/2024,The Rec Room London Masonville,London,TRR,5155.3,472,5155.3
11/19/2024,The Rec Room West Edmonton Mall,Edmonton,TRR,6709.88,359,6709.88
11/19/2024,The Rec Room Avalon Mall,St. John's,TRR,7250.16,510,7250.16
11/19/2024,The Rec Room Brentwood,Burnaby,TRR,12629.28,601,12629.28
11/19/2024,TRR Seasons of Tuxedo,Winnipeg,TRR,19115.24,807,19115.24
11/19/2024,Playdium Orion Gate,Brampton,PDM,1623.2,39,1623.2
11/19/2024,Playdium Whitby,Whitby,PDM,4609.9,230,4609.9
11/19/2024,The Rec Room South Edmonton,Edmonton,TRR,10410.41,623,10410.41
11/19/2024,Playdium Dartmouth,Dartmouth,PDM,2250.46,100,2250.46
11/19/2024,The Rec Room Roundhouse,Toronto,TRR,49453.63,3593,49453.63
11/19/2024,The Rec Room Park Place Barrie,Barrie,TRR,7864.72,453,7864.72
11/19/2024,The Rec Room Deerfoot,Calgary,TRR,16961.07,1244,16961.07
11/19/2024,The Rec Room Royal Mount,Mont-Royal,TRR,91.5,33,91.5
11/19/2024,The Rec Room London Masonville,London,TRR,4353.42,178,4353.42
11/19/2024,The Rec Room Square One,Mississauga,TRR,18873.08,1075,18873.08
11/20/2024,The Rec Room Roundhouse,Toronto,TRR,74097.8,3810,74097.8
11/20/2024,The Rec Room Avalon Mall,St. John's,TRR,6167.92,449,6167.92
11/20/2024,Playdium Whitby,Whitby,PDM,2457.94,111,2457.94
11/20/2024,Playdium Dartmouth,Dartmouth,PDM,12393.16,504,12393.16
11/20/2024,The Rec Room Square One,Mississauga,TRR,16924.05,963,16924.05
11/20/2024,Playdium Orion Gate,Brampton,PDM,2398.99,78,2398.99
11/20/2024,The Rec Room London Masonville,London,TRR,6307.25,644,6307.25
11/20/2024,The Rec Room Park Place Barrie,Barrie,TRR,8205.58,512,8205.58
11/20/2024,The Rec Room Deerfoot,Calgary,TRR,10859.84,664,10859.84
11/20/2024,The Rec Room West Edmonton Mall,Edmonton,TRR,5352.12,473,5352.12
11/20/2024,The Rec Room Brentwood,Burnaby,TRR,28424.91,1503,28424.91
11/20/2024,The Rec Room South Edmonton,Edmonton,TRR,9035.34,520,9035.34
11/20/2024,The Rec Room Royal Mount,Mont-Royal,TRR,1250,52,1250
11/20/2024,TRR Seasons of Tuxedo,Winnipeg,TRR,7395.92,637,7395.92
11/21/2024,The Rec Room Park Place Barrie,Barrie,TRR,5858.48,382,5858.48
11/21/2024,Playdium Whitby,Whitby,PDM,2350.47,301,2350.47
11/21/2024,The Rec Room Roundhouse,Toronto,TRR,66240.27,6025,66240.27
11/21/2024,The Rec Room Avalon Mall,St. John's,TRR,6854.12,519,6854.12
11/21/2024,The Rec Room London Masonville,London,TRR,6625.4,390,6625.4
11/21/2024,The Rec Room Square One,Mississauga,TRR,14100.3,797,14100.3
11/21/2024,TRR Seasons of Tuxedo,Winnipeg,TRR,17524.95,856,17524.95
11/21/2024,The Rec Room Brentwood,Burnaby,TRR,24539.71,1500,24539.71
11/21/2024,The Rec Room Royal Mount,Mont-Royal,TRR,600,635,600
11/21/2024,The Rec Room South Edmonton,Edmonton,TRR,12828.06,996,12828.06
11/21/2024,Playdium Orion Gate,Brampton,PDM,2398.5,62,2398.5
11/21/2024,Playdium Dartmouth,Dartmouth,PDM,4024.38,167,4024.38
11/21/2024,The Rec Room West Edmonton Mall,Edmonton,TRR,16611.48,1129,16611.48
11/21/2024,The Rec Room Deerfoot,Calgary,TRR,19673.31,1164,19673.31
11/22/2024,TRR Seasons of Tuxedo,Winnipeg,TRR,36881.2,2197,36881.2
11/22/2024,The Rec Room Deerfoot,Calgary,TRR,35282.87,2854,35282.87
11/22/2024,The Rec Room West Edmonton Mall,Edmonton,TRR,29403.72,2303,29403.72
11/22/2024,Playdium Dartmouth,Dartmouth,PDM,17193.98,685,17193.98
11/22/2024,Playdium Orion Gate,Brampton,PDM,12807.36,593,12807.36
11/22/2024,Playdium Whitby,Whitby,PDM,15405.81,662,15405.81
11/22/2024,The Rec Room London Masonville,London,TRR,52212.93,2069,52212.93
11/22/2024,The Rec Room Royal Mount,Mont-Royal,TRR,2028.96,1272,2028.96
11/22/2024,The Rec Room Roundhouse,Toronto,TRR,89404.9,6656,89404.9
11/22/2024,The Rec Room South Edmonton,Edmonton,TRR,38127.97,3315,38127.97
11/22/2024,The Rec Room Park Place Barrie,Barrie,TRR,30338.29,2270,30338.29
11/22/2024,The Rec Room Square One,Mississauga,TRR,28946.33,2720,28946.33
11/22/2024,The Rec Room Avalon Mall,St. John's,TRR,25408.73,1599,25408.73
11/22/2024,The Rec Room Brentwood,Burnaby,TRR,69750.52,4057,69750.52
11/23/2024,Playdium Dartmouth,Dartmouth,PDM,29043.46,1126,29043.46
11/23/2024,Playdium Orion Gate,Brampton,PDM,43104.09,1826,43104.09
11/23/2024,Playdium Whitby,Whitby,PDM,38826.44,1951,38826.44
11/23/2024,The Rec Room Avalon Mall,St. John's,TRR,29839.89,2170,29839.89
11/23/2024,The Rec Room Brentwood,Burnaby,TRR,101185.46,4473,101185.46
11/23/2024,The Rec Room Deerfoot,Calgary,TRR,82719.47,4210,82719.47
11/23/2024,The Rec Room London Masonville,London,TRR,42137.97,2393,42137.97
11/23/2024,The Rec Room Park Place Barrie,Barrie,TRR,56171.84,3993,56171.84
11/23/2024,The Rec Room Roundhouse,Toronto,TRR,101113.88,7697,101113.88
11/23/2024,The Rec Room Royal Mount,Mont-Royal,TRR,1043.03,1586,1043.03
11/23/2024,The Rec Room South Edmonton,Edmonton,TRR,71893.66,4241,71893.66
11/23/2024,The Rec Room Square One,Mississauga,TRR,98442.81,4255,98442.81
11/23/2024,The Rec Room West Edmonton Mall,Edmonton,TRR,38263.02,2682,38263.02
11/23/2024,TRR Seasons of Tuxedo,Winnipeg,TRR,60099.96,3362,60099.96
11/24/2024,The Rec Room Roundhouse,Toronto,TRR,70956.41,2868,70956.41
11/24/2024,The Rec Room London Masonville,London,TRR,41274.35,1140,41274.35
11/24/2024,Playdium Dartmouth,Dartmouth,PDM,18741.8,769,18741.8
11/24/2024,The Rec Room West Edmonton Mall,Edmonton,TRR,24691.17,756,24691.17
11/24/2024,The Rec Room Avalon Mall,St. John's,TRR,19755.93,879,19755.93
11/24/2024,The Rec Room South Edmonton,Edmonton,TRR,73237.61,1949,73237.61
11/24/2024,The Rec Room Square One,Mississauga,TRR,33605.94,1611,33605.94
11/24/2024,TRR Seasons of Tuxedo,Winnipeg,TRR,42275.94,1445,42275.94
11/24/2024,Playdium Orion Gate,Brampton,PDM,54269.53,2514,54269.53
11/24/2024,The Rec Room Park Place Barrie,Barrie,TRR,45314.71,1592,45314.71
11/24/2024,The Rec Room Brentwood,Burnaby,TRR,74943.99,2698,74943.99
11/24/2024,The Rec Room Royal Mount,Mont-Royal,TRR,0,18,0
11/24/2024,The Rec Room Deerfoot,Calgary,TRR,48469.18,1631,48469.18
11/24/2024,Playdium Whitby,Whitby,PDM,28041.09,1494,28041.09
11/25/2024,Playdium Dartmouth,Dartmouth,PDM,2839.96,168,2839.96
11/25/2024,The Rec Room London Masonville,London,TRR,5520.98,497,5520.98
11/25/2024,Playdium Whitby,Whitby,PDM,1475,196,1475
11/25/2024,The Rec Room Roundhouse,Toronto,TRR,48706.53,2838,48706.53
11/25/2024,The Rec Room South Edmonton,Edmonton,TRR,6502.58,504,6502.58
11/25/2024,The Rec Room Royal Mount,Mont-Royal,TRR,4326.94,396,4326.94
11/25/2024,The Rec Room Park Place Barrie,Barrie,TRR,2791.7,246,2791.7
11/25/2024,TRR Seasons of Tuxedo,Winnipeg,TRR,7430.94,742,7430.94
11/25/2024,The Rec Room Square One,Mississauga,TRR,5895.22,329,5895.22
11/25/2024,The Rec Room Deerfoot,Calgary,TRR,8028.7,745,8028.7
11/25/2024,The Rec Room Avalon Mall,St. John's,TRR,9385.96,697,9385.96
11/25/2024,The Rec Room Brentwood,Burnaby,TRR,9967.64,875,9967.64
11/25/2024,Playdium Orion Gate,Brampton,PDM,2698,85,2698
11/25/2024,The Rec Room West Edmonton Mall,Edmonton,TRR,6477.97,406,6477.97
11/26/2024,The Rec Room Granville,Vancouver,TRR,0,0,0
11/26/2024,TRR Seasons of Tuxedo,Winnipeg,TRR,9950.1,522,9950.1
11/26/2024,The Rec Room Deerfoot,Calgary,TRR,8289.18,565,8289.18
11/26/2024,The Rec Room Park Place Barrie,Barrie,TRR,7904.04,529,7904.04
11/26/2024,The Rec Room West Edmonton Mall,Edmonton,TRR,7589.84,639,7589.84
11/26/2024,The Rec Room London Masonville,London,TRR,5731.73,282,5731.73
11/26/2024,The Rec Room Square One,Mississauga,TRR,16246.17,646,16246.17
11/26/2024,Playdium Whitby,Whitby,PDM,2199.97,71,2199.97
11/26/2024,Playdium Orion Gate,Brampton,PDM,2251.49,75,2251.49
11/26/2024,The Rec Room Royal Mount,Mont-Royal,TRR,5173.17,433,5173.17
11/26/2024,The Rec Room Avalon Mall,St. John's,TRR,8373.77,503,8373.77
11/26/2024,The Rec Room Brentwood,Burnaby,TRR,16909.15,1116,16909.15
11/26/2024,The Rec Room South Edmonton,Edmonton,TRR,14594.45,677,14594.45
11/26/2024,Playdium Dartmouth,Dartmouth,PDM,2792.48,116,2792.48
11/26/2024,The Rec Room Roundhouse,Toronto,TRR,58495.32,3049,58495.32
11/27/2024,The Rec Room Square One,Mississauga,TRR,9341.34,484,9341.34
11/27/2024,Playdium Whitby,Whitby,PDM,2751.49,201,2751.49
11/27/2024,The Rec Room South Edmonton,Edmonton,TRR,9943.82,718,9943.82
11/27/2024,The Rec Room Royal Mount,Mont-Royal,TRR,3842.86,307,3842.86
11/27/2024,The Rec Room Avalon Mall,St. John's,TRR,6860.47,496,6860.47
11/27/2024,The Rec Room Brentwood,Burnaby,TRR,24601.89,1094,24601.89
11/27/2024,The Rec Room London Masonville,London,TRR,5099.55,300,5099.55
11/27/2024,Playdium Dartmouth,Dartmouth,PDM,2082.96,82,2082.96
11/27/2024,The Rec Room Roundhouse,Toronto,TRR,69655.28,4704,69655.28
11/27/2024,TRR Seasons of Tuxedo,Winnipeg,TRR,9104.82,561,9104.82
11/27/2024,Playdium Orion Gate,Brampton,PDM,3677.34,187,3677.34
11/27/2024,The Rec Room Park Place Barrie,Barrie,TRR,5717.73,409,5717.73
11/27/2024,The Rec Room Deerfoot,Calgary,TRR,18241.91,1287,18241.91
11/27/2024,The Rec Room West Edmonton Mall,Edmonton,TRR,9513.19,901,9513.19
11/27/2024,The Rec Room Granville,Vancouver,TRR,3,7,3
11/28/2024,TRR Seasons of Tuxedo,Winnipeg,TRR,12944.75,873,12944.75
11/28/2024,Playdium Orion Gate,Brampton,PDM,2687.9,455,2687.9
11/28/2024,The Rec Room Square One,Mississauga,TRR,23018.6,1126,23018.6
11/28/2024,The Rec Room London Masonville,London,TRR,6517.55,417,6517.55
11/28/2024,The Rec Room West Edmonton Mall,Edmonton,TRR,57882.77,1490,57882.77
11/28/2024,Playdium Whitby,Whitby,PDM,3100.97,216,3100.97
11/28/2024,The Rec Room Avalon Mall,St. John's,TRR,10005.23,606,10005.23
11/28/2024,The Rec Room Deerfoot,Calgary,TRR,16841.73,1131,16841.73
11/28/2024,The Rec Room Roundhouse,Toronto,TRR,117133.62,5508,117133.62
11/28/2024,The Rec Room Park Place Barrie,Barrie,TRR,5544.48,417,5544.48
11/28/2024,The Rec Room South Edmonton,Edmonton,TRR,12196.84,1014,12196.84
11/28/2024,Playdium Dartmouth,Dartmouth,PDM,9755.96,439,9755.96
11/28/2024,The Rec Room Royal Mount,Mont-Royal,TRR,4194.46,317,4194.46
11/28/2024,The Rec Room Brentwood,Burnaby,TRR,27360.34,1368,27360.34
11/29/2024,The Rec Room London Masonville,London,TRR,36917.13,1364,36917.13
11/29/2024,The Rec Room Royal Mount,Mont-Royal,TRR,16875.02,1049,16875.02
11/29/2024,Playdium Dartmouth,Dartmouth,PDM,9568.08,555,9568.08
11/29/2024,The Rec Room Square One,Mississauga,TRR,79401.3,3312,79401.3
11/29/2024,The Rec Room South Edmonton,Edmonton,TRR,41051.89,2714,41051.89
11/29/2024,Playdium Whitby,Whitby,PDM,13409.76,1345,13409.76
11/29/2024,The Rec Room Roundhouse,Toronto,TRR,96642.07,6168,96642.07
11/29/2024,Playdium Orion Gate,Brampton,PDM,6607.49,254,6607.49
11/29/2024,The Rec Room West Edmonton Mall,Edmonton,TRR,54099.19,3558,54099.19
11/29/2024,The Rec Room Granville,Vancouver,TRR,605,45,605
11/29/2024,The Rec Room Brentwood,Burnaby,TRR,54831.48,2992,54831.48
11/29/2024,TRR Seasons of Tuxedo,Winnipeg,TRR,45777.6,2484,45777.6
11/29/2024,The Rec Room Park Place Barrie,Barrie,TRR,22233.71,2133,22233.71
11/29/2024,The Rec Room Avalon Mall,St. John's,TRR,23711.34,1890,23711.34
11/29/2024,The Rec Room Deerfoot,Calgary,TRR,46388.92,2821,46388.92
11/30/2024,Playdium Dartmouth,Dartmouth,PDM,31868.71,1407,31868.71
11/30/2024,The Rec Room Brentwood,Burnaby,TRR,60979.69,3589,60979.69
11/30/2024,The Rec Room Royal Mount,Mont-Royal,TRR,28394.61,1456,28394.61
11/30/2024,The Rec Room Park Place Barrie,Barrie,TRR,36106.14,2776,36106.14
11/30/2024,The Rec Room South Edmonton,Edmonton,TRR,66868.58,3864,66868.58
11/30/2024,Playdium Orion Gate,Brampton,PDM,40023.11,1727,40023.11
11/30/2024,The Rec Room Square One,Mississauga,TRR,41127.47,2442,41127.47
11/30/2024,The Rec Room Roundhouse,Toronto,TRR,147607.45,6231,147607.45
11/30/2024,The Rec Room London Masonville,London,TRR,45736.59,3087,45736.59
11/30/2024,Playdium Whitby,Whitby,PDM,78031.34,2937,78031.34
11/30/2024,The Rec Room Deerfoot,Calgary,TRR,121350.9,6134,121350.9
11/30/2024,TRR Seasons of Tuxedo,Winnipeg,TRR,55523.35,3534,55523.35
11/30/2024,The Rec Room Avalon Mall,St. John's,TRR,33069.17,2308,33069.17
11/30/2024,The Rec Room West Edmonton Mall,Edmonton,TRR,67836.35,3540,67836.35
12/1/2024,The Rec Room Square One,Mississauga,TRR,24880.16,876,24880.16
12/1/2024,Playdium Orion Gate,Brampton,PDM,16302.21,647,16302.21
12/1/2024,The Rec Room London Masonville,London,TRR,30091.82,928,30091.82
12/1/2024,Playdium Dartmouth,Dartmouth,PDM,13445.68,647,13445.68
12/1/2024,The Rec Room Deerfoot,Calgary,TRR,76085.66,2324,76085.66
12/1/2024,The Rec Room Roundhouse,Toronto,TRR,51117.83,3033,51117.83
12/1/2024,The Rec Room Royal Mount,Mont-Royal,TRR,16846.84,769,16846.84
12/1/2024,The Rec Room West Edmonton Mall,Edmonton,TRR,25915.89,989,25915.89
12/1/2024,The Rec Room Park Place Barrie,Barrie,TRR,20530.66,772,20530.66
12/1/2024,The Rec Room Brentwood,Burnaby,TRR,59283.09,1857,59283.09
12/1/2024,TRR Seasons of Tuxedo,Winnipeg,TRR,37142.08,1440,37142.08
12/1/2024,The Rec Room Avalon Mall,St. John's,TRR,28010.53,1129,28010.53
12/1/2024,Playdium Whitby,Whitby,PDM,21640.89,1145,21640.89
12/1/2024,The Rec Room South Edmonton,Edmonton,TRR,45329.18,1531,45329.18
12/1/2024,The Rec Room Granville,Vancouver,TRR,1653.5,126,1653.5
12/2/2024,The Rec Room Avalon Mall,St. John's,TRR,7445.52,557,7445.52
12/2/2024,The Rec Room Deerfoot,Calgary,TRR,12531.83,1208,12531.83
12/2/2024,The Rec Room Roundhouse,Toronto,TRR,49343.22,3724,49343.22
12/2/2024,The Rec Room London Masonville,London,TRR,3484.78,195,3484.78
12/2/2024,The Rec Room West Edmonton Mall,Edmonton,TRR,6012.36,442,6012.36
12/2/2024,TRR Seasons of Tuxedo,Winnipeg,TRR,10705.85,809,10705.85
12/2/2024,Playdium Orion Gate,Brampton,PDM,2204.51,59,2204.51
12/2/2024,The Rec Room Brentwood,Burnaby,TRR,24089.42,1876,24089.42
12/2/2024,The Rec Room South Edmonton,Edmonton,TRR,9579.52,847,9579.52
12/2/2024,The Rec Room Royal Mount,Mont-Royal,TRR,2841.58,198,2841.58
12/2/2024,The Rec Room Granville,Vancouver,TRR,45,6,45
12/2/2024,Playdium Whitby,Whitby,PDM,1389.26,92,1389.26
12/2/2024,The Rec Room Park Place Barrie,Barrie,TRR,3014.55,363,3014.55
12/2/2024,The Rec Room Square One,Mississauga,TRR,9685.99,527,9685.99
12/2/2024,Playdium Dartmouth,Dartmouth,PDM,3802.14,223,3802.14
12/3/2024,The Rec Room Roundhouse,Toronto,TRR,106379.64,5038,106379.64
12/3/2024,Playdium Orion Gate,Brampton,PDM,2112,94,2112
12/3/2024,The Rec Room Square One,Mississauga,TRR,46514.19,1654,46514.19
12/3/2024,Playdium Dartmouth,Dartmouth,PDM,2636.96,115,2636.96
12/3/2024,The Rec Room London Masonville,London,TRR,5273.76,246,5273.76
12/3/2024,The Rec Room Deerfoot,Calgary,TRR,14497.82,924,14497.82
12/3/2024,The Rec Room Park Place Barrie,Barrie,TRR,5389.4,388,5389.4
12/3/2024,The Rec Room Royal Mount,Mont-Royal,TRR,4003.85,280,4003.85
12/3/2024,The Rec Room South Edmonton,Edmonton,TRR,15307.75,870,15307.75
12/3/2024,The Rec Room Avalon Mall,St. John's,TRR,9799.31,759,9799.31
12/3/2024,TRR Seasons of Tuxedo,Winnipeg,TRR,6509.31,676,6509.31
12/3/2024,The Rec Room Brentwood,Burnaby,TRR,15993.31,767,15993.31
12/3/2024,Playdium Whitby,Whitby,PDM,2993.29,155,2993.29
12/3/2024,The Rec Room Granville,Vancouver,TRR,1154.75,95,1154.75
12/3/2024,The Rec Room West Edmonton Mall,Edmonton,TRR,3823.96,212,3823.96
12/4/2024,Playdium Whitby,Whitby,PDM,5698.53,331,5698.53
12/4/2024,The Rec Room Square One,Mississauga,TRR,29865.01,1298,29865.01
12/4/2024,The Rec Room Royal Mount,Mont-Royal,TRR,3285.64,210,3285.64
12/4/2024,Playdium Dartmouth,Dartmouth,PDM,7577.75,273,7577.75
12/4/2024,TRR Seasons of Tuxedo,Winnipeg,TRR,14391.68,970,14391.68
12/4/2024,The Rec Room South Edmonton,Edmonton,TRR,21721.19,1024,21721.19
12/4/2024,Playdium Orion Gate,Brampton,PDM,972.01,40,972.01
12/4/2024,The Rec Room Roundhouse,Toronto,TRR,102379.02,5979,102379.02
12/4/2024,The Rec Room Avalon Mall,St. John's,TRR,11061.58,784,11061.58
12/4/2024,The Rec Room Brentwood,Burnaby,TRR,33887.03,1766,33887.03
12/4/2024,The Rec Room London Masonville,London,TRR,4214.52,264,4214.52
12/4/2024,The Rec Room West Edmonton Mall,Edmonton,TRR,5678.77,557,5678.77
12/4/2024,The Rec Room Deerfoot,Calgary,TRR,9351.01,777,9351.01
12/4/2024,The Rec Room Park Place Barrie,Barrie,TRR,3808.75,273,3808.75
12/4/2024,The Rec Room Granville,Vancouver,TRR,2145.5,173,2145.5
12/5/2024,The Rec Room Avalon Mall,St. John's,TRR,13016.56,995,13016.56
12/5/2024,The Rec Room Brentwood,Burnaby,TRR,41543.32,1810,41543.32
12/5/2024,The Rec Room West Edmonton Mall,Edmonton,TRR,9199.88,711,9199.88
12/5/2024,The Rec Room Granville,Vancouver,TRR,3783,205,3783
12/5/2024,Playdium Orion Gate,Brampton,PDM,2429.08,118,2429.08
12/5/2024,Playdium Dartmouth,Dartmouth,PDM,6470.4,343,6470.4
12/5/2024,The Rec Room Square One,Mississauga,TRR,53468.34,1962,53468.34
12/5/2024,The Rec Room Park Place Barrie,Barrie,TRR,8517.72,611,8517.72
12/5/2024,The Rec Room Roundhouse,Toronto,TRR,142528.51,5694,142528.51
12/5/2024,The Rec Room Deerfoot,Calgary,TRR,54488.01,2312,54488.01
12/5/2024,The Rec Room South Edmonton,Edmonton,TRR,24175.5,1441,24175.5
12/5/2024,Playdium Whitby,Whitby,PDM,2181.99,462,2181.99
12/5/2024,TRR Seasons of Tuxedo,Winnipeg,TRR,20881.69,896,20881.69
12/5/2024,The Rec Room London Masonville,London,TRR,2352.52,110,2352.52
12/5/2024,The Rec Room Royal Mount,Mont-Royal,TRR,3797.93,267,3797.93
12/6/2024,Playdium Orion Gate,Brampton,PDM,5161.3,1125,5161.3
12/6/2024,The Rec Room Deerfoot,Calgary,TRR,25705.83,2427,25705.83
12/6/2024,The Rec Room Roundhouse,Toronto,TRR,93987.87,4736,93987.87
12/6/2024,The Rec Room Park Place Barrie,Barrie,TRR,35285.94,2284,35285.94
12/6/2024,The Rec Room West Edmonton Mall,Edmonton,TRR,44274.55,2833,44274.55
12/6/2024,The Rec Room Brentwood,Burnaby,TRR,73657.45,4281,73657.45
12/6/2024,The Rec Room Avalon Mall,St. John's,TRR,29429.57,1980,29429.57
12/6/2024,Playdium Whitby,Whitby,PDM,14457.21,620,14457.21
12/6/2024,The Rec Room South Edmonton,Edmonton,TRR,47370.24,3654,47370.24
12/6/2024,TRR Seasons of Tuxedo,Winnipeg,TRR,32626.16,1987,32626.16
12/6/2024,The Rec Room London Masonville,London,TRR,9655.69,863,9655.69
12/6/2024,The Rec Room Royal Mount,Mont-Royal,TRR,15561.03,930,15561.03
12/6/2024,The Rec Room Granville,Vancouver,TRR,3058.5,210,3058.5
12/6/2024,The Rec Room Square One,Mississauga,TRR,60025.79,3116,60025.79
12/6/2024,Playdium Dartmouth,Dartmouth,PDM,10001.64,544,10001.64
12/7/2024,The Rec Room Deerfoot,Calgary,TRR,77580.51,4637,77580.51
12/7/2024,Playdium Dartmouth,Dartmouth,PDM,22905.08,870,22905.08
12/7/2024,TRR Seasons of Tuxedo,Winnipeg,TRR,61836.11,3173,61836.11
12/7/2024,The Rec Room London Masonville,London,TRR,27594.06,1569,27594.06
12/7/2024,The Rec Room West Edmonton Mall,Edmonton,TRR,63461.21,3363,63461.21
12/7/2024,The Rec Room Park Place Barrie,Barrie,TRR,35107.75,2678,35107.75
12/7/2024,Playdium Orion Gate,Brampton,PDM,46509.43,1806,46509.43
12/7/2024,The Rec Room Avalon Mall,St. John's,TRR,35456.67,2703,35456.67
12/7/2024,The Rec Room Roundhouse,Toronto,TRR,95038.92,5806,95038.92
12/7/2024,The Rec Room Square One,Mississauga,TRR,60982.62,3203,60982.62
12/7/2024,The Rec Room Brentwood,Burnaby,TRR,79506.8,4328,79506.8
12/7/2024,Playdium Whitby,Whitby,PDM,29117.67,1406,29117.67
12/7/2024,The Rec Room Granville,Vancouver,TRR,16037.5,901,16037.5
12/7/2024,The Rec Room Royal Mount,Mont-Royal,TRR,30868.1,1514,30868.1
12/7/2024,The Rec Room South Edmonton,Edmonton,TRR,72142.47,3983,72142.47
12/8/2024,The Rec Room Square One,Mississauga,TRR,46546.29,1827,46546.29
12/8/2024,Playdium Dartmouth,Dartmouth,PDM,18211.07,795,18211.07
12/8/2024,TRR Seasons of Tuxedo,Winnipeg,TRR,43831.56,2150,43831.56
12/8/2024,The Rec Room Deerfoot,Calgary,TRR,83096.96,3186,83096.96
12/8/2024,The Rec Room Brentwood,Burnaby,TRR,49665.5,2091,49665.5
12/8/2024,The Rec Room Park Place Barrie,Barrie,TRR,37157.57,1459,37157.57
12/8/2024,The Rec Room Roundhouse,Toronto,TRR,76587.84,4068,76587.84
12/8/2024,The Rec Room West Edmonton Mall,Edmonton,TRR,30145.73,1067,30145.73
12/8/2024,The Rec Room London Masonville,London,TRR,27166.89,878,27166.89
12/8/2024,Playdium Orion Gate,Brampton,PDM,17356.83,794,17356.83
12/8/2024,The Rec Room South Edmonton,Edmonton,TRR,67008.61,2107,67008.61
12/8/2024,The Rec Room Royal Mount,Mont-Royal,TRR,13203.61,633,13203.61
12/8/2024,The Rec Room Granville,Vancouver,TRR,11569.5,620,11569.5
12/8/2024,Playdium Whitby,Whitby,PDM,40612.98,1470,40612.98
12/8/2024,The Rec Room Avalon Mall,St. John's,TRR,34547.74,1604,34547.74
12/9/2024,Playdium Orion Gate,Brampton,PDM,1198,52,1198
12/9/2024,The Rec Room Roundhouse,Toronto,TRR,51566.69,3164,51566.69
12/9/2024,The Rec Room Square One,Mississauga,TRR,5687.84,623,5687.84
12/9/2024,The Rec Room London Masonville,London,TRR,4759.94,350,4759.94
12/9/2024,The Rec Room West Edmonton Mall,Edmonton,TRR,8467.5,763,8467.5
12/9/2024,TRR Seasons of Tuxedo,Winnipeg,TRR,9444.23,681,9444.23
12/9/2024,The Rec Room Avalon Mall,St. John's,TRR,8598.67,708,8598.67
12/9/2024,Playdium Whitby,Whitby,PDM,2120.49,219,2120.49
12/9/2024,The Rec Room Granville,Vancouver,TRR,3312,226,3312
12/9/2024,The Rec Room Brentwood,Burnaby,TRR,19562.86,1584,19562.86
12/9/2024,The Rec Room Park Place Barrie,Barrie,TRR,5695.75,427,5695.75
12/9/2024,The Rec Room Deerfoot,Calgary,TRR,10451.79,900,10451.79
12/9/2024,Playdium Dartmouth,Dartmouth,PDM,3421.74,354,3421.74
12/9/2024,The Rec Room South Edmonton,Edmonton,TRR,10118.66,953,10118.66
12/9/2024,The Rec Room Royal Mount,Mont-Royal,TRR,3986.44,245,3986.44
12/10/2024,The Rec Room Deerfoot,Calgary,TRR,28570.91,1337,28570.91
12/10/2024,The Rec Room Square One,Mississauga,TRR,36809.24,1655,36809.24
12/10/2024,The Rec Room Brentwood,Burnaby,TRR,31507.78,1808,31507.78
12/10/2024,Playdium Orion Gate,Brampton,PDM,2242.5,78,2242.5
12/10/2024,TRR Seasons of Tuxedo,Winnipeg,TRR,16493.8,797,16493.8
12/10/2024,The Rec Room Granville,Vancouver,TRR,2432,1112,2432
12/10/2024,The Rec Room Roundhouse,Toronto,TRR,143440.86,7399,143440.86
12/10/2024,Playdium Whitby,Whitby,PDM,3108.98,227,3108.98
12/10/2024,The Rec Room Avalon Mall,St. John's,TRR,11053.08,669,11053.08
12/10/2024,Playdium Dartmouth,Dartmouth,PDM,2383.8,102,2383.8
12/10/2024,The Rec Room West Edmonton Mall,Edmonton,TRR,6560.82,419,6560.82
12/10/2024,The Rec Room Park Place Barrie,Barrie,TRR,7535.27,463,7535.27
12/10/2024,The Rec Room South Edmonton,Edmonton,TRR,17265.7,864,17265.7
12/10/2024,The Rec Room London Masonville,London,TRR,10317.76,548,10317.76
12/10/2024,The Rec Room Royal Mount,Mont-Royal,TRR,5122.32,355,5122.32
12/11/2024,The Rec Room West Edmonton Mall,Edmonton,TRR,13534.17,1163,13534.17
12/11/2024,The Rec Room Roundhouse,Toronto,TRR,92031.27,4208,92031.27
12/11/2024,The Rec Room South Edmonton,Edmonton,TRR,13282.85,651,13282.85
12/11/2024,The Rec Room Royal Mount,Mont-Royal,TRR,7430.66,506,7430.66
12/11/2024,The Rec Room Square One,Mississauga,TRR,45123.62,2666,45123.62
12/11/2024,The Rec Room Avalon Mall,St. John's,TRR,9473.03,733,9473.03
12/11/2024,The Rec Room Brentwood,Burnaby,TRR,39960.76,1904,39960.76
12/11/2024,Playdium Dartmouth,Dartmouth,PDM,7849.73,321,7849.73
12/11/2024,Playdium Whitby,Whitby,PDM,2459.76,130,2459.76
12/11/2024,The Rec Room Deerfoot,Calgary,TRR,14583.22,977,14583.22
12/11/2024,The Rec Room Granville,Vancouver,TRR,2911.5,1481,2911.5
12/11/2024,TRR Seasons of Tuxedo,Winnipeg,TRR,10814.28,637,10814.28
12/11/2024,Playdium Orion Gate,Brampton,PDM,2088.99,54,2088.99
12/11/2024,The Rec Room London Masonville,London,TRR,7512.94,460,7512.94
12/11/2024,The Rec Room Park Place Barrie,Barrie,TRR,9921.84,699,9921.84
12/12/2024,The Rec Room South Edmonton,Edmonton,TRR,20911.29,1260,20911.29
12/12/2024,The Rec Room Royal Mount,Mont-Royal,TRR,8622.72,416,8622.72
12/12/2024,Playdium Dartmouth,Dartmouth,PDM,5786.15,218,5786.15
12/12/2024,The Rec Room Brentwood,Burnaby,TRR,59288.44,2988,59288.44
12/12/2024,Playdium Whitby,Whitby,PDM,3631.95,459,3631.95
12/12/2024,The Rec Room Avalon Mall,St. John's,TRR,12591.81,1168,12591.81
12/12/2024,TRR Seasons of Tuxedo,Winnipeg,TRR,38169.46,1686,38169.46
12/12/2024,The Rec Room Roundhouse,Toronto,TRR,152409.94,6118,152409.94
12/12/2024,The Rec Room Park Place Barrie,Barrie,TRR,15592.07,901,15592.07
12/12/2024,The Rec Room West Edmonton Mall,Edmonton,TRR,18300.41,1144,18300.41
12/12/2024,The Rec Room Granville,Vancouver,TRR,23355.08,1631,23355.08
12/12/2024,The Rec Room Square One,Mississauga,TRR,60520.27,3171,60520.27
12/12/2024,The Rec Room Deerfoot,Calgary,TRR,16915.74,1402,16915.74
12/12/2024,The Rec Room London Masonville,London,TRR,21439.47,989,21439.47
12/12/2024,Playdium Orion Gate,Brampton,PDM,3354.45,382,3354.45
12/13/2024,Playdium Whitby,Whitby,PDM,20293.1,1129,20293.1
12/13/2024,The Rec Room South Edmonton,Edmonton,TRR,52954.59,4577,52954.59
12/13/2024,Playdium Dartmouth,Dartmouth,PDM,13350.32,458,13350.32
12/13/2024,The Rec Room Roundhouse,Toronto,TRR,111342.94,4826,111342.94
12/13/2024,The Rec Room Royal Mount,Mont-Royal,TRR,15473.02,1021,15473.02
12/13/2024,The Rec Room Granville,Vancouver,TRR,44830.89,2881,44830.89
12/13/2024,The Rec Room Deerfoot,Calgary,TRR,33172.05,2688,33172.05
12/13/2024,The Rec Room Park Place Barrie,Barrie,TRR,29683.15,1897,29683.15
12/13/2024,The Rec Room Square One,Mississauga,TRR,39703.04,2362,39703.04
12/13/2024,The Rec Room West Edmonton Mall,Edmonton,TRR,56422.01,3287,56422.01
12/13/2024,Playdium Orion Gate,Brampton,PDM,8730.34,733,8730.34
12/13/2024,TRR Seasons of Tuxedo,Winnipeg,TRR,49627.16,2860,49627.16
12/13/2024,The Rec Room London Masonville,London,TRR,13787.21,1080,13787.21
12/13/2024,The Rec Room Brentwood,Burnaby,TRR,48358.39,3064,48358.39
12/13/2024,The Rec Room Avalon Mall,St. John's,TRR,34525.17,1763,34525.17
12/14/2024,The Rec Room Avalon Mall,St. John's,TRR,23475.78,1767,23475.78
12/14/2024,The Rec Room Brentwood,Burnaby,TRR,80427.58,4174,80427.58
12/14/2024,The Rec Room South Edmonton,Edmonton,TRR,127026.71,5996,127026.71
12/14/2024,The Rec Room Square One,Mississauga,TRR,57582.92,3286,57582.92
12/14/2024,Playdium Orion Gate,Brampton,PDM,27583.23,1214,27583.23
12/14/2024,Playdium Dartmouth,Dartmouth,PDM,25409.49,997,25409.49
12/14/2024,The Rec Room Royal Mount,Mont-Royal,TRR,36287.88,2052,36287.88
12/14/2024,Playdium Whitby,Whitby,PDM,37716.4,1493,37716.4
12/14/2024,The Rec Room West Edmonton Mall,Edmonton,TRR,100944.94,5896,100944.94
12/14/2024,TRR Seasons of Tuxedo,Winnipeg,TRR,70678.21,3591,70678.21
12/14/2024,The Rec Room London Masonville,London,TRR,46591.72,2009,46591.72
12/14/2024,The Rec Room Park Place Barrie,Barrie,TRR,49866.51,3446,49866.51
12/14/2024,The Rec Room Roundhouse,Toronto,TRR,103158.18,5343,103158.18
12/14/2024,The Rec Room Granville,Vancouver,TRR,68116.13,3858,68116.13
12/14/2024,The Rec Room Deerfoot,Calgary,TRR,81002.77,4770,81002.77
12/15/2024,The Rec Room Granville,Vancouver,TRR,40878.25,2390,40878.25
12/15/2024,The Rec Room West Edmonton Mall,Edmonton,TRR,53852.86,1943,53852.86
12/15/2024,The Rec Room Avalon Mall,St. John's,TRR,34857.32,1775,34857.32
12/15/2024,The Rec Room Brentwood,Burnaby,TRR,47826.54,1630,47826.54
12/15/2024,TRR Seasons of Tuxedo,Winnipeg,TRR,43843.09,1876,43843.09
12/15/2024,The Rec Room Park Place Barrie,Barrie,TRR,44285.02,1575,44285.02
12/15/2024,Playdium Whitby,Whitby,PDM,26646.34,1412,26646.34
12/15/2024,The Rec Room London Masonville,London,TRR,16005.51,1056,16005.51
12/15/2024,The Rec Room Royal Mount,Mont-Royal,TRR,17816.55,933,17816.55
12/15/2024,The Rec Room Square One,Mississauga,TRR,79370.46,3209,79370.46
12/15/2024,The Rec Room Deerfoot,Calgary,TRR,94105.12,3493,94105.12
12/15/2024,The Rec Room Roundhouse,Toronto,TRR,63397.72,2800,63397.72
12/15/2024,Playdium Orion Gate,Brampton,PDM,19813.78,868,19813.78
12/15/2024,Playdium Dartmouth,Dartmouth,PDM,19197.6,868,19197.6
12/15/2024,The Rec Room South Edmonton,Edmonton,TRR,69101.01,2083,69101.01
12/16/2024,The Rec Room Avalon Mall,St. John's,TRR,11877.96,924,11877.96
12/16/2024,The Rec Room London Masonville,London,TRR,6637.05,470,6637.05
12/16/2024,The Rec Room West Edmonton Mall,Edmonton,TRR,8130.64,704,8130.64
12/16/2024,The Rec Room Brentwood,Burnaby,TRR,16598.87,1541,16598.87
12/16/2024,The Rec Room Square One,Mississauga,TRR,14931.25,974,14931.25
12/16/2024,Playdium Whitby,Whitby,PDM,3654.5,227,3654.5
12/16/2024,TRR Seasons of Tuxedo,Winnipeg,TRR,13207.75,895,13207.75
12/16/2024,The Rec Room Park Place Barrie,Barrie,TRR,9967.48,709,9967.48
12/16/2024,Playdium Orion Gate,Brampton,PDM,10161.1,322,10161.1
12/16/2024,The Rec Room Roundhouse,Toronto,TRR,84112.6,3111,84112.6
12/16/2024,The Rec Room Granville,Vancouver,TRR,16634.6,1039,16634.6
12/16/2024,The Rec Room Deerfoot,Calgary,TRR,23197.6,1368,23197.6
12/16/2024,Playdium Dartmouth,Dartmouth,PDM,8272.88,291,8272.88
12/16/2024,The Rec Room South Edmonton,Edmonton,TRR,20296.06,1198,20296.06
12/16/2024,The Rec Room Royal Mount,Mont-Royal,TRR,5847.65,328,5847.65
12/17/2024,The Rec Room West Edmonton Mall,Edmonton,TRR,9890.35,618,9890.35
12/17/2024,The Rec Room Avalon Mall,St. John's,TRR,15420.8,928,15420.8
12/17/2024,The Rec Room Park Place Barrie,Barrie,TRR,16670.15,1128,16670.15
12/17/2024,The Rec Room Granville,Vancouver,TRR,26206.55,1577,26206.55
12/17/2024,TRR Seasons of Tuxedo,Winnipeg,TRR,19753.35,1092,19753.35
12/17/2024,Playdium Dartmouth,Dartmouth,PDM,4169.7,245,4169.7
12/17/2024,The Rec Room Brentwood,Burnaby,TRR,57197.78,2265,57197.78
12/17/2024,Playdium Orion Gate,Brampton,PDM,3328,84,3328
12/17/2024,The Rec Room South Edmonton,Edmonton,TRR,15673.8,1048,15673.8
12/17/2024,The Rec Room London Masonville,London,TRR,14525.07,756,14525.07
12/17/2024,The Rec Room Royal Mount,Mont-Royal,TRR,5940.99,357,5940.99
12/17/2024,The Rec Room Roundhouse,Toronto,TRR,69993.38,2654,69993.38
12/17/2024,The Rec Room Deerfoot,Calgary,TRR,29242.14,1228,29242.14
12/17/2024,The Rec Room Square One,Mississauga,TRR,45558.06,1897,45558.06
12/17/2024,Playdium Whitby,Whitby,PDM,7412.9,497,7412.9
12/18/2024,The Rec Room South Edmonton,Edmonton,TRR,19012.94,1543,19012.94
12/18/2024,TRR Seasons of Tuxedo,Winnipeg,TRR,19558.12,1191,19558.12
12/18/2024,The Rec Room Royal Mount,Mont-Royal,TRR,9197.26,615,9197.26
12/18/2024,Playdium Fairview,Toronto,PDM,4,1,4
12/18/2024,Playdium Whitby,Whitby,PDM,3144,134,3144
12/18/2024,The Rec Room Roundhouse,Toronto,TRR,98921.72,4265,98921.72
12/18/2024,The Rec Room Avalon Mall,St. John's,TRR,13611.55,868,13611.55
12/18/2024,The Rec Room Deerfoot,Calgary,TRR,28240.99,1709,28240.99
12/18/2024,The Rec Room Square One,Mississauga,TRR,17239.25,860,17239.25
12/18/2024,Playdium Dartmouth,Dartmouth,PDM,4982.19,146,4982.19
12/18/2024,The Rec Room London Masonville,London,TRR,6902,378,6902
12/18/2024,The Rec Room Park Place Barrie,Barrie,TRR,15946.12,963,15946.12
12/18/2024,Playdium Orion Gate,Brampton,PDM,7429,317,7429
12/18/2024,The Rec Room Brentwood,Burnaby,TRR,26631.37,1322,26631.37
12/18/2024,The Rec Room Granville,Vancouver,TRR,24234.3,1551,24234.3
12/18/2024,The Rec Room West Edmonton Mall,Edmonton,TRR,25836.61,1293,25836.61
12/19/2024,Playdium Fairview,Toronto,PDM,3409,267,3409
12/19/2024,The Rec Room Square One,Mississauga,TRR,38793.31,1935,38793.31
12/19/2024,Playdium Dartmouth,Dartmouth,PDM,7169,213,7169
12/19/2024,The Rec Room Roundhouse,Toronto,TRR,47334.9,3547,47334.9
12/19/2024,The Rec Room Brentwood,Burnaby,TRR,27775.82,1800,27775.82
12/19/2024,The Rec Room Deerfoot,Calgary,TRR,30816.24,1800,30816.24
12/19/2024,The Rec Room South Edmonton,Edmonton,TRR,25969.53,1315,25969.53
12/19/2024,The Rec Room Park Place Barrie,Barrie,TRR,25481.31,1571,25481.31
12/19/2024,The Rec Room Royal Mount,Mont-Royal,TRR,15879.37,891,15879.37
12/19/2024,The Rec Room London Masonville,London,TRR,13115,778,13115
12/19/2024,The Rec Room West Edmonton Mall,Edmonton,TRR,15180.07,959,15180.07
12/19/2024,TRR Seasons of Tuxedo,Winnipeg,TRR,20635.09,1347,20635.09
12/19/2024,Playdium Whitby,Whitby,PDM,3829.99,221,3829.99
12/19/2024,Playdium Orion Gate,Brampton,PDM,4059.4,356,4059.4
12/19/2024,The Rec Room Granville,Vancouver,TRR,32588.75,2054,32588.75
12/19/2024,The Rec Room Avalon Mall,St. John's,TRR,20364.75,1226,20364.75
12/20/2024,The Rec Room Park Place Barrie,Barrie,TRR,24668.61,2065,24668.61
12/20/2024,The Rec Room Avalon Mall,St. John's,TRR,26291.27,1646,26291.27
12/20/2024,Playdium Orion Gate,Brampton,PDM,6423.7,265,6423.7
12/20/2024,The Rec Room Deerfoot,Calgary,TRR,61034.58,4208,61034.58
12/20/2024,The Rec Room Brentwood,Burnaby,TRR,73105.37,3690,73105.37
12/20/2024,The Rec Room West Edmonton Mall,Edmonton,TRR,55820.1,3678,55820.1
12/20/2024,The Rec Room London Masonville,London,TRR,29000.08,1448,29000.08
12/20/2024,The Rec Room Granville,Vancouver,TRR,61962.59,3650,61962.59
12/20/2024,TRR Seasons of Tuxedo,Winnipeg,TRR,35402.87,2077,35402.87
12/20/2024,The Rec Room Roundhouse,Toronto,TRR,65976.37,3111,65976.37
12/20/2024,The Rec Room Royal Mount,Mont-Royal,TRR,17946.39,955,17946.39
12/20/2024,Playdium Dartmouth,Dartmouth,PDM,13153.64,475,13153.64
12/20/2024,The Rec Room South Edmonton,Edmonton,TRR,55773.26,3707,55773.26
12/20/2024,Playdium Fairview,Toronto,PDM,7720.2,593,7720.2
12/20/2024,The Rec Room Square One,Mississauga,TRR,54234.85,2581,54234.85
12/20/2024,Playdium Whitby,Whitby,PDM,7826.09,584,7826.09
12/21/2024,The Rec Room Square One,Mississauga,TRR,47090.37,2460,47090.37
12/21/2024,Playdium Orion Gate,Brampton,PDM,24230.8,992,24230.8
12/21/2024,Playdium Dartmouth,Dartmouth,PDM,9023.1,360,9023.1
12/21/2024,Playdium Fairview,Toronto,PDM,15599.59,558,15599.59
12/21/2024,The Rec Room South Edmonton,Edmonton,TRR,82827.56,3563,82827.56
12/21/2024,The Rec Room London Masonville,London,TRR,16608.31,1281,16608.31
12/21/2024,The Rec Room Royal Mount,Mont-Royal,TRR,36797.67,1985,36797.67
12/21/2024,The Rec Room Deerfoot,Calgary,TRR,52452.23,3219,52452.23
12/21/2024,The Rec Room Park Place Barrie,Barrie,TRR,32217.51,1959,32217.51
12/21/2024,The Rec Room Roundhouse,Toronto,TRR,61783.95,3869,61783.95
12/21/2024,The Rec Room Avalon Mall,St. John's,TRR,38092.5,2315,38092.5
12/21/2024,The Rec Room West Edmonton Mall,Edmonton,TRR,50860.28,2968,50860.28
12/21/2024,The Rec Room Brentwood,Burnaby,TRR,74086.27,3367,74086.27
12/21/2024,The Rec Room Granville,Vancouver,TRR,70669.15,3735,70669.15
12/21/2024,Playdium Whitby,Whitby,PDM,24818.34,1243,24818.34
12/21/2024,TRR Seasons of Tuxedo,Winnipeg,TRR,57595.68,2883,57595.68
12/22/2024,Playdium Whitby,Whitby,PDM,18243.3,844,18243.3
12/22/2024,The Rec Room London Masonville,London,TRR,29664.51,834,29664.51
12/22/2024,The Rec Room Avalon Mall,St. John's,TRR,26525.63,1152,26525.63
12/22/2024,The Rec Room Park Place Barrie,Barrie,TRR,34468.65,1511,34468.65
12/22/2024,The Rec Room Brentwood,Burnaby,TRR,45536.91,1560,45536.91
12/22/2024,Playdium Orion Gate,Brampton,PDM,17599.7,608,17599.7
12/22/2024,The Rec Room Roundhouse,Toronto,TRR,44642.79,2198,44642.79
12/22/2024,The Rec Room Deerfoot,Calgary,TRR,58539.58,1981,58539.58
12/22/2024,Playdium Fairview,Toronto,PDM,16416.49,630,16416.49
12/22/2024,The Rec Room Granville,Vancouver,TRR,47269.25,2490,47269.25
12/22/2024,The Rec Room Square One,Mississauga,TRR,35029.8,1374,35029.8
12/22/2024,Playdium Dartmouth,Dartmouth,PDM,12777.45,445,12777.45
12/22/2024,The Rec Room West Edmonton Mall,Edmonton,TRR,35933.16,1512,35933.16
12/22/2024,TRR Seasons of Tuxedo,Winnipeg,TRR,43020.57,1386,43020.57
12/22/2024,The Rec Room Royal Mount,Mont-Royal,TRR,30425.95,1563,30425.95
12/22/2024,The Rec Room South Edmonton,Edmonton,TRR,57831.26,2229,57831.26
12/23/2024,The Rec Room Avalon Mall,St. John's,TRR,21743.09,1308,21743.09
12/23/2024,The Rec Room Brentwood,Burnaby,TRR,33176.65,2043,33176.65
12/23/2024,TRR Seasons of Tuxedo,Winnipeg,TRR,31254.39,1812,31254.39
12/23/2024,The Rec Room South Edmonton,Edmonton,TRR,32287.39,1870,32287.39
12/23/2024,The Rec Room Granville,Vancouver,TRR,36991.78,1774,36991.78
12/23/2024,The Rec Room Royal Mount,Mont-Royal,TRR,19589.35,910,19589.35
12/23/2024,Playdium Fairview,Toronto,PDM,13788.4,462,13788.4
12/23/2024,Playdium Whitby,Whitby,PDM,12534.86,568,12534.86
12/23/2024,Playdium Orion Gate,Brampton,PDM,11648.9,415,11648.9
12/23/2024,The Rec Room Park Place Barrie,Barrie,TRR,19234.21,1134,19234.21
12/23/2024,The Rec Room Square One,Mississauga,TRR,22802.65,1255,22802.65
12/23/2024,The Rec Room Roundhouse,Toronto,TRR,40921.74,2502,40921.74
12/23/2024,The Rec Room London Masonville,London,TRR,15853.12,796,15853.12
12/23/2024,The Rec Room West Edmonton Mall,Edmonton,TRR,20424.75,1273,20424.75
12/23/2024,Playdium Dartmouth,Dartmouth,PDM,15033.31,523,15033.31
12/23/2024,The Rec Room Deerfoot,Calgary,TRR,40421.81,2733,40421.81
12/24/2024,The Rec Room Brentwood,Burnaby,TRR,9826.92,440,9826.92
12/24/2024,The Rec Room Deerfoot,Calgary,TRR,12039.16,593,12039.16
12/24/2024,The Rec Room Square One,Mississauga,TRR,5288.04,123,5288.04
12/24/2024,The Rec Room West Edmonton Mall,Edmonton,TRR,3899.75,77,3899.75
12/24/2024,Playdium Dartmouth,Dartmouth,PDM,2796,88,2796
12/24/2024,TRR Seasons of Tuxedo,Winnipeg,TRR,8734,361,8734
12/24/2024,The Rec Room Granville,Vancouver,TRR,6052.5,273,6052.5
12/24/2024,Playdium Fairview,Toronto,PDM,7248.5,221,7248.5
12/24/2024,The Rec Room Park Place Barrie,Barrie,TRR,5211.7,187,5211.7
12/24/2024,Playdium Whitby,Whitby,PDM,3896.38,137,3896.38
12/24/2024,The Rec Room South Edmonton,Edmonton,TRR,7185.5,175,7185.5
12/24/2024,The Rec Room London Masonville,London,TRR,7310.5,307,7310.5
12/24/2024,Playdium Orion Gate,Brampton,PDM,7210.5,229,7210.5
12/24/2024,The Rec Room Roundhouse,Toronto,TRR,8273,377,8273
12/24/2024,The Rec Room Royal Mount,Mont-Royal,TRR,6641.96,328,6641.96
12/24/2024,The Rec Room Avalon Mall,St. John's,TRR,5662.29,196,5662.29
12/25/2024,The Rec Room Brentwood,Burnaby,TRR,24175.57,1150,24175.57
12/25/2024,The Rec Room Granville,Vancouver,TRR,30386.81,1799,30386.81
12/25/2024,The Rec Room Roundhouse,Toronto,TRR,46227.85,2742,46227.85
12/25/2024,The Rec Room Deerfoot,Calgary,TRR,15721.6,768,15721.6
12/26/2024,The Rec Room Roundhouse,Toronto,TRR,39922.65,3206,39922.65
12/26/2024,Playdium Whitby,Whitby,PDM,19946.49,837,19946.49
12/26/2024,The Rec Room Park Place Barrie,Barrie,TRR,24637.06,1248,24637.06
12/26/2024,Playdium Dartmouth,Dartmouth,PDM,21604.3,825,21604.3
12/26/2024,The Rec Room Avalon Mall,St. John's,TRR,13506.57,887,13506.57
12/26/2024,The Rec Room West Edmonton Mall,Edmonton,TRR,26684.56,1273,26684.56
12/26/2024,Playdium Orion Gate,Brampton,PDM,20427.39,680,20427.39
12/26/2024,The Rec Room Brentwood,Burnaby,TRR,26452.65,1553,26452.65
12/26/2024,TRR Seasons of Tuxedo,Winnipeg,TRR,37087.26,1689,37087.26
12/26/2024,The Rec Room Royal Mount,Mont-Royal,TRR,29599.97,1534,29599.97
12/26/2024,The Rec Room South Edmonton,Edmonton,TRR,38828.4,1856,38828.4
12/26/2024,The Rec Room London Masonville,London,TRR,25296.31,1164,25296.31
12/26/2024,The Rec Room Granville,Vancouver,TRR,36190.8,1828,36190.8
12/26/2024,The Rec Room Deerfoot,Calgary,TRR,43576.28,1938,43576.28
12/26/2024,Playdium Fairview,Toronto,PDM,19672.98,635,19672.98
12/26/2024,The Rec Room Square One,Mississauga,TRR,18912.75,983,18912.75
12/27/2024,Playdium Dartmouth,Dartmouth,PDM,21194.59,735,21194.59
12/27/2024,Playdium Fairview,Toronto,PDM,18590.7,649,18590.7
12/27/2024,Playdium Orion Gate,Brampton,PDM,26621.9,1059,26621.9
12/27/2024,Playdium Whitby,Whitby,PDM,26716.09,972,26716.09
12/27/2024,The Rec Room Avalon Mall,St. John's,TRR,26054.6,1521,26054.6
12/27/2024,The Rec Room Brentwood,Burnaby,TRR,46075.82,2325,46075.82
12/27/2024,The Rec Room Deerfoot,Calgary,TRR,43170.67,3162,43170.67
12/27/2024,The Rec Room Granville,Vancouver,TRR,52613.35,2956,52613.35
12/27/2024,The Rec Room London Masonville,London,TRR,19783.75,1475,19783.75
12/27/2024,The Rec Room Park Place Barrie,Barrie,TRR,23905.7,2009,23905.7
12/27/2024,The Rec Room Roundhouse,Toronto,TRR,61364,4088,61364
12/27/2024,The Rec Room Royal Mount,Mont-Royal,TRR,28580.94,1535,28580.94
12/27/2024,The Rec Room South Edmonton,Edmonton,TRR,40265.58,2944,40265.58
12/27/2024,The Rec Room Square One,Mississauga,TRR,46037.04,2105,46037.04
12/27/2024,The Rec Room West Edmonton Mall,Edmonton,TRR,25780.4,1920,25780.4
12/27/2024,TRR Seasons of Tuxedo,Winnipeg,TRR,45801.35,2782,45801.35
12/28/2024,The Rec Room London Masonville,London,TRR,36573.85,1570,36573.85
12/28/2024,The Rec Room West Edmonton Mall,Edmonton,TRR,47892.3,2441,47892.3
12/28/2024,The Rec Room Park Place Barrie,Barrie,TRR,51623.37,3193,51623.37
12/28/2024,The Rec Room Deerfoot,Calgary,TRR,59744.24,2722,59744.24
12/28/2024,The Rec Room Granville,Vancouver,TRR,76056.98,4566,76056.98
12/28/2024,TRR Seasons of Tuxedo,Winnipeg,TRR,69865.95,3262,69865.95
12/28/2024,The Rec Room Brentwood,Burnaby,TRR,67817.46,2951,67817.46
12/28/2024,Playdium Orion Gate,Brampton,PDM,32405.07,1137,32405.07
12/28/2024,The Rec Room Square One,Mississauga,TRR,58285.84,2811,58285.84
12/28/2024,Playdium Fairview,Toronto,PDM,20934.19,643,20934.19
12/28/2024,Playdium Whitby,Whitby,PDM,43866.48,1538,43866.48
12/28/2024,The Rec Room South Edmonton,Edmonton,TRR,75757.71,3878,75757.71
12/28/2024,The Rec Room Roundhouse,Toronto,TRR,78784.15,5043,78784.15
12/28/2024,Playdium Dartmouth,Dartmouth,PDM,29859.29,911,29859.29
12/28/2024,The Rec Room Royal Mount,Mont-Royal,TRR,34992.71,1954,34992.71
12/28/2024,The Rec Room Avalon Mall,St. John's,TRR,28626.12,1862,28626.12
12/29/2024,Playdium Orion Gate,Brampton,PDM,28681.21,912,28681.21
12/29/2024,The Rec Room Brentwood,Burnaby,TRR,55478.95,1876,55478.95
12/29/2024,The Rec Room Granville,Vancouver,TRR,59007.5,3097,59007.5
12/29/2024,The Rec Room Park Place Barrie,Barrie,TRR,60499.15,1997,60499.15
12/29/2024,The Rec Room London Masonville,London,TRR,46123.41,1471,46123.41
12/29/2024,Playdium Fairview,Toronto,PDM,23238.35,725,23238.35
12/29/2024,The Rec Room Deerfoot,Calgary,TRR,84003.98,2412,84003.98
12/29/2024,TRR Seasons of Tuxedo,Winnipeg,TRR,73241.74,2720,73241.74
12/29/2024,The Rec Room Avalon Mall,St. John's,TRR,33467.91,1610,33467.91
12/29/2024,The Rec Room Royal Mount,Mont-Royal,TRR,32221.72,1673,32221.72
12/29/2024,Playdium Whitby,Whitby,PDM,39944.37,1553,39944.37
12/29/2024,The Rec Room South Edmonton,Edmonton,TRR,82671.93,2489,82671.93
12/29/2024,The Rec Room Roundhouse,Toronto,TRR,93891.65,4559,93891.65
12/29/2024,The Rec Room West Edmonton Mall,Edmonton,TRR,46537.28,1791,46537.28
12/29/2024,Playdium Dartmouth,Dartmouth,PDM,27161.4,803,27161.4
12/29/2024,The Rec Room Square One,Mississauga,TRR,53846.49,1816,53846.49
12/30/2024,TRR Seasons of Tuxedo,Winnipeg,TRR,38966.97,2680,38966.97
12/30/2024,The Rec Room Square One,Mississauga,TRR,43090.95,2204,43090.95
12/30/2024,The Rec Room Deerfoot,Calgary,TRR,56965.87,3842,56965.87
12/30/2024,The Rec Room Roundhouse,Toronto,TRR,57797.4,4517,57797.4
12/30/2024,The Rec Room Granville,Vancouver,TRR,42283.15,2213,42283.15
12/30/2024,The Rec Room London Masonville,London,TRR,30903.38,1369,30903.38
12/30/2024,The Rec Room Park Place Barrie,Barrie,TRR,44427.72,2754,44427.72
12/30/2024,The Rec Room Brentwood,Burnaby,TRR,52164.28,2972,52164.28
12/30/2024,The Rec Room West Edmonton Mall,Edmonton,TRR,37267.89,2445,37267.89
12/30/2024,The Rec Room Avalon Mall,St. John's,TRR,27630.61,1919,27630.61
12/30/2024,Playdium Whitby,Whitby,PDM,41227.47,1460,41227.47
12/30/2024,Playdium Orion Gate,Brampton,PDM,23722.09,718,23722.09
12/30/2024,The Rec Room South Edmonton,Edmonton,TRR,48688.69,2557,48688.69
12/30/2024,Playdium Fairview,Toronto,PDM,20537.99,654,20537.99
12/30/2024,Playdium Dartmouth,Dartmouth,PDM,30183.18,979,30183.18
12/30/2024,The Rec Room Royal Mount,Mont-Royal,TRR,33775.55,1638,33775.55
12/31/2024,The Rec Room Avalon Mall,St. John's,TRR,18955.36,1399,18955.36
12/31/2024,Playdium Fairview,Toronto,PDM,19430.69,585,19430.69
12/31/2024,The Rec Room Granville,Vancouver,TRR,61498.15,3232,61498.15
12/31/2024,TRR Seasons of Tuxedo,Winnipeg,TRR,52101.2,3321,52101.2
12/31/2024,The Rec Room Brentwood,Burnaby,TRR,42013.58,3699,42013.58
12/31/2024,The Rec Room Park Place Barrie,Barrie,TRR,32918.55,2972,32918.55
12/31/2024,The Rec Room West Edmonton Mall,Edmonton,TRR,32121.72,2698,32121.72
12/31/2024,The Rec Room Deerfoot,Calgary,TRR,37017.34,3493,37017.34
12/31/2024,Playdium Whitby,Whitby,PDM,32530.79,1512,32530.79
12/31/2024,The Rec Room London Masonville,London,TRR,21492.63,2087,21492.63
12/31/2024,The Rec Room Roundhouse,Toronto,TRR,71104.17,4868,71104.17
12/31/2024,The Rec Room South Edmonton,Edmonton,TRR,42319.5,3443,42319.5
12/31/2024,Playdium Orion Gate,Brampton,PDM,27030.5,699,27030.5
12/31/2024,The Rec Room Royal Mount,Mont-Royal,TRR,21315.5,1049,21315.5
12/31/2024,Playdium Dartmouth,Dartmouth,PDM,33354.94,1137,33354.94
12/31/2024,The Rec Room Square One,Mississauga,TRR,28584.7,3050,28584.7
1/1/2025,The Rec Room Park Place Barrie,Barrie,TRR,33081.28,1627,33081.28
1/1/2025,The Rec Room Brentwood,Burnaby,TRR,46297.09,2717,46297.09
1/1/2025,The Rec Room Roundhouse,Toronto,TRR,64518.66,3664,64518.66
1/1/2025,The Rec Room Granville,Vancouver,TRR,43065.35,2386,43065.35
1/1/2025,The Rec Room Square One,Mississauga,TRR,29808.26,1282,29808.26
1/1/2025,TRR Seasons of Tuxedo,Winnipeg,TRR,51222.55,2529,51222.55
1/1/2025,The Rec Room Royal Mount,Mont-Royal,TRR,12648.83,337,12648.83
1/1/2025,The Rec Room London Masonville,London,TRR,28109.4,1001,28109.4
1/1/2025,The Rec Room Avalon Mall,St. John's,TRR,12962.11,533,12962.11
1/1/2025,The Rec Room West Edmonton Mall,Edmonton,TRR,42615.02,1671,42615.02
1/1/2025,The Rec Room South Edmonton,Edmonton,TRR,57588.55,2699,57588.55
1/1/2025,Playdium Orion Gate,Brampton,PDM,19982.9,721,19982.9
1/1/2025,The Rec Room Deerfoot,Calgary,TRR,66801.73,2378,66801.73
1/1/2025,Playdium Fairview,Toronto,PDM,12514.79,527,12514.79
1/1/2025,Playdium Dartmouth,Dartmouth,PDM,20360.1,723,20360.1
1/1/2025,Playdium Whitby,Whitby,PDM,37227.78,1209,37227.78
1/2/2025,The Rec Room South Edmonton,Edmonton,TRR,45793.25,2368,45793.25
1/2/2025,The Rec Room West Edmonton Mall,Edmonton,TRR,26032.75,1774,26032.75
1/2/2025,Playdium Dartmouth,Dartmouth,PDM,28682.3,918,28682.3
1/2/2025,The Rec Room Brentwood,Burnaby,TRR,40290.63,1709,40290.63
1/2/2025,The Rec Room Roundhouse,Toronto,TRR,38921.19,2898,38921.19
1/2/2025,The Rec Room Royal Mount,Mont-Royal,TRR,38791.98,1846,38791.98
1/2/2025,The Rec Room London Masonville,London,TRR,24943.71,979,24943.71
1/2/2025,The Rec Room Deerfoot,Calgary,TRR,40990.85,1880,40990.85
1/2/2025,The Rec Room Square One,Mississauga,TRR,28793.1,1039,28793.1
1/2/2025,Playdium Fairview,Toronto,PDM,21245.4,606,21245.4
1/2/2025,The Rec Room Granville,Vancouver,TRR,27844.15,1492,27844.15
1/2/2025,Playdium Orion Gate,Brampton,PDM,17657.29,535,17657.29
1/2/2025,The Rec Room Park Place Barrie,Barrie,TRR,26532.76,1469,26532.76
1/2/2025,The Rec Room Avalon Mall,St. John's,TRR,22920.07,1277,22920.07
1/2/2025,TRR Seasons of Tuxedo,Winnipeg,TRR,27955.55,1686,27955.55
1/2/2025,Playdium Whitby,Whitby,PDM,33970.36,1374,33970.36
1/3/2025,The Rec Room London Masonville,London,TRR,15474.77,1144,15474.77
1/3/2025,The Rec Room Brentwood,Burnaby,TRR,44513.24,2363,44513.24
1/3/2025,The Rec Room Park Place Barrie,Barrie,TRR,28559.19,2298,28559.19
1/3/2025,The Rec Room West Edmonton Mall,Edmonton,TRR,51144.14,3091,51144.14
1/3/2025,The Rec Room Avalon Mall,St. John's,TRR,32630.82,1925,32630.82
1/3/2025,The Rec Room Roundhouse,Toronto,TRR,58024.9,3816,58024.9
1/3/2025,The Rec Room Granville,Vancouver,TRR,56174.87,3090,56174.87
1/3/2025,TRR Seasons of Tuxedo,Winnipeg,TRR,56643.42,2548,56643.42
1/3/2025,The Rec Room South Edmonton,Edmonton,TRR,72624.94,3653,72624.94
1/3/2025,The Rec Room Royal Mount,Mont-Royal,TRR,46459.94,1783,46459.94
1/3/2025,The Rec Room Square One,Mississauga,TRR,48234.73,1996,48234.73
1/3/2025,Playdium Fairview,Toronto,PDM,28002.17,825,28002.17
1/3/2025,Playdium Whitby,Whitby,PDM,38341.66,1455,38341.66
1/3/2025,Playdium Orion Gate,Brampton,PDM,23503.14,698,23503.14
1/3/2025,Playdium Dartmouth,Dartmouth,PDM,17928.76,645,17928.76
1/3/2025,The Rec Room Deerfoot,Calgary,TRR,26886.56,2287,26886.56
1/4/2025,Playdium Dartmouth,Dartmouth,PDM,43062.33,1629,43062.33
1/4/2025,Playdium Orion Gate,Brampton,PDM,30888.78,1177,30888.78
1/4/2025,The Rec Room Roundhouse,Toronto,TRR,72783.52,4265,72783.52
1/4/2025,The Rec Room Square One,Mississauga,TRR,52592.74,2610,52592.74
1/4/2025,The Rec Room Royal Mount,Mont-Royal,TRR,65546.06,2234,65546.06
1/4/2025,The Rec Room Deerfoot,Calgary,TRR,66849.29,3360,66849.29
1/4/2025,The Rec Room London Masonville,London,TRR,31248.03,1522,31248.03
1/4/2025,The Rec Room Park Place Barrie,Barrie,TRR,43211.93,2655,43211.93
1/4/2025,The Rec Room South Edmonton,Edmonton,TRR,107669.63,5058,107669.63
1/4/2025,The Rec Room Brentwood,Burnaby,TRR,67813.65,3201,67813.65
1/4/2025,Playdium Whitby,Whitby,PDM,49944.34,1917,49944.34
1/4/2025,TRR Seasons of Tuxedo,Winnipeg,TRR,66720.75,3309,66720.75
1/4/2025,The Rec Room West Edmonton Mall,Edmonton,TRR,45599.34,2795,45599.34
1/4/2025,The Rec Room Granville,Vancouver,TRR,80278.53,4454,80278.53
1/4/2025,The Rec Room Avalon Mall,St. John's,TRR,28178.76,1932,28178.76
1/4/2025,Playdium Fairview,Toronto,PDM,24015.07,942,24015.07
1/5/2025,The Rec Room Granville,Vancouver,TRR,47843.86,2264,47843.86
1/5/2025,The Rec Room Roundhouse,Toronto,TRR,51362.24,2103,51362.24
1/5/2025,The Rec Room Avalon Mall,St. John's,TRR,22807.7,1153,22807.7
1/5/2025,Playdium Orion Gate,Brampton,PDM,17140.9,631,17140.9
1/5/2025,The Rec Room London Masonville,London,TRR,32823.21,583,32823.21
1/5/2025,The Rec Room Square One,Mississauga,TRR,37662.85,1275,37662.85
1/5/2025,Playdium Fairview,Toronto,PDM,28733.67,692,28733.67
1/5/2025,The Rec Room Park Place Barrie,Barrie,TRR,36234.03,1419,36234.03
1/5/2025,The Rec Room West Edmonton Mall,Edmonton,TRR,30661.55,954,30661.55
1/5/2025,The Rec Room Brentwood,Burnaby,TRR,52101.68,1609,52101.68
1/5/2025,Playdium Dartmouth,Dartmouth,PDM,15405.5,679,15405.5
1/5/2025,The Rec Room South Edmonton,Edmonton,TRR,34098.47,1684,34098.47
1/5/2025,The Rec Room Deerfoot,Calgary,TRR,73463.6,1805,73463.6
1/5/2025,The Rec Room Royal Mount,Mont-Royal,TRR,28176.97,1429,28176.97
1/5/2025,TRR Seasons of Tuxedo,Winnipeg,TRR,56966.42,1734,56966.42
1/5/2025,Playdium Whitby,Whitby,PDM,22400.28,876,22400.28
1/6/2025,The Rec Room Granville,Vancouver,TRR,26227.35,1277,26227.35
1/6/2025,The Rec Room West Edmonton Mall,Edmonton,TRR,10615.05,932,10615.05
1/6/2025,TRR Seasons of Tuxedo,Winnipeg,TRR,15123.34,620,15123.34
1/6/2025,The Rec Room Avalon Mall,St. John's,TRR,5015.12,217,5015.12
1/6/2025,Playdium Whitby,Whitby,PDM,2318.5,100,2318.5
1/6/2025,The Rec Room South Edmonton,Edmonton,TRR,16040.29,1281,16040.29
1/6/2025,The Rec Room London Masonville,London,TRR,4476.1,255,4476.1
1/6/2025,The Rec Room Roundhouse,Toronto,TRR,12823.1,973,12823.1
1/6/2025,The Rec Room Deerfoot,Calgary,TRR,15184.65,1045,15184.65
1/6/2025,Playdium Fairview,Toronto,PDM,4553.3,214,4553.3
1/6/2025,The Rec Room Square One,Mississauga,TRR,8057.55,420,8057.55
1/6/2025,Playdium Dartmouth,Dartmouth,PDM,2684.1,242,2684.1
1/6/2025,The Rec Room Royal Mount,Mont-Royal,TRR,10548.46,470,10548.46
1/6/2025,The Rec Room Brentwood,Burnaby,TRR,13290.71,1021,13290.71
1/6/2025,The Rec Room Park Place Barrie,Barrie,TRR,4516.75,385,4516.75
1/7/2025,The Rec Room Royal Mount,Mont-Royal,TRR,3879.25,234,3879.25
1/7/2025,The Rec Room Square One,Mississauga,TRR,8678.4,388,8678.4
1/7/2025,The Rec Room South Edmonton,Edmonton,TRR,15519.7,770,15519.7
1/7/2025,Playdium Dartmouth,Dartmouth,PDM,2642.5,103,2642.5
1/7/2025,The Rec Room West Edmonton Mall,Edmonton,TRR,9043.25,555,9043.25
1/7/2025,TRR Seasons of Tuxedo,Winnipeg,TRR,8013.8,406,8013.8
1/7/2025,The Rec Room Brentwood,Burnaby,TRR,10638.05,499,10638.05
1/7/2025,Playdium Whitby,Whitby,PDM,2417,97,2417
1/7/2025,The Rec Room Granville,Vancouver,TRR,15897.9,1000,15897.9
1/7/2025,The Rec Room Avalon Mall,St. John's,TRR,4988,202,4988
1/7/2025,The Rec Room London Masonville,London,TRR,3835.15,158,3835.15
1/7/2025,Playdium Fairview,Toronto,PDM,3973.8,191,3973.8
1/7/2025,The Rec Room Deerfoot,Calgary,TRR,18743.61,1294,18743.61
1/7/2025,The Rec Room Roundhouse,Toronto,TRR,15086.5,863,15086.5
1/7/2025,Playdium Orion Gate,Brampton,PDM,2193,50,2193
1/7/2025,The Rec Room Park Place Barrie,Barrie,TRR,8325.5,509,8325.5
1/8/2025,Playdium Whitby,Whitby,PDM,2911,97,2911
1/8/2025,The Rec Room Avalon Mall,St. John's,TRR,3745.85,142,3745.85
1/8/2025,TRR Seasons of Tuxedo,Winnipeg,TRR,9977.95,524,9977.95
1/8/2025,The Rec Room South Edmonton,Edmonton,TRR,11919.55,707,11919.55
1/8/2025,Playdium Fairview,Toronto,PDM,2784.2,156,2784.2
1/8/2025,The Rec Room Royal Mount,Mont-Royal,TRR,3007.06,220,3007.06
1/8/2025,The Rec Room Granville,Vancouver,TRR,18815.1,1098,18815.1
1/8/2025,The Rec Room Square One,Mississauga,TRR,11211.27,450,11211.27
1/8/2025,The Rec Room Roundhouse,Toronto,TRR,41327.74,1693,41327.74
1/8/2025,The Rec Room Brentwood,Burnaby,TRR,12532.88,538,12532.88
1/8/2025,The Rec Room West Edmonton Mall,Edmonton,TRR,7301.75,389,7301.75
1/8/2025,The Rec Room Park Place Barrie,Barrie,TRR,7256.65,444,7256.65
1/8/2025,The Rec Room London Masonville,London,TRR,4739.4,262,4739.4
1/8/2025,Playdium Orion Gate,Brampton,PDM,2132,83,2132
1/8/2025,Playdium Dartmouth,Dartmouth,PDM,4255,117,4255
1/8/2025,The Rec Room Deerfoot,Calgary,TRR,9534.2,529,9534.2
1/9/2025,The Rec Room Park Place Barrie,Barrie,TRR,5652.37,383,5652.37
1/9/2025,The Rec Room Granville,Vancouver,TRR,17820.95,1247,17820.95
1/9/2025,Playdium Fairview,Toronto,PDM,4843.58,232,4843.58
1/9/2025,The Rec Room Roundhouse,Toronto,TRR,14250.79,882,14250.79
1/9/2025,The Rec Room Avalon Mall,St. John's,TRR,6299.78,371,6299.78
1/9/2025,Playdium Whitby,Whitby,PDM,3014.8,210,3014.8
1/9/2025,The Rec Room London Masonville,London,TRR,4975.45,274,4975.45
1/9/2025,The Rec Room South Edmonton,Edmonton,TRR,11205.15,750,11205.15
1/9/2025,Playdium Orion Gate,Brampton,PDM,3105.9,274,3105.9
1/9/2025,The Rec Room West Edmonton Mall,Edmonton,TRR,8862.4,431,8862.4
1/9/2025,The Rec Room Deerfoot,Calgary,TRR,10019.5,877,10019.5
1/9/2025,The Rec Room Brentwood,Burnaby,TRR,10827.34,515,10827.34
1/9/2025,The Rec Room Royal Mount,Mont-Royal,TRR,5935.23,316,5935.23
1/9/2025,Playdium Dartmouth,Dartmouth,PDM,4894,213,4894
1/9/2025,The Rec Room Square One,Mississauga,TRR,9112.19,279,9112.19
1/9/2025,TRR Seasons of Tuxedo,Winnipeg,TRR,10724.92,632,10724.92
1/10/2025,The Rec Room Brentwood,Burnaby,TRR,33396.62,1833,33396.62
1/10/2025,The Rec Room Roundhouse,Toronto,TRR,29333.55,2018,29333.55
1/10/2025,The Rec Room Square One,Mississauga,TRR,16045.55,1179,16045.55
1/10/2025,The Rec Room South Edmonton,Edmonton,TRR,31282.25,2622,31282.25
1/10/2025,The Rec Room Royal Mount,Mont-Royal,TRR,16179.91,962,16179.91
1/10/2025,Playdium Dartmouth,Dartmouth,PDM,11865.41,411,11865.41
1/10/2025,The Rec Room Park Place Barrie,Barrie,TRR,21174.77,2155,21174.77
1/10/2025,The Rec Room London Masonville,London,TRR,11001.63,1091,11001.63
1/10/2025,Playdium Orion Gate,Brampton,PDM,7541.65,344,7541.65
1/10/2025,The Rec Room Granville,Vancouver,TRR,50834.69,3001,50834.69
1/10/2025,The Rec Room West Edmonton Mall,Edmonton,TRR,16999.61,1456,16999.61
1/10/2025,TRR Seasons of Tuxedo,Winnipeg,TRR,28023.99,1543,28023.99
1/10/2025,The Rec Room Deerfoot,Calgary,TRR,42394.05,2360,42394.05
1/10/2025,The Rec Room Avalon Mall,St. John's,TRR,17663.28,1208,17663.28
1/10/2025,Playdium Whitby,Whitby,PDM,12219.3,634,12219.3
1/10/2025,Playdium Fairview,Toronto,PDM,8206.9,286,8206.9
1/11/2025,The Rec Room Deerfoot,Calgary,TRR,62001.57,3759,62001.57
1/11/2025,The Rec Room Brentwood,Burnaby,TRR,66882.36,3858,66882.36
1/11/2025,The Rec Room West Edmonton Mall,Edmonton,TRR,57897.41,3385,57897.41
1/11/2025,The Rec Room Granville,Vancouver,TRR,89832.45,4990,89832.45
1/11/2025,The Rec Room Park Place Barrie,Barrie,TRR,61074.56,3862,61074.56
1/11/2025,The Rec Room Roundhouse,Toronto,TRR,75792.99,4562,75792.99
1/11/2025,The Rec Room South Edmonton,Edmonton,TRR,102890.43,4629,102890.43
1/11/2025,Playdium Whitby,Whitby,PDM,37521.39,1487,37521.39
1/11/2025,Playdium Fairview,Toronto,PDM,20894.97,754,20894.97
1/11/2025,The Rec Room Royal Mount,Mont-Royal,TRR,33356.22,1877,33356.22
1/11/2025,TRR Seasons of Tuxedo,Winnipeg,TRR,69170.11,3656,69170.11
1/11/2025,Playdium Orion Gate,Brampton,PDM,23231,1042,23231
1/11/2025,The Rec Room Square One,Mississauga,TRR,43943.3,2524,43943.3
1/11/2025,The Rec Room London Masonville,London,TRR,30524.37,1792,30524.37
1/11/2025,The Rec Room Avalon Mall,St. John's,TRR,30499.67,1944,30499.67
1/11/2025,Playdium Dartmouth,Dartmouth,PDM,38829.03,1524,38829.03
1/12/2025,The Rec Room Roundhouse,Toronto,TRR,49041.99,2147,49041.99
1/12/2025,The Rec Room Royal Mount,Mont-Royal,TRR,29469.02,1266,29469.02
1/12/2025,The Rec Room Park Place Barrie,Barrie,TRR,50828.02,2055,50828.02
1/12/2025,The Rec Room Brentwood,Burnaby,TRR,44992.07,1435,44992.07
1/12/2025,The Rec Room Granville,Vancouver,TRR,58704.8,2172,58704.8
1/12/2025,The Rec Room Avalon Mall,St. John's,TRR,20894.79,914,20894.79
1/12/2025,The Rec Room South Edmonton,Edmonton,TRR,32639.22,1495,32639.22
1/12/2025,The Rec Room London Masonville,London,TRR,36228.97,825,36228.97
1/12/2025,Playdium Dartmouth,Dartmouth,PDM,23363,814,23363
1/12/2025,Playdium Orion Gate,Brampton,PDM,15090.4,533,15090.4
1/12/2025,Playdium Fairview,Toronto,PDM,19944.7,586,19944.7
1/12/2025,The Rec Room West Edmonton Mall,Edmonton,TRR,32559.3,1045,32559.3
1/12/2025,Playdium Whitby,Whitby,PDM,22541.88,1052,22541.88
1/12/2025,The Rec Room Deerfoot,Calgary,TRR,58401.29,1837,58401.29
1/12/2025,The Rec Room Square One,Mississauga,TRR,36144.45,1124,36144.45
1/12/2025,TRR Seasons of Tuxedo,Winnipeg,TRR,39889.3,1547,39889.3
1/13/2025,Playdium Fairview,Toronto,PDM,2685.6,113,2685.6
1/13/2025,The Rec Room Roundhouse,Toronto,TRR,26085.02,1362,26085.02
1/13/2025,The Rec Room Royal Mount,Mont-Royal,TRR,3908.07,247,3908.07
1/13/2025,The Rec Room South Edmonton,Edmonton,TRR,8041.6,772,8041.6
1/13/2025,The Rec Room Avalon Mall,St. John's,TRR,4552.14,132,4552.14
1/13/2025,The Rec Room London Masonville,London,TRR,3594.65,290,3594.65
1/13/2025,The Rec Room West Edmonton Mall,Edmonton,TRR,8444.75,863,8444.75
1/13/2025,Playdium Orion Gate,Brampton,PDM,0,17,0
1/13/2025,The Rec Room Park Place Barrie,Barrie,TRR,4474.97,393,4474.97
1/13/2025,TRR Seasons of Tuxedo,Winnipeg,TRR,23225.02,1080,23225.02
1/13/2025,The Rec Room Deerfoot,Calgary,TRR,8687.7,770,8687.7
1/13/2025,The Rec Room Granville,Vancouver,TRR,9535.85,898,9535.85
1/13/2025,The Rec Room Brentwood,Burnaby,TRR,11532.44,876,11532.44
1/13/2025,The Rec Room Square One,Mississauga,TRR,8006.75,432,8006.75
1/14/2025,Playdium Whitby,Whitby,PDM,1412,77,1412
1/14/2025,The Rec Room Deerfoot,Calgary,TRR,16084.49,1006,16084.49
1/14/2025,Playdium Dartmouth,Dartmouth,PDM,3876.51,99,3876.51
1/14/2025,The Rec Room West Edmonton Mall,Edmonton,TRR,10455.68,618,10455.68
1/14/2025,The Rec Room Square One,Mississauga,TRR,8026.45,418,8026.45
1/14/2025,The Rec Room Brentwood,Burnaby,TRR,20353.87,908,20353.87
1/14/2025,Playdium Orion Gate,Brampton,PDM,2546.8,74,2546.8
1/14/2025,The Rec Room Granville,Vancouver,TRR,21671.7,1170,21671.7
1/14/2025,Playdium Fairview,Toronto,PDM,3928.5,163,3928.5
1/14/2025,The Rec Room Roundhouse,Toronto,TRR,27184.19,1579,27184.19
1/14/2025,The Rec Room Avalon Mall,St. John's,TRR,5110.08,214,5110.08
1/14/2025,The Rec Room London Masonville,London,TRR,6444.3,321,6444.3
1/14/2025,The Rec Room Royal Mount,Mont-Royal,TRR,3626.83,212,3626.83
1/14/2025,The Rec Room South Edmonton,Edmonton,TRR,10590.8,503,10590.8
1/14/2025,The Rec Room Park Place Barrie,Barrie,TRR,7032.96,507,7032.96
1/14/2025,TRR Seasons of Tuxedo,Winnipeg,TRR,11760.31,689,11760.31
1/15/2025,The Rec Room Avalon Mall,St. John's,TRR,3980.74,150,3980.74
1/15/2025,Playdium Whitby,Whitby,PDM,3391.5,148,3391.5
1/15/2025,Playdium Dartmouth,Dartmouth,PDM,4204.7,495,4204.7
1/15/2025,The Rec Room London Masonville,London,TRR,10910.23,515,10910.23
1/15/2025,The Rec Room Royal Mount,Mont-Royal,TRR,4394.66,249,4394.66
1/15/2025,The Rec Room West Edmonton Mall,Edmonton,TRR,7565.1,435,7565.1
1/15/2025,The Rec Room Roundhouse,Toronto,TRR,34402.33,1985,34402.33
1/15/2025,The Rec Room Deerfoot,Calgary,TRR,22117.62,1610,22117.62
1/15/2025,TRR Seasons of Tuxedo,Winnipeg,TRR,12429.88,693,12429.88
1/15/2025,Playdium Orion Gate,Brampton,PDM,2411.5,61,2411.5
1/15/2025,Playdium Fairview,Toronto,PDM,2715.78,139,2715.78
1/15/2025,The Rec Room South Edmonton,Edmonton,TRR,13885.9,902,13885.9
1/15/2025,The Rec Room Granville,Vancouver,TRR,27592.24,1826,27592.24
1/15/2025,The Rec Room Park Place Barrie,Barrie,TRR,7645.61,569,7645.61
1/15/2025,The Rec Room Brentwood,Burnaby,TRR,9591.08,558,9591.08
1/15/2025,The Rec Room Square One,Mississauga,TRR,10755.64,540,10755.64
1/16/2025,Playdium Dartmouth,Dartmouth,PDM,16171.66,551,16171.66
1/16/2025,Playdium Fairview,Toronto,PDM,3602.99,193,3602.99
1/16/2025,Playdium Orion Gate,Brampton,PDM,2750.4,85,2750.4
1/16/2025,Playdium Whitby,Whitby,PDM,2658,475,2658
1/16/2025,The Rec Room Avalon Mall,St. John's,TRR,6519.23,415,6519.23
1/16/2025,The Rec Room Brentwood,Burnaby,TRR,19584.47,951,19584.47
1/16/2025,The Rec Room Deerfoot,Calgary,TRR,22577.44,1134,22577.44
1/16/2025,The Rec Room Granville,Vancouver,TRR,27151.65,1742,27151.65
1/16/2025,The Rec Room London Masonville,London,TRR,4835.05,221,4835.05
1/16/2025,The Rec Room Park Place Barrie,Barrie,TRR,5647.47,328,5647.47
1/16/2025,The Rec Room Roundhouse,Toronto,TRR,30039.46,1800,30039.46
1/16/2025,The Rec Room Royal Mount,Mont-Royal,TRR,11073.29,746,11073.29
1/16/2025,The Rec Room South Edmonton,Edmonton,TRR,12478.45,639,12478.45
1/16/2025,The Rec Room Square One,Mississauga,TRR,20898.09,899,20898.09
1/16/2025,The Rec Room West Edmonton Mall,Edmonton,TRR,10985.5,674,10985.5
1/16/2025,TRR Seasons of Tuxedo,Winnipeg,TRR,8881.49,555,8881.49
1/17/2025,Playdium Orion Gate,Brampton,PDM,10590.5,502,10590.5
1/17/2025,Playdium Fairview,Toronto,PDM,20053.6,618,20053.6
1/17/2025,The Rec Room Deerfoot,Calgary,TRR,29316.22,2663,29316.22
1/17/2025,The Rec Room South Edmonton,Edmonton,TRR,41070.86,2442,41070.86
1/17/2025,The Rec Room Royal Mount,Mont-Royal,TRR,24203.15,1333,24203.15
1/17/2025,Playdium Whitby,Whitby,PDM,16249.58,558,16249.58
1/17/2025,The Rec Room Avalon Mall,St. John's,TRR,23946.1,1590,23946.1
1/17/2025,Playdium Dartmouth,Dartmouth,PDM,20490.7,760,20490.7
1/17/2025,The Rec Room Square One,Mississauga,TRR,26845.46,1675,26845.46
1/17/2025,The Rec Room Roundhouse,Toronto,TRR,33421.06,2147,33421.06
1/17/2025,The Rec Room Granville,Vancouver,TRR,64420.72,3917,64420.72
1/17/2025,The Rec Room Park Place Barrie,Barrie,TRR,25631.63,2419,25631.63
1/17/2025,TRR Seasons of Tuxedo,Winnipeg,TRR,21873.48,1282,21873.48
1/17/2025,The Rec Room London Masonville,London,TRR,16955.44,1383,16955.44
1/17/2025,The Rec Room West Edmonton Mall,Edmonton,TRR,16696.37,1378,16696.37
1/17/2025,The Rec Room Brentwood,Burnaby,TRR,50077.31,2621,50077.31
1/18/2025,The Rec Room Avalon Mall,St. John's,TRR,35901.75,2363,35901.75
1/18/2025,The Rec Room West Edmonton Mall,Edmonton,TRR,57191.7,3246,57191.7
1/18/2025,The Rec Room London Masonville,London,TRR,60765.08,2239,60765.08
1/18/2025,The Rec Room Royal Mount,Mont-Royal,TRR,46687.79,2436,46687.79
1/18/2025,The Rec Room South Edmonton,Edmonton,TRR,77056.12,5163,77056.12
1/18/2025,Playdium Dartmouth,Dartmouth,PDM,48858.13,1725,48858.13
1/18/2025,The Rec Room Roundhouse,Toronto,TRR,124659.88,7533,124659.88
1/18/2025,The Rec Room Brentwood,Burnaby,TRR,84846.18,4007,84846.18
1/18/2025,TRR Seasons of Tuxedo,Winnipeg,TRR,69046.28,3813,69046.28
1/18/2025,The Rec Room Park Place Barrie,Barrie,TRR,64661.44,4478,64661.44
1/18/2025,The Rec Room Granville,Vancouver,TRR,97277,5559,97277
1/18/2025,Playdium Fairview,Toronto,PDM,26110.72,864,26110.72
1/18/2025,Playdium Whitby,Whitby,PDM,50009.76,2114,50009.76
1/18/2025,Playdium Orion Gate,Brampton,PDM,37628.68,1984,37628.68
1/18/2025,The Rec Room Square One,Mississauga,TRR,53915,2996,53915
1/18/2025,The Rec Room Deerfoot,Calgary,TRR,98057.72,5168,98057.72
1/19/2025,The Rec Room Roundhouse,Toronto,TRR,80343.99,2984,80343.99
1/19/2025,The Rec Room Park Place Barrie,Barrie,TRR,51581.44,1502,51581.44
1/19/2025,The Rec Room Granville,Vancouver,TRR,53973.6,2426,53973.6
1/19/2025,The Rec Room Brentwood,Burnaby,TRR,52830.92,1892,52830.92
1/19/2025,The Rec Room Avalon Mall,St. John's,TRR,20458.06,919,20458.06
1/19/2025,The Rec Room London Masonville,London,TRR,19151.15,857,19151.15
1/19/2025,The Rec Room Deerfoot,Calgary,TRR,67969.84,1813,67969.84
1/19/2025,The Rec Room West Edmonton Mall,Edmonton,TRR,39875.3,1400,39875.3
1/19/2025,Playdium Orion Gate,Brampton,PDM,22968.09,949,22968.09
1/19/2025,Playdium Dartmouth,Dartmouth,PDM,25945.15,1023,25945.15
1/19/2025,The Rec Room Square One,Mississauga,TRR,41449,1407,41449
1/19/2025,TRR Seasons of Tuxedo,Winnipeg,TRR,52285.59,1785,52285.59
1/19/2025,Playdium Fairview,Toronto,PDM,21079.48,753,21079.48
1/19/2025,The Rec Room South Edmonton,Edmonton,TRR,70379.13,2582,70379.13
1/19/2025,The Rec Room Royal Mount,Mont-Royal,TRR,30452.73,1492,30452.73
1/19/2025,Playdium Whitby,Whitby,PDM,28206.68,1235,28206.68
1/20/2025,The Rec Room London Masonville,London,TRR,5045.15,402,5045.15
1/20/2025,The Rec Room Brentwood,Burnaby,TRR,10178.44,1015,10178.44
1/20/2025,The Rec Room Deerfoot,Calgary,TRR,10025.4,708,10025.4
1/20/2025,The Rec Room West Edmonton Mall,Edmonton,TRR,9595.4,645,9595.4
1/20/2025,The Rec Room Park Place Barrie,Barrie,TRR,5905.2,399,5905.2
1/20/2025,TRR Seasons of Tuxedo,Winnipeg,TRR,9680.31,730,9680.31
1/20/2025,Playdium Fairview,Toronto,PDM,2735.1,143,2735.1
1/20/2025,The Rec Room Granville,Vancouver,TRR,18290.16,1596,18290.16
1/20/2025,The Rec Room Square One,Mississauga,TRR,19093.58,809,19093.58
1/20/2025,The Rec Room South Edmonton,Edmonton,TRR,14200.3,1016,14200.3
1/20/2025,The Rec Room Royal Mount,Mont-Royal,TRR,3834.1,249,3834.1
1/20/2025,The Rec Room Roundhouse,Toronto,TRR,59185.02,3296,59185.02
1/20/2025,The Rec Room Avalon Mall,St. John's,TRR,2375,158,2375
1/21/2025,The Rec Room Avalon Mall,St. John's,TRR,4591.97,219,4591.97
1/21/2025,The Rec Room Roundhouse,Toronto,TRR,55756.2,2570,55756.2
1/21/2025,The Rec Room Brentwood,Burnaby,TRR,14612.71,695,14612.71
1/21/2025,The Rec Room London Masonville,London,TRR,5442.4,297,5442.4
1/21/2025,The Rec Room Park Place Barrie,Barrie,TRR,6537.89,495,6537.89
1/21/2025,Playdium Whitby,Whitby,PDM,2993.5,107,2993.5
1/21/2025,Playdium Fairview,Toronto,PDM,4144.4,194,4144.4
1/21/2025,The Rec Room Granville,Vancouver,TRR,24189.89,1289,24189.89
1/21/2025,TRR Seasons of Tuxedo,Winnipeg,TRR,11187.26,526,11187.26
1/21/2025,The Rec Room West Edmonton Mall,Edmonton,TRR,8397.9,686,8397.9
1/21/2025,The Rec Room Deerfoot,Calgary,TRR,9685.46,485,9685.46
1/21/2025,Playdium Dartmouth,Dartmouth,PDM,3534.9,111,3534.9
1/21/2025,The Rec Room Royal Mount,Mont-Royal,TRR,12723.8,700,12723.8
1/21/2025,The Rec Room Square One,Mississauga,TRR,13385.84,666,13385.84
1/21/2025,Playdium Orion Gate,Brampton,PDM,2098.5,70,2098.5
1/21/2025,The Rec Room South Edmonton,Edmonton,TRR,20042.65,1733,20042.65
1/22/2025,The Rec Room Royal Mount,Mont-Royal,TRR,7919.19,459,7919.19
1/22/2025,The Rec Room Deerfoot,Calgary,TRR,13474.71,855,13474.71
1/22/2025,Playdium Orion Gate,Brampton,PDM,2254.5,84,2254.5
1/22/2025,Playdium Dartmouth,Dartmouth,PDM,4708.8,163,4708.8
1/22/2025,The Rec Room Square One,Mississauga,TRR,22879.93,1057,22879.93
1/22/2025,The Rec Room London Masonville,London,TRR,5235,219,5235
1/22/2025,The Rec Room Park Place Barrie,Barrie,TRR,7005.44,359,7005.44
1/22/2025,The Rec Room Granville,Vancouver,TRR,19193.5,1264,19193.5
1/22/2025,The Rec Room Roundhouse,Toronto,TRR,61858.25,3232,61858.25
1/22/2025,The Rec Room West Edmonton Mall,Edmonton,TRR,10074.25,510,10074.25
1/22/2025,The Rec Room Brentwood,Burnaby,TRR,18565.84,992,18565.84
1/22/2025,Playdium Whitby,Whitby,PDM,1762.5,74,1762.5
1/22/2025,Playdium Fairview,Toronto,PDM,3912.39,153,3912.39
1/22/2025,TRR Seasons of Tuxedo,Winnipeg,TRR,11103.65,957,11103.65
1/22/2025,The Rec Room South Edmonton,Edmonton,TRR,12519.35,724,12519.35
1/22/2025,The Rec Room Avalon Mall,St. John's,TRR,2578.39,115,2578.39
1/23/2025,The Rec Room Deerfoot,Calgary,TRR,21494.82,1157,21494.82
1/23/2025,The Rec Room West Edmonton Mall,Edmonton,TRR,13020.45,977,13020.45
1/23/2025,Playdium Orion Gate,Brampton,PDM,2373.4,74,2373.4
1/23/2025,TRR Seasons of Tuxedo,Winnipeg,TRR,34043.62,1479,34043.62
1/23/2025,The Rec Room Square One,Mississauga,TRR,7363.8,347,7363.8
1/23/2025,Playdium Dartmouth,Dartmouth,PDM,5162.3,188,5162.3
1/23/2025,The Rec Room Park Place Barrie,Barrie,TRR,7453.53,413,7453.53
1/23/2025,The Rec Room Roundhouse,Toronto,TRR,43306.19,2264,43306.19
1/23/2025,Playdium Whitby,Whitby,PDM,3346.4,586,3346.4
1/23/2025,The Rec Room South Edmonton,Edmonton,TRR,13296.15,635,13296.15
1/23/2025,The Rec Room Brentwood,Burnaby,TRR,13228.75,649,13228.75
1/23/2025,The Rec Room Avalon Mall,St. John's,TRR,8161.19,487,8161.19
1/23/2025,Playdium Fairview,Toronto,PDM,6382.28,327,6382.28
1/23/2025,The Rec Room London Masonville,London,TRR,5221.15,257,5221.15
1/23/2025,The Rec Room Granville,Vancouver,TRR,28536.59,1907,28536.59
1/23/2025,The Rec Room Royal Mount,Mont-Royal,TRR,10525.5,534,10525.5
1/24/2025,The Rec Room Roundhouse,Toronto,TRR,37233.93,2511,37233.93
1/24/2025,The Rec Room Park Place Barrie,Barrie,TRR,28640.58,2579,28640.58
1/24/2025,The Rec Room London Masonville,London,TRR,13078.3,1126,13078.3
1/24/2025,The Rec Room Deerfoot,Calgary,TRR,44166.31,2630,44166.31
1/24/2025,The Rec Room Square One,Mississauga,TRR,22893.67,2051,22893.67
1/24/2025,The Rec Room Royal Mount,Mont-Royal,TRR,21985.64,1564,21985.64
1/24/2025,Playdium Orion Gate,Brampton,PDM,6316.5,228,6316.5
1/24/2025,Playdium Dartmouth,Dartmouth,PDM,11349.62,437,11349.62
1/24/2025,The Rec Room Brentwood,Burnaby,TRR,38769.34,2626,38769.34
1/24/2025,The Rec Room West Edmonton Mall,Edmonton,TRR,20724.25,1770,20724.25
1/24/2025,Playdium Whitby,Whitby,PDM,20724.69,852,20724.69
1/24/2025,Playdium Fairview,Toronto,PDM,8022.5,344,8022.5
1/24/2025,TRR Seasons of Tuxedo,Winnipeg,TRR,28357.47,1957,28357.47
1/24/2025,The Rec Room Avalon Mall,St. John's,TRR,21696.3,1279,21696.3
1/24/2025,The Rec Room Granville,Vancouver,TRR,50934.68,3073,50934.68
1/24/2025,The Rec Room South Edmonton,Edmonton,TRR,31789.95,2592,31789.95
1/25/2025,The Rec Room West Edmonton Mall,Edmonton,TRR,61886.17,3695,61886.17
1/25/2025,The Rec Room Brentwood,Burnaby,TRR,65094.42,3190,65094.42
1/25/2025,The Rec Room Deerfoot,Calgary,TRR,101611.22,5881,101611.22
1/25/2025,The Rec Room Square One,Mississauga,TRR,53973.15,3048,53973.15
1/25/2025,TRR Seasons of Tuxedo,Winnipeg,TRR,59436.14,3343,59436.14
1/25/2025,Playdium Fairview,Toronto,PDM,28339.9,1001,28339.9
1/25/2025,Playdium Dartmouth,Dartmouth,PDM,47566.2,1641,47566.2
1/25/2025,Playdium Whitby,Whitby,PDM,49524.18,2047,49524.18
1/25/2025,The Rec Room Avalon Mall,St. John's,TRR,32731.64,2159,32731.64
1/25/2025,The Rec Room South Edmonton,Edmonton,TRR,112818.65,5186,112818.65
1/25/2025,The Rec Room Royal Mount,Mont-Royal,TRR,49133.59,2371,49133.59
1/25/2025,The Rec Room London Masonville,London,TRR,33254.95,1880,33254.95
1/25/2025,Playdium Orion Gate,Brampton,PDM,34864.75,1799,34864.75
1/25/2025,The Rec Room Roundhouse,Toronto,TRR,73244.55,5070,73244.55
1/25/2025,The Rec Room Park Place Barrie,Barrie,TRR,63186.91,4093,63186.91
1/25/2025,The Rec Room Granville,Vancouver,TRR,87988.2,4958,87988.2
1/26/2025,The Rec Room Royal Mount,Mont-Royal,TRR,22482.11,1140,22482.11
1/26/2025,The Rec Room Brentwood,Burnaby,TRR,52503.23,1807,52503.23
1/26/2025,The Rec Room West Edmonton Mall,Edmonton,TRR,36716.47,1295,36716.47
1/26/2025,Playdium Dartmouth,Dartmouth,PDM,21442.62,777,21442.62
1/26/2025,The Rec Room Granville,Vancouver,TRR,53081.19,2304,53081.19
1/26/2025,The Rec Room South Edmonton,Edmonton,TRR,46197.61,2388,46197.61
1/26/2025,The Rec Room London Masonville,London,TRR,39322.32,754,39322.32
1/26/2025,The Rec Room Square One,Mississauga,TRR,38036.05,1433,38036.05
1/26/2025,The Rec Room Park Place Barrie,Barrie,TRR,48792.68,1584,48792.68
1/26/2025,The Rec Room Roundhouse,Toronto,TRR,56790.47,2559,56790.47
1/26/2025,Playdium Fairview,Toronto,PDM,17213.57,662,17213.57
1/26/2025,Playdium Whitby,Whitby,PDM,29598.17,1444,29598.17
1/26/2025,The Rec Room Deerfoot,Calgary,TRR,68864.64,2087,68864.64
1/26/2025,TRR Seasons of Tuxedo,Winnipeg,TRR,52466.18,1838,52466.18
1/26/2025,The Rec Room Avalon Mall,St. John's,TRR,17920.55,890,17920.55
1/26/2025,Playdium Orion Gate,Brampton,PDM,20539.79,924,20539.79
1/27/2025,Playdium Dartmouth,Dartmouth,PDM,0,8,0
1/27/2025,The Rec Room Park Place Barrie,Barrie,TRR,908,190,908
1/27/2025,Playdium Fairview,Toronto,PDM,4281.9,182,4281.9
1/27/2025,The Rec Room Avalon Mall,St. John's,TRR,3572.63,171,3572.63
1/27/2025,The Rec Room Roundhouse,Toronto,TRR,7479.8,909,7479.8
1/27/2025,The Rec Room South Edmonton,Edmonton,TRR,18191.5,1212,18191.5
1/27/2025,The Rec Room Royal Mount,Mont-Royal,TRR,4010.73,268,4010.73
1/27/2025,The Rec Room London Masonville,London,TRR,5251.5,314,5251.5
1/27/2025,The Rec Room Brentwood,Burnaby,TRR,12995.77,1002,12995.77
1/27/2025,The Rec Room West Edmonton Mall,Edmonton,TRR,14942.15,714,14942.15
1/27/2025,The Rec Room Granville,Vancouver,TRR,19765.95,1136,19765.95
1/27/2025,The Rec Room Deerfoot,Calgary,TRR,12988.43,957,12988.43
1/27/2025,TRR Seasons of Tuxedo,Winnipeg,TRR,5869.64,490,5869.64
1/27/2025,The Rec Room Square One,Mississauga,TRR,4145.5,320,4145.5
1/28/2025,Playdium Fairview,Toronto,PDM,4485.5,240,4485.5
1/28/2025,Playdium Whitby,Whitby,PDM,7087,391,7087
1/28/2025,The Rec Room West Edmonton Mall,Edmonton,TRR,8020,564,8020
1/28/2025,TRR Seasons of Tuxedo,Winnipeg,TRR,15656.94,627,15656.94
1/28/2025,Playdium Orion Gate,Brampton,PDM,2750.75,104,2750.75
1/28/2025,The Rec Room Square One,Mississauga,TRR,15068.68,796,15068.68
1/28/2025,The Rec Room Park Place Barrie,Barrie,TRR,9218.21,565,9218.21
1/28/2025,The Rec Room Granville,Vancouver,TRR,15218.61,955,15218.61
1/28/2025,The Rec Room Brentwood,Burnaby,TRR,9905.04,511,9905.04
1/28/2025,The Rec Room Deerfoot,Calgary,TRR,33218.62,1674,33218.62
1/28/2025,The Rec Room South Edmonton,Edmonton,TRR,17735.7,973,17735.7
1/28/2025,The Rec Room London Masonville,London,TRR,6449.75,309,6449.75
1/28/2025,The Rec Room Royal Mount,Mont-Royal,TRR,3100.31,221,3100.31
1/28/2025,Playdium Dartmouth,Dartmouth,PDM,2467.4,97,2467.4
1/28/2025,The Rec Room Avalon Mall,St. John's,TRR,5888.88,241,5888.88
1/28/2025,The Rec Room Roundhouse,Toronto,TRR,18601.76,1110,18601.76
1/29/2025,The Rec Room West Edmonton Mall,Edmonton,TRR,15857.3,730,15857.3
1/29/2025,The Rec Room Avalon Mall,St. John's,TRR,3566.89,138,3566.89
1/29/2025,TRR Seasons of Tuxedo,Winnipeg,TRR,9156.41,655,9156.41
1/29/2025,Playdium Orion Gate,Brampton,PDM,2874,74,2874
1/29/2025,The Rec Room London Masonville,London,TRR,5709.35,309,5709.35
1/29/2025,The Rec Room Park Place Barrie,Barrie,TRR,6821.53,384,6821.53
1/29/2025,The Rec Room Granville,Vancouver,TRR,48102.86,2022,48102.86
1/29/2025,The Rec Room Brentwood,Burnaby,TRR,15191.13,852,15191.13
1/29/2025,Playdium Whitby,Whitby,PDM,3111.9,117,3111.9
1/29/2025,The Rec Room Square One,Mississauga,TRR,17074.24,887,17074.24
1/29/2025,The Rec Room Deerfoot,Calgary,TRR,12853.58,674,12853.58
1/29/2025,Playdium Fairview,Toronto,PDM,4980.8,194,4980.8
1/29/2025,The Rec Room South Edmonton,Edmonton,TRR,30333.3,1617,30333.3
1/29/2025,Playdium Dartmouth,Dartmouth,PDM,795,29,795
1/29/2025,The Rec Room Royal Mount,Mont-Royal,TRR,10691.86,652,10691.86
1/29/2025,The Rec Room Roundhouse,Toronto,TRR,59227.74,2556,59227.74
1/30/2025,Playdium Whitby,Whitby,PDM,4423.5,594,4423.5
1/30/2025,The Rec Room West Edmonton Mall,Edmonton,TRR,11420.85,738,11420.85
1/30/2025,The Rec Room Deerfoot,Calgary,TRR,9801.7,577,9801.7
1/30/2025,Playdium Orion Gate,Brampton,PDM,4977.4,253,4977.4
1/30/2025,The Rec Room Square One,Mississauga,TRR,18286.06,694,18286.06
1/30/2025,The Rec Room Brentwood,Burnaby,TRR,15041.35,754,15041.35
1/30/2025,The Rec Room Royal Mount,Mont-Royal,TRR,7877.27,363,7877.27
1/30/2025,The Rec Room Roundhouse,Toronto,TRR,21796.31,1412,21796.31
1/30/2025,The Rec Room Avalon Mall,St. John's,TRR,7879.31,1360,7879.31
1/30/2025,The Rec Room South Edmonton,Edmonton,TRR,14222.47,893,14222.47
1/30/2025,TRR Seasons of Tuxedo,Winnipeg,TRR,12811.61,760,12811.61
1/30/2025,Playdium Dartmouth,Dartmouth,PDM,4300.45,162,4300.45
1/30/2025,The Rec Room London Masonville,London,TRR,5789.2,291,5789.2
1/30/2025,The Rec Room Granville,Vancouver,TRR,51120.03,2716,51120.03
1/30/2025,The Rec Room Park Place Barrie,Barrie,TRR,8407.87,613,8407.87
1/30/2025,Playdium Fairview,Toronto,PDM,4309.4,176,4309.4
1/31/2025,Playdium Fairview,Toronto,PDM,12608.49,497,12608.49
1/31/2025,Playdium Orion Gate,Brampton,PDM,7679.08,281,7679.08
1/31/2025,Playdium Whitby,Whitby,PDM,14063.18,555,14063.18
1/31/2025,The Rec Room Roundhouse,Toronto,TRR,44306.51,2950,44306.51
1/31/2025,TRR Seasons of Tuxedo,Winnipeg,TRR,39228.33,2501,39228.33
1/31/2025,The Rec Room Park Place Barrie,Barrie,TRR,23480.62,2289,23480.62
1/31/2025,The Rec Room Granville,Vancouver,TRR,50951.3,3263,50951.3
1/31/2025,The Rec Room South Edmonton,Edmonton,TRR,55153.28,3096,55153.28
1/31/2025,The Rec Room Royal Mount,Mont-Royal,TRR,20160.03,1419,20160.03
1/31/2025,Playdium Dartmouth,Dartmouth,PDM,10376.9,489,10376.9
1/31/2025,The Rec Room London Masonville,London,TRR,24216.08,1431,24216.08
1/31/2025,The Rec Room Avalon Mall,St. John's,TRR,23143.97,1528,23143.97
1/31/2025,The Rec Room Deerfoot,Calgary,TRR,27709.79,2765,27709.79
1/31/2025,The Rec Room West Edmonton Mall,Edmonton,TRR,22125.84,1569,22125.84
1/31/2025,The Rec Room Square One,Mississauga,TRR,23353.09,1464,23353.09
1/31/2025,The Rec Room Brentwood,Burnaby,TRR,28144.26,2156,28144.26
2/1/2025,The Rec Room Granville,Vancouver,TRR,89395.12,5210,89395.12
2/1/2025,Playdium Fairview,Toronto,PDM,24521.94,956,24521.94
2/1/2025,The Rec Room Park Place Barrie,Barrie,TRR,57281.34,3908,57281.34
2/1/2025,Playdium Dartmouth,Dartmouth,PDM,33360.52,1276,33360.52
2/1/2025,The Rec Room Royal Mount,Mont-Royal,TRR,46325.43,2167,46325.43
2/1/2025,The Rec Room South Edmonton,Edmonton,TRR,55225.04,3981,55225.04
2/1/2025,The Rec Room Brentwood,Burnaby,TRR,52123.07,2525,52123.07
2/1/2025,The Rec Room West Edmonton Mall,Edmonton,TRR,47639.53,2802,47639.53
2/1/2025,TRR Seasons of Tuxedo,Winnipeg,TRR,67706.28,4044,67706.28
2/1/2025,Playdium Whitby,Whitby,PDM,52053.73,2232,52053.73
2/1/2025,The Rec Room Deerfoot,Calgary,TRR,60802.91,3771,60802.91
2/1/2025,The Rec Room London Masonville,London,TRR,31433.5,2591,31433.5
2/1/2025,The Rec Room Avalon Mall,St. John's,TRR,35979.67,2369,35979.67
2/1/2025,Playdium Orion Gate,Brampton,PDM,32916.15,1593,32916.15
2/1/2025,The Rec Room Roundhouse,Toronto,TRR,85482.73,6239,85482.73
2/1/2025,The Rec Room Square One,Mississauga,TRR,54423.03,3315,54423.03
2/2/2025,The Rec Room Deerfoot,Calgary,TRR,52549.22,1906,52549.22
2/2/2025,The Rec Room South Edmonton,Edmonton,TRR,60101.42,1948,60101.42
2/2/2025,Playdium Fairview,Toronto,PDM,18709.06,662,18709.06
2/2/2025,The Rec Room Royal Mount,Mont-Royal,TRR,28138.92,1348,28138.92
2/2/2025,The Rec Room Roundhouse,Toronto,TRR,46356.93,2265,46356.93
2/2/2025,Playdium Orion Gate,Brampton,PDM,20382,945,20382
2/2/2025,Playdium Whitby,Whitby,PDM,25169.68,1259,25169.68
2/2/2025,TRR Seasons of Tuxedo,Winnipeg,TRR,59585.85,2179,59585.85
2/2/2025,Playdium Dartmouth,Dartmouth,PDM,21126.91,794,21126.91
2/2/2025,The Rec Room Brentwood,Burnaby,TRR,27889.14,784,27889.14
2/2/2025,The Rec Room Granville,Vancouver,TRR,47956.3,2134,47956.3
2/2/2025,The Rec Room West Edmonton Mall,Edmonton,TRR,31141.34,1000,31141.34
2/2/2025,The Rec Room Park Place Barrie,Barrie,TRR,55635.04,1665,55635.04
2/2/2025,The Rec Room London Masonville,London,TRR,38787.34,890,38787.34
2/2/2025,The Rec Room Avalon Mall,St. John's,TRR,19529.98,868,19529.98
2/2/2025,The Rec Room Square One,Mississauga,TRR,41119.14,1493,41119.14
2/3/2025,Playdium Fairview,Toronto,PDM,3322.5,135,3322.5
2/3/2025,The Rec Room Square One,Mississauga,TRR,6425.4,375,6425.4
2/3/2025,The Rec Room Brentwood,Burnaby,TRR,7407.26,543,7407.26
2/3/2025,The Rec Room Roundhouse,Toronto,TRR,87736.65,6132,87736.65
2/3/2025,The Rec Room West Edmonton Mall,Edmonton,TRR,9260.4,527,9260.4
2/3/2025,The Rec Room Deerfoot,Calgary,TRR,49085.37,2039,49085.37
2/3/2025,The Rec Room London Masonville,London,TRR,6027,482,6027
2/3/2025,The Rec Room Avalon Mall,St. John's,TRR,5224.52,376,5224.52
2/3/2025,The Rec Room South Edmonton,Edmonton,TRR,9756.25,715,9756.25
2/3/2025,The Rec Room Royal Mount,Mont-Royal,TRR,2483.31,139,2483.31
2/3/2025,TRR Seasons of Tuxedo,Winnipeg,TRR,12904.31,825,12904.31
2/3/2025,The Rec Room Granville,Vancouver,TRR,14149,1015,14149
2/3/2025,The Rec Room Park Place Barrie,Barrie,TRR,3400.24,368,3400.24
2/4/2025,The Rec Room Park Place Barrie,Barrie,TRR,7144.1,532,7144.1
2/4/2025,The Rec Room Avalon Mall,St. John's,TRR,4863.25,335,4863.25
2/4/2025,The Rec Room West Edmonton Mall,Edmonton,TRR,7767.95,477,7767.95
2/4/2025,The Rec Room Brentwood,Burnaby,TRR,9185.83,524,9185.83
2/4/2025,The Rec Room Roundhouse,Toronto,TRR,40474.05,2062,40474.05
2/4/2025,The Rec Room Granville,Vancouver,TRR,19866.61,1069,19866.61
2/4/2025,Playdium Whitby,Whitby,PDM,2710.5,106,2710.5
2/4/2025,TRR Seasons of Tuxedo,Winnipeg,TRR,11271.8,605,11271.8
2/4/2025,Playdium Fairview,Toronto,PDM,3357.3,147,3357.3
2/4/2025,The Rec Room Square One,Mississauga,TRR,8356.7,414,8356.7
2/4/2025,The Rec Room London Masonville,London,TRR,6096,347,6096
2/4/2025,Playdium Dartmouth,Dartmouth,PDM,3725.5,147,3725.5
2/4/2025,The Rec Room Deerfoot,Calgary,TRR,11787.12,715,11787.12
2/4/2025,The Rec Room South Edmonton,Edmonton,TRR,11944.6,808,11944.6
2/4/2025,The Rec Room Royal Mount,Mont-Royal,TRR,2889.23,159,2889.23
2/4/2025,Playdium Orion Gate,Brampton,PDM,2672.3,58,2672.3
2/5/2025,The Rec Room West Edmonton Mall,Edmonton,TRR,8175.15,438,8175.15
2/5/2025,The Rec Room Deerfoot,Calgary,TRR,10964.88,747,10964.88
2/5/2025,Playdium Orion Gate,Brampton,PDM,2338.5,81,2338.5
2/5/2025,The Rec Room Brentwood,Burnaby,TRR,7073.27,404,7073.27
2/5/2025,The Rec Room Park Place Barrie,Barrie,TRR,8760.73,616,8760.73
2/5/2025,The Rec Room Roundhouse,Toronto,TRR,19050.37,1330,19050.37
2/5/2025,Playdium Dartmouth,Dartmouth,PDM,4673.9,130,4673.9
2/5/2025,The Rec Room Square One,Mississauga,TRR,16620.04,839,16620.04
2/5/2025,The Rec Room London Masonville,London,TRR,5182.95,270,5182.95
2/5/2025,The Rec Room South Edmonton,Edmonton,TRR,24200.68,1018,24200.68
2/5/2025,The Rec Room Royal Mount,Mont-Royal,TRR,3675.93,216,3675.93
2/5/2025,The Rec Room Avalon Mall,St. John's,TRR,4294.5,350,4294.5
2/5/2025,The Rec Room Granville,Vancouver,TRR,25515.83,1588,25515.83
2/5/2025,TRR Seasons of Tuxedo,Winnipeg,TRR,9996.97,905,9996.97
2/5/2025,Playdium Whitby,Whitby,PDM,2283.7,82,2283.7
2/5/2025,Playdium Fairview,Toronto,PDM,2227.8,110,2227.8
2/6/2025,Playdium Fairview,Toronto,PDM,1974,96,1974
2/6/2025,Playdium Orion Gate,Brampton,PDM,1650.4,66,1650.4
2/6/2025,Playdium Whitby,Whitby,PDM,2786.4,500,2786.4
2/6/2025,TRR Seasons of Tuxedo,Winnipeg,TRR,37577.81,2269,37577.81
2/6/2025,The Rec Room South Edmonton,Edmonton,TRR,16318.3,762,16318.3
2/6/2025,The Rec Room Deerfoot,Calgary,TRR,7881.49,496,7881.49
2/6/2025,Playdium Dartmouth,Dartmouth,PDM,3359.8,123,3359.8
2/6/2025,The Rec Room Royal Mount,Mont-Royal,TRR,6404.46,359,6404.46
2/6/2025,The Rec Room Square One,Mississauga,TRR,9517.15,560,9517.15
2/6/2025,The Rec Room Park Place Barrie,Barrie,TRR,5840.7,290,5840.7
2/6/2025,The Rec Room Roundhouse,Toronto,TRR,17703.65,1085,17703.65
2/6/2025,The Rec Room Granville,Vancouver,TRR,24512.96,1373,24512.96
2/6/2025,The Rec Room West Edmonton Mall,Edmonton,TRR,21551.9,1262,21551.9
2/6/2025,The Rec Room London Masonville,London,TRR,7074,267,7074
2/6/2025,The Rec Room Avalon Mall,St. John's,TRR,5576.35,388,5576.35
2/6/2025,The Rec Room Brentwood,Burnaby,TRR,7102.18,414,7102.18
2/7/2025,The Rec Room Roundhouse,Toronto,TRR,30637.53,1980,30637.53
2/7/2025,Playdium Dartmouth,Dartmouth,PDM,10276.66,444,10276.66
2/7/2025,The Rec Room Park Place Barrie,Barrie,TRR,22607.55,1996,22607.55
2/7/2025,The Rec Room Avalon Mall,St. John's,TRR,21213.69,1409,21213.69
2/7/2025,The Rec Room West Edmonton Mall,Edmonton,TRR,24440.66,2036,24440.66
2/7/2025,The Rec Room London Masonville,London,TRR,11654.15,857,11654.15
2/7/2025,The Rec Room Deerfoot,Calgary,TRR,31260.42,2246,31260.42
2/7/2025,The Rec Room Royal Mount,Mont-Royal,TRR,24386.14,1291,24386.14
2/7/2025,Playdium Orion Gate,Brampton,PDM,6678.5,237,6678.5
2/7/2025,The Rec Room Brentwood,Burnaby,TRR,28303.66,1748,28303.66
2/7/2025,The Rec Room Square One,Mississauga,TRR,28115.34,1807,28115.34
2/7/2025,Playdium Whitby,Whitby,PDM,10976.89,415,10976.89
2/7/2025,Playdium Fairview,Toronto,PDM,7978.9,304,7978.9
2/7/2025,The Rec Room South Edmonton,Edmonton,TRR,37224.31,3088,37224.31
2/7/2025,The Rec Room Granville,Vancouver,TRR,44669.72,2917,44669.72
2/7/2025,TRR Seasons of Tuxedo,Winnipeg,TRR,25105.21,1652,25105.21
2/8/2025,Playdium Orion Gate,Brampton,PDM,28942.8,1530,28942.8
2/8/2025,The Rec Room Square One,Mississauga,TRR,48310.79,2902,48310.79
2/8/2025,Playdium Dartmouth,Dartmouth,PDM,41869.61,1759,41869.61
2/8/2025,TRR Seasons of Tuxedo,Winnipeg,TRR,66510.42,4151,66510.42
2/8/2025,The Rec Room West Edmonton Mall,Edmonton,TRR,71731.28,4206,71731.28
2/8/2025,The Rec Room Deerfoot,Calgary,TRR,62414.25,4314,62414.25
2/8/2025,The Rec Room Brentwood,Burnaby,TRR,56947.06,3249,56947.06
2/8/2025,Playdium Whitby,Whitby,PDM,39584.88,1740,39584.88
2/8/2025,The Rec Room Park Place Barrie,Barrie,TRR,53540.17,3815,53540.17
2/8/2025,The Rec Room South Edmonton,Edmonton,TRR,175518.9,5085,175518.9
2/8/2025,The Rec Room Granville,Vancouver,TRR,78548.95,4501,78548.95
2/8/2025,The Rec Room London Masonville,London,TRR,29177.48,1958,29177.48
2/8/2025,The Rec Room Royal Mount,Mont-Royal,TRR,43459.48,2215,43459.48
2/8/2025,The Rec Room Avalon Mall,St. John's,TRR,28856.15,1954,28856.15
2/8/2025,Playdium Fairview,Toronto,PDM,23413.9,885,23413.9
2/8/2025,The Rec Room Roundhouse,Toronto,TRR,65384.92,4541,65384.92
2/9/2025,The Rec Room South Edmonton,Edmonton,TRR,78408.31,3058,78408.31
2/9/2025,The Rec Room Roundhouse,Toronto,TRR,50685.74,2537,50685.74
2/9/2025,The Rec Room Granville,Vancouver,TRR,75281.62,3051,75281.62
2/9/2025,TRR Seasons of Tuxedo,Winnipeg,TRR,47925.24,1690,47925.24
2/9/2025,Playdium Fairview,Toronto,PDM,17241.45,679,17241.45
2/9/2025,Playdium Whitby,Whitby,PDM,21817.88,1177,21817.88
2/9/2025,The Rec Room Royal Mount,Mont-Royal,TRR,22411.41,1233,22411.41
2/9/2025,The Rec Room Deerfoot,Calgary,TRR,58502.54,1803,58502.54
2/9/2025,The Rec Room Square One,Mississauga,TRR,41823.8,2248,41823.8
2/9/2025,The Rec Room London Masonville,London,TRR,33565.74,678,33565.74
2/9/2025,The Rec Room Park Place Barrie,Barrie,TRR,40250.2,1393,40250.2
2/9/2025,The Rec Room Avalon Mall,St. John's,TRR,13735.56,512,13735.56
2/9/2025,Playdium Orion Gate,Brampton,PDM,15173.6,741,15173.6
2/9/2025,The Rec Room Brentwood,Burnaby,TRR,43616.05,1860,43616.05
2/9/2025,Playdium Dartmouth,Dartmouth,PDM,7834.2,324,7834.2
2/9/2025,The Rec Room West Edmonton Mall,Edmonton,TRR,37763.76,1309,37763.76
2/10/2025,Playdium Fairview,Toronto,PDM,2954.3,155,2954.3
2/10/2025,Playdium Whitby,Whitby,PDM,0,55,0
2/10/2025,The Rec Room Avalon Mall,St. John's,TRR,1859.58,90,1859.58
2/10/2025,The Rec Room Brentwood,Burnaby,TRR,9690.65,800,9690.65
2/10/2025,The Rec Room Deerfoot,Calgary,TRR,11464.19,982,11464.19
2/10/2025,The Rec Room Granville,Vancouver,TRR,15550.52,1062,15550.52
2/10/2025,The Rec Room London Masonville,London,TRR,5297.5,416,5297.5
2/10/2025,The Rec Room Park Place Barrie,Barrie,TRR,6166.25,460,6166.25
2/10/2025,The Rec Room Roundhouse,Toronto,TRR,10071.4,655,10071.4
2/10/2025,The Rec Room Royal Mount,Mont-Royal,TRR,10564.05,544,10564.05
2/10/2025,The Rec Room South Edmonton,Edmonton,TRR,9611.35,888,9611.35
2/10/2025,The Rec Room Square One,Mississauga,TRR,13241.46,531,13241.46
2/10/2025,The Rec Room West Edmonton Mall,Edmonton,TRR,6026,497,6026
2/10/2025,TRR Seasons of Tuxedo,Winnipeg,TRR,8980.51,596,8980.51
2/11/2025,Playdium Whitby,Whitby,PDM,2824.49,189,2824.49
2/11/2025,Playdium Fairview,Toronto,PDM,3137.3,159,3137.3
2/11/2025,Playdium Dartmouth,Dartmouth,PDM,3899.5,138,3899.5
2/11/2025,The Rec Room Brentwood,Burnaby,TRR,11800.69,619,11800.69
2/11/2025,The Rec Room Royal Mount,Mont-Royal,TRR,5025.15,383,5025.15
2/11/2025,The Rec Room West Edmonton Mall,Edmonton,TRR,7897.5,496,7897.5
2/11/2025,The Rec Room South Edmonton,Edmonton,TRR,9501.3,559,9501.3
2/11/2025,The Rec Room Roundhouse,Toronto,TRR,19015.17,1244,19015.17
2/11/2025,The Rec Room London Masonville,London,TRR,6961.1,326,6961.1
2/11/2025,The Rec Room Park Place Barrie,Barrie,TRR,6519.78,501,6519.78
2/11/2025,The Rec Room Avalon Mall,St. John's,TRR,5770.15,345,5770.15
2/11/2025,TRR Seasons of Tuxedo,Winnipeg,TRR,23237.7,1239,23237.7
2/11/2025,Playdium Orion Gate,Brampton,PDM,2175.98,69,2175.98
2/11/2025,The Rec Room Deerfoot,Calgary,TRR,12710.84,690,12710.84
2/11/2025,The Rec Room Square One,Mississauga,TRR,16505.34,799,16505.34
2/11/2025,The Rec Room Granville,Vancouver,TRR,14593.15,895,14593.15
2/12/2025,The Rec Room London Masonville,London,TRR,3817.5,213,3817.5
2/12/2025,Playdium Dartmouth,Dartmouth,PDM,3294.41,113,3294.41
2/12/2025,The Rec Room Avalon Mall,St. John's,TRR,5613.65,448,5613.65
2/12/2025,The Rec Room Roundhouse,Toronto,TRR,24275.06,1274,24275.06
2/12/2025,Playdium Whitby,Whitby,PDM,3803.9,218,3803.9
2/12/2025,Playdium Fairview,Toronto,PDM,1958.6,74,1958.6
2/12/2025,The Rec Room Park Place Barrie,Barrie,TRR,1861.89,170,1861.89
2/12/2025,TRR Seasons of Tuxedo,Winnipeg,TRR,7425.17,457,7425.17
2/12/2025,The Rec Room Deerfoot,Calgary,TRR,8303.93,563,8303.93
2/12/2025,Playdium Orion Gate,Brampton,PDM,1081,57,1081
2/12/2025,The Rec Room Royal Mount,Mont-Royal,TRR,2011.19,163,2011.19
2/12/2025,The Rec Room South Edmonton,Edmonton,TRR,15005.5,743,15005.5
2/12/2025,The Rec Room Square One,Mississauga,TRR,4830.2,147,4830.2
2/12/2025,The Rec Room West Edmonton Mall,Edmonton,TRR,6459.8,414,6459.8
2/12/2025,The Rec Room Granville,Vancouver,TRR,25340.31,1600,25340.31
2/12/2025,The Rec Room Brentwood,Burnaby,TRR,9707.55,591,9707.55
2/13/2025,The Rec Room Deerfoot,Calgary,TRR,24105.83,1403,24105.83
2/13/2025,The Rec Room London Masonville,London,TRR,8108.7,427,8108.7
2/13/2025,The Rec Room Granville,Vancouver,TRR,39779.28,2132,39779.28
2/13/2025,TRR Seasons of Tuxedo,Winnipeg,TRR,10336.92,570,10336.92
2/13/2025,The Rec Room Square One,Mississauga,TRR,8175.15,380,8175.15
2/13/2025,Playdium Orion Gate,Brampton,PDM,2342,103,2342
2/13/2025,Playdium Whitby,Whitby,PDM,4760,210,4760
2/13/2025,Playdium Fairview,Toronto,PDM,4792.9,259,4792.9
2/13/2025,The Rec Room South Edmonton,Edmonton,TRR,12574.15,741,12574.15
2/13/2025,Playdium Dartmouth,Dartmouth,PDM,1480,196,1480
2/13/2025,The Rec Room West Edmonton Mall,Edmonton,TRR,13585.4,937,13585.4
2/13/2025,The Rec Room Royal Mount,Mont-Royal,TRR,9271.39,406,9271.39
2/13/2025,The Rec Room Avalon Mall,St. John's,TRR,7005.74,557,7005.74
2/13/2025,The Rec Room Brentwood,Burnaby,TRR,16754.54,912,16754.54
2/13/2025,The Rec Room Roundhouse,Toronto,TRR,52384.2,1561,52384.2
2/13/2025,The Rec Room Park Place Barrie,Barrie,TRR,7133.89,421,7133.89
2/14/2025,Playdium Dartmouth,Dartmouth,PDM,19166.2,636,19166.2
2/14/2025,The Rec Room Royal Mount,Mont-Royal,TRR,24710.78,1409,24710.78
2/14/2025,The Rec Room South Edmonton,Edmonton,TRR,37733.81,3207,37733.81
2/14/2025,Playdium Whitby,Whitby,PDM,23426,1047,23426
2/14/2025,Playdium Fairview,Toronto,PDM,21166.46,1173,21166.46
2/14/2025,The Rec Room Roundhouse,Toronto,TRR,61073.45,4353,61073.45
2/14/2025,The Rec Room Avalon Mall,St. John's,TRR,29494.99,1962,29494.99
2/14/2025,Playdium Orion Gate,Brampton,PDM,21197.48,843,21197.48
2/14/2025,The Rec Room Brentwood,Burnaby,TRR,42256.13,2407,42256.13
2/14/2025,TRR Seasons of Tuxedo,Winnipeg,TRR,37503.18,2436,37503.18
2/14/2025,The Rec Room Granville,Vancouver,TRR,52675.95,3245,52675.95
2/14/2025,The Rec Room Park Place Barrie,Barrie,TRR,27677,2470,27677
2/14/2025,The Rec Room Deerfoot,Calgary,TRR,31396.64,2660,31396.64
2/14/2025,The Rec Room London Masonville,London,TRR,23825.48,2025,23825.48
2/14/2025,The Rec Room West Edmonton Mall,Edmonton,TRR,26566.42,1903,26566.42
2/14/2025,The Rec Room Square One,Mississauga,TRR,35896.95,2507,35896.95
2/15/2025,TRR Seasons of Tuxedo,Winnipeg,TRR,76090.16,3934,76090.16
2/15/2025,Playdium Whitby,Whitby,PDM,35805.66,1630,35805.66
2/15/2025,The Rec Room London Masonville,London,TRR,43041.72,1863,43041.72
2/15/2025,Playdium Fairview,Toronto,PDM,19671,1118,19671
2/15/2025,The Rec Room Avalon Mall,St. John's,TRR,30019.91,1895,30019.91
2/15/2025,The Rec Room West Edmonton Mall,Edmonton,TRR,56526.59,3291,56526.59
2/15/2025,The Rec Room Deerfoot,Calgary,TRR,74764.08,4266,74764.08
2/15/2025,The Rec Room Square One,Mississauga,TRR,42792.45,2226,42792.45
2/15/2025,Playdium Orion Gate,Brampton,PDM,18275.87,930,18275.87
2/15/2025,The Rec Room Granville,Vancouver,TRR,88464.4,4865,88464.4
2/15/2025,The Rec Room Park Place Barrie,Barrie,TRR,52068.07,3225,52068.07
2/15/2025,The Rec Room Royal Mount,Mont-Royal,TRR,52235.88,2392,52235.88
2/15/2025,The Rec Room South Edmonton,Edmonton,TRR,80766.91,4434,80766.91
2/15/2025,Playdium Dartmouth,Dartmouth,PDM,45610.2,1612,45610.2
2/15/2025,The Rec Room Brentwood,Burnaby,TRR,85859.62,4393,85859.62
2/15/2025,The Rec Room Roundhouse,Toronto,TRR,83391.25,4614,83391.25
2/16/2025,The Rec Room Royal Mount,Mont-Royal,TRR,12385.88,590,12385.88
2/16/2025,The Rec Room South Edmonton,Edmonton,TRR,115474.97,3883,115474.97
2/16/2025,Playdium Dartmouth,Dartmouth,PDM,13535.66,507,13535.66
2/16/2025,The Rec Room London Masonville,London,TRR,36156.68,1048,36156.68
2/16/2025,Playdium Whitby,Whitby,PDM,11016.24,674,11016.24
2/16/2025,The Rec Room Roundhouse,Toronto,TRR,52336.39,2547,52336.39
2/16/2025,The Rec Room Deerfoot,Calgary,TRR,81027.98,3830,81027.98
2/16/2025,Playdium Fairview,Toronto,PDM,12086.78,703,12086.78
2/16/2025,Playdium Orion Gate,Brampton,PDM,4892.97,192,4892.97
2/16/2025,The Rec Room Square One,Mississauga,TRR,19458.06,507,19458.06
2/16/2025,The Rec Room West Edmonton Mall,Edmonton,TRR,61013.07,2277,61013.07
2/16/2025,The Rec Room Brentwood,Burnaby,TRR,70665.78,3234,70665.78
2/16/2025,The Rec Room Avalon Mall,St. John's,TRR,21955.79,960,21955.79
2/16/2025,TRR Seasons of Tuxedo,Winnipeg,TRR,71423.07,3468,71423.07
2/16/2025,The Rec Room Granville,Vancouver,TRR,76821.88,3964,76821.88
2/16/2025,The Rec Room Park Place Barrie,Barrie,TRR,37585.21,1630,37585.21
2/17/2025,The Rec Room Avalon Mall,St. John's,TRR,5779.01,522,5779.01
2/17/2025,Playdium Whitby,Whitby,PDM,30179.35,1536,30179.35
2/17/2025,The Rec Room Deerfoot,Calgary,TRR,86073.34,2400,86073.34
2/17/2025,TRR Seasons of Tuxedo,Winnipeg,TRR,59856.98,2072,59856.98
2/17/2025,The Rec Room West Edmonton Mall,Edmonton,TRR,43594.09,1923,43594.09
2/17/2025,The Rec Room Royal Mount,Mont-Royal,TRR,5519.55,369,5519.55
2/17/2025,The Rec Room Brentwood,Burnaby,TRR,71342.62,2007,71342.62
2/17/2025,The Rec Room Square One,Mississauga,TRR,40943.27,1906,40943.27
2/17/2025,The Rec Room Roundhouse,Toronto,TRR,46780.31,3105,46780.31
2/17/2025,Playdium Orion Gate,Brampton,PDM,22661.54,742,22661.54
2/17/2025,The Rec Room London Masonville,London,TRR,23101.5,1083,23101.5
2/17/2025,The Rec Room Park Place Barrie,Barrie,TRR,28277.41,1521,28277.41
2/17/2025,Playdium Dartmouth,Dartmouth,PDM,13729.95,460,13729.95
2/17/2025,The Rec Room Granville,Vancouver,TRR,60257.5,2091,60257.5
2/17/2025,Playdium Fairview,Toronto,PDM,15365.24,886,15365.24
2/17/2025,The Rec Room South Edmonton,Edmonton,TRR,66861.48,2826,66861.48
2/18/2025,The Rec Room Brentwood,Burnaby,TRR,14278.69,693,14278.69
2/18/2025,The Rec Room Granville,Vancouver,TRR,19044.61,1147,19044.61
2/18/2025,TRR Seasons of Tuxedo,Winnipeg,TRR,11149.7,822,11149.7
2/18/2025,The Rec Room Park Place Barrie,Barrie,TRR,7596.76,522,7596.76
2/18/2025,The Rec Room Avalon Mall,St. John's,TRR,6277.4,471,6277.4
2/18/2025,The Rec Room Deerfoot,Calgary,TRR,23268.04,1125,23268.04
2/18/2025,The Rec Room Royal Mount,Mont-Royal,TRR,8132.74,541,8132.74
2/18/2025,The Rec Room South Edmonton,Edmonton,TRR,22740.42,1147,22740.42
2/18/2025,Playdium Fairview,Toronto,PDM,3235.52,242,3235.52
2/18/2025,Playdium Whitby,Whitby,PDM,3776.97,151,3776.97
2/18/2025,The Rec Room West Edmonton Mall,Edmonton,TRR,21499.08,977,21499.08
2/18/2025,The Rec Room Square One,Mississauga,TRR,11168.13,453,11168.13
2/18/2025,The Rec Room Roundhouse,Toronto,TRR,9235.39,793,9235.39
2/18/2025,Playdium Dartmouth,Dartmouth,PDM,3777,166,3777
2/18/2025,Playdium Orion Gate,Brampton,PDM,1990.4,76,1990.4
2/18/2025,The Rec Room London Masonville,London,TRR,6880.77,304,6880.77
2/19/2025,The Rec Room Roundhouse,Toronto,TRR,26847.53,1421,26847.53
2/19/2025,The Rec Room West Edmonton Mall,Edmonton,TRR,12499.45,615,12499.45
2/19/2025,The Rec Room Avalon Mall,St. John's,TRR,4992.97,427,4992.97
2/19/2025,The Rec Room London Masonville,London,TRR,5080.78,248,5080.78
2/19/2025,Playdium Orion Gate,Brampton,PDM,3006,100,3006
2/19/2025,TRR Seasons of Tuxedo,Winnipeg,TRR,17391.59,636,17391.59
2/19/2025,The Rec Room Brentwood,Burnaby,TRR,14656.31,812,14656.31
2/19/2025,The Rec Room Deerfoot,Calgary,TRR,23591.29,1590,23591.29
2/19/2025,The Rec Room South Edmonton,Edmonton,TRR,16180.24,757,16180.24
2/19/2025,Playdium Dartmouth,Dartmouth,PDM,4991.5,183,4991.5
2/19/2025,The Rec Room Granville,Vancouver,TRR,20059.19,1411,20059.19
2/19/2025,Playdium Fairview,Toronto,PDM,3093.37,166,3093.37
2/19/2025,Playdium Whitby,Whitby,PDM,44221.41,1222,44221.41
2/19/2025,The Rec Room Park Place Barrie,Barrie,TRR,5516.79,300,5516.79
2/19/2025,The Rec Room Royal Mount,Mont-Royal,TRR,5101.77,361,5101.77
2/19/2025,The Rec Room Square One,Mississauga,TRR,13545.71,694,13545.71
2/20/2025,The Rec Room West Edmonton Mall,Edmonton,TRR,16765.26,947,16765.26
2/20/2025,The Rec Room Granville,Vancouver,TRR,37819.92,1505,37819.92
2/20/2025,The Rec Room Avalon Mall,St. John's,TRR,14967.8,784,14967.8
2/20/2025,The Rec Room Brentwood,Burnaby,TRR,24405.27,1492,24405.27
2/20/2025,The Rec Room Park Place Barrie,Barrie,TRR,6426.39,438,6426.39
2/20/2025,Playdium Orion Gate,Brampton,PDM,1795.7,66,1795.7
2/20/2025,The Rec Room Royal Mount,Mont-Royal,TRR,5034.69,323,5034.69
2/20/2025,The Rec Room South Edmonton,Edmonton,TRR,18780.49,1131,18780.49
2/20/2025,The Rec Room Deerfoot,Calgary,TRR,35444.6,1825,35444.6
2/20/2025,The Rec Room London Masonville,London,TRR,9386.79,586,9386.79
2/20/2025,TRR Seasons of Tuxedo,Winnipeg,TRR,21661.12,1281,21661.12
2/20/2025,Playdium Fairview,Toronto,PDM,2355.04,192,2355.04
2/20/2025,The Rec Room Square One,Mississauga,TRR,25060.72,1067,25060.72
2/20/2025,Playdium Dartmouth,Dartmouth,PDM,5004.4,188,5004.4
2/20/2025,Playdium Whitby,Whitby,PDM,3432.99,174,3432.99
2/20/2025,The Rec Room Roundhouse,Toronto,TRR,34874.13,2220,34874.13
2/21/2025,The Rec Room Park Place Barrie,Barrie,TRR,21573.47,1849,21573.47
2/21/2025,The Rec Room West Edmonton Mall,Edmonton,TRR,21137.01,1494,21137.01
2/21/2025,The Rec Room Brentwood,Burnaby,TRR,32907.05,2193,32907.05
2/21/2025,The Rec Room Avalon Mall,St. John's,TRR,1941.37,79,1941.37
2/21/2025,The Rec Room Roundhouse,Toronto,TRR,40425.32,2788,40425.32
2/21/2025,Playdium Orion Gate,Brampton,PDM,7043.45,293,7043.45
2/21/2025,The Rec Room South Edmonton,Edmonton,TRR,33931.48,2889,33931.48
2/21/2025,TRR Seasons of Tuxedo,Winnipeg,TRR,30567.39,2042,30567.39
2/21/2025,The Rec Room London Masonville,London,TRR,21785.2,1191,21785.2
2/21/2025,The Rec Room Deerfoot,Calgary,TRR,29252.14,2623,29252.14
2/21/2025,The Rec Room Royal Mount,Mont-Royal,TRR,22286.3,1214,22286.3
2/21/2025,Playdium Dartmouth,Dartmouth,PDM,12142.47,505,12142.47
2/21/2025,The Rec Room Square One,Mississauga,TRR,19665.48,1554,19665.48
2/21/2025,Playdium Fairview,Toronto,PDM,6994.22,562,6994.22
2/21/2025,Playdium Whitby,Whitby,PDM,13200.16,923,13200.16
2/21/2025,The Rec Room Granville,Vancouver,TRR,42452.66,2766,42452.66
2/22/2025,Playdium Orion Gate,Brampton,PDM,40449.76,2289,40449.76
2/22/2025,Playdium Whitby,Whitby,PDM,53225.77,2264,53225.77
2/22/2025,The Rec Room Royal Mount,Mont-Royal,TRR,39666.98,2272,39666.98
2/22/2025,The Rec Room South Edmonton,Edmonton,TRR,71253.75,4005,71253.75
2/22/2025,Playdium Dartmouth,Dartmouth,PDM,49846.09,1878,49846.09
2/22/2025,The Rec Room Roundhouse,Toronto,TRR,90437.18,6347,90437.18
2/22/2025,TRR Seasons of Tuxedo,Winnipeg,TRR,68559.62,3847,68559.62
2/22/2025,The Rec Room London Masonville,London,TRR,25661.4,1944,25661.4
2/22/2025,The Rec Room Deerfoot,Calgary,TRR,69448.84,4295,69448.84
2/22/2025,The Rec Room Park Place Barrie,Barrie,TRR,61366.22,4369,61366.22
2/22/2025,The Rec Room Granville,Vancouver,TRR,83512.93,4761,83512.93
2/22/2025,The Rec Room West Edmonton Mall,Edmonton,TRR,57589.17,3094,57589.17
2/22/2025,The Rec Room Square One,Mississauga,TRR,62501.42,3537,62501.42
2/22/2025,Playdium Fairview,Toronto,PDM,27106.68,1244,27106.68
2/22/2025,The Rec Room Brentwood,Burnaby,TRR,67063.32,3326,67063.32
2/22/2025,The Rec Room Avalon Mall,St. John's,TRR,34429.89,2202,34429.89
2/23/2025,The Rec Room Roundhouse,Toronto,TRR,72008.38,3489,72008.38
2/23/2025,The Rec Room Avalon Mall,St. John's,TRR,26199.44,1161,26199.44
2/23/2025,Playdium Orion Gate,Brampton,PDM,23780.51,1207,23780.51
2/23/2025,Playdium Dartmouth,Dartmouth,PDM,23874.34,967,23874.34
2/23/2025,The Rec Room West Edmonton Mall,Edmonton,TRR,41341.52,1466,41341.52
2/23/2025,The Rec Room Brentwood,Burnaby,TRR,50269.09,1656,50269.09
2/23/2025,The Rec Room Deerfoot,Calgary,TRR,66894.76,1897,66894.76
2/23/2025,The Rec Room London Masonville,London,TRR,41555.82,1129,41555.82
2/23/2025,The Rec Room Park Place Barrie,Barrie,TRR,52864.17,1435,52864.17
2/23/2025,TRR Seasons of Tuxedo,Winnipeg,TRR,46911.05,1721,46911.05
2/23/2025,The Rec Room South Edmonton,Edmonton,TRR,71224.28,2324,71224.28
2/23/2025,The Rec Room Royal Mount,Mont-Royal,TRR,24498.93,1181,24498.93
2/23/2025,The Rec Room Square One,Mississauga,TRR,36351.11,1455,36351.11
2/23/2025,Playdium Whitby,Whitby,PDM,29951.57,1522,29951.57
2/23/2025,The Rec Room Granville,Vancouver,TRR,48110.57,2017,48110.57
2/23/2025,Playdium Fairview,Toronto,PDM,21253.78,926,21253.78
2/24/2025,The Rec Room London Masonville,London,TRR,3501.85,191,3501.85
2/24/2025,TRR Seasons of Tuxedo,Winnipeg,TRR,13633.24,703,13633.24
2/24/2025,The Rec Room West Edmonton Mall,Edmonton,TRR,9176.94,633,9176.94
2/24/2025,The Rec Room Deerfoot,Calgary,TRR,11328.6,767,11328.6
2/24/2025,Playdium Fairview,Toronto,PDM,2471.92,195,2471.92
2/24/2025,The Rec Room Avalon Mall,St. John's,TRR,16240.19,1001,16240.19
2/24/2025,The Rec Room Square One,Mississauga,TRR,8217.88,428,8217.88
2/24/2025,The Rec Room Roundhouse,Toronto,TRR,45107.32,2875,45107.32
2/24/2025,The Rec Room Granville,Vancouver,TRR,13560.6,1315,13560.6
2/24/2025,The Rec Room Royal Mount,Mont-Royal,TRR,4206.41,215,4206.41
2/24/2025,The Rec Room South Edmonton,Edmonton,TRR,12903,840,12903
2/24/2025,The Rec Room Brentwood,Burnaby,TRR,12215.49,911,12215.49
2/24/2025,The Rec Room Park Place Barrie,Barrie,TRR,12522.28,890,12522.28
2/25/2025,Playdium Fairview,Toronto,PDM,4825.69,342,4825.69
2/25/2025,The Rec Room South Edmonton,Edmonton,TRR,20743.51,1035,20743.51
2/25/2025,TRR Seasons of Tuxedo,Winnipeg,TRR,14102.26,775,14102.26
2/25/2025,The Rec Room Granville,Vancouver,TRR,43663.3,1911,43663.3
2/25/2025,The Rec Room Square One,Mississauga,TRR,17948.52,1480,17948.52
2/25/2025,Playdium Dartmouth,Dartmouth,PDM,3422.98,153,3422.98
2/25/2025,The Rec Room Roundhouse,Toronto,TRR,41037.16,1852,41037.16
2/25/2025,The Rec Room Park Place Barrie,Barrie,TRR,8761.87,612,8761.87
2/25/2025,The Rec Room Royal Mount,Mont-Royal,TRR,6304.73,313,6304.73
2/25/2025,The Rec Room Deerfoot,Calgary,TRR,14329.14,795,14329.14
2/25/2025,The Rec Room West Edmonton Mall,Edmonton,TRR,7058.85,415,7058.85
2/25/2025,The Rec Room London Masonville,London,TRR,6552.27,398,6552.27
2/25/2025,The Rec Room Brentwood,Burnaby,TRR,10650.07,528,10650.07
2/25/2025,Playdium Orion Gate,Brampton,PDM,3330.5,94,3330.5
2/25/2025,Playdium Whitby,Whitby,PDM,4344.43,154,4344.43
2/25/2025,The Rec Room Avalon Mall,St. John's,TRR,9474.15,538,9474.15
2/26/2025,Playdium Orion Gate,Brampton,PDM,3151.8,118,3151.8
2/26/2025,The Rec Room Deerfoot,Calgary,TRR,13343.39,994,13343.39
2/26/2025,The Rec Room Brentwood,Burnaby,TRR,12009.9,691,12009.9
2/26/2025,The Rec Room London Masonville,London,TRR,4937.39,306,4937.39
2/26/2025,The Rec Room West Edmonton Mall,Edmonton,TRR,9714.95,653,9714.95
2/26/2025,TRR Seasons of Tuxedo,Winnipeg,TRR,11774.74,603,11774.74
2/26/2025,The Rec Room Square One,Mississauga,TRR,42501.66,2509,42501.66
2/26/2025,The Rec Room Avalon Mall,St. John's,TRR,5825.34,420,5825.34
2/26/2025,The Rec Room Park Place Barrie,Barrie,TRR,11248.62,675,11248.62
2/26/2025,Playdium Whitby,Whitby,PDM,3868.5,189,3868.5
2/26/2025,The Rec Room Royal Mount,Mont-Royal,TRR,10511.52,548,10511.52
2/26/2025,The Rec Room Granville,Vancouver,TRR,37671.33,1968,37671.33
2/26/2025,Playdium Fairview,Toronto,PDM,4272.01,204,4272.01
2/26/2025,The Rec Room South Edmonton,Edmonton,TRR,12673.25,652,12673.25
2/26/2025,Playdium Dartmouth,Dartmouth,PDM,6097.48,321,6097.48
2/26/2025,The Rec Room Roundhouse,Toronto,TRR,142528.12,6175,142528.12
2/27/2025,The Rec Room South Edmonton,Edmonton,TRR,37856.57,1733,37856.57
2/27/2025,Playdium Dartmouth,Dartmouth,PDM,3487.5,134,3487.5
2/27/2025,The Rec Room Brentwood,Burnaby,TRR,10539.62,692,10539.62
2/27/2025,The Rec Room Royal Mount,Mont-Royal,TRR,8336.34,411,8336.34
2/27/2025,The Rec Room Park Place Barrie,Barrie,TRR,9676.7,476,9676.7
2/27/2025,The Rec Room Avalon Mall,St. John's,TRR,7925.56,518,7925.56
2/27/2025,The Rec Room West Edmonton Mall,Edmonton,TRR,16900.93,804,16900.93
2/27/2025,The Rec Room London Masonville,London,TRR,6180,277,6180
2/27/2025,Playdium Whitby,Whitby,PDM,3424.92,446,3424.92
2/27/2025,The Rec Room Roundhouse,Toronto,TRR,29715.27,1659,29715.27
2/27/2025,The Rec Room Square One,Mississauga,TRR,10926.76,590,10926.76
2/27/2025,Playdium Fairview,Toronto,PDM,4368.42,218,4368.42
2/27/2025,The Rec Room Granville,Vancouver,TRR,38211.61,2196,38211.61
2/27/2025,TRR Seasons of Tuxedo,Winnipeg,TRR,19906.3,1131,19906.3
2/27/2025,Playdium Orion Gate,Brampton,PDM,2995.41,105,2995.41
2/27/2025,The Rec Room Deerfoot,Calgary,TRR,11705.01,873,11705.01
2/28/2025,The Rec Room Square One,Mississauga,TRR,20939.43,1518,20939.43
2/28/2025,Playdium Fairview,Toronto,PDM,7532.12,651,7532.12
2/28/2025,The Rec Room Royal Mount,Mont-Royal,TRR,20653.02,1047,20653.02
2/28/2025,Playdium Whitby,Whitby,PDM,13923.96,809,13923.96
2/28/2025,The Rec Room South Edmonton,Edmonton,TRR,40280.01,3046,40280.01
2/28/2025,The Rec Room Avalon Mall,St. John's,TRR,21823.96,1579,21823.96
2/28/2025,The Rec Room Roundhouse,Toronto,TRR,41928.41,3010,41928.41
2/28/2025,The Rec Room London Masonville,London,TRR,12914.66,1143,12914.66
2/28/2025,The Rec Room Brentwood,Burnaby,TRR,36162.96,2058,36162.96
2/28/2025,The Rec Room Park Place Barrie,Barrie,TRR,22903.68,2197,22903.68
2/28/2025,Playdium Dartmouth,Dartmouth,PDM,21589.28,935,21589.28
2/28/2025,The Rec Room West Edmonton Mall,Edmonton,TRR,31177.11,2177,31177.11
2/28/2025,The Rec Room Deerfoot,Calgary,TRR,27517.01,2286,27517.01
2/28/2025,Playdium Orion Gate,Brampton,PDM,6775.38,214,6775.38
2/28/2025,TRR Seasons of Tuxedo,Winnipeg,TRR,30688.51,1961,30688.51
2/28/2025,The Rec Room Granville,Vancouver,TRR,45177.86,2949,45177.86
3/1/2025,The Rec Room London Masonville,London,TRR,51813.95,2060,51813.95
3/1/2025,The Rec Room Deerfoot,Calgary,TRR,62510.12,3705,62510.12
3/1/2025,The Rec Room Square One,Mississauga,TRR,50326.33,2867,50326.33
3/1/2025,Playdium Fairview,Toronto,PDM,29457.88,1323,29457.88
3/1/2025,Playdium Whitby,Whitby,PDM,54954.53,2369,54954.53
3/1/2025,Playdium Orion Gate,Brampton,PDM,31340.43,1510,31340.43
3/1/2025,The Rec Room West Edmonton Mall,Edmonton,TRR,50944.66,3121,50944.66
3/1/2025,The Rec Room Avalon Mall,St. John's,TRR,35095.11,2168,35095.11
3/1/2025,The Rec Room Roundhouse,Toronto,TRR,101354.73,7591,101354.73
3/1/2025,TRR Seasons of Tuxedo,Winnipeg,TRR,71658.25,3787,71658.25
3/1/2025,The Rec Room Granville,Vancouver,TRR,67380.03,3878,67380.03
3/1/2025,The Rec Room Park Place Barrie,Barrie,TRR,56055.48,3408,56055.48
3/1/2025,The Rec Room Royal Mount,Mont-Royal,TRR,31953.3,1519,31953.3
3/1/2025,Playdium Dartmouth,Dartmouth,PDM,47493.79,1657,47493.79
3/1/2025,The Rec Room South Edmonton,Edmonton,TRR,115233.09,4815,115233.09
3/1/2025,The Rec Room Brentwood,Burnaby,TRR,56079.69,2818,56079.69
3/2/2025,The Rec Room West Edmonton Mall,Edmonton,TRR,31588.36,866,31588.36
3/2/2025,The Rec Room Deerfoot,Calgary,TRR,52244.24,1521,52244.24
3/2/2025,The Rec Room Park Place Barrie,Barrie,TRR,42676.22,1074,42676.22
3/2/2025,TRR Seasons of Tuxedo,Winnipeg,TRR,53436.54,1856,53436.54
3/2/2025,The Rec Room Granville,Vancouver,TRR,45481.76,1599,45481.76
3/2/2025,Playdium Orion Gate,Brampton,PDM,25972.09,1370,25972.09
3/2/2025,The Rec Room Avalon Mall,St. John's,TRR,22297.41,960,22297.41
3/2/2025,The Rec Room Brentwood,Burnaby,TRR,39340.55,1332,39340.55
3/2/2025,The Rec Room Square One,Mississauga,TRR,40212.25,1430,40212.25
3/2/2025,The Rec Room London Masonville,London,TRR,21483.75,954,21483.75
3/2/2025,Playdium Whitby,Whitby,PDM,33924.43,1367,33924.43
3/2/2025,Playdium Fairview,Toronto,PDM,18879.16,832,18879.16
3/2/2025,The Rec Room Roundhouse,Toronto,TRR,89499.55,4223,89499.55
3/2/2025,The Rec Room South Edmonton,Edmonton,TRR,34151.42,1668,34151.42
3/2/2025,The Rec Room Royal Mount,Mont-Royal,TRR,28449.19,1237,28449.19
3/2/2025,Playdium Dartmouth,Dartmouth,PDM,29416.44,897,29416.44
3/3/2025,Playdium Fairview,Toronto,PDM,2952.37,130,2952.37
3/3/2025,The Rec Room Avalon Mall,St. John's,TRR,8499.08,471,8499.08
3/3/2025,The Rec Room Royal Mount,Mont-Royal,TRR,22478.71,979,22478.71
3/3/2025,Playdium Dartmouth,Dartmouth,PDM,0,5,0
3/3/2025,The Rec Room South Edmonton,Edmonton,TRR,12152.37,931,12152.37
3/3/2025,The Rec Room Brentwood,Burnaby,TRR,9306.03,740,9306.03
3/3/2025,The Rec Room Roundhouse,Toronto,TRR,52884.43,2947,52884.43
3/3/2025,The Rec Room Park Place Barrie,Barrie,TRR,5036.11,299,5036.11
3/3/2025,TRR Seasons of Tuxedo,Winnipeg,TRR,17869.72,674,17869.72
3/3/2025,The Rec Room Granville,Vancouver,TRR,11772.48,1026,11772.48
3/3/2025,The Rec Room London Masonville,London,TRR,2256,222,2256
3/3/2025,The Rec Room Square One,Mississauga,TRR,7551.25,454,7551.25
3/3/2025,The Rec Room Deerfoot,Calgary,TRR,7197.1,629,7197.1
3/3/2025,The Rec Room West Edmonton Mall,Edmonton,TRR,5982.5,69,5982.5
3/4/2025,The Rec Room West Edmonton Mall,Edmonton,TRR,6337.74,208,6337.74
3/4/2025,The Rec Room Park Place Barrie,Barrie,TRR,8578.59,528,8578.59
3/4/2025,The Rec Room Brentwood,Burnaby,TRR,9400.27,408,9400.27
3/4/2025,The Rec Room Granville,Vancouver,TRR,27346.02,1259,27346.02
3/4/2025,The Rec Room Avalon Mall,St. John's,TRR,6732.09,466,6732.09
3/4/2025,TRR Seasons of Tuxedo,Winnipeg,TRR,13897.85,751,13897.85
3/4/2025,The Rec Room Deerfoot,Calgary,TRR,8808.96,428,8808.96
3/4/2025,The Rec Room South Edmonton,Edmonton,TRR,12942.84,755,12942.84
3/4/2025,Playdium Whitby,Whitby,PDM,3097.36,243,3097.36
3/4/2025,The Rec Room Roundhouse,Toronto,TRR,61303.7,2518,61303.7
3/4/2025,The Rec Room Square One,Mississauga,TRR,17602.79,861,17602.79
3/4/2025,Playdium Orion Gate,Brampton,PDM,2486.49,62,2486.49
3/4/2025,Playdium Fairview,Toronto,PDM,1963.23,139,1963.23
3/4/2025,The Rec Room Royal Mount,Mont-Royal,TRR,23614.47,1112,23614.47
3/4/2025,Playdium Dartmouth,Dartmouth,PDM,9110.98,277,9110.98
3/4/2025,The Rec Room London Masonville,London,TRR,8826.21,402,8826.21
3/5/2025,Playdium Whitby,Whitby,PDM,3020.98,196,3020.98
3/5/2025,The Rec Room Brentwood,Burnaby,TRR,14322.45,696,14322.45
3/5/2025,The Rec Room Roundhouse,Toronto,TRR,25026.97,1560,25026.97
3/5/2025,The Rec Room London Masonville,London,TRR,5665.23,289,5665.23
3/5/2025,Playdium Orion Gate,Brampton,PDM,2587,60,2587
3/5/2025,The Rec Room Park Place Barrie,Barrie,TRR,6675.92,364,6675.92
3/5/2025,The Rec Room Granville,Vancouver,TRR,28977,1579,28977
3/5/2025,The Rec Room Deerfoot,Calgary,TRR,13320.86,883,13320.86
3/5/2025,The Rec Room West Edmonton Mall,Edmonton,TRR,6123.65,208,6123.65
3/5/2025,The Rec Room Avalon Mall,St. John's,TRR,6694.92,576,6694.92
3/5/2025,The Rec Room Square One,Mississauga,TRR,10096.73,563,10096.73
3/5/2025,TRR Seasons of Tuxedo,Winnipeg,TRR,9526.25,610,9526.25
3/5/2025,Playdium Dartmouth,Dartmouth,PDM,8128.49,263,8128.49
3/5/2025,The Rec Room Royal Mount,Mont-Royal,TRR,31053.03,1315,31053.03
3/5/2025,The Rec Room South Edmonton,Edmonton,TRR,8980.6,484,8980.6
3/5/2025,Playdium Fairview,Toronto,PDM,3736.61,181,3736.61
3/6/2025,The Rec Room Roundhouse,Toronto,TRR,47708.38,2357,47708.38
3/6/2025,The Rec Room Deerfoot,Calgary,TRR,14627.11,698,14627.11
3/6/2025,The Rec Room South Edmonton,Edmonton,TRR,19280.37,1089,19280.37
3/6/2025,Playdium Fairview,Toronto,PDM,2447.48,109,2447.48
3/6/2025,The Rec Room Royal Mount,Mont-Royal,TRR,33084.25,1397,33084.25
3/6/2025,The Rec Room Park Place Barrie,Barrie,TRR,7872.88,493,7872.88
3/6/2025,The Rec Room Granville,Vancouver,TRR,24672.4,1464,24672.4
3/6/2025,Playdium Orion Gate,Brampton,PDM,1733.89,59,1733.89
3/6/2025,Playdium Dartmouth,Dartmouth,PDM,11566.3,426,11566.3
3/6/2025,The Rec Room Brentwood,Burnaby,TRR,20862.44,1173,20862.44
3/6/2025,The Rec Room London Masonville,London,TRR,5460.5,303,5460.5
3/6/2025,The Rec Room West Edmonton Mall,Edmonton,TRR,15653.26,808,15653.26
3/6/2025,TRR Seasons of Tuxedo,Winnipeg,TRR,11215.45,592,11215.45
3/6/2025,Playdium Whitby,Whitby,PDM,6661.37,571,6661.37
3/6/2025,The Rec Room Avalon Mall,St. John's,TRR,9291.96,506,9291.96
3/6/2025,The Rec Room Square One,Mississauga,TRR,6687.15,334,6687.15
3/7/2025,The Rec Room West Edmonton Mall,Edmonton,TRR,20217.93,1345,20217.93
3/7/2025,The Rec Room Brentwood,Burnaby,TRR,28784.26,1651,28784.26
3/7/2025,The Rec Room Deerfoot,Calgary,TRR,29426.32,2353,29426.32
3/7/2025,Playdium Orion Gate,Brampton,PDM,8527.68,373,8527.68
3/7/2025,TRR Seasons of Tuxedo,Winnipeg,TRR,30247.45,1974,30247.45
3/7/2025,The Rec Room London Masonville,London,TRR,21485.36,1724,21485.36
3/7/2025,The Rec Room Park Place Barrie,Barrie,TRR,14927.47,1348,14927.47
3/7/2025,The Rec Room Granville,Vancouver,TRR,46397.86,2979,46397.86
3/7/2025,Playdium Whitby,Whitby,PDM,27622.63,1064,27622.63
3/7/2025,The Rec Room South Edmonton,Edmonton,TRR,30038.35,2635,30038.35
3/7/2025,Playdium Dartmouth,Dartmouth,PDM,25507.09,694,25507.09
3/7/2025,Playdium Fairview,Toronto,PDM,11038.52,444,11038.52
3/7/2025,The Rec Room Roundhouse,Toronto,TRR,48781.35,3453,48781.35
3/7/2025,The Rec Room Avalon Mall,St. John's,TRR,16774.04,1122,16774.04
3/7/2025,The Rec Room Square One,Mississauga,TRR,19205.36,1338,19205.36
3/7/2025,The Rec Room Royal Mount,Mont-Royal,TRR,43580.58,1871,43580.58
3/8/2025,Playdium Orion Gate,Brampton,PDM,34063.75,1554,34063.75
3/8/2025,The Rec Room Park Place Barrie,Barrie,TRR,57296.87,3658,57296.87
3/8/2025,The Rec Room South Edmonton,Edmonton,TRR,69533.49,3901,69533.49
3/8/2025,The Rec Room Royal Mount,Mont-Royal,TRR,52215.41,2421,52215.41
3/8/2025,The Rec Room London Masonville,London,TRR,33375.43,1809,33375.43
3/8/2025,The Rec Room Roundhouse,Toronto,TRR,60703.28,3117,60703.28
3/8/2025,Playdium Fairview,Toronto,PDM,27836.09,1107,27836.09
3/8/2025,The Rec Room Square One,Mississauga,TRR,58990.5,3513,58990.5
3/8/2025,Playdium Dartmouth,Dartmouth,PDM,56129.5,1777,56129.5
3/8/2025,The Rec Room Deerfoot,Calgary,TRR,61909.55,3617,61909.55
3/8/2025,TRR Seasons of Tuxedo,Winnipeg,TRR,67436.24,3621,67436.24
3/8/2025,The Rec Room Granville,Vancouver,TRR,87179.94,4875,87179.94
3/8/2025,Playdium Whitby,Whitby,PDM,52594.26,2082,52594.26
3/8/2025,The Rec Room Avalon Mall,St. John's,TRR,33912.75,1974,33912.75
3/8/2025,The Rec Room Brentwood,Burnaby,TRR,55910,3043,55910
3/8/2025,The Rec Room West Edmonton Mall,Edmonton,TRR,45013.91,2426,45013.91
3/9/2025,The Rec Room Square One,Mississauga,TRR,44926.29,1610,44926.29
3/9/2025,Playdium Fairview,Toronto,PDM,19257.17,700,19257.17
3/9/2025,The Rec Room South Edmonton,Edmonton,TRR,68964.74,2079,68964.74
3/9/2025,The Rec Room Royal Mount,Mont-Royal,TRR,26507.55,1170,26507.55
3/9/2025,Playdium Dartmouth,Dartmouth,PDM,40961.28,1306,40961.28
3/9/2025,Playdium Whitby,Whitby,PDM,36952.38,1307,36952.38
3/9/2025,The Rec Room Granville,Vancouver,TRR,46662.56,2028,46662.56
3/9/2025,TRR Seasons of Tuxedo,Winnipeg,TRR,57707.92,2086,57707.92
3/9/2025,The Rec Room Brentwood,Burnaby,TRR,51315.6,1395,51315.6
3/9/2025,The Rec Room Avalon Mall,St. John's,TRR,18358.05,732,18358.05
3/9/2025,The Rec Room Roundhouse,Toronto,TRR,62233.55,2600,62233.55
3/9/2025,Playdium Orion Gate,Brampton,PDM,32533.29,1409,32533.29
3/9/2025,The Rec Room Park Place Barrie,Barrie,TRR,63657.18,1983,63657.18
3/9/2025,The Rec Room London Masonville,London,TRR,49202,820,49202
3/9/2025,The Rec Room West Edmonton Mall,Edmonton,TRR,37897.81,1272,37897.81
3/9/2025,The Rec Room Deerfoot,Calgary,TRR,58835.47,1611,58835.47
3/10/2025,Playdium Dartmouth,Dartmouth,PDM,36244.71,1043,36244.71
3/10/2025,The Rec Room Square One,Mississauga,TRR,24621.03,1210,24621.03
3/10/2025,Playdium Orion Gate,Brampton,PDM,22211.44,698,22211.44
3/10/2025,The Rec Room South Edmonton,Edmonton,TRR,13762.14,1032,13762.14
3/10/2025,Playdium Whitby,Whitby,PDM,32605.65,1148,32605.65
3/10/2025,Playdium Fairview,Toronto,PDM,15954.62,529,15954.62
3/10/2025,The Rec Room Royal Mount,Mont-Royal,TRR,5453.55,254,5453.55
3/10/2025,TRR Seasons of Tuxedo,Winnipeg,TRR,10356.72,1021,10356.72
3/10/2025,The Rec Room London Masonville,London,TRR,22572.82,1143,22572.82
3/10/2025,The Rec Room Park Place Barrie,Barrie,TRR,28986.77,1695,28986.77
3/10/2025,The Rec Room Roundhouse,Toronto,TRR,54212.09,3562,54212.09
3/10/2025,The Rec Room Deerfoot,Calgary,TRR,17250.09,1506,17250.09
3/10/2025,The Rec Room Avalon Mall,St. John's,TRR,6459.18,470,6459.18
3/10/2025,The Rec Room Brentwood,Burnaby,TRR,12124.88,1107,12124.88
3/10/2025,The Rec Room West Edmonton Mall,Edmonton,TRR,9852.98,781,9852.98
3/10/2025,The Rec Room Granville,Vancouver,TRR,15922.32,1026,15922.32
3/11/2025,The Rec Room Deerfoot,Calgary,TRR,12611.13,701,12611.13
3/11/2025,The Rec Room Roundhouse,Toronto,TRR,72225.42,4399,72225.42
3/11/2025,The Rec Room London Masonville,London,TRR,32035.23,1219,32035.23
3/11/2025,The Rec Room Avalon Mall,St. John's,TRR,8008.01,535,8008.01
3/11/2025,Playdium Orion Gate,Brampton,PDM,29540.99,807,29540.99
3/11/2025,The Rec Room Brentwood,Burnaby,TRR,12830.68,623,12830.68
3/11/2025,The Rec Room Park Place Barrie,Barrie,TRR,49656.35,2235,49656.35
3/11/2025,The Rec Room West Edmonton Mall,Edmonton,TRR,8929.74,455,8929.74
3/11/2025,The Rec Room Royal Mount,Mont-Royal,TRR,5568.54,315,5568.54
3/11/2025,Playdium Whitby,Whitby,PDM,38899.45,1403,38899.45
3/11/2025,Playdium Dartmouth,Dartmouth,PDM,45507.69,1418,45507.69
3/11/2025,The Rec Room Square One,Mississauga,TRR,32540.34,1551,32540.34
3/11/2025,The Rec Room Granville,Vancouver,TRR,27283.56,1629,27283.56
3/11/2025,TRR Seasons of Tuxedo,Winnipeg,TRR,19354.7,664,19354.7
3/11/2025,Playdium Fairview,Toronto,PDM,24210.95,777,24210.95
3/11/2025,The Rec Room South Edmonton,Edmonton,TRR,13314.52,617,13314.52
3/12/2025,Playdium Fairview,Toronto,PDM,25738.62,795,25738.62
3/12/2025,The Rec Room Avalon Mall,St. John's,TRR,5242.66,356,5242.66
3/12/2025,Playdium Whitby,Whitby,PDM,40807.86,1293,40807.86
3/12/2025,The Rec Room Brentwood,Burnaby,TRR,11690.67,582,11690.67
3/12/2025,The Rec Room Royal Mount,Mont-Royal,TRR,4978.87,226,4978.87
3/12/2025,The Rec Room Granville,Vancouver,TRR,27443.15,1268,27443.15
3/12/2025,The Rec Room South Edmonton,Edmonton,TRR,18780.19,900,18780.19
3/12/2025,The Rec Room Square One,Mississauga,TRR,30092.47,1510,30092.47
3/12/2025,The Rec Room Deerfoot,Calgary,TRR,8960.08,651,8960.08
3/12/2025,The Rec Room Park Place Barrie,Barrie,TRR,44265.73,2215,44265.73
3/12/2025,The Rec Room Roundhouse,Toronto,TRR,52489.14,4155,52489.14
3/12/2025,The Rec Room West Edmonton Mall,Edmonton,TRR,14599.04,951,14599.04
3/12/2025,Playdium Orion Gate,Brampton,PDM,32070.83,935,32070.83
3/12/2025,The Rec Room London Masonville,London,TRR,26038.47,1021,26038.47
3/12/2025,TRR Seasons of Tuxedo,Winnipeg,TRR,28700.81,1405,28700.81
3/12/2025,Playdium Dartmouth,Dartmouth,PDM,58219.68,1783,58219.68
3/13/2025,The Rec Room Granville,Vancouver,TRR,20406.4,1294,20406.4
3/13/2025,TRR Seasons of Tuxedo,Winnipeg,TRR,21161.37,1047,21161.37
3/13/2025,The Rec Room Square One,Mississauga,TRR,34525.33,1464,34525.33
3/13/2025,Playdium Dartmouth,Dartmouth,PDM,63011.72,1994,63011.72
3/13/2025,The Rec Room South Edmonton,Edmonton,TRR,12123.36,604,12123.36
3/13/2025,Playdium Fairview,Toronto,PDM,25557.18,789,25557.18
3/13/2025,The Rec Room Avalon Mall,St. John's,TRR,7113.38,443,7113.38
3/13/2025,The Rec Room Brentwood,Burnaby,TRR,16690.4,752,16690.4
3/13/2025,The Rec Room Deerfoot,Calgary,TRR,20185.94,982,20185.94
3/13/2025,The Rec Room Royal Mount,Mont-Royal,TRR,5315.63,212,5315.63
3/13/2025,Playdium Whitby,Whitby,PDM,54964.21,2008,54964.21
3/13/2025,The Rec Room London Masonville,London,TRR,29849.93,1080,29849.93
3/13/2025,The Rec Room West Edmonton Mall,Edmonton,TRR,10351.86,623,10351.86
3/13/2025,Playdium Orion Gate,Brampton,PDM,37398.25,1149,37398.25
3/13/2025,The Rec Room Roundhouse,Toronto,TRR,80491.53,5308,80491.53
3/13/2025,The Rec Room Park Place Barrie,Barrie,TRR,51873.35,2329,51873.35
3/14/2025,The Rec Room South Edmonton,Edmonton,TRR,36317.85,3081,36317.85
3/14/2025,Playdium Fairview,Toronto,PDM,29663.11,1011,29663.11
3/14/2025,The Rec Room Avalon Mall,St. John's,TRR,21618.56,1253,21618.56
3/14/2025,Playdium Whitby,Whitby,PDM,71631.71,2396,71631.71
3/14/2025,The Rec Room Royal Mount,Mont-Royal,TRR,20545.11,970,20545.11
3/14/2025,Playdium Dartmouth,Dartmouth,PDM,65478.47,1795,65478.47
3/14/2025,The Rec Room Square One,Mississauga,TRR,43489.75,2615,43489.75
3/14/2025,The Rec Room London Masonville,London,TRR,21519.78,1481,21519.78
3/14/2025,The Rec Room West Edmonton Mall,Edmonton,TRR,26116.51,2346,26116.51
3/14/2025,The Rec Room Roundhouse,Toronto,TRR,85855.3,6021,85855.3
3/14/2025,Playdium Orion Gate,Brampton,PDM,43114.49,1491,43114.49
3/14/2025,The Rec Room Deerfoot,Calgary,TRR,28581.76,2735,28581.76
3/14/2025,The Rec Room Granville,Vancouver,TRR,42820.51,2687,42820.51
3/14/2025,The Rec Room Brentwood,Burnaby,TRR,35451.54,2470,35451.54
3/14/2025,TRR Seasons of Tuxedo,Winnipeg,TRR,43505.68,2734,43505.68
3/14/2025,The Rec Room Park Place Barrie,Barrie,TRR,43468.89,3446,43468.89
3/15/2025,The Rec Room Park Place Barrie,Barrie,TRR,82243.33,4463,82243.33
3/15/2025,Playdium Whitby,Whitby,PDM,69379.7,2659,69379.7
3/15/2025,The Rec Room South Edmonton,Edmonton,TRR,86130.45,4920,86130.45
3/15/2025,Playdium Dartmouth,Dartmouth,PDM,65448.36,2103,65448.36
3/15/2025,The Rec Room Avalon Mall,St. John's,TRR,26727.84,1752,26727.84
3/15/2025,The Rec Room West Edmonton Mall,Edmonton,TRR,65767.34,3732,65767.34
3/15/2025,The Rec Room London Masonville,London,TRR,70547.57,2264,70547.57
3/15/2025,The Rec Room Deerfoot,Calgary,TRR,69957.15,4554,69957.15
3/15/2025,The Rec Room Square One,Mississauga,TRR,65656.59,3440,65656.59
3/15/2025,The Rec Room Granville,Vancouver,TRR,76468.35,4226,76468.35
3/15/2025,TRR Seasons of Tuxedo,Winnipeg,TRR,74150.17,3808,74150.17
3/15/2025,Playdium Orion Gate,Brampton,PDM,47456.25,1798,47456.25
3/15/2025,The Rec Room Brentwood,Burnaby,TRR,68843.7,3556,68843.7
3/15/2025,The Rec Room Roundhouse,Toronto,TRR,126309.83,7512,126309.83
3/15/2025,The Rec Room Royal Mount,Mont-Royal,TRR,39774.6,2197,39774.6
3/15/2025,Playdium Fairview,Toronto,PDM,28076.57,1102,28076.57
3/16/2025,TRR Seasons of Tuxedo,Winnipeg,TRR,64943.83,2133,64943.83
3/16/2025,The Rec Room Granville,Vancouver,TRR,53222.58,2191,53222.58
3/16/2025,The Rec Room London Masonville,London,TRR,22833.67,827,22833.67
3/16/2025,The Rec Room West Edmonton Mall,Edmonton,TRR,53557.28,1639,53557.28
3/16/2025,Playdium Orion Gate,Brampton,PDM,28197.83,917,28197.83
3/16/2025,The Rec Room Deerfoot,Calgary,TRR,73591.51,2393,73591.51
3/16/2025,Playdium Fairview,Toronto,PDM,25147.77,651,25147.77
3/16/2025,The Rec Room Square One,Mississauga,TRR,38745.35,1431,38745.35
3/16/2025,The Rec Room Brentwood,Burnaby,TRR,57832.24,1519,57832.24
3/16/2025,Playdium Whitby,Whitby,PDM,31321.47,1241,31321.47
3/16/2025,The Rec Room Park Place Barrie,Barrie,TRR,71969.97,2227,71969.97
3/16/2025,Playdium Dartmouth,Dartmouth,PDM,33467.76,1115,33467.76
3/16/2025,The Rec Room Royal Mount,Mont-Royal,TRR,34416.51,1314,34416.51
3/16/2025,The Rec Room South Edmonton,Edmonton,TRR,88546.1,2580,88546.1
3/16/2025,The Rec Room Roundhouse,Toronto,TRR,69362.8,3077,69362.8
3/16/2025,The Rec Room Avalon Mall,St. John's,TRR,22857.43,932,22857.43
3/17/2025,The Rec Room London Masonville,London,TRR,4561.51,245,4561.51
3/17/2025,Playdium Fairview,Toronto,PDM,2743.55,137,2743.55
3/17/2025,The Rec Room Square One,Mississauga,TRR,9925.02,585,9925.02
3/17/2025,The Rec Room West Edmonton Mall,Edmonton,TRR,15030.76,998,15030.76
3/17/2025,The Rec Room Deerfoot,Calgary,TRR,12206.84,916,12206.84
3/17/2025,The Rec Room Granville,Vancouver,TRR,18869.04,1217,18869.04
3/17/2025,TRR Seasons of Tuxedo,Winnipeg,TRR,13199.46,1010,13199.46
3/17/2025,The Rec Room Park Place Barrie,Barrie,TRR,6544.02,491,6544.02
3/17/2025,The Rec Room South Edmonton,Edmonton,TRR,10994.58,799,10994.58
3/17/2025,The Rec Room Brentwood,Burnaby,TRR,19538.72,1257,19538.72
3/17/2025,The Rec Room Royal Mount,Mont-Royal,TRR,3619.32,212,3619.32
3/17/2025,The Rec Room Roundhouse,Toronto,TRR,19316.59,1307,19316.59
3/17/2025,The Rec Room Avalon Mall,St. John's,TRR,17810.32,1038,17810.32
3/18/2025,The Rec Room Park Place Barrie,Barrie,TRR,8622.38,671,8622.38
3/18/2025,The Rec Room Deerfoot,Calgary,TRR,14155.12,766,14155.12
3/18/2025,The Rec Room London Masonville,London,TRR,5370.68,304,5370.68
3/18/2025,The Rec Room Square One,Mississauga,TRR,11376.22,696,11376.22
3/18/2025,Playdium Dartmouth,Dartmouth,PDM,7116.5,223,7116.5
3/18/2025,The Rec Room West Edmonton Mall,Edmonton,TRR,16205.68,608,16205.68
3/18/2025,The Rec Room Roundhouse,Toronto,TRR,23913.65,1521,23913.65
3/18/2025,The Rec Room Royal Mount,Mont-Royal,TRR,4338.63,257,4338.63
3/18/2025,The Rec Room South Edmonton,Edmonton,TRR,14594.23,704,14594.23
3/18/2025,Playdium Whitby,Whitby,PDM,3005.38,170,3005.38
3/18/2025,The Rec Room Brentwood,Burnaby,TRR,22403.57,898,22403.57
3/18/2025,Playdium Fairview,Toronto,PDM,2164.12,91,2164.12
3/18/2025,TRR Seasons of Tuxedo,Winnipeg,TRR,16707.16,956,16707.16
3/18/2025,The Rec Room Avalon Mall,St. John's,TRR,6181.28,474,6181.28
3/18/2025,Playdium Orion Gate,Brampton,PDM,2120,78,2120
3/18/2025,The Rec Room Granville,Vancouver,TRR,15596.94,1004,15596.94
3/19/2025,The Rec Room Royal Mount,Mont-Royal,TRR,5945.73,313,5945.73
3/19/2025,The Rec Room South Edmonton,Edmonton,TRR,15013.83,913,15013.83
3/19/2025,The Rec Room Roundhouse,Toronto,TRR,31720.28,2102,31720.28
3/19/2025,The Rec Room Brentwood,Burnaby,TRR,25308.45,1091,25308.45
3/19/2025,Playdium Whitby,Whitby,PDM,3609.13,127,3609.13
3/19/2025,Playdium Fairview,Toronto,PDM,1908.56,100,1908.56
3/19/2025,Playdium Dartmouth,Dartmouth,PDM,5431.98,178,5431.98
3/19/2025,The Rec Room Deerfoot,Calgary,TRR,14048.27,1048,14048.27
3/19/2025,The Rec Room Avalon Mall,St. John's,TRR,5247.19,416,5247.19
3/19/2025,TRR Seasons of Tuxedo,Winnipeg,TRR,14428.76,818,14428.76
3/19/2025,The Rec Room Square One,Mississauga,TRR,17676.32,707,17676.32
3/19/2025,The Rec Room Park Place Barrie,Barrie,TRR,4419.43,327,4419.43
3/19/2025,Playdium Orion Gate,Brampton,PDM,2790.5,68,2790.5
3/19/2025,The Rec Room Granville,Vancouver,TRR,22416.45,1181,22416.45
3/19/2025,The Rec Room London Masonville,London,TRR,3245.38,142,3245.38
3/19/2025,The Rec Room West Edmonton Mall,Edmonton,TRR,14859.1,765,14859.1
3/20/2025,The Rec Room Avalon Mall,St. John's,TRR,8664.66,549,8664.66
3/20/2025,Playdium Fairview,Toronto,PDM,3805.47,171,3805.47
3/20/2025,The Rec Room Granville,Vancouver,TRR,24150.2,1382,24150.2
3/20/2025,TRR Seasons of Tuxedo,Winnipeg,TRR,13588.46,1003,13588.46
3/20/2025,The Rec Room Roundhouse,Toronto,TRR,42085.62,2587,42085.62
3/20/2025,The Rec Room Brentwood,Burnaby,TRR,33713.02,1305,33713.02
3/20/2025,The Rec Room Park Place Barrie,Barrie,TRR,9227.68,586,9227.68
3/20/2025,The Rec Room Deerfoot,Calgary,TRR,17668.22,945,17668.22
3/20/2025,The Rec Room West Edmonton Mall,Edmonton,TRR,17332.27,876,17332.27
3/20/2025,Playdium Whitby,Whitby,PDM,3572.86,492,3572.86
3/20/2025,The Rec Room Square One,Mississauga,TRR,7483.35,348,7483.35
3/20/2025,The Rec Room South Edmonton,Edmonton,TRR,34485.06,1950,34485.06
3/20/2025,Playdium Orion Gate,Brampton,PDM,3419.5,73,3419.5
3/20/2025,The Rec Room Royal Mount,Mont-Royal,TRR,11635.98,610,11635.98
3/20/2025,Playdium Dartmouth,Dartmouth,PDM,7443.38,363,7443.38
3/20/2025,The Rec Room London Masonville,London,TRR,5345.9,212,5345.9
3/21/2025,The Rec Room Deerfoot,Calgary,TRR,31715.94,2539,31715.94
3/21/2025,Playdium Fairview,Toronto,PDM,7765.77,532,7765.77
3/21/2025,The Rec Room Royal Mount,Mont-Royal,TRR,20272.08,917,20272.08
3/21/2025,The Rec Room South Edmonton,Edmonton,TRR,38627.42,3018,38627.42
3/21/2025,The Rec Room Square One,Mississauga,TRR,21766.79,2085,21766.79
3/21/2025,The Rec Room West Edmonton Mall,Edmonton,TRR,27575.05,1999,27575.05
3/21/2025,TRR Seasons of Tuxedo,Winnipeg,TRR,35541.76,2081,35541.76
3/21/2025,The Rec Room Avalon Mall,St. John's,TRR,20907.21,1207,20907.21
3/21/2025,The Rec Room Brentwood,Burnaby,TRR,46633.99,2639,46633.99
3/21/2025,Playdium Orion Gate,Brampton,PDM,8509.81,333,8509.81
3/21/2025,The Rec Room London Masonville,London,TRR,20474.84,1011,20474.84
3/21/2025,The Rec Room Granville,Vancouver,TRR,52217.21,3267,52217.21
3/21/2025,The Rec Room Roundhouse,Toronto,TRR,72770.43,4119,72770.43
3/21/2025,Playdium Whitby,Whitby,PDM,15706.39,568,15706.39
3/21/2025,The Rec Room Park Place Barrie,Barrie,TRR,16355.56,1560,16355.56
3/21/2025,Playdium Dartmouth,Dartmouth,PDM,19203.9,879,19203.9
3/22/2025,Playdium Dartmouth,Dartmouth,PDM,49003.27,1603,49003.27
3/22/2025,The Rec Room South Edmonton,Edmonton,TRR,91875.96,5346,91875.96
3/22/2025,The Rec Room Roundhouse,Toronto,TRR,93815.81,5970,93815.81
3/22/2025,The Rec Room Deerfoot,Calgary,TRR,76762.57,4492,76762.57
3/22/2025,The Rec Room Brentwood,Burnaby,TRR,69970.36,3287,69970.36
3/22/2025,Playdium Orion Gate,Brampton,PDM,33399.32,1510,33399.32
3/22/2025,The Rec Room London Masonville,London,TRR,28571.52,2288,28571.52
3/22/2025,The Rec Room Granville,Vancouver,TRR,78491.15,4196,78491.15
3/22/2025,The Rec Room Park Place Barrie,Barrie,TRR,61331.84,4049,61331.84
3/22/2025,The Rec Room Royal Mount,Mont-Royal,TRR,37053.25,2246,37053.25
3/22/2025,The Rec Room Square One,Mississauga,TRR,49603.69,2830,49603.69
3/22/2025,Playdium Fairview,Toronto,PDM,29351.38,1096,29351.38
3/22/2025,Playdium Whitby,Whitby,PDM,50771.74,1954,50771.74
3/22/2025,The Rec Room West Edmonton Mall,Edmonton,TRR,62898.19,3473,62898.19
3/22/2025,The Rec Room Avalon Mall,St. John's,TRR,32084.82,2200,32084.82
3/22/2025,TRR Seasons of Tuxedo,Winnipeg,TRR,77605.51,4226,77605.51
3/23/2025,The Rec Room London Masonville,London,TRR,45820.91,934,45820.91
3/23/2025,The Rec Room Roundhouse,Toronto,TRR,63667.37,2794,63667.37
3/23/2025,The Rec Room Deerfoot,Calgary,TRR,80864.71,1971,80864.71
3/23/2025,The Rec Room Avalon Mall,St. John's,TRR,23550.66,1254,23550.66
3/23/2025,The Rec Room Park Place Barrie,Barrie,TRR,56780.88,1674,56780.88
3/23/2025,The Rec Room West Edmonton Mall,Edmonton,TRR,50316.52,1456,50316.52
3/23/2025,The Rec Room Granville,Vancouver,TRR,45591.9,1808,45591.9
3/23/2025,The Rec Room Brentwood,Burnaby,TRR,58325.08,1668,58325.08
3/23/2025,Playdium Orion Gate,Brampton,PDM,21851.93,1063,21851.93
3/23/2025,TRR Seasons of Tuxedo,Winnipeg,TRR,58773.67,2048,58773.67
3/23/2025,The Rec Room South Edmonton,Edmonton,TRR,92722.27,2730,92722.27
3/23/2025,The Rec Room Royal Mount,Mont-Royal,TRR,34921.38,1240,34921.38
3/23/2025,Playdium Fairview,Toronto,PDM,21512.36,1011,21512.36
3/23/2025,Playdium Whitby,Whitby,PDM,24067.82,1158,24067.82
3/23/2025,The Rec Room Square One,Mississauga,TRR,37484.09,1515,37484.09
3/23/2025,Playdium Dartmouth,Dartmouth,PDM,19296.24,534,19296.24
3/24/2025,The Rec Room Square One,Mississauga,TRR,14860.48,717,14860.48
3/24/2025,Playdium Fairview,Toronto,PDM,2054.89,94,2054.89
3/24/2025,The Rec Room Roundhouse,Toronto,TRR,17296.41,1321,17296.41
3/24/2025,Playdium Dartmouth,Dartmouth,PDM,0,27,0
3/24/2025,The Rec Room Brentwood,Burnaby,TRR,32934.66,1985,32934.66
3/24/2025,The Rec Room Royal Mount,Mont-Royal,TRR,4618.53,266,4618.53
3/24/2025,The Rec Room Deerfoot,Calgary,TRR,25116.45,1893,25116.45
3/24/2025,The Rec Room Park Place Barrie,Barrie,TRR,4962.06,320,4962.06
3/24/2025,The Rec Room London Masonville,London,TRR,3895.41,284,3895.41
3/24/2025,The Rec Room South Edmonton,Edmonton,TRR,30367.02,1872,30367.02
3/24/2025,The Rec Room Avalon Mall,St. John's,TRR,5412.77,456,5412.77
3/24/2025,The Rec Room Granville,Vancouver,TRR,16812.68,1254,16812.68
3/24/2025,The Rec Room West Edmonton Mall,Edmonton,TRR,25897.5,1427,25897.5
3/24/2025,TRR Seasons of Tuxedo,Winnipeg,TRR,19745.59,2453,19745.59
3/25/2025,The Rec Room Roundhouse,Toronto,TRR,35281.17,2185,35281.17
3/25/2025,Playdium Orion Gate,Brampton,PDM,2453.5,59,2453.5
3/25/2025,The Rec Room Granville,Vancouver,TRR,23907.62,1093,23907.62
3/25/2025,The Rec Room Avalon Mall,St. John's,TRR,8050.97,500,8050.97
3/25/2025,The Rec Room Royal Mount,Mont-Royal,TRR,6036.37,341,6036.37
3/25/2025,The Rec Room South Edmonton,Edmonton,TRR,36381.85,1626,36381.85
3/25/2025,The Rec Room Square One,Mississauga,TRR,14805.84,600,14805.84
3/25/2025,Playdium Fairview,Toronto,PDM,2360.41,117,2360.41
3/25/2025,Playdium Dartmouth,Dartmouth,PDM,2673.48,74,2673.48
3/25/2025,The Rec Room London Masonville,London,TRR,7870.07,362,7870.07
3/25/2025,The Rec Room Park Place Barrie,Barrie,TRR,7815.03,451,7815.03
3/25/2025,The Rec Room Deerfoot,Calgary,TRR,22987.53,1027,22987.53
3/25/2025,The Rec Room West Edmonton Mall,Edmonton,TRR,26313.54,1096,26313.54
3/25/2025,The Rec Room Brentwood,Burnaby,TRR,31294.23,1149,31294.23
3/25/2025,Playdium Whitby,Whitby,PDM,3651.99,113,3651.99
3/25/2025,TRR Seasons of Tuxedo,Winnipeg,TRR,34620.6,2130,34620.6
3/26/2025,The Rec Room Avalon Mall,St. John's,TRR,4850.74,281,4850.74
3/26/2025,The Rec Room Granville,Vancouver,TRR,25929.26,1390,25929.26
3/26/2025,Playdium Whitby,Whitby,PDM,3461.97,127,3461.97
3/26/2025,The Rec Room South Edmonton,Edmonton,TRR,34368.62,1715,34368.62
3/26/2025,TRR Seasons of Tuxedo,Winnipeg,TRR,26538.27,2498,26538.27
3/26/2025,Playdium Fairview,Toronto,PDM,1807.94,88,1807.94
3/26/2025,Playdium Orion Gate,Brampton,PDM,2264,64,2264
3/26/2025,The Rec Room Square One,Mississauga,TRR,10939,576,10939
3/26/2025,Playdium Dartmouth,Dartmouth,PDM,4023.66,120,4023.66
3/26/2025,The Rec Room London Masonville,London,TRR,5025.47,256,5025.47
3/26/2025,The Rec Room Royal Mount,Mont-Royal,TRR,3789.67,189,3789.67
3/26/2025,The Rec Room West Edmonton Mall,Edmonton,TRR,25459.47,1061,25459.47
3/26/2025,The Rec Room Deerfoot,Calgary,TRR,33114.22,1874,33114.22
3/26/2025,The Rec Room Park Place Barrie,Barrie,TRR,11898.41,822,11898.41
3/26/2025,The Rec Room Roundhouse,Toronto,TRR,64651.24,3348,64651.24
3/26/2025,The Rec Room Brentwood,Burnaby,TRR,22909.35,1065,22909.35
3/27/2025,Playdium Dartmouth,Dartmouth,PDM,8323.55,366,8323.55
3/27/2025,The Rec Room West Edmonton Mall,Edmonton,TRR,22463.88,972,22463.88
3/27/2025,The Rec Room Royal Mount,Mont-Royal,TRR,4328.79,273,4328.79
3/27/2025,TRR Seasons of Tuxedo,Winnipeg,TRR,13459.86,757,13459.86
3/27/2025,Playdium Whitby,Whitby,PDM,3737.86,418,3737.86
3/27/2025,The Rec Room South Edmonton,Edmonton,TRR,37671,1595,37671
3/27/2025,The Rec Room Square One,Mississauga,TRR,8746.91,458,8746.91
3/27/2025,The Rec Room Granville,Vancouver,TRR,23657.1,1347,23657.1
3/27/2025,Playdium Fairview,Toronto,PDM,3385,153,3385
3/27/2025,The Rec Room London Masonville,London,TRR,5342.6,220,5342.6
3/27/2025,The Rec Room Avalon Mall,St. John's,TRR,9961.08,535,9961.08
3/27/2025,The Rec Room Deerfoot,Calgary,TRR,28499.71,1285,28499.71
3/27/2025,The Rec Room Roundhouse,Toronto,TRR,53455.61,4159,53455.61
3/27/2025,The Rec Room Brentwood,Burnaby,TRR,31446.34,1257,31446.34
3/27/2025,Playdium Orion Gate,Brampton,PDM,2652.5,103,2652.5
3/27/2025,The Rec Room Park Place Barrie,Barrie,TRR,7893.6,449,7893.6
3/28/2025,Playdium Orion Gate,Brampton,PDM,6764.98,328,6764.98
3/28/2025,The Rec Room West Edmonton Mall,Edmonton,TRR,27313.64,1957,27313.64
3/28/2025,The Rec Room Deerfoot,Calgary,TRR,33266.9,2896,33266.9
3/28/2025,The Rec Room London Masonville,London,TRR,11443.24,946,11443.24
3/28/2025,Playdium Dartmouth,Dartmouth,PDM,22829.38,873,22829.38
3/28/2025,The Rec Room Park Place Barrie,Barrie,TRR,13677.58,1140,13677.58
3/28/2025,The Rec Room Royal Mount,Mont-Royal,TRR,18587.7,941,18587.7
3/28/2025,The Rec Room Square One,Mississauga,TRR,19245.06,1436,19245.06
3/28/2025,The Rec Room Roundhouse,Toronto,TRR,65459.74,4670,65459.74
3/28/2025,Playdium Whitby,Whitby,PDM,9491.31,317,9491.31
3/28/2025,The Rec Room South Edmonton,Edmonton,TRR,41120.15,3325,41120.15
3/28/2025,The Rec Room Granville,Vancouver,TRR,48895.22,3102,48895.22
3/28/2025,TRR Seasons of Tuxedo,Winnipeg,TRR,32960.28,2140,32960.28
3/28/2025,The Rec Room Brentwood,Burnaby,TRR,48178.95,2939,48178.95
3/28/2025,Playdium Fairview,Toronto,PDM,6265.77,419,6265.77
3/28/2025,The Rec Room Avalon Mall,St. John's,TRR,24812.4,1268,24812.4
3/29/2025,The Rec Room South Edmonton,Edmonton,TRR,81724.87,5049,81724.87
3/29/2025,TRR Seasons of Tuxedo,Winnipeg,TRR,83746.93,4544,83746.93
3/29/2025,The Rec Room Square One,Mississauga,TRR,70247.87,4115,70247.87
3/29/2025,Playdium Dartmouth,Dartmouth,PDM,57110.39,1890,57110.39
3/29/2025,The Rec Room Granville,Vancouver,TRR,72242.92,4047,72242.92
3/29/2025,The Rec Room West Edmonton Mall,Edmonton,TRR,61274.87,3428,61274.87
3/29/2025,The Rec Room Brentwood,Burnaby,TRR,78918.69,3314,78918.69
3/29/2025,The Rec Room London Masonville,London,TRR,33355.5,1996,33355.5
3/29/2025,The Rec Room Deerfoot,Calgary,TRR,80965.51,4130,80965.51
3/29/2025,The Rec Room Avalon Mall,St. John's,TRR,36023.31,2439,36023.31
3/29/2025,Playdium Fairview,Toronto,PDM,25100.64,1247,25100.64
3/29/2025,Playdium Orion Gate,Brampton,PDM,32261.46,1632,32261.46
3/29/2025,The Rec Room Park Place Barrie,Barrie,TRR,43598.7,3476,43598.7
3/29/2025,The Rec Room Royal Mount,Mont-Royal,TRR,40911.4,2011,40911.4
3/29/2025,The Rec Room Roundhouse,Toronto,TRR,115503.56,4326,115503.56
3/29/2025,Playdium Whitby,Whitby,PDM,42236.02,1824,42236.02
3/30/2025,Playdium Dartmouth,Dartmouth,PDM,27830.62,993,27830.62
3/30/2025,Playdium Orion Gate,Brampton,PDM,27821.79,1104,27821.79
3/30/2025,Playdium Fairview,Toronto,PDM,29036.36,1115,29036.36
3/30/2025,Playdium Whitby,Whitby,PDM,30193.91,1253,30193.91
3/30/2025,The Rec Room Deerfoot,Calgary,TRR,84515.97,2180,84515.97
3/30/2025,The Rec Room West Edmonton Mall,Edmonton,TRR,60412.54,1808,60412.54
3/30/2025,The Rec Room Avalon Mall,St. John's,TRR,22725.6,775,22725.6
3/30/2025,TRR Seasons of Tuxedo,Winnipeg,TRR,66290,2402,66290
3/30/2025,The Rec Room Roundhouse,Toronto,TRR,81652.93,4185,81652.93
3/30/2025,The Rec Room South Edmonton,Edmonton,TRR,108242.56,2455,108242.56
3/30/2025,The Rec Room Square One,Mississauga,TRR,51707.54,1855,51707.54
3/30/2025,The Rec Room London Masonville,London,TRR,48971.21,976,48971.21
3/30/2025,The Rec Room Park Place Barrie,Barrie,TRR,41663.75,1571,41663.75
3/30/2025,The Rec Room Brentwood,Burnaby,TRR,52031.66,1546,52031.66
3/30/2025,The Rec Room Granville,Vancouver,TRR,40559.54,1365,40559.54
3/30/2025,The Rec Room Royal Mount,Mont-Royal,TRR,35117.6,1553,35117.6
3/31/2025,The Rec Room Deerfoot,Calgary,TRR,27654.96,1497,27654.96
3/31/2025,TRR Seasons of Tuxedo,Winnipeg,TRR,59634.24,2470,59634.24
3/31/2025,Playdium Orion Gate,Brampton,PDM,8156.5,236,8156.5
3/31/2025,The Rec Room Brentwood,Burnaby,TRR,10197.26,876,10197.26
3/31/2025,The Rec Room Granville,Vancouver,TRR,15316.48,1154,15316.48
3/31/2025,The Rec Room Square One,Mississauga,TRR,17618.18,773,17618.18
3/31/2025,The Rec Room South Edmonton,Edmonton,TRR,59304.97,2321,59304.97
3/31/2025,The Rec Room Park Place Barrie,Barrie,TRR,9542.11,772,9542.11
3/31/2025,The Rec Room Royal Mount,Mont-Royal,TRR,8417.24,301,8417.24
3/31/2025,Playdium Fairview,Toronto,PDM,7219.87,218,7219.87
3/31/2025,Playdium Whitby,Whitby,PDM,16665.6,535,16665.6
3/31/2025,The Rec Room London Masonville,London,TRR,11709.58,404,11709.58
3/31/2025,The Rec Room West Edmonton Mall,Edmonton,TRR,19403.28,956,19403.28
3/31/2025,The Rec Room Avalon Mall,St. John's,TRR,7749.78,511,7749.78
3/31/2025,The Rec Room Roundhouse,Toronto,TRR,28175.95,1901,28175.95
4/1/2025,The Rec Room Brentwood,Burnaby,TRR,10329.87,538,10329.87
4/1/2025,The Rec Room West Edmonton Mall,Edmonton,TRR,12652.96,753,12652.96
4/1/2025,The Rec Room Granville,Vancouver,TRR,16029.75,907,16029.75
4/1/2025,The Rec Room Roundhouse,Toronto,TRR,86285.98,4698,86285.98
4/1/2025,TRR Seasons of Tuxedo,Winnipeg,TRR,45600.29,2564,45600.29
4/1/2025,The Rec Room London Masonville,London,TRR,11569.58,643,11569.58
4/1/2025,Playdium Orion Gate,Brampton,PDM,2484,247,2484
4/1/2025,The Rec Room Park Place Barrie,Barrie,TRR,12047.58,763,12047.58
4/1/2025,Playdium Dartmouth,Dartmouth,PDM,4632.1,126,4632.1
4/1/2025,The Rec Room Deerfoot,Calgary,TRR,21202.69,1445,21202.69
4/1/2025,Playdium Fairview,Toronto,PDM,3141.5,108,3141.5
4/1/2025,The Rec Room South Edmonton,Edmonton,TRR,20956.81,1089,20956.81
4/1/2025,The Rec Room Square One,Mississauga,TRR,10544.88,459,10544.88
4/1/2025,The Rec Room Royal Mount,Mont-Royal,TRR,5879.44,293,5879.44
4/1/2025,The Rec Room Avalon Mall,St. John's,TRR,9047.15,510,9047.15
4/1/2025,Playdium Whitby,Whitby,PDM,4995.4,217,4995.4
4/2/2025,Playdium Orion Gate,Brampton,PDM,4773.5,310,4773.5
4/2/2025,The Rec Room Avalon Mall,St. John's,TRR,6176.84,467,6176.84
4/2/2025,The Rec Room London Masonville,London,TRR,4343.98,275,4343.98
4/2/2025,TRR Seasons of Tuxedo,Winnipeg,TRR,70205.49,2640,70205.49
4/2/2025,The Rec Room Deerfoot,Calgary,TRR,10863.54,517,10863.54
4/2/2025,The Rec Room Park Place Barrie,Barrie,TRR,3313.34,204,3313.34
4/2/2025,The Rec Room West Edmonton Mall,Edmonton,TRR,25609.6,1449,25609.6
4/2/2025,Playdium Fairview,Toronto,PDM,1261.29,57,1261.29
4/2/2025,The Rec Room Square One,Mississauga,TRR,4319.14,172,4319.14
4/2/2025,The Rec Room Granville,Vancouver,TRR,19238.02,1334,19238.02
4/2/2025,The Rec Room Brentwood,Burnaby,TRR,9657.01,615,9657.01
4/2/2025,The Rec Room South Edmonton,Edmonton,TRR,25675.04,1318,25675.04
4/2/2025,Playdium Dartmouth,Dartmouth,PDM,4998.76,177,4998.76
4/2/2025,The Rec Room Royal Mount,Mont-Royal,TRR,4475.11,364,4475.11
4/2/2025,The Rec Room Roundhouse,Toronto,TRR,36939.5,2108,36939.5
4/2/2025,Playdium Whitby,Whitby,PDM,1847.47,100,1847.47
4/3/2025,Playdium Whitby,Whitby,PDM,3963,371,3963
4/3/2025,The Rec Room Royal Mount,Mont-Royal,TRR,11239.02,446,11239.02
4/3/2025,The Rec Room South Edmonton,Edmonton,TRR,28690.54,1440,28690.54
4/3/2025,The Rec Room Brentwood,Burnaby,TRR,11113.91,611,11113.91
4/3/2025,The Rec Room Granville,Vancouver,TRR,36363.42,1719,36363.42
4/3/2025,The Rec Room West Edmonton Mall,Edmonton,TRR,25248.02,1110,25248.02
4/3/2025,Playdium Dartmouth,Dartmouth,PDM,5401.86,195,5401.86
4/3/2025,The Rec Room Square One,Mississauga,TRR,8614.08,412,8614.08
4/3/2025,The Rec Room Avalon Mall,St. John's,TRR,9042.02,572,9042.02
4/3/2025,Playdium Fairview,Toronto,PDM,2599.77,90,2599.77
4/3/2025,The Rec Room Park Place Barrie,Barrie,TRR,8106.84,454,8106.84
4/3/2025,The Rec Room Deerfoot,Calgary,TRR,13854.86,727,13854.86
4/3/2025,The Rec Room Roundhouse,Toronto,TRR,56437.73,2601,56437.73
4/3/2025,The Rec Room London Masonville,London,TRR,5315.75,162,5315.75
4/3/2025,TRR Seasons of Tuxedo,Winnipeg,TRR,64775.01,2679,64775.01
4/3/2025,Playdium Orion Gate,Brampton,PDM,2626.9,86,2626.9
4/4/2025,The Rec Room Avalon Mall,St. John's,TRR,26125.05,1561,26125.05
4/4/2025,The Rec Room Royal Mount,Mont-Royal,TRR,18233.56,959,18233.56
4/4/2025,Playdium Whitby,Whitby,PDM,13906.96,655,13906.96
4/4/2025,The Rec Room South Edmonton,Edmonton,TRR,37432.63,3072,37432.63
4/4/2025,Playdium Fairview,Toronto,PDM,6470.71,350,6470.71
4/4/2025,Playdium Dartmouth,Dartmouth,PDM,13695.45,585,13695.45
4/4/2025,The Rec Room West Edmonton Mall,Edmonton,TRR,35491.62,2440,35491.62
4/4/2025,TRR Seasons of Tuxedo,Winnipeg,TRR,61283.16,3550,61283.16
4/4/2025,The Rec Room Square One,Mississauga,TRR,23271.06,1540,23271.06
4/4/2025,The Rec Room Brentwood,Burnaby,TRR,30782.78,1829,30782.78
4/4/2025,The Rec Room London Masonville,London,TRR,20806.03,885,20806.03
4/4/2025,Playdium Orion Gate,Brampton,PDM,7644.47,310,7644.47
4/4/2025,The Rec Room Roundhouse,Toronto,TRR,42093.62,2760,42093.62
4/4/2025,The Rec Room Deerfoot,Calgary,TRR,19799.11,1725,19799.11
4/4/2025,The Rec Room Granville,Vancouver,TRR,40739.29,2691,40739.29
4/4/2025,The Rec Room Park Place Barrie,Barrie,TRR,16192.36,1377,16192.36
4/5/2025,The Rec Room Avalon Mall,St. John's,TRR,38748.67,2353,38748.67
4/5/2025,The Rec Room Roundhouse,Toronto,TRR,103892.71,5780,103892.71
4/5/2025,The Rec Room West Edmonton Mall,Edmonton,TRR,61748.58,3057,61748.58
4/5/2025,The Rec Room Deerfoot,Calgary,TRR,54292.87,3118,54292.87
4/5/2025,The Rec Room Square One,Mississauga,TRR,59268.83,3751,59268.83
4/5/2025,The Rec Room South Edmonton,Edmonton,TRR,79093.12,4601,79093.12
4/5/2025,Playdium Dartmouth,Dartmouth,PDM,40889.58,1490,40889.58
4/5/2025,The Rec Room Royal Mount,Mont-Royal,TRR,45365.85,2696,45365.85
4/5/2025,Playdium Orion Gate,Brampton,PDM,32863.18,1492,32863.18
4/5/2025,Playdium Fairview,Toronto,PDM,29816.53,1552,29816.53
4/5/2025,The Rec Room Brentwood,Burnaby,TRR,41159.9,2287,41159.9
4/5/2025,Playdium Whitby,Whitby,PDM,50932.72,2081,50932.72
4/5/2025,The Rec Room London Masonville,London,TRR,25004.4,2108,25004.4
4/5/2025,The Rec Room Granville,Vancouver,TRR,58526.63,3356,58526.63
4/5/2025,TRR Seasons of Tuxedo,Winnipeg,TRR,90075.51,4381,90075.51
4/5/2025,The Rec Room Park Place Barrie,Barrie,TRR,56043.28,3531,56043.28
4/6/2025,Playdium Orion Gate,Brampton,PDM,25638.74,1194,25638.74
4/6/2025,The Rec Room Royal Mount,Mont-Royal,TRR,37339,1355,37339
4/6/2025,The Rec Room South Edmonton,Edmonton,TRR,78356.87,1939,78356.87
4/6/2025,Playdium Whitby,Whitby,PDM,24020.87,1107,24020.87
4/6/2025,Playdium Fairview,Toronto,PDM,32444.15,1618,32444.15
4/6/2025,The Rec Room Deerfoot,Calgary,TRR,58510.72,1861,58510.72
4/6/2025,The Rec Room Park Place Barrie,Barrie,TRR,45043.39,1422,45043.39
4/6/2025,The Rec Room Square One,Mississauga,TRR,40232.98,1765,40232.98
4/6/2025,Playdium Dartmouth,Dartmouth,PDM,27145.66,993,27145.66
4/6/2025,The Rec Room Avalon Mall,St. John's,TRR,27793.56,1159,27793.56
4/6/2025,The Rec Room West Edmonton Mall,Edmonton,TRR,43194.74,2052,43194.74
4/6/2025,The Rec Room London Masonville,London,TRR,48786.67,939,48786.67
4/6/2025,The Rec Room Granville,Vancouver,TRR,52596.11,1841,52596.11
4/6/2025,The Rec Room Brentwood,Burnaby,TRR,44249.2,1434,44249.2
4/6/2025,TRR Seasons of Tuxedo,Winnipeg,TRR,67502.43,1986,67502.43
4/6/2025,The Rec Room Roundhouse,Toronto,TRR,59267.63,2515,59267.63
4/7/2025,The Rec Room Square One,Mississauga,TRR,7383.27,491,7383.27
4/7/2025,The Rec Room Royal Mount,Mont-Royal,TRR,3880.67,289,3880.67
4/7/2025,The Rec Room Deerfoot,Calgary,TRR,12939.12,932,12939.12
4/7/2025,The Rec Room South Edmonton,Edmonton,TRR,9323.76,665,9323.76
4/7/2025,The Rec Room London Masonville,London,TRR,7687.64,470,7687.64
4/7/2025,The Rec Room West Edmonton Mall,Edmonton,TRR,7742.48,563,7742.48
4/7/2025,Playdium Dartmouth,Dartmouth,PDM,0,1,0
4/7/2025,TRR Seasons of Tuxedo,Winnipeg,TRR,10392.64,990,10392.64
4/7/2025,The Rec Room Roundhouse,Toronto,TRR,35854.05,1947,35854.05
4/7/2025,The Rec Room Brentwood,Burnaby,TRR,11213.61,786,11213.61
4/7/2025,The Rec Room Avalon Mall,St. John's,TRR,6759.34,523,6759.34
4/7/2025,The Rec Room Granville,Vancouver,TRR,16433.34,1111,16433.34
4/7/2025,The Rec Room Park Place Barrie,Barrie,TRR,5743.75,359,5743.75
4/7/2025,Playdium Fairview,Toronto,PDM,2416.3,98,2416.3
4/8/2025,The Rec Room South Edmonton,Edmonton,TRR,11910.4,639,11910.4
4/8/2025,The Rec Room Royal Mount,Mont-Royal,TRR,5083.18,375,5083.18
4/8/2025,Playdium Fairview,Toronto,PDM,2881.49,120,2881.49
4/8/2025,Playdium Whitby,Whitby,PDM,2766.97,224,2766.97
4/8/2025,Playdium Dartmouth,Dartmouth,PDM,3887.1,124,3887.1
4/8/2025,The Rec Room Square One,Mississauga,TRR,26725.52,1099,26725.52
4/8/2025,TRR Seasons of Tuxedo,Winnipeg,TRR,11501.01,725,11501.01
4/8/2025,Playdium Orion Gate,Brampton,PDM,2912.4,87,2912.4
4/8/2025,The Rec Room Deerfoot,Calgary,TRR,17761.62,845,17761.62
4/8/2025,The Rec Room West Edmonton Mall,Edmonton,TRR,32038.1,2481,32038.1
4/8/2025,The Rec Room Park Place Barrie,Barrie,TRR,8258.69,553,8258.69
4/8/2025,The Rec Room Roundhouse,Toronto,TRR,27868.98,1674,27868.98
4/8/2025,The Rec Room Avalon Mall,St. John's,TRR,7484.32,512,7484.32
4/8/2025,The Rec Room London Masonville,London,TRR,7108.04,286,7108.04
4/8/2025,The Rec Room Granville,Vancouver,TRR,28184.55,1541,28184.55
4/8/2025,The Rec Room Brentwood,Burnaby,TRR,11031.21,558,11031.21
4/9/2025,The Rec Room Avalon Mall,St. John's,TRR,4859.07,332,4859.07
4/9/2025,The Rec Room Granville,Vancouver,TRR,21673.78,1271,21673.78
4/9/2025,TRR Seasons of Tuxedo,Winnipeg,TRR,18183.9,1067,18183.9
4/9/2025,Playdium Fairview,Toronto,PDM,2491.36,120,2491.36
4/9/2025,Playdium Whitby,Whitby,PDM,9635.6,514,9635.6
4/9/2025,Playdium Dartmouth,Dartmouth,PDM,3675.21,196,3675.21
4/9/2025,The Rec Room Roundhouse,Toronto,TRR,28832.16,1989,28832.16
4/9/2025,The Rec Room Square One,Mississauga,TRR,26952.46,1135,26952.46
4/9/2025,The Rec Room London Masonville,London,TRR,6586.42,350,6586.42
4/9/2025,Playdium Orion Gate,Brampton,PDM,2328.48,97,2328.48
4/9/2025,The Rec Room Park Place Barrie,Barrie,TRR,6718.26,459,6718.26
4/9/2025,The Rec Room South Edmonton,Edmonton,TRR,22511.12,1263,22511.12
4/9/2025,The Rec Room Royal Mount,Mont-Royal,TRR,9213.61,437,9213.61
4/9/2025,The Rec Room Brentwood,Burnaby,TRR,11342.35,572,11342.35
4/9/2025,The Rec Room Deerfoot,Calgary,TRR,10465.94,757,10465.94
4/9/2025,The Rec Room West Edmonton Mall,Edmonton,TRR,23365.49,1927,23365.49
4/10/2025,The Rec Room Square One,Mississauga,TRR,9051.05,379,9051.05
4/10/2025,The Rec Room Royal Mount,Mont-Royal,TRR,5227.88,232,5227.88
4/10/2025,Playdium Dartmouth,Dartmouth,PDM,5634.98,197,5634.98
4/10/2025,The Rec Room Deerfoot,Calgary,TRR,32688.72,1621,32688.72
4/10/2025,The Rec Room South Edmonton,Edmonton,TRR,17821,967,17821
4/10/2025,TRR Seasons of Tuxedo,Winnipeg,TRR,10927,865,10927
4/10/2025,Playdium Whitby,Whitby,PDM,4448.49,535,4448.49
4/10/2025,Playdium Fairview,Toronto,PDM,1678.91,109,1678.91
4/10/2025,The Rec Room Roundhouse,Toronto,TRR,65149.27,3525,65149.27
4/10/2025,The Rec Room Granville,Vancouver,TRR,23766.99,1218,23766.99
4/10/2025,The Rec Room Avalon Mall,St. John's,TRR,10158.61,694,10158.61
4/10/2025,Playdium Orion Gate,Brampton,PDM,6715.8,423,6715.8
4/10/2025,The Rec Room Park Place Barrie,Barrie,TRR,7544.36,460,7544.36
4/10/2025,The Rec Room West Edmonton Mall,Edmonton,TRR,12628.7,776,12628.7
4/10/2025,The Rec Room London Masonville,London,TRR,5071.14,192,5071.14
4/10/2025,The Rec Room Brentwood,Burnaby,TRR,18481.52,959,18481.52
4/11/2025,Playdium Whitby,Whitby,PDM,13731.52,480,13731.52
4/11/2025,The Rec Room South Edmonton,Edmonton,TRR,26565.78,2130,26565.78
4/11/2025,TRR Seasons of Tuxedo,Winnipeg,TRR,38996.36,2121,38996.36
4/11/2025,The Rec Room Avalon Mall,St. John's,TRR,26986.26,1684,26986.26
4/11/2025,The Rec Room Granville,Vancouver,TRR,37951.19,2518,37951.19
4/11/2025,The Rec Room Park Place Barrie,Barrie,TRR,14429.94,1445,14429.94
4/11/2025,The Rec Room Brentwood,Burnaby,TRR,28730.68,1850,28730.68
4/11/2025,The Rec Room Roundhouse,Toronto,TRR,63535.86,3725,63535.86
4/11/2025,Playdium Orion Gate,Brampton,PDM,6609.95,205,6609.95
4/11/2025,Playdium Dartmouth,Dartmouth,PDM,10498.24,338,10498.24
4/11/2025,The Rec Room West Edmonton Mall,Edmonton,TRR,27870.28,2065,27870.28
4/11/2025,Playdium Fairview,Toronto,PDM,9527.28,386,9527.28
4/11/2025,The Rec Room Square One,Mississauga,TRR,21986.84,1506,21986.84
4/11/2025,The Rec Room Royal Mount,Mont-Royal,TRR,19461.51,1071,19461.51
4/11/2025,The Rec Room Deerfoot,Calgary,TRR,38767.54,2188,38767.54
4/11/2025,The Rec Room London Masonville,London,TRR,15597.19,1260,15597.19
4/12/2025,Playdium Fairview,Toronto,PDM,24388.3,1107,24388.3
4/12/2025,Playdium Whitby,Whitby,PDM,46983.58,1915,46983.58
4/12/2025,The Rec Room South Edmonton,Edmonton,TRR,77252.78,4530,77252.78
4/12/2025,The Rec Room Square One,Mississauga,TRR,53399.54,3526,53399.54
4/12/2025,The Rec Room Park Place Barrie,Barrie,TRR,46485.21,3261,46485.21
4/12/2025,Playdium Orion Gate,Brampton,PDM,28587.92,1296,28587.92
4/12/2025,The Rec Room Roundhouse,Toronto,TRR,79811.24,5393,79811.24
4/12/2025,The Rec Room Deerfoot,Calgary,TRR,70316.93,4394,70316.93
4/12/2025,The Rec Room West Edmonton Mall,Edmonton,TRR,54769.22,3446,54769.22
4/12/2025,TRR Seasons of Tuxedo,Winnipeg,TRR,61847.89,3526,61847.89
4/12/2025,The Rec Room Royal Mount,Mont-Royal,TRR,35305.69,1598,35305.69
4/12/2025,Playdium Dartmouth,Dartmouth,PDM,38239.48,1176,38239.48
4/12/2025,The Rec Room London Masonville,London,TRR,38171.73,1959,38171.73
4/12/2025,The Rec Room Granville,Vancouver,TRR,55713.02,3144,55713.02
4/12/2025,The Rec Room Brentwood,Burnaby,TRR,39272.87,2014,39272.87
4/12/2025,The Rec Room Avalon Mall,St. John's,TRR,25207.39,1612,25207.39
4/13/2025,The Rec Room Brentwood,Burnaby,TRR,31592.93,1169,31592.93
4/13/2025,The Rec Room West Edmonton Mall,Edmonton,TRR,40770.44,946,40770.44
4/13/2025,The Rec Room Square One,Mississauga,TRR,42531.22,1549,42531.22
4/13/2025,The Rec Room Roundhouse,Toronto,TRR,71666.16,3534,71666.16
4/13/2025,The Rec Room Royal Mount,Mont-Royal,TRR,24034.33,1345,24034.33
4/13/2025,Playdium Orion Gate,Brampton,PDM,20012.08,935,20012.08
4/13/2025,The Rec Room London Masonville,London,TRR,29907.52,576,29907.52
4/13/2025,Playdium Dartmouth,Dartmouth,PDM,19367.41,592,19367.41
4/13/2025,The Rec Room Deerfoot,Calgary,TRR,58612.48,1370,58612.48
4/13/2025,The Rec Room Park Place Barrie,Barrie,TRR,41238.14,1303,41238.14
4/13/2025,The Rec Room South Edmonton,Edmonton,TRR,63732.92,1924,63732.92
4/13/2025,TRR Seasons of Tuxedo,Winnipeg,TRR,36900.94,1859,36900.94
4/13/2025,Playdium Fairview,Toronto,PDM,15441,781,15441
4/13/2025,The Rec Room Avalon Mall,St. John's,TRR,17516.03,842,17516.03
4/13/2025,Playdium Whitby,Whitby,PDM,22249.31,1032,22249.31
4/13/2025,The Rec Room Granville,Vancouver,TRR,32969.9,1351,32969.9
4/14/2025,The Rec Room West Edmonton Mall,Edmonton,TRR,9770.19,441,9770.19
4/14/2025,TRR Seasons of Tuxedo,Winnipeg,TRR,26664.27,1264,26664.27
4/14/2025,The Rec Room South Edmonton,Edmonton,TRR,20967.74,1263,20967.74
4/14/2025,The Rec Room Square One,Mississauga,TRR,9535.5,508,9535.5
4/14/2025,Playdium Fairview,Toronto,PDM,1984.15,93,1984.15
4/14/2025,The Rec Room Granville,Vancouver,TRR,19249.25,1154,19249.25
4/14/2025,The Rec Room Deerfoot,Calgary,TRR,7654.36,720,7654.36
4/14/2025,The Rec Room Park Place Barrie,Barrie,TRR,5568.64,381,5568.64
4/14/2025,The Rec Room Royal Mount,Mont-Royal,TRR,4641.06,290,4641.06
4/14/2025,The Rec Room London Masonville,London,TRR,4031.78,263,4031.78
4/14/2025,The Rec Room Brentwood,Burnaby,TRR,9686.8,848,9686.8
4/14/2025,The Rec Room Roundhouse,Toronto,TRR,35256.23,2373,35256.23
4/14/2025,The Rec Room Avalon Mall,St. John's,TRR,7495.6,585,7495.6
4/15/2025,The Rec Room West Edmonton Mall,Edmonton,TRR,9741.14,1167,9741.14
4/15/2025,The Rec Room Granville,Vancouver,TRR,13816.53,890,13816.53
4/15/2025,The Rec Room Royal Mount,Mont-Royal,TRR,11026.3,496,11026.3
4/15/2025,The Rec Room Brentwood,Burnaby,TRR,10855.8,659,10855.8
4/15/2025,The Rec Room South Edmonton,Edmonton,TRR,13183.72,801,13183.72
4/15/2025,The Rec Room Park Place Barrie,Barrie,TRR,8017.58,549,8017.58
4/15/2025,The Rec Room London Masonville,London,TRR,6331.92,281,6331.92
4/15/2025,The Rec Room Square One,Mississauga,TRR,9207.87,465,9207.87
4/15/2025,Playdium Dartmouth,Dartmouth,PDM,4199.6,187,4199.6
4/15/2025,Playdium Fairview,Toronto,PDM,3338.51,117,3338.51
4/15/2025,The Rec Room Roundhouse,Toronto,TRR,38118.48,2581,38118.48
4/15/2025,TRR Seasons of Tuxedo,Winnipeg,TRR,17295.19,685,17295.19
4/15/2025,The Rec Room Deerfoot,Calgary,TRR,10094.2,582,10094.2
4/15/2025,Playdium Whitby,Whitby,PDM,2814.98,116,2814.98
4/15/2025,The Rec Room Avalon Mall,St. John's,TRR,7740,555,7740
4/15/2025,Playdium Orion Gate,Brampton,PDM,2836,74,2836
4/16/2025,The Rec Room Square One,Mississauga,TRR,28580.01,1351,28580.01
4/16/2025,TRR Seasons of Tuxedo,Winnipeg,TRR,14986.74,984,14986.74
4/16/2025,Playdium Orion Gate,Brampton,PDM,1817.5,47,1817.5
4/16/2025,The Rec Room Deerfoot,Calgary,TRR,10304.47,619,10304.47
4/16/2025,The Rec Room West Edmonton Mall,Edmonton,TRR,38276.61,2242,38276.61
4/16/2025,The Rec Room Granville,Vancouver,TRR,35149.97,1763,35149.97
4/16/2025,The Rec Room Brentwood,Burnaby,TRR,11355.89,631,11355.89
4/16/2025,Playdium Dartmouth,Dartmouth,PDM,5214.96,250,5214.96
4/16/2025,The Rec Room Roundhouse,Toronto,TRR,42679.01,2660,42679.01
4/16/2025,The Rec Room Avalon Mall,St. John's,TRR,9561.12,582,9561.12
4/16/2025,The Rec Room London Masonville,London,TRR,15742.22,772,15742.22
4/16/2025,The Rec Room South Edmonton,Edmonton,TRR,26941.43,1377,26941.43
4/16/2025,The Rec Room Royal Mount,Mont-Royal,TRR,12787.81,496,12787.81
4/16/2025,The Rec Room Park Place Barrie,Barrie,TRR,9002.26,652,9002.26
4/16/2025,Playdium Fairview,Toronto,PDM,3118.47,115,3118.47
4/16/2025,Playdium Whitby,Whitby,PDM,3864.49,179,3864.49
4/17/2025,The Rec Room South Edmonton,Edmonton,TRR,31930.52,1562,31930.52
4/17/2025,The Rec Room Roundhouse,Toronto,TRR,50888.9,3432,50888.9
4/17/2025,The Rec Room Royal Mount,Mont-Royal,TRR,16369.62,689,16369.62
4/17/2025,The Rec Room London Masonville,London,TRR,28036.04,1248,28036.04
4/17/2025,The Rec Room West Edmonton Mall,Edmonton,TRR,19942.32,1280,19942.32
4/17/2025,The Rec Room Park Place Barrie,Barrie,TRR,14351.1,884,14351.1
4/17/2025,Playdium Dartmouth,Dartmouth,PDM,6979.87,232,6979.87
4/17/2025,The Rec Room Brentwood,Burnaby,TRR,19741.08,954,19741.08
4/17/2025,The Rec Room Granville,Vancouver,TRR,28870.79,1589,28870.79
4/17/2025,The Rec Room Deerfoot,Calgary,TRR,21062.49,891,21062.49
4/17/2025,The Rec Room Avalon Mall,St. John's,TRR,14363.49,832,14363.49
4/17/2025,Playdium Fairview,Toronto,PDM,4329.29,160,4329.29
4/17/2025,Playdium Whitby,Whitby,PDM,5720.87,338,5720.87
4/17/2025,The Rec Room Square One,Mississauga,TRR,25978.66,1396,25978.66
4/17/2025,TRR Seasons of Tuxedo,Winnipeg,TRR,32601.12,1755,32601.12
4/17/2025,Playdium Orion Gate,Brampton,PDM,4344.99,98,4344.99
4/18/2025,Playdium Dartmouth,Dartmouth,PDM,18317.95,600,18317.95
4/18/2025,Playdium Fairview,Toronto,PDM,16821.28,824,16821.28
4/18/2025,Playdium Orion Gate,Brampton,PDM,28300.48,1013,28300.48
4/18/2025,Playdium Whitby,Whitby,PDM,29636.66,1112,29636.66
4/18/2025,The Rec Room Avalon Mall,St. John's,TRR,18083.63,891,18083.63
4/18/2025,The Rec Room Brentwood,Burnaby,TRR,28887.8,1554,28887.8
4/18/2025,The Rec Room Deerfoot,Calgary,TRR,25931.17,2079,25931.17
4/18/2025,The Rec Room Granville,Vancouver,TRR,38433.04,2337,38433.04
4/18/2025,The Rec Room London Masonville,London,TRR,18457.66,697,18457.66
4/18/2025,The Rec Room Park Place Barrie,Barrie,TRR,21123.79,1763,21123.79
4/18/2025,The Rec Room Roundhouse,Toronto,TRR,55514.58,3272,55514.58
4/18/2025,The Rec Room Royal Mount,Mont-Royal,TRR,36689.68,1648,36689.68
4/18/2025,The Rec Room South Edmonton,Edmonton,TRR,35466.96,2736,35466.96
4/18/2025,The Rec Room Square One,Mississauga,TRR,29345.84,2051,29345.84
4/18/2025,The Rec Room West Edmonton Mall,Edmonton,TRR,29273.44,2043,29273.44
4/18/2025,TRR Seasons of Tuxedo,Winnipeg,TRR,56871.48,3732,56871.48
4/19/2025,The Rec Room Square One,Mississauga,TRR,50362.74,2886,50362.74
4/19/2025,The Rec Room Deerfoot,Calgary,TRR,52545.68,2665,52545.68
4/19/2025,The Rec Room West Edmonton Mall,Edmonton,TRR,49224.62,2580,49224.62
4/19/2025,TRR Seasons of Tuxedo,Winnipeg,TRR,62203.15,3034,62203.15
4/19/2025,Playdium Orion Gate,Brampton,PDM,30564.35,1028,30564.35
4/19/2025,The Rec Room Roundhouse,Toronto,TRR,93997.15,6282,93997.15
4/19/2025,The Rec Room Royal Mount,Mont-Royal,TRR,33979.43,1687,33979.43
4/19/2025,Playdium Whitby,Whitby,PDM,32963.78,1335,32963.78
4/19/2025,The Rec Room South Edmonton,Edmonton,TRR,64834.34,3257,64834.34
4/19/2025,The Rec Room Park Place Barrie,Barrie,TRR,39916.51,2129,39916.51
4/19/2025,The Rec Room Avalon Mall,St. John's,TRR,25636.18,1437,25636.18
4/19/2025,Playdium Dartmouth,Dartmouth,PDM,31368.07,1013,31368.07
4/19/2025,The Rec Room London Masonville,London,TRR,18006.27,1461,18006.27
4/19/2025,Playdium Fairview,Toronto,PDM,28083.18,1497,28083.18
4/19/2025,The Rec Room Granville,Vancouver,TRR,48539.62,2753,48539.62
4/19/2025,The Rec Room Brentwood,Burnaby,TRR,42053.18,1799,42053.18
4/20/2025,The Rec Room Deerfoot,Calgary,TRR,58846.53,1327,58846.53
4/20/2025,The Rec Room Royal Mount,Mont-Royal,TRR,16479.54,828,16479.54
4/20/2025,The Rec Room Avalon Mall,St. John's,TRR,14383.7,671,14383.7
4/20/2025,Playdium Fairview,Toronto,PDM,9761.21,520,9761.21
4/20/2025,Playdium Dartmouth,Dartmouth,PDM,16905.25,518,16905.25
4/20/2025,Playdium Whitby,Whitby,PDM,21712.15,736,21712.15
4/20/2025,The Rec Room Granville,Vancouver,TRR,39759.96,1839,39759.96
4/20/2025,The Rec Room Park Place Barrie,Barrie,TRR,26892.16,634,26892.16
4/20/2025,The Rec Room South Edmonton,Edmonton,TRR,62717.79,1412,62717.79
4/20/2025,The Rec Room Brentwood,Burnaby,TRR,36723.87,983,36723.87
4/20/2025,The Rec Room Roundhouse,Toronto,TRR,72338.44,3362,72338.44
4/20/2025,TRR Seasons of Tuxedo,Winnipeg,TRR,38991.55,820,38991.55
4/20/2025,The Rec Room London Masonville,London,TRR,25909.3,535,25909.3
4/20/2025,The Rec Room West Edmonton Mall,Edmonton,TRR,36516.36,939,36516.36
4/20/2025,The Rec Room Square One,Mississauga,TRR,36251.01,1347,36251.01
4/20/2025,Playdium Orion Gate,Brampton,PDM,14056.18,432,14056.18
4/21/2025,The Rec Room Avalon Mall,St. John's,TRR,26022.79,1397,26022.79
4/21/2025,The Rec Room Roundhouse,Toronto,TRR,44344.87,2090,44344.87
4/21/2025,Playdium Orion Gate,Brampton,PDM,13836.44,475,13836.44
4/21/2025,The Rec Room South Edmonton,Edmonton,TRR,21575.28,1190,21575.28
4/21/2025,Playdium Dartmouth,Dartmouth,PDM,9336.68,301,9336.68
4/21/2025,The Rec Room Square One,Mississauga,TRR,19661.08,943,19661.08
4/21/2025,The Rec Room Park Place Barrie,Barrie,TRR,19800,1265,19800
4/21/2025,Playdium Fairview,Toronto,PDM,17131.63,587,17131.63
4/21/2025,The Rec Room Royal Mount,Mont-Royal,TRR,18689.01,1049,18689.01
4/21/2025,The Rec Room Brentwood,Burnaby,TRR,19516.27,628,19516.27
4/21/2025,The Rec Room Deerfoot,Calgary,TRR,29729.48,1757,29729.48
4/21/2025,The Rec Room London Masonville,London,TRR,14008.34,584,14008.34
4/21/2025,The Rec Room West Edmonton Mall,Edmonton,TRR,18687.16,954,18687.16
4/21/2025,TRR Seasons of Tuxedo,Winnipeg,TRR,16488.33,1113,16488.33
4/21/2025,Playdium Whitby,Whitby,PDM,15051.76,560,15051.76
4/21/2025,The Rec Room Granville,Vancouver,TRR,20061.98,969,20061.98
4/22/2025,The Rec Room Square One,Mississauga,TRR,23437.49,1072,23437.49
4/22/2025,TRR Seasons of Tuxedo,Winnipeg,TRR,20723.56,1145,20723.56
4/22/2025,The Rec Room Park Place Barrie,Barrie,TRR,7400.41,461,7400.41
4/22/2025,The Rec Room Avalon Mall,St. John's,TRR,27745.25,1287,27745.25
4/22/2025,The Rec Room Roundhouse,Toronto,TRR,17752.12,1169,17752.12
4/22/2025,The Rec Room West Edmonton Mall,Edmonton,TRR,12498.84,592,12498.84
4/22/2025,The Rec Room Royal Mount,Mont-Royal,TRR,6640.78,369,6640.78
4/22/2025,The Rec Room London Masonville,London,TRR,6286.81,219,6286.81
4/22/2025,The Rec Room Brentwood,Burnaby,TRR,10085.81,510,10085.81
4/22/2025,The Rec Room Granville,Vancouver,TRR,29648.13,1690,29648.13
4/22/2025,Playdium Fairview,Toronto,PDM,2574.89,196,2574.89
4/22/2025,Playdium Whitby,Whitby,PDM,2844.36,209,2844.36
4/22/2025,Playdium Orion Gate,Brampton,PDM,2109.49,53,2109.49
4/22/2025,The Rec Room South Edmonton,Edmonton,TRR,15178.96,660,15178.96
4/22/2025,Playdium Dartmouth,Dartmouth,PDM,4401.4,146,4401.4
4/22/2025,The Rec Room Deerfoot,Calgary,TRR,32587.99,1272,32587.99
4/23/2025,The Rec Room West Edmonton Mall,Edmonton,TRR,10596.83,519,10596.83
4/23/2025,TRR Seasons of Tuxedo,Winnipeg,TRR,17770.63,1054,17770.63
4/23/2025,The Rec Room Royal Mount,Mont-Royal,TRR,5208.06,389,5208.06
4/23/2025,The Rec Room Avalon Mall,St. John's,TRR,24801.4,1400,24801.4
4/23/2025,The Rec Room Deerfoot,Calgary,TRR,19979.88,1077,19979.88
4/23/2025,The Rec Room London Masonville,London,TRR,4534.64,208,4534.64
4/23/2025,The Rec Room Brentwood,Burnaby,TRR,7920.83,426,7920.83
4/23/2025,The Rec Room South Edmonton,Edmonton,TRR,16054.79,933,16054.79
4/23/2025,Playdium Dartmouth,Dartmouth,PDM,2687.46,74,2687.46
4/23/2025,The Rec Room Square One,Mississauga,TRR,17843.54,905,17843.54
4/23/2025,The Rec Room Roundhouse,Toronto,TRR,32257.01,1863,32257.01
4/23/2025,Playdium Orion Gate,Brampton,PDM,1937,56,1937
4/23/2025,The Rec Room Granville,Vancouver,TRR,24075.62,1330,24075.62
4/23/2025,The Rec Room Park Place Barrie,Barrie,TRR,4743.21,350,4743.21
4/23/2025,Playdium Fairview,Toronto,PDM,2567,133,2567
4/23/2025,Playdium Whitby,Whitby,PDM,2664,128,2664
4/24/2025,The Rec Room Square One,Mississauga,TRR,15990.09,821,15990.09
4/24/2025,The Rec Room Deerfoot,Calgary,TRR,18445.5,803,18445.5
4/24/2025,Playdium Dartmouth,Dartmouth,PDM,3731.36,261,3731.36
4/24/2025,TRR Seasons of Tuxedo,Winnipeg,TRR,15442.21,648,15442.21
4/24/2025,Playdium Orion Gate,Brampton,PDM,2018.52,77,2018.52
4/24/2025,Playdium Fairview,Toronto,PDM,2330.5,130,2330.5
4/24/2025,Playdium Whitby,Whitby,PDM,4012.5,490,4012.5
4/24/2025,The Rec Room South Edmonton,Edmonton,TRR,15905.52,867,15905.52
4/24/2025,The Rec Room Royal Mount,Mont-Royal,TRR,4053.76,298,4053.76
4/24/2025,The Rec Room Park Place Barrie,Barrie,TRR,7713.95,525,7713.95
4/24/2025,The Rec Room Avalon Mall,St. John's,TRR,30196.26,1653,30196.26
4/24/2025,The Rec Room Granville,Vancouver,TRR,40035.31,1682,40035.31
4/24/2025,The Rec Room West Edmonton Mall,Edmonton,TRR,14093.88,643,14093.88
4/24/2025,The Rec Room Brentwood,Burnaby,TRR,16336.87,665,16336.87
4/24/2025,The Rec Room Roundhouse,Toronto,TRR,68246.87,4740,68246.87
4/24/2025,The Rec Room London Masonville,London,TRR,3860.73,194,3860.73
4/25/2025,The Rec Room South Edmonton,Edmonton,TRR,37132.83,3048,37132.83
4/25/2025,The Rec Room Brentwood,Burnaby,TRR,26430.06,1591,26430.06
4/25/2025,The Rec Room Park Place Barrie,Barrie,TRR,16669.23,1451,16669.23
4/25/2025,The Rec Room Deerfoot,Calgary,TRR,29761.83,2594,29761.83
4/25/2025,The Rec Room Square One,Mississauga,TRR,26348.93,1789,26348.93
4/25/2025,The Rec Room West Edmonton Mall,Edmonton,TRR,19248.17,1551,19248.17
4/25/2025,The Rec Room Avalon Mall,St. John's,TRR,36939.18,2667,36939.18
4/25/2025,The Rec Room Royal Mount,Mont-Royal,TRR,15377.22,1017,15377.22
4/25/2025,Playdium Orion Gate,Brampton,PDM,4725.51,249,4725.51
4/25/2025,The Rec Room London Masonville,London,TRR,9659.81,867,9659.81
4/25/2025,The Rec Room Granville,Vancouver,TRR,25133.42,1751,25133.42
4/25/2025,Playdium Whitby,Whitby,PDM,13253.03,563,13253.03
4/25/2025,Playdium Fairview,Toronto,PDM,5117.59,567,5117.59
4/25/2025,TRR Seasons of Tuxedo,Winnipeg,TRR,25830.7,1746,25830.7
4/25/2025,The Rec Room Roundhouse,Toronto,TRR,59695.88,3809,59695.88
4/25/2025,Playdium Dartmouth,Dartmouth,PDM,9346.5,279,9346.5
4/26/2025,The Rec Room Roundhouse,Toronto,TRR,118913.68,8178,118913.68
4/26/2025,The Rec Room West Edmonton Mall,Edmonton,TRR,41589.82,2448,41589.82
4/26/2025,The Rec Room Avalon Mall,St. John's,TRR,35600.96,1849,35600.96
4/26/2025,The Rec Room Granville,Vancouver,TRR,53577.13,2856,53577.13
4/26/2025,The Rec Room Square One,Mississauga,TRR,48074.99,3013,48074.99
4/26/2025,The Rec Room South Edmonton,Edmonton,TRR,56431.9,3640,56431.9
4/26/2025,The Rec Room Park Place Barrie,Barrie,TRR,44550.48,3137,44550.48
4/26/2025,The Rec Room Brentwood,Burnaby,TRR,35996.18,1788,35996.18
4/26/2025,The Rec Room London Masonville,London,TRR,26345.53,1513,26345.53
4/26/2025,Playdium Whitby,Whitby,PDM,38861.75,1605,38861.75
4/26/2025,Playdium Orion Gate,Brampton,PDM,28943.68,1416,28943.68
4/26/2025,TRR Seasons of Tuxedo,Winnipeg,TRR,50563.12,2311,50563.12
4/26/2025,Playdium Fairview,Toronto,PDM,27738.32,1391,27738.32
4/26/2025,Playdium Dartmouth,Dartmouth,PDM,41679.84,1267,41679.84
4/26/2025,The Rec Room Deerfoot,Calgary,TRR,56775.25,3148,56775.25
4/26/2025,The Rec Room Royal Mount,Mont-Royal,TRR,46521.8,2436,46521.8
4/27/2025,The Rec Room Avalon Mall,St. John's,TRR,26444.58,1327,26444.58
4/27/2025,The Rec Room Granville,Vancouver,TRR,34254.64,1324,34254.64
4/27/2025,Playdium Whitby,Whitby,PDM,22201.05,1029,22201.05
4/27/2025,Playdium Fairview,Toronto,PDM,16133.92,722,16133.92
4/27/2025,The Rec Room South Edmonton,Edmonton,TRR,56231.88,1533,56231.88
4/27/2025,TRR Seasons of Tuxedo,Winnipeg,TRR,55697.04,2215,55697.04
4/27/2025,The Rec Room London Masonville,London,TRR,31353.86,503,31353.86
4/27/2025,The Rec Room Deerfoot,Calgary,TRR,54130.89,1305,54130.89
4/27/2025,The Rec Room Royal Mount,Mont-Royal,TRR,25915.17,1784,25915.17
4/27/2025,The Rec Room West Edmonton Mall,Edmonton,TRR,34337.75,1059,34337.75
4/27/2025,The Rec Room Brentwood,Burnaby,TRR,35206.46,1083,35206.46
4/27/2025,Playdium Dartmouth,Dartmouth,PDM,20516.34,751,20516.34
4/27/2025,The Rec Room Square One,Mississauga,TRR,33542.56,1190,33542.56
4/27/2025,The Rec Room Park Place Barrie,Barrie,TRR,34518.84,1146,34518.84
4/27/2025,Playdium Orion Gate,Brampton,PDM,20756.49,1044,20756.49
4/27/2025,The Rec Room Roundhouse,Toronto,TRR,98586.7,3922,98586.7
4/28/2025,The Rec Room Roundhouse,Toronto,TRR,47184.06,2520,47184.06
4/28/2025,The Rec Room Brentwood,Burnaby,TRR,14231.68,809,14231.68
4/28/2025,The Rec Room Granville,Vancouver,TRR,23535.34,1517,23535.34
4/28/2025,The Rec Room Avalon Mall,St. John's,TRR,8030.92,631,8030.92
4/28/2025,The Rec Room South Edmonton,Edmonton,TRR,14428.29,873,14428.29
4/28/2025,The Rec Room Park Place Barrie,Barrie,TRR,4822.72,300,4822.72
4/28/2025,The Rec Room London Masonville,London,TRR,2214.17,189,2214.17
4/28/2025,The Rec Room West Edmonton Mall,Edmonton,TRR,6350.68,363,6350.68
4/28/2025,The Rec Room Royal Mount,Mont-Royal,TRR,2132.06,136,2132.06
4/28/2025,TRR Seasons of Tuxedo,Winnipeg,TRR,11633.74,959,11633.74
4/28/2025,Playdium Fairview,Toronto,PDM,2285.6,144,2285.6
4/28/2025,The Rec Room Square One,Mississauga,TRR,11855.25,531,11855.25
4/28/2025,The Rec Room Deerfoot,Calgary,TRR,8585.9,612,8585.9
4/29/2025,Playdium Dartmouth,Dartmouth,PDM,8139.9,331,8139.9
4/29/2025,Playdium Orion Gate,Brampton,PDM,1640.5,47,1640.5
4/29/2025,The Rec Room Royal Mount,Mont-Royal,TRR,4219.84,265,4219.84
4/29/2025,The Rec Room Square One,Mississauga,TRR,26840.71,1297,26840.71
4/29/2025,The Rec Room London Masonville,London,TRR,7527.94,239,7527.94
4/29/2025,The Rec Room Deerfoot,Calgary,TRR,10880.4,637,10880.4
4/29/2025,The Rec Room Park Place Barrie,Barrie,TRR,5802.15,401,5802.15
4/29/2025,The Rec Room South Edmonton,Edmonton,TRR,14258.04,852,14258.04
4/29/2025,The Rec Room Granville,Vancouver,TRR,23215.18,1015,23215.18
4/29/2025,The Rec Room Avalon Mall,St. John's,TRR,9130.46,648,9130.46
4/29/2025,Playdium Whitby,Whitby,PDM,3301.47,195,3301.47
4/29/2025,TRR Seasons of Tuxedo,Winnipeg,TRR,13830.59,751,13830.59
4/29/2025,Playdium Fairview,Toronto,PDM,2121.9,117,2121.9
4/29/2025,The Rec Room West Edmonton Mall,Edmonton,TRR,12362.29,670,12362.29
4/29/2025,The Rec Room Roundhouse,Toronto,TRR,62257.62,3349,62257.62
4/29/2025,The Rec Room Brentwood,Burnaby,TRR,14121.55,727,14121.55
4/30/2025,TRR Seasons of Tuxedo,Winnipeg,TRR,9510.43,453,9510.43
4/30/2025,The Rec Room Deerfoot,Calgary,TRR,28249.75,1185,28249.75
4/30/2025,The Rec Room Square One,Mississauga,TRR,10790.33,980,10790.33
4/30/2025,The Rec Room West Edmonton Mall,Edmonton,TRR,21393.9,2515,21393.9
4/30/2025,Playdium Dartmouth,Dartmouth,PDM,6294.43,330,6294.43
4/30/2025,The Rec Room Roundhouse,Toronto,TRR,92114.58,3892,92114.58
4/30/2025,The Rec Room Brentwood,Burnaby,TRR,19593.78,941,19593.78
4/30/2025,The Rec Room London Masonville,London,TRR,5793.39,309,5793.39
4/30/2025,The Rec Room Avalon Mall,St. John's,TRR,6307.38,440,6307.38
4/30/2025,Playdium Whitby,Whitby,PDM,2945.27,120,2945.27
4/30/2025,The Rec Room Royal Mount,Mont-Royal,TRR,12454.61,861,12454.61
4/30/2025,Playdium Orion Gate,Brampton,PDM,1935.48,80,1935.48
4/30/2025,Playdium Fairview,Toronto,PDM,2222.9,103,2222.9
4/30/2025,The Rec Room Park Place Barrie,Barrie,TRR,4918.54,305,4918.54
4/30/2025,The Rec Room Granville,Vancouver,TRR,25691.19,1692,25691.19
4/30/2025,The Rec Room South Edmonton,Edmonton,TRR,15653.94,1225,15653.94
5/1/2025,The Rec Room South Edmonton,Edmonton,TRR,19138.42,840,19138.42
5/1/2025,The Rec Room Royal Mount,Mont-Royal,TRR,5199.09,310,5199.09
5/1/2025,The Rec Room Granville,Vancouver,TRR,48958.97,2003,48958.97
5/1/2025,The Rec Room London Masonville,London,TRR,6456.36,265,6456.36
5/1/2025,The Rec Room Roundhouse,Toronto,TRR,70933.66,3966,70933.66
5/1/2025,The Rec Room Park Place Barrie,Barrie,TRR,6964.09,485,6964.09
5/1/2025,TRR Seasons of Tuxedo,Winnipeg,TRR,7201.1,481,7201.1
5/1/2025,The Rec Room West Edmonton Mall,Edmonton,TRR,8819.68,587,8819.68
5/1/2025,The Rec Room Brentwood,Burnaby,TRR,21663.74,849,21663.74
5/1/2025,The Rec Room Deerfoot,Calgary,TRR,9022.8,497,9022.8
5/1/2025,Playdium Whitby,Whitby,PDM,2978.48,147,2978.48
5/1/2025,Playdium Orion Gate,Brampton,PDM,5803.1,254,5803.1
5/1/2025,The Rec Room Avalon Mall,St. John's,TRR,9873.93,553,9873.93
5/1/2025,The Rec Room Square One,Mississauga,TRR,64883.06,2762,64883.06
5/1/2025,Playdium Fairview,Toronto,PDM,2441.88,139,2441.88
5/1/2025,Playdium Dartmouth,Dartmouth,PDM,4759.89,131,4759.89
5/2/2025,Playdium Dartmouth,Dartmouth,PDM,11814.89,360,11814.89
5/2/2025,Playdium Fairview,Toronto,PDM,6832.84,619,6832.84
5/2/2025,Playdium Orion Gate,Brampton,PDM,5959.13,206,5959.13
5/2/2025,Playdium Whitby,Whitby,PDM,7984.9,563,7984.9
5/2/2025,The Rec Room Avalon Mall,St. John's,TRR,18762.1,1119,18762.1
5/2/2025,The Rec Room Brentwood,Burnaby,TRR,28448.38,1700,28448.38
5/2/2025,The Rec Room Deerfoot,Calgary,TRR,19670.11,1582,19670.11
5/2/2025,The Rec Room Granville,Vancouver,TRR,43829.44,2412,43829.44
5/2/2025,The Rec Room London Masonville,London,TRR,11785.73,918,11785.73
5/2/2025,The Rec Room Park Place Barrie,Barrie,TRR,26662.46,2071,26662.46
5/2/2025,The Rec Room Roundhouse,Toronto,TRR,64381.73,4461,64381.73
5/2/2025,The Rec Room Royal Mount,Mont-Royal,TRR,11468.83,823,11468.83
5/2/2025,The Rec Room South Edmonton,Edmonton,TRR,26371.67,2536,26371.67
5/2/2025,The Rec Room Square One,Mississauga,TRR,20940.9,1425,20940.9
5/2/2025,The Rec Room West Edmonton Mall,Edmonton,TRR,20806.18,1757,20806.18
5/2/2025,TRR Seasons of Tuxedo,Winnipeg,TRR,27186.66,1525,27186.66
5/3/2025,The Rec Room Granville,Vancouver,TRR,48273.42,2659,48273.42
5/3/2025,The Rec Room Roundhouse,Toronto,TRR,96271.68,6690,96271.68
5/3/2025,The Rec Room South Edmonton,Edmonton,TRR,58646.92,3377,58646.92
5/3/2025,The Rec Room London Masonville,London,TRR,28450.4,1862,28450.4
5/3/2025,The Rec Room Royal Mount,Mont-Royal,TRR,34593.72,2006,34593.72
5/3/2025,The Rec Room Brentwood,Burnaby,TRR,44764.84,2238,44764.84
5/3/2025,Playdium Dartmouth,Dartmouth,PDM,29495.22,902,29495.22
5/3/2025,The Rec Room Park Place Barrie,Barrie,TRR,43033.24,2737,43033.24
5/3/2025,The Rec Room West Edmonton Mall,Edmonton,TRR,37510.83,2219,37510.83
5/3/2025,The Rec Room Avalon Mall,St. John's,TRR,32761.27,1810,32761.27
5/3/2025,Playdium Fairview,Toronto,PDM,28096.33,1665,28096.33
5/3/2025,The Rec Room Deerfoot,Calgary,TRR,35582.21,2223,35582.21
5/3/2025,TRR Seasons of Tuxedo,Winnipeg,TRR,35393.47,2092,35393.47
5/3/2025,The Rec Room Square One,Mississauga,TRR,52609.7,3150,52609.7
5/3/2025,Playdium Orion Gate,Brampton,PDM,22399.41,946,22399.41
5/3/2025,Playdium Whitby,Whitby,PDM,38890.66,1561,38890.66
5/4/2025,The Rec Room West Edmonton Mall,Edmonton,TRR,32915.68,874,32915.68
5/4/2025,The Rec Room Square One,Mississauga,TRR,28922.35,869,28922.35
5/4/2025,TRR Seasons of Tuxedo,Winnipeg,TRR,39197.76,1387,39197.76
5/4/2025,The Rec Room Deerfoot,Calgary,TRR,51016.67,1500,51016.67
5/4/2025,The Rec Room London Masonville,London,TRR,35552.16,689,35552.16
5/4/2025,The Rec Room Granville,Vancouver,TRR,26424.92,972,26424.92
5/4/2025,The Rec Room Brentwood,Burnaby,TRR,36361.1,1036,36361.1
5/4/2025,The Rec Room Park Place Barrie,Barrie,TRR,31613.15,1058,31613.15
5/4/2025,Playdium Orion Gate,Brampton,PDM,16154.2,702,16154.2
5/4/2025,The Rec Room Avalon Mall,St. John's,TRR,16200.6,836,16200.6
5/4/2025,The Rec Room Roundhouse,Toronto,TRR,129110.04,4710,129110.04
5/4/2025,Playdium Whitby,Whitby,PDM,20885.27,953,20885.27
5/4/2025,Playdium Fairview,Toronto,PDM,39778.24,1326,39778.24
5/4/2025,The Rec Room South Edmonton,Edmonton,TRR,54666.02,1597,54666.02
5/4/2025,Playdium Dartmouth,Dartmouth,PDM,16437.12,544,16437.12
5/4/2025,The Rec Room Royal Mount,Mont-Royal,TRR,12945.63,1034,12945.63
5/5/2025,Playdium Fairview,Toronto,PDM,3471.16,170,3471.16
5/5/2025,The Rec Room Roundhouse,Toronto,TRR,44474.32,2529,44474.32
5/5/2025,The Rec Room South Edmonton,Edmonton,TRR,7860,565,7860
5/5/2025,The Rec Room Royal Mount,Mont-Royal,TRR,2509.79,198,2509.79
5/5/2025,Playdium Dartmouth,Dartmouth,PDM,0,90,0
5/5/2025,The Rec Room Granville,Vancouver,TRR,28914.5,1674,28914.5
5/5/2025,The Rec Room London Masonville,London,TRR,3160.75,201,3160.75
5/5/2025,The Rec Room Square One,Mississauga,TRR,8549.65,486,8549.65
5/5/2025,The Rec Room West Edmonton Mall,Edmonton,TRR,7846.34,445,7846.34
5/5/2025,The Rec Room Avalon Mall,St. John's,TRR,6687.96,524,6687.96
5/5/2025,The Rec Room Park Place Barrie,Barrie,TRR,4941.93,476,4941.93
5/5/2025,The Rec Room Brentwood,Burnaby,TRR,8566.81,576,8566.81
5/5/2025,TRR Seasons of Tuxedo,Winnipeg,TRR,6765.73,630,6765.73
5/5/2025,The Rec Room Deerfoot,Calgary,TRR,8909.36,593,8909.36
5/6/2025,The Rec Room Brentwood,Burnaby,TRR,9101.6,425,9101.6
5/6/2025,The Rec Room West Edmonton Mall,Edmonton,TRR,5751.04,335,5751.04
5/6/2025,The Rec Room Square One,Mississauga,TRR,14276.69,759,14276.69
5/6/2025,Playdium Orion Gate,Brampton,PDM,1018.48,61,1018.48
5/6/2025,The Rec Room Roundhouse,Toronto,TRR,90891.44,4016,90891.44
5/6/2025,TRR Seasons of Tuxedo,Winnipeg,TRR,15474.69,797,15474.69
5/6/2025,The Rec Room Park Place Barrie,Barrie,TRR,6033.06,459,6033.06
5/6/2025,The Rec Room Granville,Vancouver,TRR,8716.06,670,8716.06
5/6/2025,The Rec Room London Masonville,London,TRR,5920.97,317,5920.97
5/6/2025,Playdium Whitby,Whitby,PDM,2202.86,99,2202.86
5/6/2025,The Rec Room Deerfoot,Calgary,TRR,8145.86,393,8145.86
5/6/2025,The Rec Room Royal Mount,Mont-Royal,TRR,4580.06,268,4580.06
5/6/2025,Playdium Fairview,Toronto,PDM,2887.68,206,2887.68
5/6/2025,The Rec Room Avalon Mall,St. John's,TRR,5231.08,364,5231.08
5/6/2025,The Rec Room South Edmonton,Edmonton,TRR,14148.85,705,14148.85
5/6/2025,Playdium Dartmouth,Dartmouth,PDM,3233.52,116,3233.52
5/7/2025,The Rec Room Park Place Barrie,Barrie,TRR,4104.69,324,4104.69
5/7/2025,Playdium Fairview,Toronto,PDM,2138.48,142,2138.48
5/7/2025,The Rec Room Square One,Mississauga,TRR,6879.22,392,6879.22
5/7/2025,Playdium Orion Gate,Brampton,PDM,1892.5,73,1892.5
5/7/2025,The Rec Room Brentwood,Burnaby,TRR,13424.76,669,13424.76
5/7/2025,The Rec Room South Edmonton,Edmonton,TRR,59661.57,2028,59661.57
5/7/2025,The Rec Room Royal Mount,Mont-Royal,TRR,4670.85,329,4670.85
5/7/2025,Playdium Dartmouth,Dartmouth,PDM,2556.17,97,2556.17
5/7/2025,The Rec Room Granville,Vancouver,TRR,18513.98,1060,18513.98
5/7/2025,Playdium Whitby,Whitby,PDM,2116.49,88,2116.49
5/7/2025,TRR Seasons of Tuxedo,Winnipeg,TRR,8892.34,463,8892.34
5/7/2025,The Rec Room West Edmonton Mall,Edmonton,TRR,23888.44,2659,23888.44
5/7/2025,The Rec Room Deerfoot,Calgary,TRR,7134.71,445,7134.71
5/7/2025,The Rec Room London Masonville,London,TRR,2578.97,129,2578.97
5/7/2025,The Rec Room Roundhouse,Toronto,TRR,56573.6,2885,56573.6
5/7/2025,The Rec Room Avalon Mall,St. John's,TRR,5094.38,288,5094.38
5/8/2025,TRR Seasons of Tuxedo,Winnipeg,TRR,19310.45,949,19310.45
5/8/2025,The Rec Room Brentwood,Burnaby,TRR,12300.39,648,12300.39
5/8/2025,The Rec Room Granville,Vancouver,TRR,32052.72,1615,32052.72
5/8/2025,The Rec Room West Edmonton Mall,Edmonton,TRR,11907.2,578,11907.2
5/8/2025,The Rec Room Park Place Barrie,Barrie,TRR,5653.89,311,5653.89
5/8/2025,Playdium Fairview,Toronto,PDM,3419.81,167,3419.81
5/8/2025,The Rec Room Deerfoot,Calgary,TRR,7786.98,447,7786.98
5/8/2025,The Rec Room Royal Mount,Mont-Royal,TRR,6608.31,347,6608.31
5/8/2025,The Rec Room South Edmonton,Edmonton,TRR,14070.04,823,14070.04
5/8/2025,The Rec Room Square One,Mississauga,TRR,13868.15,653,13868.15
5/8/2025,The Rec Room Avalon Mall,St. John's,TRR,10967.71,636,10967.71
5/8/2025,Playdium Whitby,Whitby,PDM,1912.48,348,1912.48
5/8/2025,The Rec Room Roundhouse,Toronto,TRR,37076.49,1987,37076.49
5/8/2025,Playdium Orion Gate,Brampton,PDM,1902.4,54,1902.4
5/8/2025,The Rec Room London Masonville,London,TRR,3985.86,154,3985.86
5/8/2025,Playdium Dartmouth,Dartmouth,PDM,2755.58,104,2755.58
5/9/2025,The Rec Room London Masonville,London,TRR,7892.97,700,7892.97
5/9/2025,The Rec Room Deerfoot,Calgary,TRR,28463.48,2468,28463.48
5/9/2025,The Rec Room Avalon Mall,St. John's,TRR,21851.39,1332,21851.39
5/9/2025,TRR Seasons of Tuxedo,Winnipeg,TRR,19721.18,1306,19721.18
5/9/2025,The Rec Room Brentwood,Burnaby,TRR,24656.47,1459,24656.47
5/9/2025,The Rec Room West Edmonton Mall,Edmonton,TRR,19402.56,1634,19402.56
5/9/2025,The Rec Room Square One,Mississauga,TRR,18515.89,1409,18515.89
5/9/2025,Playdium Orion Gate,Brampton,PDM,4951.62,140,4951.62
5/9/2025,The Rec Room Roundhouse,Toronto,TRR,38637.07,2582,38637.07
5/9/2025,Playdium Whitby,Whitby,PDM,10069.48,359,10069.48
5/9/2025,The Rec Room South Edmonton,Edmonton,TRR,21246.41,1737,21246.41
5/9/2025,Playdium Fairview,Toronto,PDM,9529.65,657,9529.65
5/9/2025,The Rec Room Park Place Barrie,Barrie,TRR,13002.81,1111,13002.81
5/9/2025,The Rec Room Granville,Vancouver,TRR,39418.39,2021,39418.39
5/9/2025,Playdium Dartmouth,Dartmouth,PDM,8518.56,274,8518.56
5/9/2025,The Rec Room Royal Mount,Mont-Royal,TRR,17134.86,1061,17134.86
5/10/2025,Playdium Whitby,Whitby,PDM,30474.35,1503,30474.35
5/10/2025,The Rec Room Square One,Mississauga,TRR,34085.1,1967,34085.1
5/10/2025,Playdium Fairview,Toronto,PDM,19346.18,1045,19346.18
5/10/2025,The Rec Room Deerfoot,Calgary,TRR,57842.24,3210,57842.24
5/10/2025,The Rec Room Royal Mount,Mont-Royal,TRR,27557.37,1927,27557.37
5/10/2025,The Rec Room South Edmonton,Edmonton,TRR,49911.51,3258,49911.51
5/10/2025,The Rec Room London Masonville,London,TRR,39343.02,1852,39343.02
5/10/2025,Playdium Orion Gate,Brampton,PDM,19258.19,957,19258.19
5/10/2025,Playdium Dartmouth,Dartmouth,PDM,37202.27,1261,37202.27
5/10/2025,TRR Seasons of Tuxedo,Winnipeg,TRR,44801.48,2349,44801.48
5/10/2025,The Rec Room Brentwood,Burnaby,TRR,52431.15,2507,52431.15
5/10/2025,The Rec Room West Edmonton Mall,Edmonton,TRR,36091.46,2262,36091.46
5/10/2025,The Rec Room Park Place Barrie,Barrie,TRR,32340.2,2393,32340.2
5/10/2025,The Rec Room Roundhouse,Toronto,TRR,67030.83,4282,67030.83
5/10/2025,The Rec Room Granville,Vancouver,TRR,45955.13,2471,45955.13
5/10/2025,The Rec Room Avalon Mall,St. John's,TRR,34556.14,2027,34556.14
5/11/2025,Playdium Dartmouth,Dartmouth,PDM,12280.18,367,12280.18
5/11/2025,Playdium Fairview,Toronto,PDM,11596.96,549,11596.96
5/11/2025,Playdium Orion Gate,Brampton,PDM,13814.92,596,13814.92
5/11/2025,Playdium Whitby,Whitby,PDM,12605.28,518,12605.28
5/11/2025,The Rec Room Avalon Mall,St. John's,TRR,12956.63,743,12956.63
5/11/2025,The Rec Room Brentwood,Burnaby,TRR,36161.31,1101,36161.31
5/11/2025,The Rec Room Deerfoot,Calgary,TRR,46662.33,1168,46662.33
5/11/2025,The Rec Room Granville,Vancouver,TRR,25391.48,904,25391.48
5/11/2025,The Rec Room London Masonville,London,TRR,10427.46,366,10427.46
5/11/2025,The Rec Room Park Place Barrie,Barrie,TRR,19881.65,525,19881.65
5/11/2025,The Rec Room Roundhouse,Toronto,TRR,46226.62,2200,46226.62
5/11/2025,The Rec Room Royal Mount,Mont-Royal,TRR,16706.21,633,16706.21
5/11/2025,The Rec Room South Edmonton,Edmonton,TRR,46378.6,1164,46378.6
5/11/2025,The Rec Room Square One,Mississauga,TRR,30471.03,1164,30471.03
5/11/2025,The Rec Room West Edmonton Mall,Edmonton,TRR,20394.1,657,20394.1
5/11/2025,TRR Seasons of Tuxedo,Winnipeg,TRR,26900.16,832,26900.16
5/12/2025,Playdium Fairview,Toronto,PDM,1971.97,110,1971.97
5/12/2025,The Rec Room Avalon Mall,St. John's,TRR,8031.89,497,8031.89
5/12/2025,The Rec Room Brentwood,Burnaby,TRR,9795.15,832,9795.15
5/12/2025,The Rec Room Deerfoot,Calgary,TRR,11764.6,650,11764.6
5/12/2025,The Rec Room Granville,Vancouver,TRR,8507.4,838,8507.4
5/12/2025,The Rec Room London Masonville,London,TRR,3280.37,197,3280.37
5/12/2025,The Rec Room Park Place Barrie,Barrie,TRR,2815.21,291,2815.21
5/12/2025,The Rec Room Roundhouse,Toronto,TRR,19411.85,1435,19411.85
5/12/2025,The Rec Room Royal Mount,Mont-Royal,TRR,2568.71,167,2568.71
5/12/2025,The Rec Room South Edmonton,Edmonton,TRR,20383.18,918,20383.18
5/12/2025,The Rec Room Square One,Mississauga,TRR,6488.19,635,6488.19
5/12/2025,The Rec Room West Edmonton Mall,Edmonton,TRR,11413.34,899,11413.34
5/12/2025,TRR Seasons of Tuxedo,Winnipeg,TRR,8294.95,663,8294.95
5/13/2025,The Rec Room South Edmonton,Edmonton,TRR,10517.2,499,10517.2
5/13/2025,Playdium Whitby,Whitby,PDM,2167.89,107,2167.89
5/13/2025,Playdium Fairview,Toronto,PDM,2312.2,358,2312.2
5/13/2025,The Rec Room Roundhouse,Toronto,TRR,72540.07,4509,72540.07
5/13/2025,The Rec Room Brentwood,Burnaby,TRR,10730.13,487,10730.13
5/13/2025,TRR Seasons of Tuxedo,Winnipeg,TRR,12407.37,490,12407.37
5/13/2025,The Rec Room Park Place Barrie,Barrie,TRR,6666.42,475,6666.42
5/13/2025,The Rec Room Granville,Vancouver,TRR,31352.93,1385,31352.93
5/13/2025,Playdium Orion Gate,Brampton,PDM,2156.48,53,2156.48
5/13/2025,The Rec Room Square One,Mississauga,TRR,18272.49,1014,18272.49
5/13/2025,Playdium Dartmouth,Dartmouth,PDM,4930.99,151,4930.99
5/13/2025,The Rec Room Avalon Mall,St. John's,TRR,7474,630,7474
5/13/2025,The Rec Room Deerfoot,Calgary,TRR,11476.36,599,11476.36
5/13/2025,The Rec Room London Masonville,London,TRR,6282.09,294,6282.09
5/13/2025,The Rec Room Royal Mount,Mont-Royal,TRR,2865.8,168,2865.8
5/13/2025,The Rec Room West Edmonton Mall,Edmonton,TRR,6941.35,534,6941.35
5/14/2025,The Rec Room South Edmonton,Edmonton,TRR,11570.2,753,11570.2
5/14/2025,The Rec Room London Masonville,London,TRR,3938.42,298,3938.42
5/14/2025,The Rec Room Brentwood,Burnaby,TRR,8905.81,495,8905.81
5/14/2025,The Rec Room Granville,Vancouver,TRR,41383.51,1731,41383.51
5/14/2025,The Rec Room Park Place Barrie,Barrie,TRR,7217.86,581,7217.86
5/14/2025,The Rec Room Roundhouse,Toronto,TRR,34538.3,1790,34538.3
5/14/2025,Playdium Whitby,Whitby,PDM,2258.96,81,2258.96
5/14/2025,The Rec Room Deerfoot,Calgary,TRR,10190.07,607,10190.07
5/14/2025,TRR Seasons of Tuxedo,Winnipeg,TRR,8785.81,392,8785.81
5/14/2025,The Rec Room West Edmonton Mall,Edmonton,TRR,9527.61,626,9527.61
5/14/2025,The Rec Room Royal Mount,Mont-Royal,TRR,5991.91,405,5991.91
5/14/2025,Playdium Dartmouth,Dartmouth,PDM,2715.48,128,2715.48
5/14/2025,Playdium Fairview,Toronto,PDM,5294.9,411,5294.9
5/14/2025,The Rec Room Square One,Mississauga,TRR,23174.05,1025,23174.05
5/14/2025,The Rec Room Avalon Mall,St. John's,TRR,4704.44,371,4704.44
5/14/2025,Playdium Orion Gate,Brampton,PDM,13801.99,1483,13801.99
5/15/2025,The Rec Room Royal Mount,Mont-Royal,TRR,12623.76,505,12623.76
5/15/2025,The Rec Room Deerfoot,Calgary,TRR,12094.22,631,12094.22
5/15/2025,The Rec Room Park Place Barrie,Barrie,TRR,5595.85,311,5595.85
5/15/2025,Playdium Dartmouth,Dartmouth,PDM,1370.49,40,1370.49
5/15/2025,Playdium Orion Gate,Brampton,PDM,2095.9,150,2095.9
5/15/2025,The Rec Room Avalon Mall,St. John's,TRR,8544.42,601,8544.42
5/15/2025,The Rec Room Square One,Mississauga,TRR,12977.86,831,12977.86
5/15/2025,The Rec Room Roundhouse,Toronto,TRR,64732.69,3298,64732.69
5/15/2025,The Rec Room London Masonville,London,TRR,3735.97,215,3735.97
5/15/2025,The Rec Room Brentwood,Burnaby,TRR,15658.31,675,15658.31
5/15/2025,The Rec Room West Edmonton Mall,Edmonton,TRR,16422.13,1023,16422.13
5/15/2025,Playdium Whitby,Whitby,PDM,2331.39,351,2331.39
5/15/2025,TRR Seasons of Tuxedo,Winnipeg,TRR,15936.47,723,15936.47
5/15/2025,Playdium Fairview,Toronto,PDM,4907.39,225,4907.39
5/15/2025,The Rec Room South Edmonton,Edmonton,TRR,12630.4,950,12630.4
5/15/2025,The Rec Room Granville,Vancouver,TRR,28296.16,1500,28296.16
5/16/2025,The Rec Room Deerfoot,Calgary,TRR,26722.44,2175,26722.44
5/16/2025,TRR Seasons of Tuxedo,Winnipeg,TRR,30228.9,1925,30228.9
5/16/2025,Playdium Orion Gate,Brampton,PDM,4886.86,113,4886.86
5/16/2025,The Rec Room West Edmonton Mall,Edmonton,TRR,21664.72,1458,21664.72
5/16/2025,The Rec Room Square One,Mississauga,TRR,22265.95,1332,22265.95
5/16/2025,The Rec Room South Edmonton,Edmonton,TRR,52074.57,2247,52074.57
5/16/2025,Playdium Fairview,Toronto,PDM,5509.75,352,5509.75
5/16/2025,The Rec Room Park Place Barrie,Barrie,TRR,12006.8,961,12006.8
5/16/2025,The Rec Room Brentwood,Burnaby,TRR,29842.15,1782,29842.15
5/16/2025,The Rec Room Roundhouse,Toronto,TRR,51812.08,3363,51812.08
5/16/2025,The Rec Room Granville,Vancouver,TRR,31411.09,1931,31411.09
5/16/2025,Playdium Dartmouth,Dartmouth,PDM,11405.13,535,11405.13
5/16/2025,The Rec Room Royal Mount,Mont-Royal,TRR,18309.13,1219,18309.13
5/16/2025,Playdium Whitby,Whitby,PDM,7497.18,238,7497.18
5/16/2025,The Rec Room London Masonville,London,TRR,10583.62,605,10583.62
5/16/2025,The Rec Room Avalon Mall,St. John's,TRR,19176.88,1234,19176.88
5/17/2025,The Rec Room Avalon Mall,St. John's,TRR,24325.82,1397,24325.82
5/17/2025,The Rec Room Square One,Mississauga,TRR,45676.75,2832,45676.75
5/17/2025,The Rec Room Granville,Vancouver,TRR,60626.23,3354,60626.23
5/17/2025,The Rec Room Deerfoot,Calgary,TRR,54890.57,2785,54890.57
5/17/2025,Playdium Dartmouth,Dartmouth,PDM,39314.33,1190,39314.33
5/17/2025,Playdium Orion Gate,Brampton,PDM,28792.79,1239,28792.79
5/17/2025,TRR Seasons of Tuxedo,Winnipeg,TRR,64128.17,3239,64128.17
5/17/2025,The Rec Room West Edmonton Mall,Edmonton,TRR,46502.12,2688,46502.12
5/17/2025,The Rec Room Roundhouse,Toronto,TRR,105426.57,7138,105426.57
5/17/2025,The Rec Room London Masonville,London,TRR,41400.57,1429,41400.57
5/17/2025,Playdium Fairview,Toronto,PDM,26868.22,1355,26868.22
5/17/2025,Playdium Whitby,Whitby,PDM,36246.24,1474,36246.24
5/17/2025,The Rec Room Brentwood,Burnaby,TRR,62627.75,2665,62627.75
5/17/2025,The Rec Room Royal Mount,Mont-Royal,TRR,54621.04,2618,54621.04
5/17/2025,The Rec Room Park Place Barrie,Barrie,TRR,35666.57,2281,35666.57
5/17/2025,The Rec Room South Edmonton,Edmonton,TRR,51405.83,3847,51405.83
5/18/2025,The Rec Room Granville,Vancouver,TRR,44509.24,1930,44509.24
5/18/2025,Playdium Orion Gate,Brampton,PDM,21448.87,815,21448.87
5/18/2025,TRR Seasons of Tuxedo,Winnipeg,TRR,67150.15,2363,67150.15
5/18/2025,The Rec Room Deerfoot,Calgary,TRR,91973.85,2415,91973.85
5/18/2025,The Rec Room West Edmonton Mall,Edmonton,TRR,46382.14,1846,46382.14
5/18/2025,The Rec Room Brentwood,Burnaby,TRR,63500.92,1859,63500.92
5/18/2025,The Rec Room Avalon Mall,St. John's,TRR,12245.37,648,12245.37
5/18/2025,The Rec Room London Masonville,London,TRR,27802.6,860,27802.6
5/18/2025,Playdium Dartmouth,Dartmouth,PDM,35944.27,1066,35944.27
5/18/2025,Playdium Fairview,Toronto,PDM,18624.33,922,18624.33
5/18/2025,The Rec Room Park Place Barrie,Barrie,TRR,47254.41,1600,47254.41
5/18/2025,The Rec Room Roundhouse,Toronto,TRR,112002.25,5389,112002.25
5/18/2025,Playdium Whitby,Whitby,PDM,29684.85,1098,29684.85
5/18/2025,The Rec Room Royal Mount,Mont-Royal,TRR,42636.21,2158,42636.21
5/18/2025,The Rec Room South Edmonton,Edmonton,TRR,69064.35,1831,69064.35
5/18/2025,The Rec Room Square One,Mississauga,TRR,47747.1,1935,47747.1
5/19/2025,The Rec Room Avalon Mall,St. John's,TRR,11457.81,684,11457.81
5/19/2025,Playdium Whitby,Whitby,PDM,14377.51,734,14377.51
5/19/2025,Playdium Fairview,Toronto,PDM,12492.15,701,12492.15
5/19/2025,Playdium Orion Gate,Brampton,PDM,16175.55,646,16175.55
5/19/2025,The Rec Room London Masonville,London,TRR,8705.73,169,8705.73
5/19/2025,The Rec Room Square One,Mississauga,TRR,24926.26,922,24926.26
5/19/2025,The Rec Room Deerfoot,Calgary,TRR,35016.38,1320,35016.38
5/19/2025,The Rec Room Granville,Vancouver,TRR,33348.55,1355,33348.55
5/19/2025,TRR Seasons of Tuxedo,Winnipeg,TRR,48180.98,1055,48180.98
5/19/2025,The Rec Room Roundhouse,Toronto,TRR,28614.47,1868,28614.47
5/19/2025,The Rec Room South Edmonton,Edmonton,TRR,37876.75,1639,37876.75
5/19/2025,Playdium Dartmouth,Dartmouth,PDM,16843.19,435,16843.19
5/19/2025,The Rec Room West Edmonton Mall,Edmonton,TRR,25391.98,1008,25391.98
5/19/2025,The Rec Room Park Place Barrie,Barrie,TRR,10641.97,654,10641.97
5/19/2025,The Rec Room Brentwood,Burnaby,TRR,45869.54,1985,45869.54
5/19/2025,The Rec Room Royal Mount,Mont-Royal,TRR,28395.69,1132,28395.69
5/20/2025,The Rec Room London Masonville,London,TRR,5642.75,264,5642.75
5/20/2025,The Rec Room Deerfoot,Calgary,TRR,10371.06,458,10371.06
5/20/2025,Playdium Whitby,Whitby,PDM,9279.4,614,9279.4
5/20/2025,The Rec Room Square One,Mississauga,TRR,12101.19,525,12101.19
5/20/2025,The Rec Room Roundhouse,Toronto,TRR,28788.96,1766,28788.96
5/20/2025,Playdium Dartmouth,Dartmouth,PDM,3068.93,87,3068.93
5/20/2025,The Rec Room Royal Mount,Mont-Royal,TRR,7312.54,379,7312.54
5/20/2025,The Rec Room South Edmonton,Edmonton,TRR,24419.36,1269,24419.36
5/20/2025,TRR Seasons of Tuxedo,Winnipeg,TRR,11446.96,585,11446.96
5/20/2025,The Rec Room Park Place Barrie,Barrie,TRR,3390.92,264,3390.92
5/20/2025,The Rec Room Granville,Vancouver,TRR,11482.6,804,11482.6
5/20/2025,The Rec Room West Edmonton Mall,Edmonton,TRR,15958.44,886,15958.44
5/20/2025,The Rec Room Avalon Mall,St. John's,TRR,9719.1,628,9719.1
5/20/2025,The Rec Room Brentwood,Burnaby,TRR,12667.62,506,12667.62
5/20/2025,Playdium Orion Gate,Brampton,PDM,963.96,35,963.96
5/20/2025,Playdium Fairview,Toronto,PDM,3485.2,149,3485.2
5/21/2025,The Rec Room Avalon Mall,St. John's,TRR,7342.66,473,7342.66
5/21/2025,Playdium Fairview,Toronto,PDM,3293.89,197,3293.89
5/21/2025,The Rec Room Roundhouse,Toronto,TRR,53243.45,3255,53243.45
5/21/2025,Playdium Dartmouth,Dartmouth,PDM,1969.78,82,1969.78
5/21/2025,The Rec Room Granville,Vancouver,TRR,32288.72,2008,32288.72
5/21/2025,The Rec Room Brentwood,Burnaby,TRR,13309.1,688,13309.1
5/21/2025,The Rec Room Park Place Barrie,Barrie,TRR,6429.02,427,6429.02
5/21/2025,The Rec Room Royal Mount,Mont-Royal,TRR,6686.85,375,6686.85
5/21/2025,The Rec Room South Edmonton,Edmonton,TRR,15383.27,1103,15383.27
5/21/2025,The Rec Room London Masonville,London,TRR,4542.46,233,4542.46
5/21/2025,TRR Seasons of Tuxedo,Winnipeg,TRR,10958.67,568,10958.67
5/21/2025,Playdium Whitby,Whitby,PDM,2206.48,113,2206.48
5/21/2025,The Rec Room Deerfoot,Calgary,TRR,13839.12,952,13839.12
5/21/2025,The Rec Room Square One,Mississauga,TRR,7511.87,467,7511.87
5/21/2025,Playdium Orion Gate,Brampton,PDM,4304.35,148,4304.35
5/21/2025,The Rec Room West Edmonton Mall,Edmonton,TRR,24620.1,1770,24620.1
5/22/2025,The Rec Room Brentwood,Burnaby,TRR,10614.53,525,10614.53
5/22/2025,The Rec Room West Edmonton Mall,Edmonton,TRR,10853.59,428,10853.59
5/22/2025,The Rec Room Square One,Mississauga,TRR,14920.74,809,14920.74
5/22/2025,Playdium Orion Gate,Brampton,PDM,9819.93,468,9819.93
5/22/2025,The Rec Room Roundhouse,Toronto,TRR,48410,3210,48410
5/22/2025,The Rec Room Avalon Mall,St. John's,TRR,7819.29,449,7819.29
5/22/2025,The Rec Room London Masonville,London,TRR,6188.96,321,6188.96
5/22/2025,The Rec Room Park Place Barrie,Barrie,TRR,8076.78,411,8076.78
5/22/2025,Playdium Dartmouth,Dartmouth,PDM,4341.13,141,4341.13
5/22/2025,The Rec Room South Edmonton,Edmonton,TRR,11116.15,841,11116.15
5/22/2025,The Rec Room Granville,Vancouver,TRR,36037,1293,36037
5/22/2025,TRR Seasons of Tuxedo,Winnipeg,TRR,5602.18,428,5602.18
5/22/2025,The Rec Room Royal Mount,Mont-Royal,TRR,18521.19,706,18521.19
5/22/2025,The Rec Room Deerfoot,Calgary,TRR,19370.21,983,19370.21
5/22/2025,Playdium Whitby,Whitby,PDM,3068.96,437,3068.96
5/22/2025,Playdium Fairview,Toronto,PDM,3902.77,196,3902.77
5/23/2025,The Rec Room Square One,Mississauga,TRR,17535.67,1185,17535.67
5/23/2025,The Rec Room Brentwood,Burnaby,TRR,26984.22,1706,26984.22
5/23/2025,Playdium Orion Gate,Brampton,PDM,6927.48,205,6927.48
5/23/2025,The Rec Room Roundhouse,Toronto,TRR,55970.03,3573,55970.03
5/23/2025,Playdium Whitby,Whitby,PDM,17567.33,613,17567.33
5/23/2025,The Rec Room London Masonville,London,TRR,15293.44,1124,15293.44
5/23/2025,Playdium Fairview,Toronto,PDM,9172.28,615,9172.28
5/23/2025,TRR Seasons of Tuxedo,Winnipeg,TRR,24644.8,1221,24644.8
5/23/2025,The Rec Room Avalon Mall,St. John's,TRR,18993.67,1141,18993.67
5/23/2025,The Rec Room Deerfoot,Calgary,TRR,24503.1,1935,24503.1
5/23/2025,The Rec Room West Edmonton Mall,Edmonton,TRR,21490.3,1977,21490.3
5/23/2025,The Rec Room South Edmonton,Edmonton,TRR,24925.7,2197,24925.7
5/23/2025,Playdium Dartmouth,Dartmouth,PDM,8321.3,324,8321.3
5/23/2025,The Rec Room Granville,Vancouver,TRR,31230.53,1862,31230.53
5/23/2025,The Rec Room Park Place Barrie,Barrie,TRR,15052.23,1304,15052.23
5/23/2025,The Rec Room Royal Mount,Mont-Royal,TRR,24256.32,1049,24256.32
5/24/2025,The Rec Room Roundhouse,Toronto,TRR,83732.42,5897,83732.42
5/24/2025,The Rec Room Royal Mount,Mont-Royal,TRR,52287.97,2796,52287.97
5/24/2025,Playdium Fairview,Toronto,PDM,24384.94,1064,24384.94
5/24/2025,The Rec Room South Edmonton,Edmonton,TRR,108476.15,5538,108476.15
5/24/2025,The Rec Room Deerfoot,Calgary,TRR,44528.36,2690,44528.36
5/24/2025,Playdium Dartmouth,Dartmouth,PDM,33863.45,1040,33863.45
5/24/2025,Playdium Orion Gate,Brampton,PDM,28220.82,1177,28220.82
5/24/2025,The Rec Room London Masonville,London,TRR,28234.21,1542,28234.21
5/24/2025,The Rec Room Brentwood,Burnaby,TRR,42029.33,2077,42029.33
5/24/2025,The Rec Room Granville,Vancouver,TRR,36481.54,1807,36481.54
5/24/2025,The Rec Room Park Place Barrie,Barrie,TRR,41979.24,3156,41979.24
5/24/2025,The Rec Room Avalon Mall,St. John's,TRR,30727.27,1973,30727.27
5/24/2025,Playdium Whitby,Whitby,PDM,43073.05,1829,43073.05
5/24/2025,The Rec Room West Edmonton Mall,Edmonton,TRR,37838.66,2114,37838.66
5/24/2025,TRR Seasons of Tuxedo,Winnipeg,TRR,47011,2854,47011
5/24/2025,The Rec Room Square One,Mississauga,TRR,40490.44,2252,40490.44
5/25/2025,The Rec Room Roundhouse,Toronto,TRR,83829.21,3895,83829.21
5/25/2025,The Rec Room Avalon Mall,St. John's,TRR,26966.27,1288,26966.27
5/25/2025,Playdium Orion Gate,Brampton,PDM,18446.24,848,18446.24
5/25/2025,The Rec Room London Masonville,London,TRR,28118.88,585,28118.88
5/25/2025,The Rec Room Brentwood,Burnaby,TRR,38262.17,876,38262.17
5/25/2025,The Rec Room Square One,Mississauga,TRR,34995.22,1356,34995.22
5/25/2025,The Rec Room Park Place Barrie,Barrie,TRR,39390.74,1298,39390.74
5/25/2025,The Rec Room West Edmonton Mall,Edmonton,TRR,28793.98,1190,28793.98
5/25/2025,The Rec Room Deerfoot,Calgary,TRR,40809.39,827,40809.39
5/25/2025,TRR Seasons of Tuxedo,Winnipeg,TRR,41596.12,1621,41596.12
5/25/2025,Playdium Fairview,Toronto,PDM,17175.92,778,17175.92
5/25/2025,The Rec Room South Edmonton,Edmonton,TRR,39224.82,1641,39224.82
5/25/2025,Playdium Dartmouth,Dartmouth,PDM,21507.96,688,21507.96
5/25/2025,The Rec Room Granville,Vancouver,TRR,25366.02,1231,25366.02
5/25/2025,Playdium Whitby,Whitby,PDM,22666.2,1150,22666.2
5/25/2025,The Rec Room Royal Mount,Mont-Royal,TRR,21858.24,1106,21858.24
5/26/2025,The Rec Room Granville,Vancouver,TRR,9488.7,733,9488.7
5/26/2025,The Rec Room Avalon Mall,St. John's,TRR,7006.92,542,7006.92
5/26/2025,The Rec Room West Edmonton Mall,Edmonton,TRR,8202.14,469,8202.14
5/26/2025,The Rec Room Brentwood,Burnaby,TRR,9923.54,1276,9923.54
5/26/2025,Playdium Fairview,Toronto,PDM,2599.49,127,2599.49
5/26/2025,The Rec Room Park Place Barrie,Barrie,TRR,5415.95,373,5415.95
5/26/2025,The Rec Room Square One,Mississauga,TRR,6858.58,535,6858.58
5/26/2025,TRR Seasons of Tuxedo,Winnipeg,TRR,8715.03,759,8715.03
5/26/2025,The Rec Room London Masonville,London,TRR,2223.13,137,2223.13
5/26/2025,The Rec Room South Edmonton,Edmonton,TRR,9079.26,572,9079.26
5/26/2025,The Rec Room Royal Mount,Mont-Royal,TRR,4733.92,381,4733.92
5/26/2025,The Rec Room Deerfoot,Calgary,TRR,9877.51,727,9877.51
5/26/2025,The Rec Room Roundhouse,Toronto,TRR,88089.3,5397,88089.3
5/27/2025,Playdium Fairview,Toronto,PDM,2894.9,145,2894.9
5/27/2025,The Rec Room Square One,Mississauga,TRR,16723.71,816,16723.71
5/27/2025,The Rec Room Royal Mount,Mont-Royal,TRR,6086.14,373,6086.14
5/27/2025,Playdium Dartmouth,Dartmouth,PDM,2514.85,76,2514.85
5/27/2025,TRR Seasons of Tuxedo,Winnipeg,TRR,9129.59,595,9129.59
5/27/2025,The Rec Room South Edmonton,Edmonton,TRR,14712.19,838,14712.19
5/27/2025,Playdium Whitby,Whitby,PDM,6959.33,378,6959.33
5/27/2025,The Rec Room Park Place Barrie,Barrie,TRR,4282.87,349,4282.87
5/27/2025,The Rec Room Avalon Mall,St. John's,TRR,8300.74,430,8300.74
5/27/2025,Playdium Orion Gate,Brampton,PDM,2603.5,66,2603.5
5/27/2025,The Rec Room Granville,Vancouver,TRR,21646.62,1057,21646.62
5/27/2025,The Rec Room Brentwood,Burnaby,TRR,15102.14,577,15102.14
5/27/2025,The Rec Room Roundhouse,Toronto,TRR,36749.97,2109,36749.97
5/27/2025,The Rec Room London Masonville,London,TRR,3955.37,145,3955.37
5/27/2025,The Rec Room West Edmonton Mall,Edmonton,TRR,7412.42,442,7412.42
5/27/2025,The Rec Room Deerfoot,Calgary,TRR,8156.37,307,8156.37
5/28/2025,Playdium Whitby,Whitby,PDM,2093.48,141,2093.48
5/28/2025,Playdium Fairview,Toronto,PDM,3229.47,161,3229.47
5/28/2025,TRR Seasons of Tuxedo,Winnipeg,TRR,9792.71,590,9792.71
5/28/2025,Playdium Orion Gate,Brampton,PDM,2944.99,78,2944.99
5/28/2025,The Rec Room Roundhouse,Toronto,TRR,72979.63,3499,72979.63
5/28/2025,Playdium Dartmouth,Dartmouth,PDM,3099.27,115,3099.27
5/28/2025,The Rec Room Royal Mount,Mont-Royal,TRR,4555.03,391,4555.03
5/28/2025,The Rec Room London Masonville,London,TRR,5120.3,223,5120.3
5/28/2025,The Rec Room Square One,Mississauga,TRR,31820.46,1118,31820.46
5/28/2025,The Rec Room West Edmonton Mall,Edmonton,TRR,7201.94,358,7201.94
5/28/2025,The Rec Room Deerfoot,Calgary,TRR,7905.35,529,7905.35
5/28/2025,The Rec Room Park Place Barrie,Barrie,TRR,10934.99,638,10934.99
5/28/2025,The Rec Room Granville,Vancouver,TRR,10376.46,651,10376.46
5/28/2025,The Rec Room Brentwood,Burnaby,TRR,16726.1,767,16726.1
5/28/2025,The Rec Room Avalon Mall,St. John's,TRR,6092.75,492,6092.75
5/28/2025,The Rec Room South Edmonton,Edmonton,TRR,8392.36,431,8392.36
5/29/2025,The Rec Room Granville,Vancouver,TRR,31925.85,1576,31925.85
5/29/2025,Playdium Fairview,Toronto,PDM,3430.22,211,3430.22
5/29/2025,The Rec Room South Edmonton,Edmonton,TRR,14032.59,815,14032.59
5/29/2025,TRR Seasons of Tuxedo,Winnipeg,TRR,14072.55,660,14072.55
5/29/2025,The Rec Room Brentwood,Burnaby,TRR,10617.7,749,10617.7
5/29/2025,The Rec Room London Masonville,London,TRR,4222.17,225,4222.17
5/29/2025,The Rec Room Avalon Mall,St. John's,TRR,7038.7,593,7038.7
5/29/2025,The Rec Room Deerfoot,Calgary,TRR,21859.88,1091,21859.88
5/29/2025,Playdium Orion Gate,Brampton,PDM,2765.02,147,2765.02
5/29/2025,The Rec Room West Edmonton Mall,Edmonton,TRR,9816.58,692,9816.58
5/29/2025,The Rec Room Roundhouse,Toronto,TRR,62318.39,3881,62318.39
5/29/2025,The Rec Room Park Place Barrie,Barrie,TRR,5910.88,367,5910.88
5/29/2025,The Rec Room Royal Mount,Mont-Royal,TRR,8069.79,402,8069.79
5/29/2025,Playdium Whitby,Whitby,PDM,6074.54,277,6074.54
5/29/2025,Playdium Dartmouth,Dartmouth,PDM,4790.48,171,4790.48
5/29/2025,The Rec Room Square One,Mississauga,TRR,17728.96,833,17728.96
5/30/2025,Playdium Fairview,Toronto,PDM,7293.85,536,7293.85
5/30/2025,TRR Seasons of Tuxedo,Winnipeg,TRR,18467.5,1313,18467.5
5/30/2025,The Rec Room London Masonville,London,TRR,12649.97,950,12649.97
5/30/2025,Playdium Whitby,Whitby,PDM,13826.05,892,13826.05
5/30/2025,Playdium Orion Gate,Brampton,PDM,4550.5,201,4550.5
5/30/2025,Playdium Dartmouth,Dartmouth,PDM,12517.4,515,12517.4
5/30/2025,The Rec Room Deerfoot,Calgary,TRR,17100.58,1521,17100.58
5/30/2025,The Rec Room West Edmonton Mall,Edmonton,TRR,10493.88,808,10493.88
5/30/2025,The Rec Room Royal Mount,Mont-Royal,TRR,12151.22,643,12151.22
5/30/2025,The Rec Room Square One,Mississauga,TRR,21676.91,1730,21676.91
5/30/2025,The Rec Room Granville,Vancouver,TRR,42330.92,2405,42330.92
5/30/2025,The Rec Room South Edmonton,Edmonton,TRR,37330.61,2171,37330.61
5/30/2025,The Rec Room Brentwood,Burnaby,TRR,23631.42,1168,23631.42
5/30/2025,The Rec Room Park Place Barrie,Barrie,TRR,14680.5,1346,14680.5
5/30/2025,The Rec Room Roundhouse,Toronto,TRR,73707.04,5180,73707.04
5/30/2025,The Rec Room Avalon Mall,St. John's,TRR,15151.71,1028,15151.71
5/31/2025,Playdium Fairview,Toronto,PDM,22618.76,1239,22618.76
5/31/2025,The Rec Room Granville,Vancouver,TRR,50399,2896,50399
5/31/2025,TRR Seasons of Tuxedo,Winnipeg,TRR,42631.54,2619,42631.54
5/31/2025,The Rec Room South Edmonton,Edmonton,TRR,59914.37,2805,59914.37
5/31/2025,The Rec Room Royal Mount,Mont-Royal,TRR,51503,3074,51503
5/31/2025,The Rec Room Deerfoot,Calgary,TRR,42403.97,2594,42403.97
5/31/2025,The Rec Room Roundhouse,Toronto,TRR,103212.86,6935,103212.86
5/31/2025,The Rec Room Park Place Barrie,Barrie,TRR,40004.66,2825,40004.66
5/31/2025,The Rec Room Brentwood,Burnaby,TRR,75240.92,3233,75240.92
5/31/2025,The Rec Room Square One,Mississauga,TRR,43297.84,3209,43297.84
5/31/2025,The Rec Room Avalon Mall,St. John's,TRR,30906.51,1685,30906.51
5/31/2025,The Rec Room London Masonville,London,TRR,26171.23,1333,26171.23
5/31/2025,Playdium Whitby,Whitby,PDM,42482.79,1778,42482.79
5/31/2025,Playdium Dartmouth,Dartmouth,PDM,52670.78,1910,52670.78
5/31/2025,Playdium Orion Gate,Brampton,PDM,21009.26,909,21009.26
5/31/2025,The Rec Room West Edmonton Mall,Edmonton,TRR,34576.63,2138,34576.63
6/1/2025,TRR Seasons of Tuxedo,Winnipeg,TRR,38707.66,1379,38707.66
6/1/2025,The Rec Room Square One,Mississauga,TRR,37469.23,1395,37469.23
6/1/2025,The Rec Room Deerfoot,Calgary,TRR,50815.85,1622,50815.85
6/1/2025,Playdium Orion Gate,Brampton,PDM,13529.77,335,13529.77
6/1/2025,The Rec Room West Edmonton Mall,Edmonton,TRR,31503.28,1148,31503.28
6/1/2025,The Rec Room London Masonville,London,TRR,29050.62,673,29050.62
6/1/2025,The Rec Room Brentwood,Burnaby,TRR,40803.83,1324,40803.83
6/1/2025,The Rec Room Granville,Vancouver,TRR,27227.32,853,27227.32
6/1/2025,Playdium Whitby,Whitby,PDM,23847.42,960,23847.42
6/1/2025,The Rec Room Park Place Barrie,Barrie,TRR,33369.63,842,33369.63
6/1/2025,The Rec Room Avalon Mall,St. John's,TRR,21315.16,1090,21315.16
6/1/2025,Playdium Fairview,Toronto,PDM,17559.28,581,17559.28
6/1/2025,The Rec Room Roundhouse,Toronto,TRR,66899.85,3776,66899.85
6/1/2025,The Rec Room Royal Mount,Mont-Royal,TRR,29949.36,1813,29949.36
6/1/2025,Playdium Dartmouth,Dartmouth,PDM,20248.89,673,20248.89
6/1/2025,The Rec Room South Edmonton,Edmonton,TRR,30541.5,1390,30541.5
6/2/2025,Playdium Fairview,Toronto,PDM,2213.4,158,2213.4
6/2/2025,The Rec Room Deerfoot,Calgary,TRR,11392.78,657,11392.78
6/2/2025,TRR Seasons of Tuxedo,Winnipeg,TRR,9593.71,716,9593.71
6/2/2025,The Rec Room Granville,Vancouver,TRR,9768.01,1125,9768.01
6/2/2025,The Rec Room Square One,Mississauga,TRR,5574.11,327,5574.11
6/2/2025,The Rec Room London Masonville,London,TRR,3388.62,224,3388.62
6/2/2025,The Rec Room West Edmonton Mall,Edmonton,TRR,5438.38,382,5438.38
6/2/2025,The Rec Room Avalon Mall,St. John's,TRR,3827.34,352,3827.34
6/2/2025,The Rec Room South Edmonton,Edmonton,TRR,9808.74,705,9808.74
6/2/2025,The Rec Room Park Place Barrie,Barrie,TRR,6049.26,519,6049.26
6/2/2025,Playdium Dartmouth,Dartmouth,PDM,0,1,0
6/2/2025,The Rec Room Royal Mount,Mont-Royal,TRR,4748.49,293,4748.49
6/2/2025,The Rec Room Brentwood,Burnaby,TRR,13388.05,916,13388.05
6/2/2025,The Rec Room Roundhouse,Toronto,TRR,26128.34,1943,26128.34
6/3/2025,Playdium Orion Gate,Brampton,PDM,2404.98,77,2404.98
6/3/2025,The Rec Room Granville,Vancouver,TRR,13788.46,732,13788.46
6/3/2025,The Rec Room Brentwood,Burnaby,TRR,9089.97,504,9089.97
6/3/2025,TRR Seasons of Tuxedo,Winnipeg,TRR,13991.21,657,13991.21
6/3/2025,The Rec Room West Edmonton Mall,Edmonton,TRR,8549.34,363,8549.34
6/3/2025,Playdium Fairview,Toronto,PDM,7872.1,400,7872.1
6/3/2025,The Rec Room Square One,Mississauga,TRR,25176.85,1156,25176.85
6/3/2025,The Rec Room Deerfoot,Calgary,TRR,17324.51,804,17324.51
6/3/2025,The Rec Room South Edmonton,Edmonton,TRR,11298.78,532,11298.78
6/3/2025,The Rec Room Roundhouse,Toronto,TRR,56105.28,4328,56105.28
6/3/2025,The Rec Room Park Place Barrie,Barrie,TRR,5315.4,372,5315.4
6/3/2025,Playdium Whitby,Whitby,PDM,2602.5,134,2602.5
6/3/2025,The Rec Room Royal Mount,Mont-Royal,TRR,3946.6,230,3946.6
6/3/2025,The Rec Room Avalon Mall,St. John's,TRR,5244.7,360,5244.7
6/3/2025,The Rec Room London Masonville,London,TRR,4303.21,184,4303.21
6/3/2025,Playdium Dartmouth,Dartmouth,PDM,2634,86,2634
6/4/2025,The Rec Room West Edmonton Mall,Edmonton,TRR,12182.89,697,12182.89
6/4/2025,The Rec Room South Edmonton,Edmonton,TRR,22060.74,1229,22060.74
6/4/2025,Playdium Dartmouth,Dartmouth,PDM,2693.99,258,2693.99
6/4/2025,The Rec Room Park Place Barrie,Barrie,TRR,4052.49,291,4052.49
6/4/2025,The Rec Room Roundhouse,Toronto,TRR,87290.26,4398,87290.26
6/4/2025,The Rec Room Brentwood,Burnaby,TRR,7741.12,462,7741.12
6/4/2025,Playdium Whitby,Whitby,PDM,1968.52,62,1968.52
6/4/2025,Playdium Orion Gate,Brampton,PDM,2160,57,2160
6/4/2025,The Rec Room Avalon Mall,St. John's,TRR,3962.26,273,3962.26
6/4/2025,The Rec Room Royal Mount,Mont-Royal,TRR,7018.24,505,7018.24
6/4/2025,The Rec Room Deerfoot,Calgary,TRR,11077.64,767,11077.64
6/4/2025,Playdium Fairview,Toronto,PDM,3156.48,158,3156.48
6/4/2025,The Rec Room Square One,Mississauga,TRR,14225.59,801,14225.59
6/4/2025,The Rec Room Granville,Vancouver,TRR,52915.11,2395,52915.11
6/4/2025,The Rec Room London Masonville,London,TRR,3970.96,190,3970.96
6/4/2025,TRR Seasons of Tuxedo,Winnipeg,TRR,6285.85,402,6285.85
6/5/2025,Playdium Whitby,Whitby,PDM,4232.81,172,4232.81
6/5/2025,The Rec Room Square One,Mississauga,TRR,17480.35,1055,17480.35
6/5/2025,The Rec Room Roundhouse,Toronto,TRR,61352.54,4661,61352.54
6/5/2025,The Rec Room Royal Mount,Mont-Royal,TRR,9875.76,802,9875.76
6/5/2025,The Rec Room South Edmonton,Edmonton,TRR,12706.45,556,12706.45
6/5/2025,The Rec Room Avalon Mall,St. John's,TRR,5194.21,323,5194.21
6/5/2025,Playdium Dartmouth,Dartmouth,PDM,16429.4,699,16429.4
6/5/2025,Playdium Fairview,Toronto,PDM,3453.77,154,3453.77
6/5/2025,TRR Seasons of Tuxedo,Winnipeg,TRR,15937.5,652,15937.5
6/5/2025,The Rec Room West Edmonton Mall,Edmonton,TRR,7751.66,395,7751.66
6/5/2025,Playdium Orion Gate,Brampton,PDM,1569.48,64,1569.48
6/5/2025,The Rec Room Brentwood,Burnaby,TRR,11391.83,545,11391.83
6/5/2025,The Rec Room Park Place Barrie,Barrie,TRR,5482.96,249,5482.96
6/5/2025,The Rec Room Granville,Vancouver,TRR,29999.78,1252,29999.78
6/5/2025,The Rec Room Deerfoot,Calgary,TRR,11748.94,609,11748.94
6/5/2025,The Rec Room London Masonville,London,TRR,4961.75,173,4961.75
6/6/2025,The Rec Room Royal Mount,Mont-Royal,TRR,21842.4,1124,21842.4
6/6/2025,Playdium Dartmouth,Dartmouth,PDM,11085.76,394,11085.76
6/6/2025,The Rec Room South Edmonton,Edmonton,TRR,22182.92,1922,22182.92
6/6/2025,The Rec Room Brentwood,Burnaby,TRR,18193.26,995,18193.26
6/6/2025,The Rec Room Avalon Mall,St. John's,TRR,11913.18,668,11913.18
6/6/2025,Playdium Fairview,Toronto,PDM,13217.53,890,13217.53
6/6/2025,The Rec Room Park Place Barrie,Barrie,TRR,13388.2,1235,13388.2
6/6/2025,The Rec Room Roundhouse,Toronto,TRR,64761.23,3288,64761.23
6/6/2025,The Rec Room Deerfoot,Calgary,TRR,24353.6,2200,24353.6
6/6/2025,Playdium Orion Gate,Brampton,PDM,6793.98,210,6793.98
6/6/2025,The Rec Room Granville,Vancouver,TRR,32173.82,1592,32173.82
6/6/2025,The Rec Room West Edmonton Mall,Edmonton,TRR,13305.08,1131,13305.08
6/6/2025,Playdium Whitby,Whitby,PDM,21302.01,1242,21302.01
6/6/2025,The Rec Room London Masonville,London,TRR,10351.79,726,10351.79
6/6/2025,The Rec Room Square One,Mississauga,TRR,23079.72,1337,23079.72
6/6/2025,TRR Seasons of Tuxedo,Winnipeg,TRR,25012.56,1492,25012.56
6/7/2025,Playdium Dartmouth,Dartmouth,PDM,40275.46,1514,40275.46
6/7/2025,The Rec Room Royal Mount,Mont-Royal,TRR,27368.74,1532,27368.74
6/7/2025,The Rec Room South Edmonton,Edmonton,TRR,48954.21,2653,48954.21
6/7/2025,The Rec Room Deerfoot,Calgary,TRR,47561.93,2959,47561.93
6/7/2025,Playdium Whitby,Whitby,PDM,23088.55,1006,23088.55
6/7/2025,Playdium Fairview,Toronto,PDM,20593.24,1055,20593.24
6/7/2025,The Rec Room Square One,Mississauga,TRR,39093.07,2242,39093.07
6/7/2025,The Rec Room Brentwood,Burnaby,TRR,36367.86,1807,36367.86
6/7/2025,The Rec Room West Edmonton Mall,Edmonton,TRR,32784.26,1818,32784.26
6/7/2025,The Rec Room Granville,Vancouver,TRR,41184.36,2126,41184.36
6/7/2025,TRR Seasons of Tuxedo,Winnipeg,TRR,48092.29,2666,48092.29
6/7/2025,The Rec Room London Masonville,London,TRR,24764.95,1306,24764.95
6/7/2025,The Rec Room Avalon Mall,St. John's,TRR,19036.67,1207,19036.67
6/7/2025,Playdium Orion Gate,Brampton,PDM,23083.37,1113,23083.37
6/7/2025,The Rec Room Roundhouse,Toronto,TRR,72003,5163,72003
6/7/2025,The Rec Room Park Place Barrie,Barrie,TRR,26337.1,1784,26337.1
6/8/2025,Playdium Fairview,Toronto,PDM,13958.83,707,13958.83
6/8/2025,Playdium Dartmouth,Dartmouth,PDM,16808.95,684,16808.95
6/8/2025,The Rec Room Royal Mount,Mont-Royal,TRR,14858.35,917,14858.35
6/8/2025,The Rec Room South Edmonton,Edmonton,TRR,43017.12,1410,43017.12
6/8/2025,The Rec Room London Masonville,London,TRR,22089.42,491,22089.42
6/8/2025,Playdium Orion Gate,Brampton,PDM,15955.24,577,15955.24
6/8/2025,The Rec Room Roundhouse,Toronto,TRR,55324.37,2916,55324.37
6/8/2025,Playdium Whitby,Whitby,PDM,17321.43,793,17321.43
6/8/2025,The Rec Room West Edmonton Mall,Edmonton,TRR,29850.04,943,29850.04
6/8/2025,The Rec Room Granville,Vancouver,TRR,20150.06,1327,20150.06
6/8/2025,The Rec Room Square One,Mississauga,TRR,29386.73,973,29386.73
6/8/2025,The Rec Room Brentwood,Burnaby,TRR,29729.98,952,29729.98
6/8/2025,The Rec Room Avalon Mall,St. John's,TRR,18816.26,813,18816.26
6/8/2025,The Rec Room Deerfoot,Calgary,TRR,49542.86,1490,49542.86
6/8/2025,The Rec Room Park Place Barrie,Barrie,TRR,21419.81,775,21419.81
6/8/2025,TRR Seasons of Tuxedo,Winnipeg,TRR,46463.41,1488,46463.41
6/9/2025,The Rec Room Park Place Barrie,Barrie,TRR,3550.04,187,3550.04
6/9/2025,Playdium Whitby,Whitby,PDM,0,111,0
6/9/2025,TRR Seasons of Tuxedo,Winnipeg,TRR,11187.64,671,11187.64
6/9/2025,The Rec Room West Edmonton Mall,Edmonton,TRR,10945.32,658,10945.32
6/9/2025,The Rec Room Granville,Vancouver,TRR,15045.8,798,15045.8
6/9/2025,The Rec Room Avalon Mall,St. John's,TRR,6564.17,667,6564.17
6/9/2025,The Rec Room South Edmonton,Edmonton,TRR,12716.66,1065,12716.66
6/9/2025,The Rec Room Deerfoot,Calgary,TRR,8949.58,705,8949.58
6/9/2025,The Rec Room Royal Mount,Mont-Royal,TRR,5894.22,394,5894.22
6/9/2025,Playdium Fairview,Toronto,PDM,6936.5,257,6936.5
6/9/2025,The Rec Room Roundhouse,Toronto,TRR,48829.41,2836,48829.41
6/9/2025,Playdium Orion Gate,Brampton,PDM,6899.83,238,6899.83
6/9/2025,The Rec Room Brentwood,Burnaby,TRR,9500.58,797,9500.58
6/9/2025,The Rec Room Square One,Mississauga,TRR,9932.69,525,9932.69
6/9/2025,The Rec Room London Masonville,London,TRR,4593.78,272,4593.78
6/10/2025,The Rec Room Avalon Mall,St. John's,TRR,5113.74,269,5113.74
6/10/2025,The Rec Room Deerfoot,Calgary,TRR,10823.1,504,10823.1
6/10/2025,TRR Seasons of Tuxedo,Winnipeg,TRR,10315.61,609,10315.61
6/10/2025,The Rec Room Roundhouse,Toronto,TRR,51003.28,3355,51003.28
6/10/2025,The Rec Room West Edmonton Mall,Edmonton,TRR,11321.45,749,11321.45
6/10/2025,The Rec Room Park Place Barrie,Barrie,TRR,13297.39,823,13297.39
6/10/2025,The Rec Room Square One,Mississauga,TRR,32335.49,1667,32335.49
6/10/2025,The Rec Room Brentwood,Burnaby,TRR,31862.11,1831,31862.11
6/10/2025,The Rec Room London Masonville,London,TRR,6784.49,281,6784.49
6/10/2025,Playdium Orion Gate,Brampton,PDM,2514.98,66,2514.98
6/10/2025,The Rec Room Granville,Vancouver,TRR,13263.82,638,13263.82
6/10/2025,Playdium Dartmouth,Dartmouth,PDM,3780.5,104,3780.5
6/10/2025,The Rec Room Royal Mount,Mont-Royal,TRR,5599.72,322,5599.72
6/10/2025,The Rec Room South Edmonton,Edmonton,TRR,12376.91,737,12376.91
6/10/2025,Playdium Whitby,Whitby,PDM,7507.27,571,7507.27
6/10/2025,Playdium Fairview,Toronto,PDM,3817.5,189,3817.5
6/11/2025,The Rec Room Granville,Vancouver,TRR,24634.6,1122,24634.6
6/11/2025,The Rec Room West Edmonton Mall,Edmonton,TRR,13988.66,683,13988.66
6/11/2025,Playdium Whitby,Whitby,PDM,6171.92,229,6171.92
6/11/2025,Playdium Orion Gate,Brampton,PDM,2002.9,63,2002.9
6/11/2025,TRR Seasons of Tuxedo,Winnipeg,TRR,9687.45,533,9687.45
6/11/2025,The Rec Room Avalon Mall,St. John's,TRR,5693.47,351,5693.47
6/11/2025,The Rec Room Brentwood,Burnaby,TRR,9735.02,622,9735.02
6/11/2025,The Rec Room Royal Mount,Mont-Royal,TRR,8915.26,577,8915.26
6/11/2025,The Rec Room Park Place Barrie,Barrie,TRR,5557.92,319,5557.92
6/11/2025,The Rec Room South Edmonton,Edmonton,TRR,20465.08,918,20465.08
6/11/2025,The Rec Room Roundhouse,Toronto,TRR,73194.05,4294,73194.05
6/11/2025,The Rec Room London Masonville,London,TRR,5202.48,483,5202.48
6/11/2025,The Rec Room Deerfoot,Calgary,TRR,10857.54,557,10857.54
6/11/2025,Playdium Fairview,Toronto,PDM,3190.01,182,3190.01
6/11/2025,The Rec Room Square One,Mississauga,TRR,19666.15,832,19666.15
6/11/2025,Playdium Dartmouth,Dartmouth,PDM,4156.16,138,4156.16
6/12/2025,Playdium Whitby,Whitby,PDM,8140.44,711,8140.44
6/12/2025,Playdium Dartmouth,Dartmouth,PDM,3237.01,109,3237.01
6/12/2025,TRR Seasons of Tuxedo,Winnipeg,TRR,15928.19,752,15928.19
6/12/2025,The Rec Room Granville,Vancouver,TRR,44510.13,1816,44510.13
6/12/2025,The Rec Room West Edmonton Mall,Edmonton,TRR,12630.73,842,12630.73
6/12/2025,The Rec Room Park Place Barrie,Barrie,TRR,3974.38,266,3974.38
6/12/2025,The Rec Room South Edmonton,Edmonton,TRR,14839.3,1197,14839.3
6/12/2025,The Rec Room Square One,Mississauga,TRR,10569.89,454,10569.89
6/12/2025,Playdium Fairview,Toronto,PDM,3205.49,105,3205.49
6/12/2025,The Rec Room Royal Mount,Mont-Royal,TRR,10506.66,649,10506.66
6/12/2025,The Rec Room London Masonville,London,TRR,20043.27,981,20043.27
6/12/2025,The Rec Room Deerfoot,Calgary,TRR,21641.34,1187,21641.34
6/12/2025,Playdium Orion Gate,Brampton,PDM,2331.98,89,2331.98
6/12/2025,The Rec Room Roundhouse,Toronto,TRR,115980.73,7209,115980.73
6/12/2025,The Rec Room Brentwood,Burnaby,TRR,13574.69,634,13574.69
6/12/2025,The Rec Room Avalon Mall,St. John's,TRR,7155.68,397,7155.68
6/13/2025,The Rec Room Brentwood,Burnaby,TRR,28832.75,1653,28832.75
6/13/2025,TRR Seasons of Tuxedo,Winnipeg,TRR,20540.19,1201,20540.19
6/13/2025,The Rec Room Avalon Mall,St. John's,TRR,13909.91,918,13909.91
6/13/2025,Playdium Whitby,Whitby,PDM,12370.37,482,12370.37
6/13/2025,The Rec Room Granville,Vancouver,TRR,43492.36,2142,43492.36
6/13/2025,The Rec Room South Edmonton,Edmonton,TRR,25371.36,2010,25371.36
6/13/2025,The Rec Room Square One,Mississauga,TRR,22103.79,1488,22103.79
6/13/2025,Playdium Orion Gate,Brampton,PDM,6391.27,236,6391.27
6/13/2025,Playdium Dartmouth,Dartmouth,PDM,6348.28,234,6348.28
6/13/2025,The Rec Room Deerfoot,Calgary,TRR,19206.95,1456,19206.95
6/13/2025,The Rec Room Roundhouse,Toronto,TRR,150732.67,8115,150732.67
6/13/2025,The Rec Room Park Place Barrie,Barrie,TRR,12600.31,1132,12600.31
6/13/2025,The Rec Room West Edmonton Mall,Edmonton,TRR,16241.21,1207,16241.21
6/13/2025,The Rec Room Royal Mount,Mont-Royal,TRR,25533.22,1216,25533.22
6/13/2025,Playdium Fairview,Toronto,PDM,8381.17,675,8381.17
6/13/2025,The Rec Room London Masonville,London,TRR,8898.73,725,8898.73
6/14/2025,The Rec Room Deerfoot,Calgary,TRR,38930.46,2348,38930.46
6/14/2025,The Rec Room Park Place Barrie,Barrie,TRR,26369.46,2015,26369.46
6/14/2025,Playdium Orion Gate,Brampton,PDM,20407.65,979,20407.65
6/14/2025,The Rec Room Brentwood,Burnaby,TRR,59847.33,2788,59847.33
6/14/2025,The Rec Room South Edmonton,Edmonton,TRR,89969.51,3745,89969.51
6/14/2025,Playdium Fairview,Toronto,PDM,24547.2,1139,24547.2
6/14/2025,TRR Seasons of Tuxedo,Winnipeg,TRR,37659.06,1971,37659.06
6/14/2025,The Rec Room Avalon Mall,St. John's,TRR,20686.51,1434,20686.51
6/14/2025,The Rec Room London Masonville,London,TRR,15415.08,784,15415.08
6/14/2025,The Rec Room Roundhouse,Toronto,TRR,86479.51,5290,86479.51
6/14/2025,Playdium Dartmouth,Dartmouth,PDM,23920.42,922,23920.42
6/14/2025,The Rec Room Square One,Mississauga,TRR,31190.4,1757,31190.4
6/14/2025,The Rec Room Granville,Vancouver,TRR,37842.34,1913,37842.34
6/14/2025,Playdium Whitby,Whitby,PDM,29372.25,1261,29372.25
6/14/2025,The Rec Room West Edmonton Mall,Edmonton,TRR,41181.14,2470,41181.14
6/14/2025,The Rec Room Royal Mount,Mont-Royal,TRR,30804,1778,30804
6/15/2025,The Rec Room Royal Mount,Mont-Royal,TRR,13480.6,842,13480.6
6/15/2025,The Rec Room Brentwood,Burnaby,TRR,34965.87,884,34965.87
6/15/2025,The Rec Room Granville,Vancouver,TRR,19867.44,593,19867.44
6/15/2025,The Rec Room South Edmonton,Edmonton,TRR,37790.34,1740,37790.34
6/15/2025,The Rec Room Avalon Mall,St. John's,TRR,9431.59,507,9431.59
6/15/2025,The Rec Room Roundhouse,Toronto,TRR,57140.53,2811,57140.53
6/15/2025,Playdium Fairview,Toronto,PDM,13793.36,637,13793.36
6/15/2025,The Rec Room Deerfoot,Calgary,TRR,54360.85,1444,54360.85
6/15/2025,The Rec Room Park Place Barrie,Barrie,TRR,30201.06,1048,30201.06
6/15/2025,TRR Seasons of Tuxedo,Winnipeg,TRR,31423.99,973,31423.99
6/15/2025,The Rec Room West Edmonton Mall,Edmonton,TRR,32239.08,688,32239.08
6/15/2025,The Rec Room London Masonville,London,TRR,18292.25,353,18292.25
6/15/2025,The Rec Room Square One,Mississauga,TRR,30624.99,1411,30624.99
6/15/2025,Playdium Whitby,Whitby,PDM,14243.11,444,14243.11
6/15/2025,Playdium Orion Gate,Brampton,PDM,13227.07,492,13227.07
6/15/2025,Playdium Dartmouth,Dartmouth,PDM,11869.26,334,11869.26
6/16/2025,The Rec Room South Edmonton,Edmonton,TRR,12837.7,676,12837.7
6/16/2025,The Rec Room Granville,Vancouver,TRR,5700.9,511,5700.9
6/16/2025,The Rec Room Roundhouse,Toronto,TRR,29773.77,2070,29773.77
6/16/2025,The Rec Room Park Place Barrie,Barrie,TRR,5286.25,379,5286.25
6/16/2025,The Rec Room Brentwood,Burnaby,TRR,13623.72,868,13623.72
6/16/2025,The Rec Room West Edmonton Mall,Edmonton,TRR,7552.52,435,7552.52
6/16/2025,TRR Seasons of Tuxedo,Winnipeg,TRR,11274.8,689,11274.8
6/16/2025,Playdium Fairview,Toronto,PDM,1916.98,223,1916.98
6/16/2025,The Rec Room Square One,Mississauga,TRR,11624.15,507,11624.15
6/16/2025,The Rec Room Royal Mount,Mont-Royal,TRR,3633.69,285,3633.69
6/16/2025,The Rec Room Avalon Mall,St. John's,TRR,6698.82,579,6698.82
6/16/2025,The Rec Room Deerfoot,Calgary,TRR,9007.6,792,9007.6
6/16/2025,Playdium Whitby,Whitby,PDM,0,382,0
6/16/2025,The Rec Room London Masonville,London,TRR,3135.14,450,3135.14
6/17/2025,The Rec Room Brentwood,Burnaby,TRR,19795.39,1016,19795.39
6/17/2025,The Rec Room Square One,Mississauga,TRR,22035.88,820,22035.88
6/17/2025,Playdium Whitby,Whitby,PDM,14163.96,678,14163.96
6/17/2025,The Rec Room Avalon Mall,St. John's,TRR,7256.46,408,7256.46
6/17/2025,The Rec Room South Edmonton,Edmonton,TRR,16575.13,1134,16575.13
6/17/2025,Playdium Fairview,Toronto,PDM,7266.75,547,7266.75
6/17/2025,The Rec Room Royal Mount,Mont-Royal,TRR,4670.2,247,4670.2
6/17/2025,Playdium Dartmouth,Dartmouth,PDM,2908.43,136,2908.43
6/17/2025,The Rec Room Granville,Vancouver,TRR,13021.83,655,13021.83
6/17/2025,The Rec Room Deerfoot,Calgary,TRR,21880.85,1779,21880.85
6/17/2025,TRR Seasons of Tuxedo,Winnipeg,TRR,18043.93,760,18043.93
6/17/2025,Playdium Orion Gate,Brampton,PDM,3880.05,268,3880.05
6/17/2025,The Rec Room Park Place Barrie,Barrie,TRR,6686.64,446,6686.64
6/17/2025,The Rec Room London Masonville,London,TRR,5707.4,245,5707.4
6/17/2025,The Rec Room West Edmonton Mall,Edmonton,TRR,10212.66,652,10212.66
6/17/2025,The Rec Room Roundhouse,Toronto,TRR,50391.05,3965,50391.05
6/18/2025,The Rec Room Roundhouse,Toronto,TRR,79854.43,4737,79854.43
6/18/2025,The Rec Room Royal Mount,Mont-Royal,TRR,15812.46,659,15812.46
6/18/2025,The Rec Room London Masonville,London,TRR,12676.38,460,12676.38
6/18/2025,The Rec Room West Edmonton Mall,Edmonton,TRR,9360.88,509,9360.88
6/18/2025,The Rec Room South Edmonton,Edmonton,TRR,35201.18,1389,35201.18
6/18/2025,The Rec Room Avalon Mall,St. John's,TRR,3918.63,230,3918.63
6/18/2025,Playdium Fairview,Toronto,PDM,4696.25,216,4696.25
6/18/2025,Playdium Whitby,Whitby,PDM,5802.5,395,5802.5
6/18/2025,The Rec Room Park Place Barrie,Barrie,TRR,5648.28,1173,5648.28
6/18/2025,The Rec Room Square One,Mississauga,TRR,28834.2,1384,28834.2
6/18/2025,The Rec Room Granville,Vancouver,TRR,15479.38,815,15479.38
6/18/2025,The Rec Room Brentwood,Burnaby,TRR,21747.39,1124,21747.39
6/18/2025,Playdium Dartmouth,Dartmouth,PDM,14982.95,507,14982.95
6/18/2025,Playdium Orion Gate,Brampton,PDM,6770.6,414,6770.6
6/18/2025,TRR Seasons of Tuxedo,Winnipeg,TRR,6365.36,493,6365.36
6/18/2025,The Rec Room Deerfoot,Calgary,TRR,28462.54,1371,28462.54
6/19/2025,The Rec Room Royal Mount,Mont-Royal,TRR,22347.21,1165,22347.21
6/19/2025,The Rec Room Roundhouse,Toronto,TRR,122632.49,6333,122632.49
6/19/2025,The Rec Room South Edmonton,Edmonton,TRR,27641.96,1276,27641.96
6/19/2025,Playdium Fairview,Toronto,PDM,14948.7,1013,14948.7
6/19/2025,The Rec Room Square One,Mississauga,TRR,18666.89,956,18666.89
6/19/2025,The Rec Room Avalon Mall,St. John's,TRR,8998.82,639,8998.82
6/19/2025,Playdium Whitby,Whitby,PDM,6708.72,454,6708.72
6/19/2025,TRR Seasons of Tuxedo,Winnipeg,TRR,14094.89,593,14094.89
6/19/2025,Playdium Orion Gate,Brampton,PDM,11137.9,958,11137.9
6/19/2025,The Rec Room Granville,Vancouver,TRR,35636.92,1566,35636.92
6/19/2025,The Rec Room London Masonville,London,TRR,6520.04,304,6520.04
6/19/2025,The Rec Room West Edmonton Mall,Edmonton,TRR,11615.72,793,11615.72
6/19/2025,The Rec Room Park Place Barrie,Barrie,TRR,95980.6,5897,95980.6
6/19/2025,Playdium Dartmouth,Dartmouth,PDM,10140.67,408,10140.67
6/19/2025,The Rec Room Deerfoot,Calgary,TRR,14521.66,1009,14521.66
6/19/2025,The Rec Room Brentwood,Burnaby,TRR,34059.92,1513,34059.92
6/20/2025,The Rec Room Park Place Barrie,Barrie,TRR,14445.83,1099,14445.83
6/20/2025,Playdium Dartmouth,Dartmouth,PDM,9388.03,245,9388.03
6/20/2025,The Rec Room Royal Mount,Mont-Royal,TRR,21784.2,1163,21784.2
6/20/2025,The Rec Room West Edmonton Mall,Edmonton,TRR,29629.46,2171,29629.46
6/20/2025,The Rec Room South Edmonton,Edmonton,TRR,36675.7,3095,36675.7
6/20/2025,Playdium Whitby,Whitby,PDM,16216.3,1119,16216.3
6/20/2025,The Rec Room Avalon Mall,St. John's,TRR,21892.35,1280,21892.35
6/20/2025,The Rec Room Roundhouse,Toronto,TRR,121984.67,8340,121984.67
6/20/2025,TRR Seasons of Tuxedo,Winnipeg,TRR,32971.67,1630,32971.67
6/20/2025,The Rec Room London Masonville,London,TRR,17301.32,1119,17301.32
6/20/2025,The Rec Room Brentwood,Burnaby,TRR,28402.73,1585,28402.73
6/20/2025,The Rec Room Granville,Vancouver,TRR,35347.38,1951,35347.38
6/20/2025,The Rec Room Deerfoot,Calgary,TRR,31933.44,2697,31933.44
6/20/2025,Playdium Fairview,Toronto,PDM,7901,550,7901
6/20/2025,The Rec Room Square One,Mississauga,TRR,25356.26,1710,25356.26
6/20/2025,Playdium Orion Gate,Brampton,PDM,8166.12,474,8166.12
6/21/2025,The Rec Room South Edmonton,Edmonton,TRR,77811.98,4139,77811.98
6/21/2025,Playdium Whitby,Whitby,PDM,33306.14,1407,33306.14
6/21/2025,The Rec Room Royal Mount,Mont-Royal,TRR,21288.37,1308,21288.37
6/21/2025,The Rec Room Roundhouse,Toronto,TRR,111231.68,7889,111231.68
6/21/2025,Playdium Dartmouth,Dartmouth,PDM,23017.96,805,23017.96
6/21/2025,The Rec Room Square One,Mississauga,TRR,40395.69,2057,40395.69
6/21/2025,The Rec Room West Edmonton Mall,Edmonton,TRR,36132.37,1970,36132.37
6/21/2025,The Rec Room London Masonville,London,TRR,13429.34,871,13429.34
6/21/2025,The Rec Room Brentwood,Burnaby,TRR,57948.72,2625,57948.72
6/21/2025,TRR Seasons of Tuxedo,Winnipeg,TRR,43420.94,2414,43420.94
6/21/2025,Playdium Fairview,Toronto,PDM,18879.69,856,18879.69
6/21/2025,The Rec Room Park Place Barrie,Barrie,TRR,28071.86,1912,28071.86
6/21/2025,The Rec Room Deerfoot,Calgary,TRR,80215.58,4679,80215.58
6/21/2025,The Rec Room Avalon Mall,St. John's,TRR,23513.75,1111,23513.75
6/21/2025,Playdium Orion Gate,Brampton,PDM,26426.5,1197,26426.5
6/21/2025,The Rec Room Granville,Vancouver,TRR,55731.81,2950,55731.81
6/22/2025,The Rec Room Park Place Barrie,Barrie,TRR,27624.44,846,27624.44
6/22/2025,Playdium Orion Gate,Brampton,PDM,13935.59,574,13935.59
6/22/2025,The Rec Room Roundhouse,Toronto,TRR,88336.66,7605,88336.66
6/22/2025,The Rec Room London Masonville,London,TRR,24056.05,526,24056.05
6/22/2025,The Rec Room Granville,Vancouver,TRR,29226.22,1051,29226.22
6/22/2025,The Rec Room West Edmonton Mall,Edmonton,TRR,35868.94,1249,35868.94
6/22/2025,Playdium Fairview,Toronto,PDM,16777.5,972,16777.5
6/22/2025,The Rec Room Square One,Mississauga,TRR,34608.39,1355,34608.39
6/22/2025,TRR Seasons of Tuxedo,Winnipeg,TRR,52789.35,1895,52789.35
6/22/2025,The Rec Room South Edmonton,Edmonton,TRR,57728.36,1673,57728.36
6/22/2025,Playdium Dartmouth,Dartmouth,PDM,19344.11,572,19344.11
6/22/2025,The Rec Room Deerfoot,Calgary,TRR,80262.66,2478,80262.66
6/22/2025,The Rec Room Brentwood,Burnaby,TRR,44483.29,1178,44483.29
6/22/2025,The Rec Room Royal Mount,Mont-Royal,TRR,11984.95,591,11984.95
6/22/2025,Playdium Whitby,Whitby,PDM,22204.43,1106,22204.43
6/22/2025,The Rec Room Avalon Mall,St. John's,TRR,12056.98,817,12056.98
6/23/2025,The Rec Room West Edmonton Mall,Edmonton,TRR,13110.99,830,13110.99
6/23/2025,The Rec Room South Edmonton,Edmonton,TRR,20626.26,1754,20626.26
6/23/2025,The Rec Room Royal Mount,Mont-Royal,TRR,11197.79,681,11197.79
6/23/2025,Playdium Dartmouth,Dartmouth,PDM,0,160,0
6/23/2025,The Rec Room Square One,Mississauga,TRR,11944.26,671,11944.26
6/23/2025,The Rec Room Avalon Mall,St. John's,TRR,13484.8,979,13484.8
6/23/2025,TRR Seasons of Tuxedo,Winnipeg,TRR,13308.99,1483,13308.99
6/23/2025,The Rec Room Deerfoot,Calgary,TRR,19689.36,1012,19689.36
6/23/2025,Playdium Whitby,Whitby,PDM,4042.97,437,4042.97
6/23/2025,The Rec Room London Masonville,London,TRR,4827.88,222,4827.88
6/23/2025,The Rec Room Park Place Barrie,Barrie,TRR,8950.75,660,8950.75
6/23/2025,Playdium Orion Gate,Brampton,PDM,3900.78,320,3900.78
6/23/2025,Playdium Fairview,Toronto,PDM,4548.9,285,4548.9
6/23/2025,The Rec Room Roundhouse,Toronto,TRR,40340.8,3030,40340.8
6/23/2025,The Rec Room Brentwood,Burnaby,TRR,19333.92,1168,19333.92
6/23/2025,The Rec Room Granville,Vancouver,TRR,13634.37,843,13634.37
6/24/2025,Playdium Fairview,Toronto,PDM,8633.46,454,8633.46
6/24/2025,Playdium Orion Gate,Brampton,PDM,9765.56,680,9765.56
6/24/2025,The Rec Room South Edmonton,Edmonton,TRR,17903.96,691,17903.96
6/24/2025,The Rec Room Royal Mount,Mont-Royal,TRR,17294.79,956,17294.79
6/24/2025,The Rec Room Deerfoot,Calgary,TRR,15157.08,701,15157.08
6/24/2025,Playdium Dartmouth,Dartmouth,PDM,6685.73,403,6685.73
6/24/2025,The Rec Room Avalon Mall,St. John's,TRR,10299.63,586,10299.63
6/24/2025,The Rec Room Square One,Mississauga,TRR,20446.69,976,20446.69
6/24/2025,The Rec Room Brentwood,Burnaby,TRR,18142.32,816,18142.32
6/24/2025,The Rec Room London Masonville,London,TRR,13905.68,541,13905.68
6/24/2025,The Rec Room Park Place Barrie,Barrie,TRR,16675.65,994,16675.65
6/24/2025,Playdium Whitby,Whitby,PDM,13806.43,985,13806.43
6/24/2025,The Rec Room Granville,Vancouver,TRR,15111.23,765,15111.23
6/24/2025,The Rec Room West Edmonton Mall,Edmonton,TRR,23201.14,798,23201.14
6/24/2025,TRR Seasons of Tuxedo,Winnipeg,TRR,35500.88,1311,35500.88
6/24/2025,The Rec Room Roundhouse,Toronto,TRR,50803.32,3285,50803.32
6/25/2025,Playdium Dartmouth,Dartmouth,PDM,8919.5,553,8919.5
6/25/2025,The Rec Room Royal Mount,Mont-Royal,TRR,9336.06,385,9336.06
6/25/2025,The Rec Room South Edmonton,Edmonton,TRR,28024.99,1714,28024.99
6/25/2025,The Rec Room Square One,Mississauga,TRR,29528.17,1406,29528.17
6/25/2025,TRR Seasons of Tuxedo,Winnipeg,TRR,12344.49,539,12344.49
6/25/2025,The Rec Room London Masonville,London,TRR,5595.98,265,5595.98
6/25/2025,The Rec Room Roundhouse,Toronto,TRR,456552.52,8446,456552.52
6/25/2025,The Rec Room Deerfoot,Calgary,TRR,13339.08,732,13339.08
6/25/2025,The Rec Room Brentwood,Burnaby,TRR,14154.02,949,14154.02
6/25/2025,Playdium Orion Gate,Brampton,PDM,11917.83,814,11917.83
6/25/2025,Playdium Whitby,Whitby,PDM,6361.96,312,6361.96
6/25/2025,The Rec Room West Edmonton Mall,Edmonton,TRR,16178.64,985,16178.64
6/25/2025,The Rec Room Avalon Mall,St. John's,TRR,6484.37,454,6484.37
6/25/2025,The Rec Room Park Place Barrie,Barrie,TRR,8291.46,709,8291.46
6/25/2025,Playdium Fairview,Toronto,PDM,5181.58,273,5181.58
6/25/2025,The Rec Room Granville,Vancouver,TRR,17026.52,1108,17026.52
6/26/2025,The Rec Room South Edmonton,Edmonton,TRR,22019.42,1137,22019.42
6/26/2025,The Rec Room Royal Mount,Mont-Royal,TRR,12053.83,614,12053.83
6/26/2025,Playdium Dartmouth,Dartmouth,PDM,6046.52,192,6046.52
6/26/2025,Playdium Whitby,Whitby,PDM,6483.44,460,6483.44
6/26/2025,Playdium Fairview,Toronto,PDM,6966.76,470,6966.76
6/26/2025,The Rec Room Avalon Mall,St. John's,TRR,16623.7,945,16623.7
6/26/2025,The Rec Room Square One,Mississauga,TRR,19741.66,1007,19741.66
6/26/2025,The Rec Room Brentwood,Burnaby,TRR,82046.5,2922,82046.5
6/26/2025,The Rec Room London Masonville,London,TRR,16544.25,594,16544.25
6/26/2025,The Rec Room Deerfoot,Calgary,TRR,22245.93,1181,22245.93
6/26/2025,The Rec Room West Edmonton Mall,Edmonton,TRR,13736.44,584,13736.44
6/26/2025,The Rec Room Park Place Barrie,Barrie,TRR,22069,1364,22069
6/26/2025,The Rec Room Granville,Vancouver,TRR,45805.7,2149,45805.7
6/26/2025,Playdium Orion Gate,Brampton,PDM,10490.92,774,10490.92
6/26/2025,TRR Seasons of Tuxedo,Winnipeg,TRR,17140.63,788,17140.63
6/26/2025,The Rec Room Roundhouse,Toronto,TRR,39883.35,2686,39883.35
6/27/2025,Playdium Fairview,Toronto,PDM,18754.78,737,18754.78
6/27/2025,The Rec Room Brentwood,Burnaby,TRR,28030.68,1387,28030.68
6/27/2025,The Rec Room Deerfoot,Calgary,TRR,21943.57,1778,21943.57
6/27/2025,Playdium Dartmouth,Dartmouth,PDM,9096.5,229,9096.5
6/27/2025,The Rec Room Roundhouse,Toronto,TRR,51231.02,3393,51231.02
6/27/2025,The Rec Room Royal Mount,Mont-Royal,TRR,19731.03,912,19731.03
6/27/2025,The Rec Room South Edmonton,Edmonton,TRR,26533.3,2150,26533.3
6/27/2025,TRR Seasons of Tuxedo,Winnipeg,TRR,23644.71,1349,23644.71
6/27/2025,The Rec Room Park Place Barrie,Barrie,TRR,16381.44,1372,16381.44
6/27/2025,Playdium Orion Gate,Brampton,PDM,6981.11,223,6981.11
6/27/2025,The Rec Room London Masonville,London,TRR,21279.77,817,21279.77
6/27/2025,The Rec Room West Edmonton Mall,Edmonton,TRR,12736.32,860,12736.32
6/27/2025,Playdium Whitby,Whitby,PDM,17970.88,630,17970.88
6/27/2025,The Rec Room Square One,Mississauga,TRR,20536.85,1373,20536.85
6/27/2025,The Rec Room Granville,Vancouver,TRR,29210.94,1725,29210.94
6/27/2025,The Rec Room Avalon Mall,St. John's,TRR,23761.16,1284,23761.16
6/28/2025,The Rec Room Deerfoot,Calgary,TRR,51582.04,2995,51582.04
6/28/2025,The Rec Room Brentwood,Burnaby,TRR,44730.34,1880,44730.34
6/28/2025,The Rec Room Park Place Barrie,Barrie,TRR,25192.51,1264,25192.51
6/28/2025,The Rec Room London Masonville,London,TRR,13817.74,981,13817.74
6/28/2025,The Rec Room West Edmonton Mall,Edmonton,TRR,33143.15,1744,33143.15
6/28/2025,The Rec Room Granville,Vancouver,TRR,31425.03,1495,31425.03
6/28/2025,The Rec Room Avalon Mall,St. John's,TRR,19791.95,962,19791.95
6/28/2025,Playdium Orion Gate,Brampton,PDM,19194.34,860,19194.34
6/28/2025,TRR Seasons of Tuxedo,Winnipeg,TRR,43045.21,1944,43045.21
6/28/2025,The Rec Room Roundhouse,Toronto,TRR,76068.65,5277,76068.65
6/28/2025,Playdium Dartmouth,Dartmouth,PDM,38737.07,1239,38737.07
6/28/2025,The Rec Room Royal Mount,Mont-Royal,TRR,32312.12,1971,32312.12
6/28/2025,The Rec Room South Edmonton,Edmonton,TRR,73273.16,3379,73273.16
6/28/2025,Playdium Fairview,Toronto,PDM,21582.46,980,21582.46
6/28/2025,The Rec Room Square One,Mississauga,TRR,28757.94,1794,28757.94
6/28/2025,Playdium Whitby,Whitby,PDM,28638.86,1258,28638.86
6/29/2025,The Rec Room Granville,Vancouver,TRR,32168.72,1168,32168.72
6/29/2025,The Rec Room Avalon Mall,St. John's,TRR,9475.97,490,9475.97
6/29/2025,The Rec Room Roundhouse,Toronto,TRR,73331.58,4057,73331.58
6/29/2025,The Rec Room West Edmonton Mall,Edmonton,TRR,36449.42,976,36449.42
6/29/2025,The Rec Room Park Place Barrie,Barrie,TRR,25229.61,727,25229.61
6/29/2025,The Rec Room London Masonville,London,TRR,19958.65,357,19958.65
6/29/2025,The Rec Room Deerfoot,Calgary,TRR,54377.34,1285,54377.34
6/29/2025,The Rec Room South Edmonton,Edmonton,TRR,55354.63,1809,55354.63
6/29/2025,Playdium Whitby,Whitby,PDM,12257,498,12257
6/29/2025,TRR Seasons of Tuxedo,Winnipeg,TRR,33897.21,910,33897.21
6/29/2025,Playdium Orion Gate,Brampton,PDM,15281.74,559,15281.74
6/29/2025,Playdium Dartmouth,Dartmouth,PDM,26672.52,730,26672.52
6/29/2025,The Rec Room Square One,Mississauga,TRR,27815.39,1203,27815.39
6/29/2025,The Rec Room Royal Mount,Mont-Royal,TRR,26478,1248,26478
6/29/2025,Playdium Fairview,Toronto,PDM,11711.72,546,11711.72
6/29/2025,The Rec Room Brentwood,Burnaby,TRR,28793.87,840,28793.87
6/30/2025,The Rec Room Granville,Vancouver,TRR,13714.26,923,13714.26
6/30/2025,Playdium Fairview,Toronto,PDM,13097.47,619,13097.47
6/30/2025,The Rec Room South Edmonton,Edmonton,TRR,22196.55,1364,22196.55
6/30/2025,Playdium Whitby,Whitby,PDM,14804.35,455,14804.35
6/30/2025,The Rec Room Brentwood,Burnaby,TRR,20432.52,1057,20432.52
6/30/2025,The Rec Room Avalon Mall,St. John's,TRR,16514.4,978,16514.4
6/30/2025,The Rec Room London Masonville,London,TRR,17330.55,514,17330.55
6/30/2025,The Rec Room Deerfoot,Calgary,TRR,20709.68,826,20709.68
6/30/2025,Playdium Orion Gate,Brampton,PDM,11912.82,343,11912.82
6/30/2025,The Rec Room Roundhouse,Toronto,TRR,90204.66,5956,90204.66
6/30/2025,Playdium Dartmouth,Dartmouth,PDM,12465.12,337,12465.12
6/30/2025,The Rec Room Square One,Mississauga,TRR,19953.85,811,19953.85
6/30/2025,The Rec Room Royal Mount,Mont-Royal,TRR,12493.18,755,12493.18
6/30/2025,The Rec Room West Edmonton Mall,Edmonton,TRR,15543.55,683,15543.55
6/30/2025,TRR Seasons of Tuxedo,Winnipeg,TRR,25444.35,1223,25444.35
6/30/2025,The Rec Room Park Place Barrie,Barrie,TRR,16791.56,848,16791.56
7/1/2025,The Rec Room West Edmonton Mall,Edmonton,TRR,16586.72,584,16586.72
7/1/2025,The Rec Room Park Place Barrie,Barrie,TRR,8286.51,456,8286.51
7/1/2025,The Rec Room Roundhouse,Toronto,TRR,91788.94,6278,91788.94
7/1/2025,Playdium Orion Gate,Brampton,PDM,8652.35,202,8652.35
7/1/2025,Playdium Fairview,Toronto,PDM,8540.68,354,8540.68
7/1/2025,TRR Seasons of Tuxedo,Winnipeg,TRR,19481.25,835,19481.25
7/1/2025,The Rec Room Granville,Vancouver,TRR,11866.08,552,11866.08
7/1/2025,Playdium Whitby,Whitby,PDM,13973.8,433,13973.8
7/1/2025,The Rec Room Brentwood,Burnaby,TRR,17924.84,531,17924.84
7/1/2025,The Rec Room South Edmonton,Edmonton,TRR,21683.52,928,21683.52
7/1/2025,The Rec Room Royal Mount,Mont-Royal,TRR,21791.76,1074,21791.76
7/1/2025,The Rec Room Square One,Mississauga,TRR,21863.93,1011,21863.93
7/1/2025,The Rec Room Deerfoot,Calgary,TRR,20837.82,794,20837.82
7/1/2025,Playdium Dartmouth,Dartmouth,PDM,7521.27,191,7521.27
7/1/2025,The Rec Room Avalon Mall,St. John's,TRR,7300.74,411,7300.74
7/2/2025,The Rec Room West Edmonton Mall,Edmonton,TRR,16479.92,692,16479.92
7/2/2025,The Rec Room South Edmonton,Edmonton,TRR,12062.17,560,12062.17
7/2/2025,The Rec Room Granville,Vancouver,TRR,7316.4,360,7316.4
7/2/2025,Playdium Dartmouth,Dartmouth,PDM,10251.41,313,10251.41
7/2/2025,TRR Seasons of Tuxedo,Winnipeg,TRR,15958.14,714,15958.14
7/2/2025,The Rec Room Square One,Mississauga,TRR,12580.4,509,12580.4
7/2/2025,Playdium Fairview,Toronto,PDM,6230.65,203,6230.65
7/2/2025,The Rec Room Avalon Mall,St. John's,TRR,13371.21,657,13371.21
7/2/2025,The Rec Room London Masonville,London,TRR,8020.7,268,8020.7
7/2/2025,Playdium Whitby,Whitby,PDM,9014.25,360,9014.25
7/2/2025,The Rec Room Deerfoot,Calgary,TRR,18561.41,918,18561.41
7/2/2025,The Rec Room Park Place Barrie,Barrie,TRR,9585.09,463,9585.09
7/2/2025,The Rec Room Brentwood,Burnaby,TRR,10579.18,422,10579.18
7/2/2025,The Rec Room Royal Mount,Mont-Royal,TRR,9138.07,556,9138.07
7/2/2025,The Rec Room Roundhouse,Toronto,TRR,54520.24,4222,54520.24
7/2/2025,Playdium Orion Gate,Brampton,PDM,5091.99,127,5091.99
7/3/2025,The Rec Room Deerfoot,Calgary,TRR,24162.45,1013,24162.45
7/3/2025,Playdium Dartmouth,Dartmouth,PDM,9192.85,277,9192.85
7/3/2025,The Rec Room Square One,Mississauga,TRR,16648.97,629,16648.97
7/3/2025,Playdium Fairview,Toronto,PDM,6421.62,228,6421.62
7/3/2025,Playdium Whitby,Whitby,PDM,12319.12,475,12319.12
7/3/2025,Playdium Orion Gate,Brampton,PDM,7003.7,189,7003.7
7/3/2025,TRR Seasons of Tuxedo,Winnipeg,TRR,19268.29,801,19268.29
7/3/2025,The Rec Room Avalon Mall,St. John's,TRR,9250.4,423,9250.4
7/3/2025,The Rec Room South Edmonton,Edmonton,TRR,22335.82,945,22335.82
7/3/2025,The Rec Room London Masonville,London,TRR,11018.19,414,11018.19
7/3/2025,The Rec Room Brentwood,Burnaby,TRR,23066.61,872,23066.61
7/3/2025,The Rec Room Royal Mount,Mont-Royal,TRR,12132.54,512,12132.54
7/3/2025,The Rec Room Park Place Barrie,Barrie,TRR,8382.04,415,8382.04
7/3/2025,The Rec Room Roundhouse,Toronto,TRR,65098.82,4877,65098.82
7/3/2025,The Rec Room West Edmonton Mall,Edmonton,TRR,21964.88,1045,21964.88
7/3/2025,The Rec Room Granville,Vancouver,TRR,11432.1,580,11432.1
